time,force,stroke,stress,strain_stroke,disp,strain_disp
0.0,-0.01430511,0.0,-0.03824897,0.0,0.0,0.0
0.01,-0.02384186,3.333333e-05,-0.06374828,0.002222222,3.333333e-05,0.002222222
0.02,-0.02384186,3.333333e-05,-0.06374828,0.002222222,3.333333e-05,0.002222222
0.03,-0.01430511,3.333333e-05,-0.03824897,0.002222222,3.333333e-05,0.002222222
0.04,-0.003178914,3.333333e-05,-0.00849977,0.002222222,3.333333e-05,0.002222222
0.05,-0.003178914,6.666667e-05,-0.00849977,0.004444445,6.666667e-05,0.004444445
0.06,-0.01907349,6.666667e-05,-0.05099862,0.004444445,6.666667e-05,0.004444445
0.07,-0.03178914,6.666667e-05,-0.08499771,0.004444445,6.666667e-05,0.004444445
0.08,-0.03019969,6.666667e-05,-0.08074782,0.004444445,6.666667e-05,0.004444445
0.09,-0.0111262,0.0001,-0.0297492,0.006666667,0.0001,0.006666667
0.1,0.009536743,0.0001,0.02549931,0.006666667,0.0001,0.006666667
0.11,0.01271566,0.0001,0.03399908,0.006666667,0.0001,0.006666667
0.12,0.001589457,0.0001,0.004249885,0.006666667,0.0001,0.006666667
0.13,0.004768372,0.0001333333,0.01274966,0.008888889,0.0001333333,0.008888889
0.14,0.01271566,0.0001333333,0.03399908,0.008888889,0.0001333333,0.008888889
0.15,0.01271566,0.0001333333,0.03399908,0.008888889,0.0001333333,0.008888889
0.16,0.004768372,0.0001666667,0.01274966,0.01111111,0.0001666667,0.01111111
0.17,0.001589457,0.0001666667,0.004249885,0.01111111,0.0001666667,0.01111111
0.18,0.006357829,0.0001666667,0.01699954,0.01111111,0.0001666667,0.01111111
0.19,0.01748403,0.0001666667,0.04674874,0.01111111,0.0001666667,0.01111111
0.2,0.0333786,0.0002,0.08924759,0.01333333,0.0002,0.01333333
0.21,0.06357829,0.0002,0.1699954,0.01333333,0.0002,0.01333333
0.22,0.09218851,0.0002,0.2464933,0.01333333,0.0002,0.01333333
0.23,0.1001358,0.0002,0.2677428,0.01333333,0.0002,0.01333333
0.24,0.09536743,0.0002333333,0.2549931,0.01555556,0.0002333333,0.01555556
0.25,0.09218851,0.0002333333,0.2464933,0.01555556,0.0002333333,0.01555556
0.26,0.1064936,0.0002333333,0.2847423,0.01555556,0.0002333333,0.01555556
0.27,0.1239777,0.0002333333,0.3314911,0.01555556,0.0002333333,0.01555556
0.28,0.1366933,0.0002333333,0.3654901,0.01555556,0.0002333333,0.01555556
0.29,0.1478195,0.0002666667,0.3952394,0.01777778,0.0002666667,0.01777778
0.3,0.1557668,0.0002666667,0.4164888,0.01777778,0.0002666667,0.01777778
0.31,0.1716614,0.0002666667,0.4589876,0.01777778,0.0002666667,0.01777778
0.32,0.1859665,0.0003,0.4972366,0.02,0.0003,0.02
0.33,0.1923243,0.0003,0.5142362,0.02,0.0003,0.02
0.34,0.1970927,0.0003,0.5269858,0.02,0.0003,0.02
0.35,0.2098083,0.0003,0.5609848,0.02,0.0003,0.02
0.36,0.2304713,0.0003333333,0.6162334,0.02222222,0.0003333333,0.02222222
0.37,0.2511342,0.0003333333,0.6714819,0.02222222,0.0003333333,0.02222222
0.38,0.2574921,0.0003333333,0.6884815,0.02222222,0.0003333333,0.02222222
0.39,0.2590815,0.0003333333,0.6927313,0.02222222,0.0003333333,0.02222222
0.4,0.2670288,0.0003666667,0.7139807,0.02444444,0.0003666667,0.02444444
0.41,0.278155,0.0003666667,0.7437299,0.02444444,0.0003666667,0.02444444
0.42,0.2797445,0.0003666667,0.7479799,0.02444444,0.0003666667,0.02444444
0.43,0.2829234,0.0003666667,0.7564796,0.02444444,0.0003666667,0.02444444
0.44,0.295639,0.0003666667,0.7904787,0.02444444,0.0003666667,0.02444444
0.45,0.3194809,0.0004,0.8542269,0.02666667,0.0004,0.02666667
0.46,0.3401438,0.0004,0.9094754,0.02666667,0.0004,0.02666667
0.47,0.3560384,0.0004,0.9519743,0.02666667,0.0004,0.02666667
0.48,0.3655752,0.0004,0.9774737,0.02666667,0.0004,0.02666667
0.49,0.371933,0.0004333333,0.9944732,0.02888889,0.0004333333,0.02888889
0.5,0.371933,0.0004333333,0.9944732,0.02888889,0.0004333333,0.02888889
0.51,0.3735224,0.0004333333,0.998723,0.02888889,0.0004333333,0.02888889
0.52,0.3862381,0.0004666667,1.032722,0.03111111,0.0004666667,0.03111111
0.53,0.3973643,0.0004666667,1.062471,0.03111111,0.0004666667,0.03111111
0.54,0.4053116,0.0004666667,1.083721,0.03111111,0.0004666667,0.03111111
0.55,0.4132589,0.0004666667,1.10497,0.03111111,0.0004666667,0.03111111
0.56,0.4307429,0.0004666667,1.151719,0.03111111,0.0004666667,0.03111111
0.57,0.4434586,0.0005,1.185718,0.03333334,0.0005,0.03333334
0.58,0.4545847,0.0005,1.215467,0.03333334,0.0005,0.03333334
0.59,0.4673004,0.0005,1.249466,0.03333334,0.0005,0.03333334
0.6,0.4879633,0.0005,1.304715,0.03333334,0.0005,0.03333334
0.61,0.5118052,0.0005333333,1.368463,0.03555556,0.0005333333,0.03555556
0.62,0.5229314,0.0005333333,1.398212,0.03555556,0.0005333333,0.03555556
0.63,0.5229314,0.0005333333,1.398212,0.03555556,0.0005333333,0.03555556
0.64,0.5245209,0.0005333333,1.402462,0.03555556,0.0005333333,0.03555556
0.65,0.5372365,0.0005666667,1.436461,0.03777778,0.0005666667,0.03777778
0.66,0.5531311,0.0005666667,1.47896,0.03777778,0.0005666667,0.03777778
0.67,0.5642573,0.0005666667,1.508709,0.03777778,0.0005666667,0.03777778
0.68,0.576973,0.0006,1.542708,0.04,0.0006,0.04
0.69,0.5928676,0.0006,1.585207,0.04,0.0006,0.04
0.7,0.6024043,0.0006,1.610707,0.04,0.0006,0.04
0.71,0.6182988,0.0006,1.653205,0.04,0.0006,0.04
0.72,0.6341934,0.0006333333,1.695704,0.04222222,0.0006333333,0.04222222
0.73,0.6469091,0.0006333333,1.729703,0.04222222,0.0006333333,0.04222222
0.74,0.6596248,0.0006333333,1.763703,0.04222222,0.0006333333,0.04222222
0.75,0.667572,0.0006333333,1.784952,0.04222222,0.0006333333,0.04222222
0.76,0.6707509,0.0006666667,1.793452,0.04444445,0.0006666667,0.04444445
0.77,0.6580353,0.0006666667,1.759453,0.04444445,0.0006666667,0.04444445
0.78,0.6389618,0.0006666667,1.708454,0.04444445,0.0006666667,0.04444445
0.79,0.6373723,0.0006666667,1.704204,0.04444445,0.0006666667,0.04444445
0.8,0.6580353,0.0006666667,1.759453,0.04444445,0.0006666667,0.04444445
0.81,0.6834666,0.0007,1.827451,0.04666667,0.0007,0.04666667
0.82,0.7088979,0.0007,1.895449,0.04666667,0.0007,0.04666667
0.83,0.7247925,0.0007,1.937948,0.04666667,0.0007,0.04666667
0.84,0.7295609,0.0007,1.950697,0.04666667,0.0007,0.04666667
0.85,0.7375081,0.0007333333,1.971947,0.04888889,0.0007333333,0.04888889
0.86,0.7534027,0.0007333333,2.014446,0.04888889,0.0007333333,0.04888889
0.87,0.7772446,0.0007333333,2.078194,0.04888889,0.0007333333,0.04888889
0.88,0.8153915,0.0007666667,2.180191,0.05111111,0.0007666667,0.05111111
0.89,0.851949,0.0007666667,2.277939,0.05111111,0.0007666667,0.05111111
0.9,0.8710225,0.0007666667,2.328937,0.05111111,0.0007666667,0.05111111
0.91,0.8710225,0.0007666667,2.328937,0.05111111,0.0007666667,0.05111111
0.92,0.8678436,0.0008,2.320437,0.05333333,0.0008,0.05333333
0.93,0.8662542,0.0008,2.316187,0.05333333,0.0008,0.05333333
0.94,0.8630753,0.0008,2.307688,0.05333333,0.0008,0.05333333
0.95,0.8678436,0.0008,2.320437,0.05333333,0.0008,0.05333333
0.96,0.8885066,0.0008333334,2.375686,0.05555556,0.0008333334,0.05555556
0.97,0.9155273,0.0008333334,2.447934,0.05555556,0.0008333334,0.05555556
0.98,0.9361903,0.0008333334,2.503183,0.05555556,0.0008333334,0.05555556
0.99,0.9409587,0.0008333334,2.515932,0.05555556,0.0008333334,0.05555556
1.0,0.9409587,0.0008666667,2.515932,0.05777778,0.0008666667,0.05777778
1.01,0.9489059,0.0008666667,2.537182,0.05777778,0.0008666667,0.05777778
1.02,0.9695689,0.0008666667,2.59243,0.05777778,0.0008666667,0.05777778
1.03,0.9870529,0.0008666667,2.639179,0.05777778,0.0008666667,0.05777778
1.04,0.9902318,0.0008666667,2.647679,0.05777778,0.0008666667,0.05777778
1.05,0.9806951,0.0009,2.622179,0.06,0.0009,0.06
1.06,0.9695689,0.0009,2.59243,0.06,0.0009,0.06
1.07,0.9822845,0.0009,2.626429,0.06,0.0009,0.06
1.08,1.018842,0.0009333334,2.724177,0.06222222,0.0009333334,0.06222222
1.09,1.060168,0.0009333334,2.834673,0.06222222,0.0009333334,0.06222222
1.1,1.074473,0.0009333334,2.872922,0.06222222,0.0009333334,0.06222222
1.11,1.063347,0.0009333334,2.843173,0.06222222,0.0009333334,0.06222222
1.12,1.063347,0.0009666667,2.843173,0.06444445,0.0009666667,0.06444445
1.13,1.08401,0.0009666667,2.898422,0.06444445,0.0009666667,0.06444445
1.14,1.104673,0.0009666667,2.953671,0.06444445,0.0009666667,0.06444445
1.15,1.117388,0.0009666667,2.987669,0.06444445,0.0009666667,0.06444445
1.16,1.136462,0.0009666667,3.038668,0.06444445,0.0009666667,0.06444445
1.17,1.160304,0.001,3.102416,0.06666667,0.001,0.06666667
1.18,1.16984,0.001,3.127916,0.06666667,0.001,0.06666667
1.19,1.166662,0.001,3.119416,0.06666667,0.001,0.06666667
1.2,1.173019,0.001,3.136415,0.06666667,0.001,0.06666667
1.21,1.190503,0.001033333,3.183164,0.06888889,0.001033333,0.06888889
1.22,1.209577,0.001033333,3.234163,0.06888889,0.001033333,0.06888889
1.23,1.214345,0.001033333,3.246912,0.06888889,0.001033333,0.06888889
1.24,1.209577,0.001033333,3.234163,0.06888889,0.001033333,0.06888889
1.25,1.20163,0.001066667,3.212913,0.07111111,0.001066667,0.07111111
1.26,1.206398,0.001066667,3.225663,0.07111111,0.001066667,0.07111111
1.27,1.227061,0.001066667,3.280911,0.07111111,0.001066667,0.07111111
1.28,1.247724,0.0011,3.33616,0.07333333,0.0011,0.07333333
1.29,1.255671,0.0011,3.357409,0.07333333,0.0011,0.07333333
1.3,1.26044,0.0011,3.370159,0.07333333,0.0011,0.07333333
1.31,1.263618,0.0011,3.378659,0.07333333,0.0011,0.07333333
1.32,1.268387,0.001133333,3.391408,0.07555556,0.001133333,0.07555556
1.33,1.281103,0.001133333,3.425408,0.07555556,0.001133333,0.07555556
1.34,1.303355,0.001133333,3.484906,0.07555556,0.001133333,0.07555556
1.35,1.324018,0.001133333,3.540155,0.07555556,0.001133333,0.07555556
1.36,1.354218,0.001166667,3.620902,0.07777777,0.001166667,0.07777777
1.37,1.390775,0.001166667,3.71865,0.07777777,0.001166667,0.07777777
1.38,1.414617,0.001166667,3.782398,0.07777777,0.001166667,0.07777777
1.39,1.419385,0.001166667,3.795148,0.07777777,0.001166667,0.07777777
1.4,1.409849,0.001166667,3.769649,0.07777777,0.001166667,0.07777777
1.41,1.390775,0.0012,3.71865,0.08000001,0.0012,0.08000001
1.42,1.381238,0.0012,3.693151,0.08000001,0.0012,0.08000001
1.43,1.386007,0.0012,3.7059,0.08000001,0.0012,0.08000001
1.44,1.403491,0.0012,3.752649,0.08000001,0.0012,0.08000001
1.45,1.424154,0.001233333,3.807897,0.08222222,0.001233333,0.08222222
1.46,1.447996,0.001233333,3.871646,0.08222222,0.001233333,0.08222222
1.47,1.459122,0.001233333,3.901395,0.08222222,0.001233333,0.08222222
1.48,1.455943,0.001266667,3.892895,0.08444445,0.001266667,0.08444445
1.49,1.459122,0.001266667,3.901395,0.08444445,0.001266667,0.08444445
1.5,1.475016,0.001266667,3.943893,0.08444445,0.001266667,0.08444445
1.51,1.4925,0.001266667,3.990642,0.08444445,0.001266667,0.08444445
1.52,1.505216,0.0013,4.024642,0.08666667,0.0013,0.08666667
1.53,1.511574,0.0013,4.041641,0.08666667,0.0013,0.08666667
1.54,1.517932,0.0013,4.05864,0.08666667,0.0013,0.08666667
1.55,1.525879,0.0013,4.07989,0.08666667,0.0013,0.08666667
1.56,1.529058,0.0013,4.08839,0.08666667,0.0013,0.08666667
1.57,1.537005,0.001333333,4.109639,0.08888889,0.001333333,0.08888889
1.58,1.549721,0.001333333,4.143638,0.08888889,0.001333333,0.08888889
1.59,1.573563,0.001333333,4.207386,0.08888889,0.001333333,0.08888889
1.6,1.594226,0.001366667,4.262635,0.09111111,0.001366667,0.09111111
1.61,1.603762,0.001366667,4.288134,0.09111111,0.001366667,0.09111111
1.62,1.602173,0.001366667,4.283885,0.09111111,0.001366667,0.09111111
1.63,1.602173,0.001366667,4.283885,0.09111111,0.001366667,0.09111111
1.64,1.622836,0.001366667,4.339133,0.09111111,0.001366667,0.09111111
1.65,1.643499,0.0014,4.394382,0.09333334,0.0014,0.09333334
1.66,1.654625,0.0014,4.424131,0.09333334,0.0014,0.09333334
1.67,1.651446,0.0014,4.415631,0.09333334,0.0014,0.09333334
1.68,1.648267,0.001433333,4.407131,0.09555556,0.001433333,0.09555556
1.69,1.654625,0.001433333,4.424131,0.09555556,0.001433333,0.09555556
1.7,1.660983,0.001433333,4.44113,0.09555556,0.001433333,0.09555556
1.71,1.675288,0.001433333,4.479379,0.09555556,0.001433333,0.09555556
1.72,1.683235,0.001466667,4.500628,0.09777778,0.001466667,0.09777778
1.73,1.688004,0.001466667,4.513378,0.09777778,0.001466667,0.09777778
1.74,1.695951,0.001466667,4.534628,0.09777778,0.001466667,0.09777778
1.75,1.713435,0.001466667,4.581377,0.09777778,0.001466667,0.09777778
1.76,1.742045,0.001466667,4.657874,0.09777778,0.001466667,0.09777778
1.77,1.770655,0.0015,4.734372,0.1,0.0015,0.1
1.78,1.783371,0.0015,4.768372,0.1,0.0015,0.1
1.79,1.781782,0.0015,4.764122,0.1,0.0015,0.1
1.8,1.783371,0.001533333,4.768372,0.1022222,0.001533333,0.1022222
1.81,1.797676,0.001533333,4.806621,0.1022222,0.001533333,0.1022222
1.82,1.810392,0.001533333,4.84062,0.1022222,0.001533333,0.1022222
1.83,1.818339,0.001533333,4.861869,0.1022222,0.001533333,0.1022222
1.84,1.831055,0.001533333,4.895868,0.1022222,0.001533333,0.1022222
1.85,1.846949,0.001566667,4.938367,0.1044444,0.001566667,0.1044444
1.86,1.859665,0.001566667,4.972366,0.1044444,0.001566667,0.1044444
1.87,1.864433,0.001566667,4.985116,0.1044444,0.001566667,0.1044444
1.88,1.875559,0.0016,5.014864,0.1066667,0.0016,0.1066667
1.89,1.889865,0.0016,5.053113,0.1066667,0.0016,0.1066667
1.9,1.916885,0.0016,5.125362,0.1066667,0.0016,0.1066667
1.91,1.940727,0.0016,5.18911,0.1066667,0.0016,0.1066667
1.92,1.96298,0.001633333,5.248609,0.1088889,0.001633333,0.1088889
1.93,1.99,0.001633333,5.320857,0.1088889,0.001633333,0.1088889
1.94,2.005895,0.001633333,5.363355,0.1088889,0.001633333,0.1088889
1.95,1.999537,0.001633333,5.346356,0.1088889,0.001633333,0.1088889
1.96,1.986822,0.001666667,5.312357,0.1111111,0.001666667,0.1111111
1.97,1.983643,0.001666667,5.303857,0.1111111,0.001666667,0.1111111
1.98,1.99159,0.001666667,5.325107,0.1111111,0.001666667,0.1111111
1.99,2.002716,0.001666667,5.354856,0.1111111,0.001666667,0.1111111
2.0,2.010663,0.001666667,5.376105,0.1111111,0.001666667,0.1111111
2.01,2.023379,0.0017,5.410104,0.1133333,0.0017,0.1133333
2.02,2.040863,0.0017,5.456853,0.1133333,0.0017,0.1133333
2.03,2.056758,0.0017,5.499352,0.1133333,0.0017,0.1133333
2.04,2.064705,0.001733333,5.520601,0.1155556,0.001733333,0.1155556
2.05,2.067884,0.001733333,5.529101,0.1155556,0.001733333,0.1155556
2.06,2.072652,0.001733333,5.541851,0.1155556,0.001733333,0.1155556
2.07,2.085368,0.001733333,5.57585,0.1155556,0.001733333,0.1155556
2.08,2.101262,0.001766667,5.618348,0.1177778,0.001766667,0.1177778
2.09,2.113978,0.001766667,5.652348,0.1177778,0.001766667,0.1177778
2.1,2.113978,0.001766667,5.652348,0.1177778,0.001766667,0.1177778
2.11,2.117157,0.001766667,5.660847,0.1177778,0.001766667,0.1177778
2.12,2.129873,0.0018,5.694846,0.12,0.0018,0.12
2.13,2.150536,0.0018,5.750095,0.12,0.0018,0.12
2.14,2.174377,0.0018,5.813843,0.12,0.0018,0.12
2.15,2.202988,0.0018,5.890341,0.12,0.0018,0.12
2.16,2.228419,0.001833333,5.95834,0.1222222,0.001833333,0.1222222
2.17,2.236366,0.001833333,5.979589,0.1222222,0.001833333,0.1222222
2.18,2.231598,0.001833333,5.966839,0.1222222,0.001833333,0.1222222
2.19,2.223651,0.001833333,5.94559,0.1222222,0.001833333,0.1222222
2.2,2.220472,0.001833333,5.93709,0.1222222,0.001833333,0.1222222
2.21,2.220472,0.001866667,5.93709,0.1244444,0.001866667,0.1244444
2.22,2.231598,0.001866667,5.966839,0.1244444,0.001866667,0.1244444
2.23,2.247493,0.001866667,6.009338,0.1244444,0.001866667,0.1244444
2.24,2.269745,0.0019,6.068836,0.1266667,0.0019,0.1266667
2.25,2.301534,0.0019,6.153834,0.1266667,0.0019,0.1266667
2.26,2.333323,0.0019,6.238832,0.1266667,0.0019,0.1266667
2.27,2.350807,0.0019,6.285581,0.1266667,0.0019,0.1266667
2.28,2.361933,0.001933333,6.31533,0.1288889,0.001933333,0.1288889
2.29,2.369881,0.001933333,6.336579,0.1288889,0.001933333,0.1288889
2.3,2.374649,0.001933333,6.349329,0.1288889,0.001933333,0.1288889
2.31,2.384186,0.001933333,6.374828,0.1288889,0.001933333,0.1288889
2.32,2.403259,0.001966667,6.425827,0.1311111,0.001966667,0.1311111
2.33,2.412796,0.001966667,6.451326,0.1311111,0.001966667,0.1311111
2.34,2.403259,0.001966667,6.425827,0.1311111,0.001966667,0.1311111
2.35,2.395312,0.001966667,6.404578,0.1311111,0.001966667,0.1311111
2.36,2.403259,0.001966667,6.425827,0.1311111,0.001966667,0.1311111
2.37,2.423922,0.002,6.481075,0.1333333,0.002,0.1333333
2.38,2.444585,0.002,6.536324,0.1333333,0.002,0.1333333
2.39,2.463659,0.002,6.587322,0.1333333,0.002,0.1333333
2.4,2.473195,0.002,6.612822,0.1333333,0.002,0.1333333
2.41,2.481143,0.002033333,6.634071,0.1355556,0.002033333,0.1355556
2.42,2.477964,0.002033333,6.625571,0.1355556,0.002033333,0.1355556
2.43,2.476374,0.002033333,6.621322,0.1355556,0.002033333,0.1355556
2.44,2.484322,0.002066667,6.642571,0.1377778,0.002066667,0.1377778
2.45,2.500216,0.002066667,6.68507,0.1377778,0.002066667,0.1377778
2.46,2.5177,0.002066667,6.731819,0.1377778,0.002066667,0.1377778
2.47,2.541542,0.002066667,6.795567,0.1377778,0.002066667,0.1377778
2.48,2.559026,0.0021,6.842315,0.14,0.0021,0.14
2.49,2.563794,0.0021,6.855065,0.14,0.0021,0.14
2.5,2.559026,0.0021,6.842315,0.14,0.0021,0.14
2.51,2.562205,0.0021,6.850815,0.14,0.0021,0.14
2.52,2.579689,0.002133333,6.897564,0.1422222,0.002133333,0.1422222
2.53,2.603531,0.002133333,6.961312,0.1422222,0.002133333,0.1422222
2.54,2.616246,0.002133333,6.995311,0.1422222,0.002133333,0.1422222
2.55,2.616246,0.002133333,6.995311,0.1422222,0.002133333,0.1422222
2.56,2.611478,0.002133333,6.982562,0.1422222,0.002133333,0.1422222
2.57,2.619426,0.002166667,7.003811,0.1444445,0.002166667,0.1444445
2.58,2.63532,0.002166667,7.04631,0.1444445,0.002166667,0.1444445
2.59,2.648036,0.002166667,7.080309,0.1444445,0.002166667,0.1444445
2.6,2.652804,0.002166667,7.093059,0.1444445,0.002166667,0.1444445
2.61,2.66393,0.0022,7.122808,0.1466667,0.0022,0.1466667
2.62,2.676646,0.0022,7.156807,0.1466667,0.0022,0.1466667
2.63,2.69254,0.0022,7.199306,0.1466667,0.0022,0.1466667
2.64,2.710025,0.002233333,7.246055,0.1488889,0.002233333,0.1488889
2.65,2.730687,0.002233333,7.301303,0.1488889,0.002233333,0.1488889
2.66,2.743403,0.002233333,7.335302,0.1488889,0.002233333,0.1488889
2.67,2.743403,0.002233333,7.335302,0.1488889,0.002233333,0.1488889
2.68,2.743403,0.002266667,7.335302,0.1511111,0.002266667,0.1511111
2.69,2.754529,0.002266667,7.365051,0.1511111,0.002266667,0.1511111
2.7,2.775192,0.002266667,7.4203,0.1511111,0.002266667,0.1511111
2.71,2.795855,0.002266667,7.475549,0.1511111,0.002266667,0.1511111
2.72,2.808571,0.002266667,7.509548,0.1511111,0.002266667,0.1511111
2.73,2.808571,0.0023,7.509548,0.1533333,0.0023,0.1533333
2.74,2.808571,0.0023,7.509548,0.1533333,0.0023,0.1533333
2.75,2.819697,0.0023,7.539297,0.1533333,0.0023,0.1533333
2.76,2.845128,0.002333333,7.607295,0.1555555,0.002333333,0.1555555
2.77,2.865791,0.002333333,7.662543,0.1555555,0.002333333,0.1555555
2.78,2.873739,0.002333333,7.683793,0.1555555,0.002333333,0.1555555
2.79,2.878507,0.002333333,7.696542,0.1555555,0.002333333,0.1555555
2.8,2.894402,0.002333333,7.739041,0.1555555,0.002333333,0.1555555
2.81,2.923012,0.002366667,7.815539,0.1577778,0.002366667,0.1577778
2.82,2.95798,0.002366667,7.909037,0.1577778,0.002366667,0.1577778
2.83,2.972285,0.002366667,7.947286,0.1577778,0.002366667,0.1577778
2.84,2.975464,0.0024,7.955785,0.16,0.0024,0.16
2.85,2.983411,0.0024,7.977035,0.16,0.0024,0.16
2.86,3.000895,0.0024,8.023784,0.16,0.0024,0.16
2.87,3.01679,0.0024,8.066282,0.16,0.0024,0.16
2.88,3.024737,0.002433333,8.087532,0.1622222,0.002433333,0.1622222
2.89,3.029505,0.002433333,8.100282,0.1622222,0.002433333,0.1622222
2.9,3.040632,0.002433333,8.130031,0.1622222,0.002433333,0.1622222
2.91,3.056526,0.002433333,8.172529,0.1622222,0.002433333,0.1622222
2.92,3.069242,0.002433333,8.206529,0.1622222,0.002433333,0.1622222
2.93,3.07401,0.002466667,8.219278,0.1644444,0.002466667,0.1644444
2.94,3.072421,0.002466667,8.215029,0.1644444,0.002466667,0.1644444
2.95,3.066063,0.002466667,8.198029,0.1644444,0.002466667,0.1644444
2.96,3.07401,0.002466667,8.219278,0.1644444,0.002466667,0.1644444
2.97,3.086726,0.0025,8.253278,0.1666667,0.0025,0.1666667
2.98,3.097852,0.0025,8.283027,0.1666667,0.0025,0.1666667
2.99,3.097852,0.0025,8.283027,0.1666667,0.0025,0.1666667
3.0,3.10262,0.002533333,8.295776,0.1688889,0.002533333,0.1688889
3.01,3.118515,0.002533333,8.338275,0.1688889,0.002533333,0.1688889
3.02,3.129641,0.002533333,8.368025,0.1688889,0.002533333,0.1688889
3.03,3.129641,0.002533333,8.368025,0.1688889,0.002533333,0.1688889
3.04,3.123283,0.002566667,8.351025,0.1711111,0.002566667,0.1711111
3.05,3.13441,0.002566667,8.380774,0.1711111,0.002566667,0.1711111
3.06,3.158252,0.002566667,8.444523,0.1711111,0.002566667,0.1711111
3.07,3.183683,0.002566667,8.51252,0.1711111,0.002566667,0.1711111
3.08,3.201167,0.0026,8.559269,0.1733333,0.0026,0.1733333
3.09,3.212293,0.0026,8.589018,0.1733333,0.0026,0.1733333
3.1,3.217061,0.0026,8.601768,0.1733333,0.0026,0.1733333
3.11,3.217061,0.0026,8.601768,0.1733333,0.0026,0.1733333
3.12,3.223419,0.002633333,8.618768,0.1755556,0.002633333,0.1755556
3.13,3.232956,0.002633333,8.644267,0.1755556,0.002633333,0.1755556
3.14,3.245672,0.002633333,8.678266,0.1755556,0.002633333,0.1755556
3.15,3.256798,0.002633333,8.708015,0.1755556,0.002633333,0.1755556
3.16,3.266335,0.002666667,8.733515,0.1777778,0.002666667,0.1777778
3.17,3.28064,0.002666667,8.771764,0.1777778,0.002666667,0.1777778
3.18,3.298124,0.002666667,8.818512,0.1777778,0.002666667,0.1777778
3.19,3.310839,0.002666667,8.852511,0.1777778,0.002666667,0.1777778
3.2,3.310839,0.002666667,8.852511,0.1777778,0.002666667,0.1777778
3.21,3.30925,0.0027,8.848262,0.18,0.0027,0.18
3.22,3.315608,0.0027,8.865261,0.18,0.0027,0.18
3.23,3.33945,0.0027,8.929009,0.18,0.0027,0.18
3.24,3.363292,0.002733333,8.992758,0.1822222,0.002733333,0.1822222
3.25,3.383954,0.002733333,9.048006,0.1822222,0.002733333,0.1822222
3.26,3.39667,0.002733333,9.082006,0.1822222,0.002733333,0.1822222
3.27,3.391902,0.002733333,9.069256,0.1822222,0.002733333,0.1822222
3.28,3.379186,0.002766667,9.035256,0.1844444,0.002766667,0.1844444
3.29,3.372828,0.002766667,9.018257,0.1844444,0.002766667,0.1844444
3.3,3.39667,0.002766667,9.082006,0.1844444,0.002766667,0.1844444
3.31,3.433228,0.002766667,9.179752,0.1844444,0.002766667,0.1844444
3.32,3.457069,0.002766667,9.243501,0.1844444,0.002766667,0.1844444
3.33,3.466606,0.0028,9.269,0.1866667,0.0028,0.1866667
3.34,3.466606,0.0028,9.269,0.1866667,0.0028,0.1866667
3.35,3.466606,0.0028,9.269,0.1866667,0.0028,0.1866667
3.36,3.474553,0.0028,9.290249,0.1866667,0.0028,0.1866667
3.37,3.488858,0.002833333,9.328498,0.1888889,0.002833333,0.1888889
3.38,3.501574,0.002833333,9.362497,0.1888889,0.002833333,0.1888889
3.39,3.511111,0.002833333,9.387997,0.1888889,0.002833333,0.1888889
3.4,3.522237,0.002866667,9.417746,0.1911111,0.002866667,0.1911111
3.41,3.547668,0.002866667,9.485744,0.1911111,0.002866667,0.1911111
3.42,3.584226,0.002866667,9.583491,0.1911111,0.002866667,0.1911111
3.43,3.608068,0.002866667,9.64724,0.1911111,0.002866667,0.1911111
3.44,3.609657,0.0029,9.65149,0.1933333,0.0029,0.1933333
3.45,3.616015,0.0029,9.668489,0.1933333,0.0029,0.1933333
3.46,3.63191,0.0029,9.710988,0.1933333,0.0029,0.1933333
3.47,3.636678,0.0029,9.723738,0.1933333,0.0029,0.1933333
3.48,3.628731,0.002933333,9.702488,0.1955556,0.002933333,0.1955556
3.49,3.628731,0.002933333,9.702488,0.1955556,0.002933333,0.1955556
3.5,3.652573,0.002933333,9.766236,0.1955556,0.002933333,0.1955556
3.51,3.681183,0.002933333,9.842734,0.1955556,0.002933333,0.1955556
3.52,3.695488,0.002933333,9.880983,0.1955556,0.002933333,0.1955556
3.53,3.703435,0.002966667,9.902233,0.1977778,0.002966667,0.1977778
3.54,3.711383,0.002966667,9.923483,0.1977778,0.002966667,0.1977778
3.55,3.711383,0.002966667,9.923483,0.1977778,0.002966667,0.1977778
3.56,3.709793,0.003,9.919232,0.2,0.003,0.2
3.57,3.71774,0.003,9.940482,0.2,0.003,0.2
3.58,3.739993,0.003,9.999981,0.2,0.003,0.2
3.59,3.763835,0.003,10.06373,0.2,0.003,0.2
3.6,3.768603,0.003033333,10.07648,0.2022222,0.003033333,0.2022222
3.61,3.768603,0.003033333,10.07648,0.2022222,0.003033333,0.2022222
3.62,3.784497,0.003033333,10.11898,0.2022222,0.003033333,0.2022222
3.63,3.816287,0.003033333,10.20397,0.2022222,0.003033333,0.2022222
3.64,3.846486,0.003066667,10.28472,0.2044444,0.003066667,0.2044444
3.65,3.867149,0.003066667,10.33997,0.2044444,0.003066667,0.2044444
3.66,3.870328,0.003066667,10.34847,0.2044444,0.003066667,0.2044444
3.67,3.860791,0.003066667,10.32297,0.2044444,0.003066667,0.2044444
3.68,3.852844,0.0031,10.30172,0.2066667,0.0031,0.2066667
3.69,3.862381,0.0031,10.32722,0.2066667,0.0031,0.2066667
3.7,3.889402,0.0031,10.39947,0.2066667,0.0031,0.2066667
3.71,3.910065,0.0031,10.45472,0.2066667,0.0031,0.2066667
3.72,3.911654,0.0031,10.45897,0.2066667,0.0031,0.2066667
3.73,3.914833,0.003133333,10.46747,0.2088889,0.003133333,0.2088889
3.74,3.930728,0.003133333,10.50997,0.2088889,0.003133333,0.2088889
3.75,3.943443,0.003133333,10.54397,0.2088889,0.003133333,0.2088889
3.76,3.946622,0.003133333,10.55247,0.2088889,0.003133333,0.2088889
3.77,3.948212,0.003166667,10.55672,0.2111111,0.003166667,0.2111111
3.78,3.95298,0.003166667,10.56946,0.2111111,0.003166667,0.2111111
3.79,3.948212,0.003166667,10.55672,0.2111111,0.003166667,0.2111111
3.8,3.940264,0.0032,10.53547,0.2133333,0.0032,0.2133333
3.81,3.940264,0.0032,10.53547,0.2133333,0.0032,0.2133333
3.82,3.946622,0.0032,10.55247,0.2133333,0.0032,0.2133333
3.83,3.960927,0.0032,10.59071,0.2133333,0.0032,0.2133333
3.84,3.987948,0.003233333,10.66296,0.2155556,0.003233333,0.2155556
3.85,4.018148,0.003233333,10.74371,0.2155556,0.003233333,0.2155556
3.86,4.04199,0.003233333,10.80746,0.2155556,0.003233333,0.2155556
3.87,4.054705,0.003233333,10.84146,0.2155556,0.003233333,0.2155556
3.88,4.062653,0.003233333,10.86271,0.2155556,0.003233333,0.2155556
3.89,4.061063,0.003266667,10.85846,0.2177778,0.003266667,0.2177778
3.9,4.057884,0.003266667,10.84996,0.2177778,0.003266667,0.2177778
3.91,4.06901,0.003266667,10.87971,0.2177778,0.003266667,0.2177778
3.92,4.091263,0.003266667,10.93921,0.2177778,0.003266667,0.2177778
3.93,4.111926,0.0033,10.99445,0.22,0.0033,0.22
3.94,4.126231,0.0033,11.0327,0.22,0.0033,0.22
3.95,4.12782,0.0033,11.03695,0.22,0.0033,0.22
3.96,4.126231,0.0033,11.0327,0.22,0.0033,0.22
3.97,4.130999,0.003333333,11.04545,0.2222222,0.003333333,0.2222222
3.98,4.140536,0.003333333,11.07095,0.2222222,0.003333333,0.2222222
3.99,4.151662,0.003333333,11.1007,0.2222222,0.003333333,0.2222222
4.0,4.167557,0.003366667,11.1432,0.2244444,0.003366667,0.2244444
4.01,4.18822,0.003366667,11.19845,0.2244444,0.003366667,0.2244444
4.02,4.213651,0.003366667,11.26645,0.2244444,0.003366667,0.2244444
4.03,4.232725,0.003366667,11.31744,0.2244444,0.003366667,0.2244444
4.04,4.240672,0.003366667,11.33869,0.2244444,0.003366667,0.2244444
4.05,4.240672,0.0034,11.33869,0.2266667,0.0034,0.2266667
4.06,4.242261,0.0034,11.34294,0.2266667,0.0034,0.2266667
4.07,4.253387,0.0034,11.37269,0.2266667,0.0034,0.2266667
4.08,4.269282,0.003433333,11.41519,0.2288889,0.003433333,0.2288889
4.09,4.286766,0.003433333,11.46194,0.2288889,0.003433333,0.2288889
4.1,4.312197,0.003433333,11.52994,0.2288889,0.003433333,0.2288889
4.11,4.336039,0.003433333,11.59369,0.2288889,0.003433333,0.2288889
4.12,4.343987,0.003433333,11.61494,0.2288889,0.003433333,0.2288889
4.13,4.339218,0.003466667,11.60219,0.2311111,0.003466667,0.2311111
4.14,4.339218,0.003466667,11.60219,0.2311111,0.003466667,0.2311111
4.15,4.348755,0.003466667,11.62769,0.2311111,0.003466667,0.2311111
4.16,4.361471,0.003466667,11.66169,0.2311111,0.003466667,0.2311111
4.17,4.375776,0.0035,11.69993,0.2333333,0.0035,0.2333333
4.18,4.385313,0.0035,11.72543,0.2333333,0.0035,0.2333333
4.19,4.401207,0.0035,11.76793,0.2333333,0.0035,0.2333333
4.2,4.42187,0.003533333,11.82318,0.2355556,0.003533333,0.2355556
4.21,4.437765,0.003533333,11.86568,0.2355556,0.003533333,0.2355556
4.22,4.447301,0.003533333,11.89118,0.2355556,0.003533333,0.2355556
4.23,4.458427,0.003533333,11.92093,0.2355556,0.003533333,0.2355556
4.24,4.466375,0.003566667,11.94218,0.2377778,0.003566667,0.2377778
4.25,4.47909,0.003566667,11.97618,0.2377778,0.003566667,0.2377778
4.26,4.502932,0.003566667,12.03992,0.2377778,0.003566667,0.2377778
4.27,4.528364,0.003566667,12.10792,0.2377778,0.003566667,0.2377778
4.28,4.547437,0.003566667,12.15892,0.2377778,0.003566667,0.2377778
4.29,4.555384,0.0036,12.18017,0.24,0.0036,0.24
4.3,4.552206,0.0036,12.17167,0.24,0.0036,0.24
4.31,4.544258,0.0036,12.15042,0.24,0.0036,0.24
4.32,4.53949,0.0036,12.13767,0.24,0.0036,0.24
4.33,4.547437,0.003633333,12.15892,0.2422222,0.003633333,0.2422222
4.34,4.556974,0.003633333,12.18442,0.2422222,0.003633333,0.2422222
4.35,4.572868,0.003633333,12.22692,0.2422222,0.003633333,0.2422222
4.36,4.591942,0.003633333,12.27792,0.2422222,0.003633333,0.2422222
4.37,4.612605,0.003666667,12.33317,0.2444445,0.003666667,0.2444445
4.38,4.62691,0.003666667,12.37142,0.2444445,0.003666667,0.2444445
4.39,4.634857,0.003666667,12.39267,0.2444445,0.003666667,0.2444445
4.4,4.634857,0.0037,12.39267,0.2466667,0.0037,0.2466667
4.41,4.645983,0.0037,12.42241,0.2466667,0.0037,0.2466667
4.42,4.663467,0.0037,12.46916,0.2466667,0.0037,0.2466667
4.43,4.679362,0.0037,12.51166,0.2466667,0.0037,0.2466667
4.44,4.687309,0.0037,12.53291,0.2466667,0.0037,0.2466667
4.45,4.690488,0.003733333,12.54141,0.2488889,0.003733333,0.2488889
4.46,4.695257,0.003733333,12.55416,0.2488889,0.003733333,0.2488889
4.47,4.71274,0.003733333,12.60091,0.2488889,0.003733333,0.2488889
4.48,4.741351,0.003733333,12.67741,0.2488889,0.003733333,0.2488889
4.49,4.768372,0.003766667,12.74966,0.2511111,0.003766667,0.2511111
4.5,4.781087,0.003766667,12.78366,0.2511111,0.003766667,0.2511111
4.51,4.785856,0.003766667,12.79641,0.2511111,0.003766667,0.2511111
4.52,4.785856,0.003766667,12.79641,0.2511111,0.003766667,0.2511111
4.53,4.785856,0.0038,12.79641,0.2533333,0.0038,0.2533333
4.54,4.792213,0.0038,12.8134,0.2533333,0.0038,0.2533333
4.55,4.80175,0.0038,12.8389,0.2533333,0.0038,0.2533333
4.56,4.814466,0.003833333,12.8729,0.2555555,0.003833333,0.2555555
4.57,4.827181,0.003833333,12.9069,0.2555555,0.003833333,0.2555555
4.58,4.843076,0.003833333,12.9494,0.2555555,0.003833333,0.2555555
4.59,4.863739,0.003833333,13.00465,0.2555555,0.003833333,0.2555555
4.6,4.884402,0.003866667,13.0599,0.2577778,0.003866667,0.2577778
4.61,4.884402,0.003866667,13.0599,0.2577778,0.003866667,0.2577778
4.62,4.879633,0.003866667,13.04715,0.2577778,0.003866667,0.2577778
4.63,4.879633,0.003866667,13.04715,0.2577778,0.003866667,0.2577778
4.64,4.887581,0.0039,13.0684,0.26,0.0039,0.26
4.65,4.903475,0.0039,13.1109,0.26,0.0039,0.26
4.66,4.920959,0.0039,13.15765,0.26,0.0039,0.26
4.67,4.927317,0.0039,13.17464,0.26,0.0039,0.26
4.68,4.91937,0.0039,13.1534,0.26,0.0039,0.26
4.69,4.913012,0.003933333,13.1364,0.2622222,0.003933333,0.2622222
4.7,4.927317,0.003933333,13.17464,0.2622222,0.003933333,0.2622222
4.71,4.940033,0.003933333,13.20864,0.2622222,0.003933333,0.2622222
4.72,4.94957,0.003933333,13.23414,0.2622222,0.003933333,0.2622222
4.73,4.968643,0.003966667,13.28514,0.2644444,0.003966667,0.2644444
4.74,4.994074,0.003966667,13.35314,0.2644444,0.003966667,0.2644444
4.75,5.014738,0.003966667,13.40839,0.2644444,0.003966667,0.2644444
4.76,5.017916,0.004,13.41689,0.2666667,0.004,0.2666667
4.77,5.00679,0.004,13.38714,0.2666667,0.004,0.2666667
4.78,5.013148,0.004,13.40414,0.2666667,0.004,0.2666667
4.79,5.038579,0.004,13.47214,0.2666667,0.004,0.2666667
4.8,5.064011,0.004,13.54013,0.2666667,0.004,0.2666667
4.81,5.075137,0.004033333,13.56988,0.2688889,0.004033333,0.2688889
4.82,5.083084,0.004033333,13.59113,0.2688889,0.004033333,0.2688889
4.83,5.0958,0.004033333,13.62513,0.2688889,0.004033333,0.2688889
4.84,5.111694,0.004033333,13.66763,0.2688889,0.004033333,0.2688889
4.85,5.127589,0.004066667,13.71013,0.2711111,0.004066667,0.2711111
4.86,5.137125,0.004066667,13.73563,0.2711111,0.004066667,0.2711111
4.87,5.148252,0.004066667,13.76538,0.2711111,0.004066667,0.2711111
4.88,5.160967,0.004066667,13.79938,0.2711111,0.004066667,0.2711111
4.89,5.172094,0.0041,13.82913,0.2733333,0.0041,0.2733333
4.9,5.181631,0.0041,13.85463,0.2733333,0.0041,0.2733333
4.91,5.192757,0.0041,13.88438,0.2733333,0.0041,0.2733333
4.92,5.202293,0.0041,13.90987,0.2733333,0.0041,0.2733333
4.93,5.221367,0.004133333,13.96087,0.2755556,0.004133333,0.2755556
4.94,5.249977,0.004133333,14.03737,0.2755556,0.004133333,0.2755556
4.95,5.264282,0.004133333,14.07562,0.2755556,0.004133333,0.2755556
4.96,5.259514,0.004166667,14.06287,0.2777778,0.004166667,0.2777778
4.97,5.243619,0.004166667,14.02037,0.2777778,0.004166667,0.2777778
4.98,5.234083,0.004166667,13.99487,0.2777778,0.004166667,0.2777778
4.99,5.235672,0.004166667,13.99912,0.2777778,0.004166667,0.2777778
5.0,5.249977,0.0042,14.03737,0.28,0.0042,0.28
5.01,5.278587,0.0042,14.11387,0.28,0.0042,0.28
5.02,5.307198,0.0042,14.19037,0.28,0.0042,0.28
5.03,5.324682,0.0042,14.23712,0.28,0.0042,0.28
5.04,5.337397,0.004233333,14.27111,0.2822222,0.004233333,0.2822222
5.05,5.348524,0.004233333,14.30087,0.2822222,0.004233333,0.2822222
5.06,5.366007,0.004233333,14.34761,0.2822222,0.004233333,0.2822222
5.07,5.389849,0.004233333,14.41136,0.2822222,0.004233333,0.2822222
5.08,5.405744,0.004233333,14.45386,0.2822222,0.004233333,0.2822222
5.09,5.407333,0.004266667,14.45811,0.2844445,0.004266667,0.2844445
5.1,5.410512,0.004266667,14.46661,0.2844445,0.004266667,0.2844445
5.11,5.421638,0.004266667,14.49636,0.2844445,0.004266667,0.2844445
5.12,5.435944,0.004266667,14.53461,0.2844445,0.004266667,0.2844445
5.13,5.44707,0.0043,14.56436,0.2866667,0.0043,0.2866667
5.14,5.450249,0.0043,14.57286,0.2866667,0.0043,0.2866667
5.15,5.451838,0.0043,14.57711,0.2866667,0.0043,0.2866667
5.16,5.458196,0.004333334,14.59411,0.2888889,0.004333334,0.2888889
5.17,5.470912,0.004333334,14.62811,0.2888889,0.004333334,0.2888889
5.18,5.488396,0.004333334,14.67485,0.2888889,0.004333334,0.2888889
5.19,5.509058,0.004333334,14.7301,0.2888889,0.004333334,0.2888889
5.2,5.524953,0.004366667,14.7726,0.2911111,0.004366667,0.2911111
5.21,5.536079,0.004366667,14.80235,0.2911111,0.004366667,0.2911111
5.22,5.544027,0.004366667,14.8236,0.2911111,0.004366667,0.2911111
5.23,5.544027,0.004366667,14.8236,0.2911111,0.004366667,0.2911111
5.24,5.540848,0.004366667,14.8151,0.2911111,0.004366667,0.2911111
5.25,5.537669,0.0044,14.8066,0.2933333,0.0044,0.2933333
5.26,5.544027,0.0044,14.8236,0.2933333,0.0044,0.2933333
5.27,5.558332,0.0044,14.86185,0.2933333,0.0044,0.2933333
5.28,5.580584,0.0044,14.92135,0.2933333,0.0044,0.2933333
5.29,5.5933,0.004433333,14.95535,0.2955556,0.004433333,0.2955556
5.3,5.601247,0.004433333,14.9766,0.2955556,0.004433333,0.2955556
5.31,5.613963,0.004433333,15.01059,0.2955556,0.004433333,0.2955556
5.32,5.629858,0.004466667,15.05309,0.2977778,0.004466667,0.2977778
5.33,5.644163,0.004466667,15.09134,0.2977778,0.004466667,0.2977778
5.34,5.658468,0.004466667,15.12959,0.2977778,0.004466667,0.2977778
5.35,5.672773,0.004466667,15.16784,0.2977778,0.004466667,0.2977778
5.36,5.68072,0.0045,15.18909,0.3,0.0045,0.3
5.37,5.687078,0.0045,15.20609,0.3,0.0045,0.3
5.38,5.695025,0.0045,15.22734,0.3,0.0045,0.3
5.39,5.704562,0.0045,15.25284,0.3,0.0045,0.3
5.4,5.715688,0.004533333,15.28259,0.3022222,0.004533333,0.3022222
5.41,5.725225,0.004533333,15.30809,0.3022222,0.004533333,0.3022222
5.42,5.744298,0.004533333,15.35909,0.3022222,0.004533333,0.3022222
5.43,5.774498,0.004533333,15.43983,0.3022222,0.004533333,0.3022222
5.44,5.79834,0.004533333,15.50358,0.3022222,0.004533333,0.3022222
5.45,5.801519,0.004566667,15.51208,0.3044444,0.004566667,0.3044444
5.46,5.785624,0.004566667,15.46958,0.3044444,0.004566667,0.3044444
5.47,5.777677,0.004566667,15.44833,0.3044444,0.004566667,0.3044444
5.48,5.793571,0.004566667,15.49083,0.3044444,0.004566667,0.3044444
5.49,5.815824,0.0046,15.55033,0.3066667,0.0046,0.3066667
5.5,5.82695,0.0046,15.58008,0.3066667,0.0046,0.3066667
5.51,5.831718,0.0046,15.59283,0.3066667,0.0046,0.3066667
5.52,5.842844,0.004633334,15.62258,0.3088889,0.004633334,0.3088889
5.53,5.85556,0.004633334,15.65658,0.3088889,0.004633334,0.3088889
5.54,5.871455,0.004633334,15.69908,0.3088889,0.004633334,0.3088889
5.55,5.896886,0.004633334,15.76708,0.3088889,0.004633334,0.3088889
5.56,5.938212,0.004633334,15.87757,0.3088889,0.004633334,0.3088889
5.57,5.97477,0.004666667,15.97532,0.3111111,0.004666667,0.3111111
5.58,5.989075,0.004666667,16.01357,0.3111111,0.004666667,0.3111111
5.59,5.977949,0.004666667,15.98382,0.3111111,0.004666667,0.3111111
5.6,5.960464,0.0047,15.93707,0.3133333,0.0047,0.3133333
5.61,5.952517,0.0047,15.91582,0.3133333,0.0047,0.3133333
5.62,5.960464,0.0047,15.93707,0.3133333,0.0047,0.3133333
5.63,5.97477,0.0047,15.97532,0.3133333,0.0047,0.3133333
5.64,5.998611,0.0047,16.03907,0.3133333,0.0047,0.3133333
5.65,6.024043,0.004733333,16.10707,0.3155556,0.004733333,0.3155556
5.66,6.03199,0.004733333,16.12831,0.3155556,0.004733333,0.3155556
5.67,6.027222,0.004733333,16.11557,0.3155556,0.004733333,0.3155556
5.68,6.027222,0.004733333,16.11557,0.3155556,0.004733333,0.3155556
5.69,6.046295,0.004766667,16.16656,0.3177778,0.004766667,0.3177778
5.7,6.071726,0.004766667,16.23456,0.3177778,0.004766667,0.3177778
5.71,6.095568,0.004766667,16.29831,0.3177778,0.004766667,0.3177778
5.72,6.113052,0.0048,16.34506,0.32,0.0048,0.32
5.73,6.125768,0.0048,16.37906,0.32,0.0048,0.32
5.74,6.136894,0.0048,16.40881,0.32,0.0048,0.32
5.75,6.141663,0.0048,16.42156,0.32,0.0048,0.32
5.76,6.14961,0.0048,16.44281,0.32,0.0048,0.32
5.77,6.160736,0.004833333,16.47256,0.3222222,0.004833333,0.3222222
5.78,6.170273,0.004833333,16.49805,0.3222222,0.004833333,0.3222222
5.79,6.181399,0.004833333,16.5278,0.3222222,0.004833333,0.3222222
5.8,6.189346,0.004833333,16.54905,0.3222222,0.004833333,0.3222222
5.81,6.198883,0.004866667,16.57455,0.3244444,0.004866667,0.3244444
5.82,6.214777,0.004866667,16.61705,0.3244444,0.004866667,0.3244444
5.83,6.222725,0.004866667,16.6383,0.3244444,0.004866667,0.3244444
5.84,6.224314,0.004866667,16.64255,0.3244444,0.004866667,0.3244444
5.85,6.232262,0.0049,16.6638,0.3266667,0.0049,0.3266667
5.86,6.246567,0.0049,16.70205,0.3266667,0.0049,0.3266667
5.87,6.259283,0.0049,16.73605,0.3266667,0.0049,0.3266667
5.88,6.268819,0.0049,16.76155,0.3266667,0.0049,0.3266667
5.89,6.281535,0.004933333,16.79555,0.3288889,0.004933333,0.3288889
5.9,6.289482,0.004933333,16.8168,0.3288889,0.004933333,0.3288889
5.91,6.292661,0.004933333,16.8253,0.3288889,0.004933333,0.3288889
5.92,6.303787,0.004966667,16.85505,0.3311111,0.004966667,0.3311111
5.93,6.32445,0.004966667,16.91029,0.3311111,0.004966667,0.3311111
5.94,6.345113,0.004966667,16.96554,0.3311111,0.004966667,0.3311111
5.95,6.346703,0.004966667,16.96979,0.3311111,0.004966667,0.3311111
5.96,6.346703,0.005,16.96979,0.3333333,0.005,0.3333333
5.97,6.35306,0.005,16.98679,0.3333333,0.005,0.3333333
5.98,6.378492,0.005,17.05479,0.3333333,0.005,0.3333333
5.99,6.41187,0.005,17.14404,0.3333333,0.005,0.3333333
6.0,6.432533,0.005,17.19929,0.3333333,0.005,0.3333333
6.01,6.440481,0.005033333,17.22054,0.3355556,0.005033333,0.3355556
6.02,6.448428,0.005033333,17.24179,0.3355556,0.005033333,0.3355556
6.03,6.459554,0.005033333,17.27153,0.3355556,0.005033333,0.3355556
6.04,6.464323,0.005033333,17.28428,0.3355556,0.005033333,0.3355556
6.05,6.467501,0.005066667,17.29278,0.3377778,0.005066667,0.3377778
6.06,6.47227,0.005066667,17.30553,0.3377778,0.005066667,0.3377778
6.07,6.483396,0.005066667,17.33528,0.3377778,0.005066667,0.3377778
6.08,6.489754,0.005066667,17.35228,0.3377778,0.005066667,0.3377778
6.09,6.496111,0.0051,17.36928,0.34,0.0051,0.34
6.1,6.492933,0.0051,17.36078,0.34,0.0051,0.34
6.11,6.489754,0.0051,17.35228,0.34,0.0051,0.34
6.12,6.492933,0.005133334,17.36078,0.3422222,0.005133334,0.3422222
6.13,6.508827,0.005133334,17.40328,0.3422222,0.005133334,0.3422222
6.14,6.52949,0.005133334,17.45853,0.3422222,0.005133334,0.3422222
6.15,6.540617,0.005133334,17.48828,0.3422222,0.005133334,0.3422222
6.16,6.554922,0.005166667,17.52653,0.3444445,0.005166667,0.3444445
6.17,6.573995,0.005166667,17.57753,0.3444445,0.005166667,0.3444445
6.18,6.591479,0.005166667,17.62428,0.3444445,0.005166667,0.3444445
6.19,6.602605,0.005166667,17.65402,0.3444445,0.005166667,0.3444445
6.2,6.607374,0.005166667,17.66677,0.3444445,0.005166667,0.3444445
6.21,6.620089,0.0052,17.70077,0.3466667,0.0052,0.3466667
6.22,6.635984,0.0052,17.74327,0.3466667,0.0052,0.3466667
6.23,6.651878,0.0052,17.78577,0.3466667,0.0052,0.3466667
6.24,6.664594,0.0052,17.81977,0.3466667,0.0052,0.3466667
6.25,6.672541,0.005233333,17.84102,0.3488889,0.005233333,0.3488889
6.26,6.672541,0.005233333,17.84102,0.3488889,0.005233333,0.3488889
6.27,6.672541,0.005233333,17.84102,0.3488889,0.005233333,0.3488889
6.28,6.685257,0.005233333,17.87502,0.3488889,0.005233333,0.3488889
6.29,6.713867,0.005266667,17.95152,0.3511111,0.005266667,0.3511111
6.3,6.745656,0.005266667,18.03651,0.3511111,0.005266667,0.3511111
6.31,6.755193,0.005266667,18.06201,0.3511111,0.005266667,0.3511111
6.32,6.745656,0.0053,18.03651,0.3533333,0.0053,0.3533333
6.33,6.737709,0.0053,18.01526,0.3533333,0.0053,0.3533333
6.34,6.742477,0.0053,18.02801,0.3533333,0.0053,0.3533333
6.35,6.753603,0.0053,18.05776,0.3533333,0.0053,0.3533333
6.36,6.769498,0.0053,18.10026,0.3533333,0.0053,0.3533333
6.37,6.79175,0.005333333,18.15976,0.3555556,0.005333333,0.3555556
6.38,6.810824,0.005333333,18.21076,0.3555556,0.005333333,0.3555556
6.39,6.815592,0.005333333,18.22351,0.3555556,0.005333333,0.3555556
6.4,6.818771,0.005333333,18.23201,0.3555556,0.005333333,0.3555556
6.41,6.828308,0.005366667,18.25751,0.3577778,0.005366667,0.3577778
6.42,6.841024,0.005366667,18.29151,0.3577778,0.005366667,0.3577778
6.43,6.856918,0.005366667,18.33401,0.3577778,0.005366667,0.3577778
6.44,6.872813,0.005366667,18.3765,0.3577778,0.005366667,0.3577778
6.45,6.896655,0.0054,18.44025,0.36,0.0054,0.36
6.46,6.917318,0.0054,18.4955,0.36,0.0054,0.36
6.47,6.930033,0.0054,18.5295,0.36,0.0054,0.36
6.48,6.930033,0.0054,18.5295,0.36,0.0054,0.36
6.49,6.918907,0.005433334,18.49975,0.3622222,0.005433334,0.3622222
6.5,6.912549,0.005433334,18.48275,0.3622222,0.005433334,0.3622222
6.51,6.912549,0.005433334,18.48275,0.3622222,0.005433334,0.3622222
6.52,6.917318,0.005466667,18.4955,0.3644444,0.005466667,0.3644444
6.53,6.930033,0.005466667,18.5295,0.3644444,0.005466667,0.3644444
6.54,6.945928,0.005466667,18.572,0.3644444,0.005466667,0.3644444
6.55,6.961823,0.005466667,18.6145,0.3644444,0.005466667,0.3644444
6.56,6.974538,0.005466667,18.6485,0.3644444,0.005466667,0.3644444
6.57,6.990433,0.0055,18.691,0.3666667,0.0055,0.3666667
6.58,7.007917,0.0055,18.73775,0.3666667,0.0055,0.3666667
6.59,7.031759,0.0055,18.80149,0.3666667,0.0055,0.3666667
6.6,7.052422,0.0055,18.85674,0.3666667,0.0055,0.3666667
6.61,7.05719,0.005533333,18.86949,0.3688889,0.005533333,0.3688889
6.62,7.05719,0.005533333,18.86949,0.3688889,0.005533333,0.3688889
6.63,7.069906,0.005533333,18.90349,0.3688889,0.005533333,0.3688889
6.64,7.093748,0.005533333,18.96724,0.3688889,0.005533333,0.3688889
6.65,7.11441,0.005566667,19.02249,0.3711111,0.005566667,0.3711111
6.66,7.122358,0.005566667,19.04374,0.3711111,0.005566667,0.3711111
6.67,7.125536,0.005566667,19.05224,0.3711111,0.005566667,0.3711111
6.68,7.133484,0.0056,19.07349,0.3733334,0.0056,0.3733334
6.69,7.1462,0.0056,19.10748,0.3733334,0.0056,0.3733334
6.7,7.163683,0.0056,19.15423,0.3733334,0.0056,0.3733334
6.71,7.187525,0.0056,19.21798,0.3733334,0.0056,0.3733334
6.72,7.20342,0.0056,19.26048,0.3733334,0.0056,0.3733334
6.73,7.208189,0.005633333,19.27323,0.3755555,0.005633333,0.3755555
6.74,7.20342,0.005633333,19.26048,0.3755555,0.005633333,0.3755555
6.75,7.195473,0.005633333,19.23923,0.3755555,0.005633333,0.3755555
6.76,7.192294,0.005633333,19.23073,0.3755555,0.005633333,0.3755555
6.77,7.198652,0.005666667,19.24773,0.3777778,0.005666667,0.3777778
6.78,7.208189,0.005666667,19.27323,0.3777778,0.005666667,0.3777778
6.79,7.216136,0.005666667,19.29448,0.3777778,0.005666667,0.3777778
6.8,7.227262,0.005666667,19.32423,0.3777778,0.005666667,0.3777778
6.81,7.244746,0.0057,19.37098,0.38,0.0057,0.38
6.82,7.270177,0.0057,19.43898,0.38,0.0057,0.38
6.83,7.286072,0.0057,19.48147,0.38,0.0057,0.38
6.84,7.297198,0.0057,19.51122,0.38,0.0057,0.38
6.85,7.306735,0.005733334,19.53672,0.3822222,0.005733334,0.3822222
6.86,7.317861,0.005733334,19.56647,0.3822222,0.005733334,0.3822222
6.87,7.327398,0.005733334,19.59197,0.3822222,0.005733334,0.3822222
6.88,7.338524,0.005766667,19.62172,0.3844445,0.005766667,0.3844445
6.89,7.35124,0.005766667,19.65572,0.3844445,0.005766667,0.3844445
6.9,7.367134,0.005766667,19.69822,0.3844445,0.005766667,0.3844445
6.91,7.383029,0.005766667,19.74072,0.3844445,0.005766667,0.3844445
6.92,7.392565,0.0058,19.76622,0.3866667,0.0058,0.3866667
6.93,7.403692,0.0058,19.79597,0.3866667,0.0058,0.3866667
6.94,7.416407,0.0058,19.82997,0.3866667,0.0058,0.3866667
6.95,7.421175,0.0058,19.84271,0.3866667,0.0058,0.3866667
6.96,7.419586,0.0058,19.83846,0.3866667,0.0058,0.3866667
6.97,7.424355,0.005833333,19.85122,0.3888889,0.005833333,0.3888889
6.98,7.443428,0.005833333,19.90221,0.3888889,0.005833333,0.3888889
6.99,7.468859,0.005833333,19.97021,0.3888889,0.005833333,0.3888889
7.0,7.486343,0.005833333,20.01696,0.3888889,0.005833333,0.3888889
7.01,7.486343,0.005866667,20.01696,0.3911111,0.005866667,0.3911111
7.02,7.492701,0.005866667,20.03396,0.3911111,0.005866667,0.3911111
7.03,7.505417,0.005866667,20.06796,0.3911111,0.005866667,0.3911111
7.04,7.529259,0.005866667,20.13171,0.3911111,0.005866667,0.3911111
7.05,7.549922,0.0059,20.18695,0.3933333,0.0059,0.3933333
7.06,7.562637,0.0059,20.22095,0.3933333,0.0059,0.3933333
7.07,7.559458,0.0059,20.21245,0.3933333,0.0059,0.3933333
7.08,7.55469,0.005933333,20.19971,0.3955556,0.005933333,0.3955556
7.09,7.559458,0.005933333,20.21245,0.3955556,0.005933333,0.3955556
7.1,7.572174,0.005933333,20.24645,0.3955556,0.005933333,0.3955556
7.11,7.5833,0.005933333,20.2762,0.3955556,0.005933333,0.3955556
7.12,7.591248,0.005966667,20.29745,0.3977778,0.005966667,0.3977778
7.13,7.603963,0.005966667,20.33145,0.3977778,0.005966667,0.3977778
7.14,7.615089,0.005966667,20.3612,0.3977778,0.005966667,0.3977778
7.15,7.619858,0.005966667,20.37395,0.3977778,0.005966667,0.3977778
7.16,7.619858,0.005966667,20.37395,0.3977778,0.005966667,0.3977778
7.17,7.627805,0.006,20.3952,0.4,0.006,0.4
7.18,7.648468,0.006,20.45045,0.4,0.006,0.4
7.19,7.673899,0.006,20.51845,0.4,0.006,0.4
7.2,7.697741,0.006,20.5822,0.4,0.006,0.4
7.21,7.715225,0.006033333,20.62894,0.4022222,0.006033333,0.4022222
7.22,7.73112,0.006033333,20.67144,0.4022222,0.006033333,0.4022222
7.23,7.739067,0.006033333,20.69269,0.4022222,0.006033333,0.4022222
7.24,7.73112,0.006033333,20.67144,0.4022222,0.006033333,0.4022222
7.25,7.726351,0.006066667,20.65869,0.4044445,0.006066667,0.4044445
7.26,7.73112,0.006066667,20.67144,0.4044445,0.006066667,0.4044445
7.27,7.742246,0.006066667,20.70119,0.4044445,0.006066667,0.4044445
7.28,7.751783,0.0061,20.72669,0.4066667,0.0061,0.4066667
7.29,7.767677,0.0061,20.76919,0.4066667,0.0061,0.4066667
7.3,7.78834,0.0061,20.82444,0.4066667,0.0061,0.4066667
7.31,7.804235,0.0061,20.86694,0.4066667,0.0061,0.4066667
7.32,7.809003,0.0061,20.87969,0.4066667,0.0061,0.4066667
7.33,7.807414,0.006133333,20.87544,0.4088889,0.006133333,0.4088889
7.34,7.815361,0.006133333,20.89669,0.4088889,0.006133333,0.4088889
7.35,7.824898,0.006133333,20.92219,0.4088889,0.006133333,0.4088889
7.36,7.832845,0.006133333,20.94344,0.4088889,0.006133333,0.4088889
7.37,7.840792,0.006166667,20.96468,0.4111111,0.006166667,0.4111111
7.38,7.856687,0.006166667,21.00718,0.4111111,0.006166667,0.4111111
7.39,7.874171,0.006166667,21.05393,0.4111111,0.006166667,0.4111111
7.4,7.890066,0.006166667,21.09643,0.4111111,0.006166667,0.4111111
7.41,7.90596,0.0062,21.13893,0.4133334,0.0062,0.4133334
7.42,7.921854,0.0062,21.18143,0.4133334,0.0062,0.4133334
7.43,7.929802,0.0062,21.20268,0.4133334,0.0062,0.4133334
7.44,7.93457,0.0062,21.21543,0.4133334,0.0062,0.4133334
7.45,7.942518,0.006233334,21.23668,0.4155556,0.006233334,0.4155556
7.46,7.950465,0.006233334,21.25793,0.4155556,0.006233334,0.4155556
7.47,7.963181,0.006233334,21.29193,0.4155556,0.006233334,0.4155556
7.48,7.967949,0.006266667,21.30468,0.4177778,0.006266667,0.4177778
7.49,7.96636,0.006266667,21.30043,0.4177778,0.006266667,0.4177778
7.5,7.958412,0.006266667,21.27918,0.4177778,0.006266667,0.4177778
7.51,7.950465,0.006266667,21.25793,0.4177778,0.006266667,0.4177778
7.52,7.952055,0.006266667,21.26218,0.4177778,0.006266667,0.4177778
7.53,7.971128,0.0063,21.31318,0.42,0.0063,0.42
7.54,7.99497,0.0063,21.37692,0.42,0.0063,0.42
7.55,8.020401,0.0063,21.44492,0.42,0.0063,0.42
7.56,8.041064,0.0063,21.50017,0.42,0.0063,0.42
7.57,8.064906,0.006333333,21.56392,0.4222222,0.006333333,0.4222222
7.58,8.0808,0.006333333,21.60642,0.4222222,0.006333333,0.4222222
7.59,8.0808,0.006333333,21.60642,0.4222222,0.006333333,0.4222222
7.6,8.077621,0.006333333,21.59792,0.4222222,0.006333333,0.4222222
7.61,8.095105,0.006366667,21.64466,0.4244445,0.006366667,0.4244445
7.62,8.131663,0.006366667,21.74241,0.4244445,0.006366667,0.4244445
7.63,8.155505,0.006366667,21.80616,0.4244445,0.006366667,0.4244445
7.64,8.155505,0.006366667,21.80616,0.4244445,0.006366667,0.4244445
7.65,8.144379,0.0064,21.77641,0.4266667,0.0064,0.4266667
7.66,8.150737,0.0064,21.79341,0.4266667,0.0064,0.4266667
7.67,8.171399,0.0064,21.84866,0.4266667,0.0064,0.4266667
7.68,8.195241,0.006433333,21.91241,0.4288889,0.006433333,0.4288889
7.69,8.217494,0.006433333,21.97191,0.4288889,0.006433333,0.4288889
7.7,8.244514,0.006433333,22.04416,0.4288889,0.006433333,0.4288889
7.71,8.261998,0.006433333,22.0909,0.4288889,0.006433333,0.4288889
7.72,8.273125,0.006433333,22.12065,0.4288889,0.006433333,0.4288889
7.73,8.274714,0.006466667,22.1249,0.4311111,0.006466667,0.4311111
7.74,8.273125,0.006466667,22.12065,0.4311111,0.006466667,0.4311111
7.75,8.266767,0.006466667,22.10365,0.4311111,0.006466667,0.4311111
7.76,8.261998,0.006466667,22.0909,0.4311111,0.006466667,0.4311111
7.77,8.266767,0.0065,22.10365,0.4333333,0.0065,0.4333333
7.78,8.281072,0.0065,22.1419,0.4333333,0.0065,0.4333333
7.79,8.298556,0.0065,22.18865,0.4333333,0.0065,0.4333333
7.8,8.327167,0.0065,22.26515,0.4333333,0.0065,0.4333333
7.81,8.355777,0.006533334,22.34165,0.4355556,0.006533334,0.4355556
7.82,8.379619,0.006533334,22.4054,0.4355556,0.006533334,0.4355556
7.83,8.392334,0.006533334,22.43939,0.4355556,0.006533334,0.4355556
7.84,8.401871,0.006566667,22.46489,0.4377778,0.006566667,0.4377778
7.85,8.420944,0.006566667,22.51589,0.4377778,0.006566667,0.4377778
7.86,8.441607,0.006566667,22.57114,0.4377778,0.006566667,0.4377778
7.87,8.449554,0.006566667,22.59239,0.4377778,0.006566667,0.4377778
7.88,8.444786,0.0066,22.57964,0.44,0.0066,0.44
7.89,8.441607,0.0066,22.57114,0.44,0.0066,0.44
7.9,8.444786,0.0066,22.57964,0.44,0.0066,0.44
7.91,8.449554,0.0066,22.59239,0.44,0.0066,0.44
7.92,8.454323,0.0066,22.60514,0.44,0.0066,0.44
7.93,8.46227,0.006633333,22.62639,0.4422222,0.006633333,0.4422222
7.94,8.478165,0.006633333,22.66889,0.4422222,0.006633333,0.4422222
7.95,8.503596,0.006633333,22.73689,0.4422222,0.006633333,0.4422222
7.96,8.52267,0.006633333,22.78789,0.4422222,0.006633333,0.4422222
7.97,8.527438,0.006666667,22.80064,0.4444444,0.006666667,0.4444444
7.98,8.51949,0.006666667,22.77938,0.4444444,0.006666667,0.4444444
7.99,8.509953,0.006666667,22.75389,0.4444444,0.006666667,0.4444444
8.0,8.514722,0.006666667,22.76664,0.4444444,0.006666667,0.4444444
8.01,8.532207,0.0067,22.81339,0.4466667,0.0067,0.4466667
8.02,8.55128,0.0067,22.86438,0.4466667,0.0067,0.4466667
8.03,8.567174,0.0067,22.90688,0.4466667,0.0067,0.4466667
8.04,8.57989,0.006733333,22.94088,0.4488889,0.006733333,0.4488889
8.05,8.595784,0.006733333,22.98338,0.4488889,0.006733333,0.4488889
8.06,8.595784,0.006733333,22.98338,0.4488889,0.006733333,0.4488889
8.07,8.584659,0.006733333,22.95363,0.4488889,0.006733333,0.4488889
8.08,8.581479,0.006733333,22.94513,0.4488889,0.006733333,0.4488889
8.09,8.597374,0.006766667,22.98763,0.4511111,0.006766667,0.4511111
8.1,8.621216,0.006766667,23.05138,0.4511111,0.006766667,0.4511111
8.11,8.625984,0.006766667,23.06413,0.4511111,0.006766667,0.4511111
8.12,8.624394,0.0068,23.05988,0.4533333,0.0068,0.4533333
8.13,8.629163,0.0068,23.07263,0.4533333,0.0068,0.4533333
8.14,8.641879,0.0068,23.10663,0.4533333,0.0068,0.4533333
8.15,8.660953,0.0068,23.15763,0.4533333,0.0068,0.4533333
8.16,8.673668,0.0068,23.19162,0.4533333,0.0068,0.4533333
8.17,8.683205,0.006833334,23.21712,0.4555556,0.006833334,0.4555556
8.18,8.69592,0.006833334,23.25112,0.4555556,0.006833334,0.4555556
8.19,8.702278,0.006833334,23.26812,0.4555556,0.006833334,0.4555556
8.2,8.707047,0.006833334,23.28087,0.4555556,0.006833334,0.4555556
8.21,8.719762,0.006866667,23.31487,0.4577778,0.006866667,0.4577778
8.22,8.743604,0.006866667,23.37862,0.4577778,0.006866667,0.4577778
8.23,8.761088,0.006866667,23.42537,0.4577778,0.006866667,0.4577778
8.24,8.776982,0.0069,23.46787,0.46,0.0069,0.46
8.25,8.796056,0.0069,23.51887,0.46,0.0069,0.46
8.26,8.810361,0.0069,23.55711,0.46,0.0069,0.46
8.27,8.821487,0.0069,23.58686,0.46,0.0069,0.46
8.28,8.824666,0.0069,23.59536,0.46,0.0069,0.46
8.29,8.826256,0.006933333,23.59961,0.4622222,0.006933333,0.4622222
8.3,8.832614,0.006933333,23.61661,0.4622222,0.006933333,0.4622222
8.31,8.832614,0.006933333,23.61661,0.4622222,0.006933333,0.4622222
8.32,8.829434,0.006933333,23.60811,0.4622222,0.006933333,0.4622222
8.33,8.834203,0.006966667,23.62086,0.4644445,0.006966667,0.4644445
8.34,8.853276,0.006966667,23.67186,0.4644445,0.006966667,0.4644445
8.35,8.87394,0.006966667,23.72711,0.4644445,0.006966667,0.4644445
8.36,8.886655,0.006966667,23.76111,0.4644445,0.006966667,0.4644445
8.37,8.894603,0.007,23.78236,0.4666667,0.007,0.4666667
8.38,8.896192,0.007,23.78661,0.4666667,0.007,0.4666667
8.39,8.90414,0.007,23.80786,0.4666667,0.007,0.4666667
8.4,8.923213,0.007,23.85886,0.4666667,0.007,0.4666667
8.41,8.947055,0.007033333,23.92261,0.4688889,0.007033333,0.4688889
8.42,8.967717,0.007033333,23.97785,0.4688889,0.007033333,0.4688889
8.43,8.980433,0.007033333,24.01185,0.4688889,0.007033333,0.4688889
8.44,8.993149,0.007066667,24.04585,0.4711111,0.007066667,0.4711111
8.45,9.004275,0.007066667,24.0756,0.4711111,0.007066667,0.4711111
8.46,9.013812,0.007066667,24.1011,0.4711111,0.007066667,0.4711111
8.47,9.013812,0.007066667,24.1011,0.4711111,0.007066667,0.4711111
8.48,9.013812,0.0071,24.1011,0.4733333,0.0071,0.4733333
8.49,9.01858,0.0071,24.11385,0.4733333,0.0071,0.4733333
8.5,9.032886,0.0071,24.1521,0.4733333,0.0071,0.4733333
8.51,9.047191,0.0071,24.19035,0.4733333,0.0071,0.4733333
8.52,9.069443,0.0071,24.24985,0.4733333,0.0071,0.4733333
8.53,9.090106,0.007133333,24.3051,0.4755556,0.007133333,0.4755556
8.54,9.098053,0.007133333,24.32634,0.4755556,0.007133333,0.4755556
8.55,9.091695,0.007133333,24.30934,0.4755556,0.007133333,0.4755556
8.56,9.094874,0.007133333,24.31784,0.4755556,0.007133333,0.4755556
8.57,9.118716,0.007166667,24.38159,0.4777778,0.007166667,0.4777778
8.58,9.148915,0.007166667,24.46234,0.4777778,0.007166667,0.4777778
8.59,9.16481,0.007166667,24.50484,0.4777778,0.007166667,0.4777778
8.6,9.167989,0.0072,24.51334,0.48,0.0072,0.48
8.61,9.172757,0.0072,24.52609,0.48,0.0072,0.48
8.62,9.190242,0.0072,24.57284,0.48,0.0072,0.48
8.63,9.212494,0.0072,24.63234,0.48,0.0072,0.48
8.64,9.218852,0.007233333,24.64934,0.4822222,0.007233333,0.4822222
8.65,9.214084,0.007233333,24.63659,0.4822222,0.007233333,0.4822222
8.66,9.212494,0.007233333,24.63234,0.4822222,0.007233333,0.4822222
8.67,9.225209,0.007233333,24.66633,0.4822222,0.007233333,0.4822222
8.68,9.250641,0.007266667,24.73433,0.4844444,0.007266667,0.4844444
8.69,9.279251,0.007266667,24.81083,0.4844444,0.007266667,0.4844444
8.7,9.303093,0.007266667,24.87458,0.4844444,0.007266667,0.4844444
8.71,9.318988,0.007266667,24.91708,0.4844444,0.007266667,0.4844444
8.72,9.323756,0.007266667,24.92983,0.4844444,0.007266667,0.4844444
8.73,9.326935,0.0073,24.93833,0.4866667,0.0073,0.4866667
8.74,9.323756,0.0073,24.92983,0.4866667,0.0073,0.4866667
8.75,9.318988,0.0073,24.91708,0.4866667,0.0073,0.4866667
8.76,9.320577,0.0073,24.92133,0.4866667,0.0073,0.4866667
8.77,9.34124,0.007333334,24.97658,0.4888889,0.007333334,0.4888889
8.78,9.36826,0.007333334,25.04882,0.4888889,0.007333334,0.4888889
8.79,9.380977,0.007333334,25.08282,0.4888889,0.007333334,0.4888889
8.8,9.388924,0.007366667,25.10407,0.4911111,0.007366667,0.4911111
8.81,9.39846,0.007366667,25.12957,0.4911111,0.007366667,0.4911111
8.82,9.412766,0.007366667,25.16782,0.4911111,0.007366667,0.4911111
8.83,9.420712,0.007366667,25.18907,0.4911111,0.007366667,0.4911111
8.84,9.422302,0.007366667,25.19332,0.4911111,0.007366667,0.4911111
8.85,9.420712,0.0074,25.18907,0.4933333,0.0074,0.4933333
8.86,9.422302,0.0074,25.19332,0.4933333,0.0074,0.4933333
8.87,9.433429,0.0074,25.22307,0.4933333,0.0074,0.4933333
8.88,9.449323,0.0074,25.26557,0.4933333,0.0074,0.4933333
8.89,9.458859,0.007433333,25.29107,0.4955555,0.007433333,0.4955555
8.9,9.469986,0.007433333,25.32082,0.4955555,0.007433333,0.4955555
8.91,9.479523,0.007433333,25.34632,0.4955555,0.007433333,0.4955555
8.92,9.48747,0.007433333,25.36757,0.4955555,0.007433333,0.4955555
8.93,9.495418,0.007466667,25.38882,0.4977778,0.007466667,0.4977778
8.94,9.508133,0.007466667,25.42282,0.4977778,0.007466667,0.4977778
8.95,9.524028,0.007466667,25.46531,0.4977778,0.007466667,0.4977778
8.96,9.541512,0.007466667,25.51206,0.4977778,0.007466667,0.4977778
8.97,9.560585,0.0075,25.56306,0.5,0.0075,0.5
8.98,9.581248,0.0075,25.61831,0.5,0.0075,0.5
8.99,9.589195,0.0075,25.63956,0.5,0.0075,0.5
9.0,9.586017,0.007533333,25.63106,0.5022222,0.007533333,0.5022222
9.01,9.586017,0.007533333,25.63106,0.5022222,0.007533333,0.5022222
9.02,9.601911,0.007533333,25.67356,0.5022222,0.007533333,0.5022222
9.03,9.617805,0.007533333,25.71606,0.5022222,0.007533333,0.5022222
9.04,9.622574,0.007533333,25.72881,0.5022222,0.007533333,0.5022222
9.05,9.625752,0.007566667,25.7373,0.5044444,0.007566667,0.5044444
9.06,9.635289,0.007566667,25.7628,0.5044444,0.007566667,0.5044444
9.07,9.654363,0.007566667,25.8138,0.5044444,0.007566667,0.5044444
9.08,9.662311,0.007566667,25.83505,0.5044444,0.007566667,0.5044444
9.09,9.662311,0.0076,25.83505,0.5066667,0.0076,0.5066667
9.1,9.667079,0.0076,25.8478,0.5066667,0.0076,0.5066667
9.11,9.695689,0.0076,25.9243,0.5066667,0.0076,0.5066667
9.12,9.729068,0.0076,26.01355,0.5066667,0.0076,0.5066667
9.13,9.748141,0.007633334,26.06455,0.5088889,0.007633334,0.5088889
9.14,9.744962,0.007633334,26.05605,0.5088889,0.007633334,0.5088889
9.15,9.737015,0.007633334,26.0348,0.5088889,0.007633334,0.5088889
9.16,9.740193,0.007633334,26.0433,0.5088889,0.007633334,0.5088889
9.17,9.744962,0.007666667,26.05605,0.5111111,0.007666667,0.5111111
9.18,9.760857,0.007666667,26.09855,0.5111111,0.007666667,0.5111111
9.19,9.786288,0.007666667,26.16655,0.5111111,0.007666667,0.5111111
9.2,9.81013,0.0077,26.23029,0.5133333,0.0077,0.5133333
9.21,9.818077,0.0077,26.25154,0.5133333,0.0077,0.5133333
9.22,9.813309,0.0077,26.23879,0.5133333,0.0077,0.5133333
9.23,9.806951,0.0077,26.22179,0.5133333,0.0077,0.5133333
9.24,9.799004,0.0077,26.20054,0.5133333,0.0077,0.5133333
9.25,9.789467,0.007733333,26.17505,0.5155556,0.007733333,0.5155556
9.26,9.784698,0.007733333,26.16229,0.5155556,0.007733333,0.5155556
9.27,9.789467,0.007733333,26.17505,0.5155556,0.007733333,0.5155556
9.28,9.81013,0.007733333,26.23029,0.5155556,0.007733333,0.5155556
9.29,9.833972,0.007766667,26.29404,0.5177778,0.007766667,0.5177778
9.3,9.851456,0.007766667,26.34079,0.5177778,0.007766667,0.5177778
9.31,9.854634,0.007766667,26.34929,0.5177778,0.007766667,0.5177778
9.32,9.856224,0.007766667,26.35354,0.5177778,0.007766667,0.5177778
9.33,9.870529,0.0078,26.39179,0.52,0.0078,0.52
9.34,9.891192,0.0078,26.44704,0.52,0.0078,0.52
9.35,9.903908,0.0078,26.48104,0.52,0.0078,0.52
9.36,9.903908,0.0078,26.48104,0.52,0.0078,0.52
9.37,9.908676,0.007833334,26.49379,0.5222222,0.007833334,0.5222222
9.38,9.929339,0.007833334,26.54903,0.5222222,0.007833334,0.5222222
9.39,9.965897,0.007833334,26.64678,0.5222222,0.007833334,0.5222222
9.4,9.997685,0.007833334,26.73178,0.5222222,0.007833334,0.5222222
9.41,10.01358,0.007866667,26.77428,0.5244445,0.007866667,0.5244445
9.42,10.01358,0.007866667,26.77428,0.5244445,0.007866667,0.5244445
9.43,10.00563,0.007866667,26.75303,0.5244445,0.007866667,0.5244445
9.44,10.00086,0.007866667,26.74028,0.5244445,0.007866667,0.5244445
9.45,10.00722,0.007900001,26.75728,0.5266667,0.007900001,0.5266667
9.46,10.0263,0.007900001,26.80828,0.5266667,0.007900001,0.5266667
9.47,10.03424,0.007900001,26.82953,0.5266667,0.007900001,0.5266667
9.48,10.03424,0.007900001,26.82953,0.5266667,0.007900001,0.5266667
9.49,10.04378,0.007933334,26.85503,0.5288889,0.007933334,0.5288889
9.5,10.05967,0.007933334,26.89752,0.5288889,0.007933334,0.5288889
9.51,10.07239,0.007933334,26.93152,0.5288889,0.007933334,0.5288889
9.52,10.0867,0.007933334,26.96977,0.5288889,0.007933334,0.5288889
9.53,10.09623,0.007966666,26.99527,0.5311111,0.007966666,0.5311111
9.54,10.10895,0.007966666,27.02927,0.5311111,0.007966666,0.5311111
9.55,10.12484,0.007966666,27.07177,0.5311111,0.007966666,0.5311111
9.56,10.14868,0.008,27.13552,0.5333334,0.008,0.5333334
9.57,10.16617,0.008,27.18227,0.5333334,0.008,0.5333334
9.58,10.17412,0.008,27.20352,0.5333334,0.008,0.5333334
9.59,10.18206,0.008,27.22477,0.5333334,0.008,0.5333334
9.6,10.19796,0.008033333,27.26726,0.5355555,0.008033333,0.5355555
9.61,10.21385,0.008033333,27.30976,0.5355555,0.008033333,0.5355555
9.62,10.22339,0.008033333,27.33526,0.5355555,0.008033333,0.5355555
9.63,10.23134,0.008033333,27.35651,0.5355555,0.008033333,0.5355555
9.64,10.22975,0.008066666,27.35226,0.5377778,0.008066666,0.5377778
9.65,10.2218,0.008066666,27.33101,0.5377778,0.008066666,0.5377778
9.66,10.22339,0.008066666,27.33526,0.5377778,0.008066666,0.5377778
9.67,10.2361,0.008066666,27.36926,0.5377778,0.008066666,0.5377778
9.68,10.25518,0.008066666,27.42026,0.5377778,0.008066666,0.5377778
9.69,10.27266,0.0081,27.46701,0.54,0.0081,0.54
9.7,10.29174,0.0081,27.51801,0.54,0.0081,0.54
9.71,10.30127,0.0081,27.54351,0.54,0.0081,0.54
9.72,10.30127,0.0081,27.54351,0.54,0.0081,0.54
9.73,10.29332,0.008133333,27.52226,0.5422222,0.008133333,0.5422222
9.74,10.29332,0.008133333,27.52226,0.5422222,0.008133333,0.5422222
9.75,10.29968,0.008133333,27.53926,0.5422222,0.008133333,0.5422222
9.76,10.32035,0.008166667,27.59451,0.5444444,0.008166667,0.5444444
9.77,10.35849,0.008166667,27.6965,0.5444444,0.008166667,0.5444444
9.78,10.39346,0.008166667,27.79,0.5444444,0.008166667,0.5444444
9.79,10.40618,0.008166667,27.824,0.5444444,0.008166667,0.5444444
9.8,10.40618,0.008166667,27.824,0.5444444,0.008166667,0.5444444
9.81,10.40936,0.0082,27.8325,0.5466667,0.0082,0.5466667
9.82,10.41571,0.0082,27.8495,0.5466667,0.0082,0.5466667
9.83,10.41412,0.0082,27.84525,0.5466667,0.0082,0.5466667
9.84,10.41412,0.008233333,27.84525,0.5488889,0.008233333,0.5488889
9.85,10.42366,0.008233333,27.87075,0.5488889,0.008233333,0.5488889
9.86,10.45068,0.008233333,27.943,0.5488889,0.008233333,0.5488889
9.87,10.4634,0.008233333,27.977,0.5488889,0.008233333,0.5488889
9.88,10.4634,0.008233333,27.977,0.5488889,0.008233333,0.5488889
9.89,10.46817,0.008266667,27.98975,0.5511111,0.008266667,0.5511111
9.9,10.49678,0.008266667,28.06624,0.5511111,0.008266667,0.5511111
9.91,10.52539,0.008266667,28.14274,0.5511111,0.008266667,0.5511111
9.92,10.52856,0.008266667,28.15124,0.5511111,0.008266667,0.5511111
9.93,10.51267,0.0083,28.10874,0.5533333,0.0083,0.5533333
9.94,10.50472,0.0083,28.08749,0.5533333,0.0083,0.5533333
9.95,10.51267,0.0083,28.10874,0.5533333,0.0083,0.5533333
9.96,10.52856,0.008333334,28.15124,0.5555556,0.008333334,0.5555556
9.97,10.54128,0.008333334,28.18524,0.5555556,0.008333334,0.5555556
9.98,10.55241,0.008333334,28.21499,0.5555556,0.008333334,0.5555556
9.99,10.56671,0.008333334,28.25324,0.5555556,0.008333334,0.5555556
10.0,10.58737,0.008366667,28.30849,0.5577778,0.008366667,0.5577778
10.01,10.60327,0.008366667,28.35098,0.5577778,0.008366667,0.5577778
10.02,10.61916,0.008366667,28.39348,0.5577778,0.008366667,0.5577778
10.03,10.63824,0.008366667,28.44448,0.5577778,0.008366667,0.5577778
10.04,10.65572,0.0084,28.49123,0.56,0.0084,0.56
10.05,10.6589,0.0084,28.49973,0.56,0.0084,0.56
10.06,10.65095,0.0084,28.47848,0.56,0.0084,0.56
10.07,10.63983,0.0084,28.44873,0.56,0.0084,0.56
10.08,10.63188,0.0084,28.42748,0.56,0.0084,0.56
10.09,10.63188,0.008433334,28.42748,0.5622222,0.008433334,0.5622222
10.1,10.64301,0.008433334,28.45723,0.5622222,0.008433334,0.5622222
10.11,10.66367,0.008433334,28.51248,0.5622222,0.008433334,0.5622222
10.12,10.6891,0.008433334,28.58048,0.5622222,0.008433334,0.5622222
10.13,10.71771,0.008466667,28.65698,0.5644444,0.008466667,0.5644444
10.14,10.73678,0.008466667,28.70798,0.5644444,0.008466667,0.5644444
10.15,10.73837,0.008466667,28.71222,0.5644444,0.008466667,0.5644444
10.16,10.74155,0.0085,28.72072,0.5666667,0.0085,0.5666667
10.17,10.75745,0.0085,28.76322,0.5666667,0.0085,0.5666667
10.18,10.77811,0.0085,28.81847,0.5666667,0.0085,0.5666667
10.19,10.78765,0.0085,28.84397,0.5666667,0.0085,0.5666667
10.2,10.78606,0.0085,28.83972,0.5666667,0.0085,0.5666667
10.21,10.77493,0.008533333,28.80997,0.5688889,0.008533333,0.5688889
10.22,10.77016,0.008533333,28.79722,0.5688889,0.008533333,0.5688889
10.23,10.77493,0.008533333,28.80997,0.5688889,0.008533333,0.5688889
10.24,10.79082,0.008533333,28.85247,0.5688889,0.008533333,0.5688889
10.25,10.81626,0.008566666,28.92047,0.5711111,0.008566666,0.5711111
10.26,10.84328,0.008566666,28.99272,0.5711111,0.008566666,0.5711111
10.27,10.86076,0.008566666,29.03947,0.5711111,0.008566666,0.5711111
10.28,10.87348,0.008566666,29.07347,0.5711111,0.008566666,0.5711111
10.29,10.8846,0.0086,29.10321,0.5733334,0.0086,0.5733334
10.3,10.89255,0.0086,29.12447,0.5733334,0.0086,0.5733334
10.31,10.89255,0.0086,29.12447,0.5733334,0.0086,0.5733334
10.32,10.88937,0.0086,29.11596,0.5733334,0.0086,0.5733334
10.33,10.89732,0.008633333,29.13721,0.5755556,0.008633333,0.5755556
10.34,10.91639,0.008633333,29.18821,0.5755556,0.008633333,0.5755556
10.35,10.93229,0.008633333,29.23071,0.5755556,0.008633333,0.5755556
10.36,10.93229,0.008666667,29.23071,0.5777778,0.008666667,0.5777778
10.37,10.93388,0.008666667,29.23496,0.5777778,0.008666667,0.5777778
10.38,10.94182,0.008666667,29.25621,0.5777778,0.008666667,0.5777778
10.39,10.95295,0.008666667,29.28596,0.5777778,0.008666667,0.5777778
10.4,10.96725,0.008666667,29.32421,0.5777778,0.008666667,0.5777778
10.41,10.98633,0.0087,29.37521,0.58,0.0087,0.58
10.42,10.9911,0.0087,29.38796,0.58,0.0087,0.58
10.43,10.98315,0.0087,29.36671,0.58,0.0087,0.58
10.44,10.98315,0.0087,29.36671,0.58,0.0087,0.58
10.45,11.00222,0.008733333,29.41771,0.5822222,0.008733333,0.5822222
10.46,11.02765,0.008733333,29.4857,0.5822222,0.008733333,0.5822222
10.47,11.03878,0.008733333,29.51545,0.5822222,0.008733333,0.5822222
10.48,11.03878,0.008733333,29.51545,0.5822222,0.008733333,0.5822222
10.49,11.04832,0.008766667,29.54095,0.5844445,0.008766667,0.5844445
10.5,11.06739,0.008766667,29.59195,0.5844445,0.008766667,0.5844445
10.51,11.08011,0.008766667,29.62595,0.5844445,0.008766667,0.5844445
10.52,11.09759,0.008766667,29.6727,0.5844445,0.008766667,0.5844445
10.53,11.11031,0.0088,29.7067,0.5866666,0.0088,0.5866666
10.54,11.11031,0.0088,29.7067,0.5866666,0.0088,0.5866666
10.55,11.10554,0.0088,29.69395,0.5866666,0.0088,0.5866666
10.56,11.11348,0.0088,29.7152,0.5866666,0.0088,0.5866666
10.57,11.13892,0.008833334,29.7832,0.5888889,0.008833334,0.5888889
10.58,11.16753,0.008833334,29.8597,0.5888889,0.008833334,0.5888889
10.59,11.18183,0.008833334,29.89794,0.5888889,0.008833334,0.5888889
10.6,11.17388,0.008833334,29.8767,0.5888889,0.008833334,0.5888889
10.61,11.16117,0.008866667,29.8427,0.5911111,0.008866667,0.5911111
10.62,11.15481,0.008866667,29.8257,0.5911111,0.008866667,0.5911111
10.63,11.1707,0.008866667,29.86819,0.5911111,0.008866667,0.5911111
10.64,11.19614,0.008866667,29.93619,0.5911111,0.008866667,0.5911111
10.65,11.21521,0.0089,29.98719,0.5933333,0.0089,0.5933333
10.66,11.22475,0.0089,30.01269,0.5933333,0.0089,0.5933333
10.67,11.23905,0.0089,30.05094,0.5933333,0.0089,0.5933333
10.68,11.25336,0.0089,30.08919,0.5933333,0.0089,0.5933333
10.69,11.26925,0.008933334,30.13169,0.5955556,0.008933334,0.5955556
10.7,11.28991,0.008933334,30.18694,0.5955556,0.008933334,0.5955556
10.71,11.30899,0.008933334,30.23793,0.5955556,0.008933334,0.5955556
10.72,11.32647,0.008966667,30.28469,0.5977778,0.008966667,0.5977778
10.73,11.33919,0.008966667,30.31868,0.5977778,0.008966667,0.5977778
10.74,11.34713,0.008966667,30.33993,0.5977778,0.008966667,0.5977778
10.75,11.35508,0.008966667,30.36118,0.5977778,0.008966667,0.5977778
10.76,11.36144,0.009000001,30.37818,0.6,0.009000001,0.6
10.77,11.35826,0.009000001,30.36968,0.6,0.009000001,0.6
10.78,11.36144,0.009000001,30.37818,0.6,0.009000001,0.6
10.79,11.37416,0.009000001,30.41218,0.6,0.009000001,0.6
10.8,11.40277,0.009000001,30.48868,0.6,0.009000001,0.6
10.81,11.43138,0.009033334,30.56518,0.6022222,0.009033334,0.6022222
10.82,11.44091,0.009033334,30.59068,0.6022222,0.009033334,0.6022222
10.83,11.43932,0.009033334,30.58643,0.6022222,0.009033334,0.6022222
10.84,11.43297,0.009033334,30.56943,0.6022222,0.009033334,0.6022222
10.85,11.42661,0.009066666,30.55243,0.6044444,0.009066666,0.6044444
10.86,11.41866,0.009066666,30.53118,0.6044444,0.009066666,0.6044444
10.87,11.41866,0.009066666,30.53118,0.6044444,0.009066666,0.6044444
10.88,11.42661,0.009066666,30.55243,0.6044444,0.009066666,0.6044444
10.89,11.43932,0.0091,30.58643,0.6066667,0.0091,0.6066667
10.9,11.45204,0.0091,30.62042,0.6066667,0.0091,0.6066667
10.91,11.4727,0.0091,30.67567,0.6066667,0.0091,0.6066667
10.92,11.49654,0.009133333,30.73942,0.6088889,0.009133333,0.6088889
10.93,11.50926,0.009133333,30.77342,0.6088889,0.009133333,0.6088889
10.94,11.50926,0.009133333,30.77342,0.6088889,0.009133333,0.6088889
10.95,11.51721,0.009133333,30.79467,0.6088889,0.009133333,0.6088889
10.96,11.52992,0.009133333,30.82867,0.6088889,0.009133333,0.6088889
10.97,11.54105,0.009166666,30.85842,0.6111111,0.009166666,0.6111111
10.98,11.54741,0.009166666,30.87542,0.6111111,0.009166666,0.6111111
10.99,11.55535,0.009166666,30.89667,0.6111111,0.009166666,0.6111111
11.0,11.57443,0.009166666,30.94767,0.6111111,0.009166666,0.6111111
11.01,11.59191,0.0092,30.99441,0.6133333,0.0092,0.6133333
11.02,11.59986,0.0092,31.01566,0.6133333,0.0092,0.6133333
11.03,11.59986,0.0092,31.01566,0.6133333,0.0092,0.6133333
11.04,11.59986,0.0092,31.01566,0.6133333,0.0092,0.6133333
11.05,11.60463,0.009233333,31.02841,0.6155555,0.009233333,0.6155555
11.06,11.61098,0.009233333,31.04541,0.6155555,0.009233333,0.6155555
11.07,11.61893,0.009233333,31.06666,0.6155555,0.009233333,0.6155555
11.08,11.63642,0.009233333,31.11341,0.6155555,0.009233333,0.6155555
11.09,11.66503,0.009266667,31.18991,0.6177778,0.009266667,0.6177778
11.1,11.67774,0.009266667,31.22391,0.6177778,0.009266667,0.6177778
11.11,11.67297,0.009266667,31.21116,0.6177778,0.009266667,0.6177778
11.12,11.67297,0.0093,31.21116,0.62,0.0093,0.62
11.13,11.68569,0.0093,31.24516,0.62,0.0093,0.62
11.14,11.70476,0.0093,31.29616,0.62,0.0093,0.62
11.15,11.71271,0.0093,31.31741,0.62,0.0093,0.62
11.16,11.70476,0.0093,31.29616,0.62,0.0093,0.62
11.17,11.70158,0.009333333,31.28766,0.6222222,0.009333333,0.6222222
11.18,11.70476,0.009333333,31.29616,0.6222222,0.009333333,0.6222222
11.19,11.70635,0.009333333,31.30041,0.6222222,0.009333333,0.6222222
11.2,11.71748,0.009333333,31.33016,0.6222222,0.009333333,0.6222222
11.21,11.74132,0.009366667,31.3939,0.6244445,0.009366667,0.6244445
11.22,11.76198,0.009366667,31.44915,0.6244445,0.009366667,0.6244445
11.23,11.76993,0.009366667,31.4704,0.6244445,0.009366667,0.6244445
11.24,11.76675,0.009366667,31.4619,0.6244445,0.009366667,0.6244445
11.25,11.76198,0.0094,31.44915,0.6266667,0.0094,0.6266667
11.26,11.75404,0.0094,31.4279,0.6266667,0.0094,0.6266667
11.27,11.75563,0.0094,31.43215,0.6266667,0.0094,0.6266667
11.28,11.77629,0.0094,31.4874,0.6266667,0.0094,0.6266667
11.29,11.79854,0.009433334,31.5469,0.6288889,0.009433334,0.6288889
11.3,11.81126,0.009433334,31.5809,0.6288889,0.009433334,0.6288889
11.31,11.8192,0.009433334,31.60215,0.6288889,0.009433334,0.6288889
11.32,11.83351,0.009466667,31.6404,0.6311111,0.009466667,0.6311111
11.33,11.85576,0.009466667,31.6999,0.6311111,0.009466667,0.6311111
11.34,11.87007,0.009466667,31.73815,0.6311111,0.009466667,0.6311111
11.35,11.87801,0.009466667,31.75939,0.6311111,0.009466667,0.6311111
11.36,11.88119,0.009466667,31.76789,0.6311111,0.009466667,0.6311111
11.37,11.89073,0.0095,31.79339,0.6333333,0.0095,0.6333333
11.38,11.90186,0.0095,31.82314,0.6333333,0.0095,0.6333333
11.39,11.90662,0.0095,31.83589,0.6333333,0.0095,0.6333333
11.4,11.91298,0.0095,31.85289,0.6333333,0.0095,0.6333333
11.41,11.92252,0.009533334,31.87839,0.6355556,0.009533334,0.6355556
11.42,11.92729,0.009533334,31.89114,0.6355556,0.009533334,0.6355556
11.43,11.92729,0.009533334,31.89114,0.6355556,0.009533334,0.6355556
11.44,11.93364,0.009533334,31.90814,0.6355556,0.009533334,0.6355556
11.45,11.9559,0.009566667,31.96764,0.6377777,0.009566667,0.6377777
11.46,11.98292,0.009566667,32.03989,0.6377777,0.009566667,0.6377777
11.47,12.0004,0.009566667,32.08664,0.6377777,0.009566667,0.6377777
11.48,12.00358,0.009566667,32.09513,0.6377777,0.009566667,0.6377777
11.49,11.99881,0.0096,32.08239,0.64,0.0096,0.64
11.5,11.99086,0.0096,32.06113,0.64,0.0096,0.64
11.51,11.98451,0.0096,32.04414,0.64,0.0096,0.64
11.52,11.99086,0.009633333000000001,32.06113,0.6422222,0.009633333000000001,0.6422222
11.53,12.00676,0.009633333000000001,32.10363,0.6422222,0.009633333000000001,0.6422222
11.54,12.02106,0.009633333000000001,32.14188,0.6422222,0.009633333000000001,0.6422222
11.55,12.03219,0.009633333000000001,32.17163,0.6422222,0.009633333000000001,0.6422222
11.56,12.04809,0.009633333000000001,32.21413,0.6422222,0.009633333000000001,0.6422222
11.57,12.07352,0.009666666,32.28213,0.6444444,0.009666666,0.6444444
11.58,12.09418,0.009666666,32.33738,0.6444444,0.009666666,0.6444444
11.59,12.10531,0.009666666,32.36713,0.6444444,0.009666666,0.6444444
11.6,12.11484,0.009666666,32.39262,0.6444444,0.009666666,0.6444444
11.61,12.12756,0.0097,32.42663,0.6466667,0.0097,0.6466667
11.62,12.14186,0.0097,32.46487,0.6466667,0.0097,0.6466667
11.63,12.1514,0.0097,32.49038,0.6466667,0.0097,0.6466667
11.64,12.16253,0.0097,32.52012,0.6466667,0.0097,0.6466667
11.65,12.16412,0.009733333,32.52437,0.6488889,0.009733333,0.6488889
11.66,12.15458,0.009733333,32.49887,0.6488889,0.009733333,0.6488889
11.67,12.13868,0.009733333,32.45638,0.6488889,0.009733333,0.6488889
11.68,12.13868,0.009766667,32.45638,0.6511111,0.009766667,0.6511111
11.69,12.16253,0.009766667,32.52012,0.6511111,0.009766667,0.6511111
11.7,12.19273,0.009766667,32.60087,0.6511111,0.009766667,0.6511111
11.71,12.21339,0.009766667,32.65612,0.6511111,0.009766667,0.6511111
11.72,12.21339,0.009766667,32.65612,0.6511111,0.009766667,0.6511111
11.73,12.21339,0.0098,32.65612,0.6533334,0.0098,0.6533334
11.74,12.21975,0.0098,32.67312,0.6533334,0.0098,0.6533334
11.75,12.23246,0.0098,32.70712,0.6533334,0.0098,0.6533334
11.76,12.24995,0.0098,32.75387,0.6533334,0.0098,0.6533334
11.77,12.27061,0.009833333,32.80912,0.6555555,0.009833333,0.6555555
11.78,12.2865,0.009833333,32.85161,0.6555555,0.009833333,0.6555555
11.79,12.29763,0.009833333,32.88136,0.6555555,0.009833333,0.6555555
11.8,12.29922,0.009833333,32.88561,0.6555555,0.009833333,0.6555555
11.81,12.30558,0.009866667,32.90261,0.6577778,0.009866667,0.6577778
11.82,12.31353,0.009866667,32.92386,0.6577778,0.009866667,0.6577778
11.83,12.32624,0.009866667,32.95786,0.6577778,0.009866667,0.6577778
11.84,12.34214,0.009866667,33.00036,0.6577778,0.009866667,0.6577778
11.85,12.35962,0.0099,33.04711,0.66,0.0099,0.66
11.86,12.37233,0.0099,33.08111,0.66,0.0099,0.66
11.87,12.37869,0.0099,33.09811,0.66,0.0099,0.66
11.88,12.38505,0.009933334,33.11511,0.6622223,0.009933334,0.6622223
11.89,12.39936,0.009933334,33.15336,0.6622223,0.009933334,0.6622223
11.9,12.41684,0.009933334,33.2001,0.6622223,0.009933334,0.6622223
11.91,12.42002,0.009933334,33.2086,0.6622223,0.009933334,0.6622223
11.92,12.4073,0.009933334,33.17461,0.6622223,0.009933334,0.6622223
11.93,12.393,0.009966667,33.13636,0.6644444,0.009966667,0.6644444
11.94,12.39936,0.009966667,33.15336,0.6644444,0.009966667,0.6644444
11.95,12.41207,0.009966667,33.18736,0.6644444,0.009966667,0.6644444
11.96,12.42002,0.009966667,33.2086,0.6644444,0.009966667,0.6644444
11.97,12.41525,0.01,33.19585,0.6666666,0.01,0.6666666
11.98,12.40412,0.01,33.16611,0.6666666,0.01,0.6666666
11.99,12.41525,0.01,33.19585,0.6666666,0.01,0.6666666
12.0,12.44386,0.01,33.27235,0.6666666,0.01,0.6666666
12.01,12.47406,0.01003333,33.3531,0.6688889,0.01003333,0.6688889
12.02,12.49472,0.01003333,33.40835,0.6688889,0.01003333,0.6688889
12.03,12.51062,0.01003333,33.45085,0.6688889,0.01003333,0.6688889
12.04,12.52174,0.01003333,33.4806,0.6688889,0.01003333,0.6688889
12.05,12.53446,0.01006667,33.5146,0.6711111,0.01006667,0.6711111
12.06,12.54241,0.01006667,33.53585,0.6711111,0.01006667,0.6711111
12.07,12.54718,0.01006667,33.5486,0.6711111,0.01006667,0.6711111
12.08,12.55512,0.0101,33.56984,0.6733333,0.0101,0.6733333
12.09,12.56466,0.0101,33.59534,0.6733333,0.0101,0.6733333
12.1,12.57102,0.0101,33.61234,0.6733333,0.0101,0.6733333
12.11,12.56466,0.0101,33.59534,0.6733333,0.0101,0.6733333
12.12,12.55989,0.0101,33.5826,0.6733333,0.0101,0.6733333
12.13,12.56784,0.01013333,33.60384,0.6755556,0.01013333,0.6755556
12.14,12.57579,0.01013333,33.6251,0.6755556,0.01013333,0.6755556
12.15,12.58055,0.01013333,33.63784,0.6755556,0.01013333,0.6755556
12.16,12.58691,0.01013333,33.65484,0.6755556,0.01013333,0.6755556
12.17,12.59645,0.01016667,33.68034,0.6777778,0.01016667,0.6777778
12.18,12.60757,0.01016667,33.71009,0.6777778,0.01016667,0.6777778
12.19,12.61552,0.01016667,33.73134,0.6777778,0.01016667,0.6777778
12.2,12.62824,0.01016667,33.76534,0.6777778,0.01016667,0.6777778
12.21,12.6489,0.0102,33.82059,0.68,0.0102,0.68
12.22,12.67274,0.0102,33.88433,0.68,0.0102,0.68
12.23,12.69341,0.0102,33.93959,0.68,0.0102,0.68
12.24,12.70294,0.0102,33.96508,0.68,0.0102,0.68
12.25,12.70612,0.01023333,33.97358,0.6822222,0.01023333,0.6822222
12.26,12.71884,0.01023333,34.00758,0.6822222,0.01023333,0.6822222
12.27,12.7395,0.01023333,34.06283,0.6822222,0.01023333,0.6822222
12.28,12.74745,0.01026667,34.08408,0.6844445,0.01026667,0.6844445
12.29,12.73632,0.01026667,34.05433,0.6844445,0.01026667,0.6844445
12.3,12.72361,0.01026667,34.02033,0.6844445,0.01026667,0.6844445
12.31,12.72996,0.01026667,34.03733,0.6844445,0.01026667,0.6844445
12.32,12.75063,0.01026667,34.09258,0.6844445,0.01026667,0.6844445
12.33,12.78083,0.0103,34.17333,0.6866667,0.0103,0.6866667
12.34,12.80149,0.0103,34.22858,0.6866667,0.0103,0.6866667
12.35,12.80944,0.0103,34.24983,0.6866667,0.0103,0.6866667
12.36,12.80944,0.0103,34.24983,0.6866667,0.0103,0.6866667
12.37,12.81261,0.01033333,34.25833,0.6888889,0.01033333,0.6888889
12.38,12.82533,0.01033333,34.29232,0.6888889,0.01033333,0.6888889
12.39,12.8444,0.01033333,34.34332,0.6888889,0.01033333,0.6888889
12.4,12.84599,0.01033333,34.34757,0.6888889,0.01033333,0.6888889
12.41,12.83805,0.01036667,34.32632,0.6911111,0.01036667,0.6911111
12.42,12.8301,0.01036667,34.30507,0.6911111,0.01036667,0.6911111
12.43,12.83805,0.01036667,34.32632,0.6911111,0.01036667,0.6911111
12.44,12.85394,0.01036667,34.36882,0.6911111,0.01036667,0.6911111
12.45,12.86507,0.0104,34.39857,0.6933333,0.0104,0.6933333
12.46,12.8746,0.0104,34.42407,0.6933333,0.0104,0.6933333
12.47,12.88573,0.0104,34.45382,0.6933333,0.0104,0.6933333
12.48,12.88732,0.01043333,34.45807,0.6955555,0.01043333,0.6955555
12.49,12.88255,0.01043333,34.44532,0.6955555,0.01043333,0.6955555
12.5,12.87937,0.01043333,34.43682,0.6955555,0.01043333,0.6955555
12.51,12.8905,0.01043333,34.46657,0.6955555,0.01043333,0.6955555
12.52,12.90321,0.01043333,34.50057,0.6955555,0.01043333,0.6955555
12.53,12.90957,0.01046667,34.51757,0.6977778,0.01046667,0.6977778
12.54,12.92229,0.01046667,34.55157,0.6977778,0.01046667,0.6977778
12.55,12.94454,0.01046667,34.61106,0.6977778,0.01046667,0.6977778
12.56,12.97633,0.01046667,34.69606,0.6977778,0.01046667,0.6977778
12.57,13.00494,0.0105,34.77256,0.7,0.0105,0.7
12.58,13.01765,0.0105,34.80656,0.7,0.0105,0.7
12.59,13.01765,0.0105,34.80656,0.7,0.0105,0.7
12.6,13.01289,0.0105,34.79381,0.7,0.0105,0.7
12.61,13.01606,0.01053333,34.80231,0.7022222,0.01053333,0.7022222
12.62,13.02083,0.01053333,34.81506,0.7022222,0.01053333,0.7022222
12.63,13.01765,0.01053333,34.80656,0.7022222,0.01053333,0.7022222
12.64,13.00971,0.01053333,34.78531,0.7022222,0.01053333,0.7022222
12.65,13.01765,0.01056667,34.80656,0.7044445,0.01056667,0.7044445
12.66,13.03832,0.01056667,34.86181,0.7044445,0.01056667,0.7044445
12.67,13.06216,0.01056667,34.92556,0.7044445,0.01056667,0.7044445
12.68,13.07805,0.0106,34.96806,0.7066666,0.0106,0.7066666
12.69,13.08123,0.0106,34.97656,0.7066666,0.0106,0.7066666
12.7,13.07805,0.0106,34.96806,0.7066666,0.0106,0.7066666
12.71,13.086,0.0106,34.98931,0.7066666,0.0106,0.7066666
12.72,13.1019,0.0106,35.0318,0.7066666,0.0106,0.7066666
12.73,13.11143,0.01063333,35.0573,0.7088889,0.01063333,0.7088889
12.74,13.11461,0.01063333,35.0658,0.7088889,0.01063333,0.7088889
12.75,13.12415,0.01063333,35.0913,0.7088889,0.01063333,0.7088889
12.76,13.14481,0.01063333,35.14655,0.7088889,0.01063333,0.7088889
12.77,13.16706,0.01066667,35.20605,0.7111111,0.01066667,0.7111111
12.78,13.18137,0.01066667,35.2443,0.7111111,0.01066667,0.7111111
12.79,13.18932,0.01066667,35.26555,0.7111111,0.01066667,0.7111111
12.8,13.18932,0.01066667,35.26555,0.7111111,0.01066667,0.7111111
12.81,13.18455,0.0107,35.2528,0.7133334,0.0107,0.7133334
12.82,13.17978,0.0107,35.24005,0.7133334,0.0107,0.7133334
12.83,13.17978,0.0107,35.24005,0.7133334,0.0107,0.7133334
12.84,13.18137,0.0107,35.2443,0.7133334,0.0107,0.7133334
12.85,13.19249,0.01073333,35.27405,0.7155555,0.01073333,0.7155555
12.86,13.20521,0.01073333,35.30805,0.7155555,0.01073333,0.7155555
12.87,13.2211,0.01073333,35.35055,0.7155555,0.01073333,0.7155555
12.88,13.24177,0.01076667,35.4058,0.7177777,0.01076667,0.7177777
12.89,13.25925,0.01076667,35.45254,0.7177777,0.01076667,0.7177777
12.9,13.26243,0.01076667,35.46104,0.7177777,0.01076667,0.7177777
12.91,13.25289,0.01076667,35.43555,0.7177777,0.01076667,0.7177777
12.92,13.25289,0.01076667,35.43555,0.7177777,0.01076667,0.7177777
12.93,13.26243,0.0108,35.46104,0.72,0.0108,0.72
12.94,13.26561,0.0108,35.46954,0.72,0.0108,0.72
12.95,13.25448,0.0108,35.43979,0.72,0.0108,0.72
12.96,13.24654,0.0108,35.41854,0.72,0.0108,0.72
12.97,13.24654,0.01083333,35.41854,0.7222222,0.01083333,0.7222222
12.98,13.25925,0.01083333,35.45254,0.7222222,0.01083333,0.7222222
12.99,13.27833,0.01083333,35.50354,0.7222222,0.01083333,0.7222222
13.0,13.29899,0.01083333,35.55879,0.7222222,0.01083333,0.7222222
13.01,13.31965,0.01086667,35.61404,0.7244444,0.01086667,0.7244444
13.02,13.33237,0.01086667,35.64804,0.7244444,0.01086667,0.7244444
13.03,13.33873,0.01086667,35.66504,0.7244444,0.01086667,0.7244444
13.04,13.34508,0.0109,35.68204,0.7266667,0.0109,0.7266667
13.05,13.35303,0.0109,35.70329,0.7266667,0.0109,0.7266667
13.06,13.35621,0.0109,35.71179,0.7266667,0.0109,0.7266667
13.07,13.35939,0.0109,35.72029,0.7266667,0.0109,0.7266667
13.08,13.36734,0.0109,35.74154,0.7266667,0.0109,0.7266667
13.09,13.37687,0.01093333,35.76704,0.7288889,0.01093333,0.7288889
13.1,13.39277,0.01093333,35.80953,0.7288889,0.01093333,0.7288889
13.11,13.40866,0.01093333,35.85203,0.7288889,0.01093333,0.7288889
13.12,13.42138,0.01093333,35.88603,0.7288889,0.01093333,0.7288889
13.13,13.4325,0.01096667,35.91578,0.7311111,0.01096667,0.7311111
13.14,13.44204,0.01096667,35.94128,0.7311111,0.01096667,0.7311111
13.15,13.45317,0.01096667,35.97103,0.7311111,0.01096667,0.7311111
13.16,13.46588,0.01096667,36.00503,0.7311111,0.01096667,0.7311111
13.17,13.47065,0.011,36.01778,0.7333333,0.011,0.7333333
13.18,13.47542,0.011,36.03053,0.7333333,0.011,0.7333333
13.19,13.4786,0.011,36.03903,0.7333333,0.011,0.7333333
13.2,13.48178,0.011,36.04753,0.7333333,0.011,0.7333333
13.21,13.48654,0.01103333,36.06028,0.7355556,0.01103333,0.7355556
13.22,13.50244,0.01103333,36.10278,0.7355556,0.01103333,0.7355556
13.23,13.51992,0.01103333,36.14952,0.7355556,0.01103333,0.7355556
13.24,13.53105,0.01106667,36.17927,0.7377778,0.01106667,0.7377778
13.25,13.539,0.01106667,36.20052,0.7377778,0.01106667,0.7377778
13.26,13.54377,0.01106667,36.21328,0.7377778,0.01106667,0.7377778
13.27,13.54377,0.01106667,36.21328,0.7377778,0.01106667,0.7377778
13.28,13.54377,0.01106667,36.21328,0.7377778,0.01106667,0.7377778
13.29,13.54694,0.0111,36.22178,0.74,0.0111,0.74
13.3,13.5533,0.0111,36.23877,0.74,0.0111,0.74
13.31,13.55966,0.0111,36.25577,0.74,0.0111,0.74
13.32,13.57555,0.0111,36.29827,0.74,0.0111,0.74
13.33,13.59781,0.01113333,36.35777,0.7422222,0.01113333,0.7422222
13.34,13.6137,0.01113333,36.40027,0.7422222,0.01113333,0.7422222
13.35,13.61688,0.01113333,36.40877,0.7422222,0.01113333,0.7422222
13.36,13.62165,0.01113333,36.42152,0.7422222,0.01113333,0.7422222
13.37,13.63277,0.01116667,36.45127,0.7444444,0.01116667,0.7444444
13.38,13.64231,0.01116667,36.47676,0.7444444,0.01116667,0.7444444
13.39,13.63913,0.01116667,36.46827,0.7444444,0.01116667,0.7444444
13.4,13.6296,0.01116667,36.44277,0.7444444,0.01116667,0.7444444
13.41,13.61847,0.0112,36.41302,0.7466667,0.0112,0.7466667
13.42,13.61052,0.0112,36.39177,0.7466667,0.0112,0.7466667
13.43,13.61847,0.0112,36.41302,0.7466667,0.0112,0.7466667
13.44,13.64708,0.01123333,36.48952,0.7488889,0.01123333,0.7488889
13.45,13.68682,0.01123333,36.59576,0.7488889,0.01123333,0.7488889
13.46,13.71225,0.01123333,36.66376,0.7488889,0.01123333,0.7488889
13.47,13.72019,0.01123333,36.68501,0.7488889,0.01123333,0.7488889
13.48,13.72019,0.01123333,36.68501,0.7488889,0.01123333,0.7488889
13.49,13.71225,0.01126667,36.66376,0.7511111,0.01126667,0.7511111
13.5,13.70271,0.01126667,36.63826,0.7511111,0.01126667,0.7511111
13.51,13.68999,0.01126667,36.60426,0.7511111,0.01126667,0.7511111
13.52,13.68682,0.01126667,36.59576,0.7511111,0.01126667,0.7511111
13.53,13.71066,0.0113,36.65951,0.7533333,0.0113,0.7533333
13.54,13.74881,0.0113,36.76151,0.7533333,0.0113,0.7533333
13.55,13.77583,0.0113,36.83376,0.7533333,0.0113,0.7533333
13.56,13.78059,0.0113,36.84651,0.7533333,0.0113,0.7533333
13.57,13.77742,0.01133333,36.83801,0.7555556,0.01133333,0.7555556
13.58,13.78536,0.01133333,36.85926,0.7555556,0.01133333,0.7555556
13.59,13.80126,0.01133333,36.90176,0.7555556,0.01133333,0.7555556
13.6,13.81079,0.01133333,36.92725,0.7555556,0.01133333,0.7555556
13.61,13.8251,0.01136667,36.9655,0.7577778,0.01136667,0.7577778
13.62,13.83464,0.01136667,36.991,0.7577778,0.01136667,0.7577778
13.63,13.8394,0.01136667,37.00375,0.7577778,0.01136667,0.7577778
13.64,13.85053,0.0114,37.0335,0.76,0.0114,0.76
13.65,13.86325,0.0114,37.0675,0.76,0.0114,0.76
13.66,13.88232,0.0114,37.1185,0.76,0.0114,0.76
13.67,13.90298,0.0114,37.17375,0.76,0.0114,0.76
13.68,13.92365,0.0114,37.229,0.76,0.0114,0.76
13.69,13.93318,0.01143333,37.25449,0.7622222,0.01143333,0.7622222
13.7,13.93636,0.01143333,37.26299,0.7622222,0.01143333,0.7622222
13.71,13.93318,0.01143333,37.25449,0.7622222,0.01143333,0.7622222
13.72,13.92047,0.01143333,37.2205,0.7622222,0.01143333,0.7622222
13.73,13.91888,0.01146667,37.21625,0.7644445,0.01146667,0.7644445
13.74,13.93318,0.01146667,37.25449,0.7644445,0.01146667,0.7644445
13.75,13.96179,0.01146667,37.33099,0.7644445,0.01146667,0.7644445
13.76,13.98881,0.01146667,37.40324,0.7644445,0.01146667,0.7644445
13.77,14.00153,0.0115,37.43724,0.7666667,0.0115,0.7666667
13.78,13.99835,0.0115,37.42874,0.7666667,0.0115,0.7666667
13.79,13.98404,0.0115,37.39049,0.7666667,0.0115,0.7666667
13.8,13.97292,0.0115,37.36074,0.7666667,0.0115,0.7666667
13.81,13.98404,0.01153333,37.39049,0.768889,0.01153333,0.768889
13.82,13.99835,0.01153333,37.42874,0.768889,0.01153333,0.768889
13.83,14.00948,0.01153333,37.45849,0.768889,0.01153333,0.768889
13.84,14.01742,0.01153333,37.47974,0.768889,0.01153333,0.768889
13.85,14.03809,0.01156667,37.53499,0.7711111,0.01156667,0.7711111
13.86,14.0667,0.01156667,37.61148,0.7711111,0.01156667,0.7711111
13.87,14.09213,0.01156667,37.67949,0.7711111,0.01156667,0.7711111
13.88,14.1112,0.01156667,37.73048,0.7711111,0.01156667,0.7711111
13.89,14.11915,0.0116,37.75173,0.7733333,0.0116,0.7733333
13.9,14.11279,0.0116,37.73473,0.7733333,0.0116,0.7733333
13.91,14.10325,0.0116,37.70923,0.7733333,0.0116,0.7733333
13.92,14.10484,0.0116,37.71348,0.7733333,0.0116,0.7733333
13.93,14.12074,0.01163333,37.75598,0.7755556,0.01163333,0.7755556
13.94,14.13345,0.01163333,37.78998,0.7755556,0.01163333,0.7755556
13.95,14.12868,0.01163333,37.77723,0.7755556,0.01163333,0.7755556
13.96,14.11597,0.01163333,37.74323,0.7755556,0.01163333,0.7755556
13.97,14.10484,0.01166667,37.71348,0.7777778,0.01166667,0.7777778
13.98,14.10325,0.01166667,37.70923,0.7777778,0.01166667,0.7777778
13.99,14.10325,0.01166667,37.70923,0.7777778,0.01166667,0.7777778
14.0,14.1112,0.01166667,37.73048,0.7777778,0.01166667,0.7777778
14.01,14.12868,0.0117,37.77723,0.78,0.0117,0.78
14.02,14.14458,0.0117,37.81973,0.78,0.0117,0.78
14.03,14.16047,0.0117,37.86223,0.78,0.0117,0.78
14.04,14.17001,0.01173333,37.88773,0.7822222,0.01173333,0.7822222
14.05,14.17796,0.01173333,37.90898,0.7822222,0.01173333,0.7822222
14.06,14.18591,0.01173333,37.93023,0.7822222,0.01173333,0.7822222
14.07,14.18908,0.01173333,37.93872,0.7822222,0.01173333,0.7822222
14.08,14.18908,0.01173333,37.93872,0.7822222,0.01173333,0.7822222
14.09,14.18908,0.01176667,37.93872,0.7844445,0.01176667,0.7844445
14.1,14.19862,0.01176667,37.96423,0.7844445,0.01176667,0.7844445
14.11,14.22246,0.01176667,38.02797,0.7844445,0.01176667,0.7844445
14.12,14.25107,0.01176667,38.10447,0.7844445,0.01176667,0.7844445
14.13,14.2765,0.0118,38.17247,0.7866667,0.0118,0.7866667
14.14,14.2924,0.0118,38.21497,0.7866667,0.0118,0.7866667
14.15,14.29558,0.0118,38.22347,0.7866667,0.0118,0.7866667
14.16,14.28763,0.0118,38.20222,0.7866667,0.0118,0.7866667
14.17,14.28445,0.01183333,38.19372,0.7888889,0.01183333,0.7888889
14.18,14.28763,0.01183333,38.20222,0.7888889,0.01183333,0.7888889
14.19,14.30035,0.01183333,38.23622,0.7888889,0.01183333,0.7888889
14.2,14.31147,0.01186667,38.26597,0.7911111,0.01186667,0.7911111
14.21,14.32419,0.01186667,38.29997,0.7911111,0.01186667,0.7911111
14.22,14.3369,0.01186667,38.33397,0.7911111,0.01186667,0.7911111
14.23,14.34962,0.01186667,38.36797,0.7911111,0.01186667,0.7911111
14.24,14.35757,0.01186667,38.38921,0.7911111,0.01186667,0.7911111
14.25,14.35757,0.0119,38.38921,0.7933334,0.0119,0.7933334
14.26,14.36075,0.0119,38.39771,0.7933334,0.0119,0.7933334
14.27,14.37346,0.0119,38.43171,0.7933334,0.0119,0.7933334
14.28,14.39254,0.0119,38.48271,0.7933334,0.0119,0.7933334
14.29,14.40207,0.01193333,38.50821,0.7955555,0.01193333,0.7955555
14.3,14.39412,0.01193333,38.48696,0.7955555,0.01193333,0.7955555
14.31,14.39412,0.01193333,38.48696,0.7955555,0.01193333,0.7955555
14.32,14.4132,0.01193333,38.53796,0.7955555,0.01193333,0.7955555
14.33,14.43386,0.01196667,38.59321,0.7977778,0.01196667,0.7977778
14.34,14.4434,0.01196667,38.61871,0.7977778,0.01196667,0.7977778
14.35,14.4434,0.01196667,38.61871,0.7977778,0.01196667,0.7977778
14.36,14.4434,0.01196667,38.61871,0.7977778,0.01196667,0.7977778
14.37,14.45134,0.012,38.63996,0.8,0.012,0.8
14.38,14.45929,0.012,38.66121,0.8,0.012,0.8
14.39,14.46406,0.012,38.67396,0.8,0.012,0.8
14.4,14.45611,0.01203333,38.65271,0.8022222,0.01203333,0.8022222
14.41,14.4434,0.01203333,38.61871,0.8022222,0.01203333,0.8022222
14.42,14.44181,0.01203333,38.61446,0.8022222,0.01203333,0.8022222
14.43,14.45134,0.01203333,38.63996,0.8022222,0.01203333,0.8022222
14.44,14.47201,0.01203333,38.69521,0.8022222,0.01203333,0.8022222
14.45,14.49585,0.01206667,38.75895,0.8044445,0.01206667,0.8044445
14.46,14.50856,0.01206667,38.79295,0.8044445,0.01206667,0.8044445
14.47,14.5038,0.01206667,38.7802,0.8044445,0.01206667,0.8044445
14.48,14.4879,0.01206667,38.73771,0.8044445,0.01206667,0.8044445
14.49,14.47995,0.0121,38.71645,0.8066667,0.0121,0.8066667
14.5,14.48313,0.0121,38.72496,0.8066667,0.0121,0.8066667
14.51,14.49903,0.0121,38.76745,0.8066667,0.0121,0.8066667
14.52,14.51651,0.0121,38.81421,0.8066667,0.0121,0.8066667
14.53,14.54194,0.01213333,38.8822,0.8088889,0.01213333,0.8088889
14.54,14.5642,0.01213333,38.9417,0.8088889,0.01213333,0.8088889
14.55,14.56579,0.01213333,38.94595,0.8088889,0.01213333,0.8088889
14.56,14.56579,0.01213333,38.94595,0.8088889,0.01213333,0.8088889
14.57,14.57055,0.01216667,38.9587,0.8111111,0.01216667,0.8111111
14.58,14.5785,0.01216667,38.97995,0.8111111,0.01216667,0.8111111
14.59,14.59281,0.01216667,39.0182,0.8111111,0.01216667,0.8111111
14.6,14.61029,0.0122,39.06495,0.8133333,0.0122,0.8133333
14.61,14.63095,0.0122,39.1202,0.8133333,0.0122,0.8133333
14.62,14.64367,0.0122,39.15419,0.8133333,0.0122,0.8133333
14.63,14.65162,0.0122,39.17544,0.8133333,0.0122,0.8133333
14.64,14.6548,0.0122,39.18394,0.8133333,0.0122,0.8133333
14.65,14.6548,0.01223333,39.18394,0.8155556,0.01223333,0.8155556
14.66,14.65956,0.01223333,39.19669,0.8155556,0.01223333,0.8155556
14.67,14.67228,0.01223333,39.23069,0.8155556,0.01223333,0.8155556
14.68,14.68341,0.01223333,39.26044,0.8155556,0.01223333,0.8155556
14.69,14.68341,0.01226667,39.26044,0.8177778,0.01226667,0.8177778
14.7,14.68499,0.01226667,39.26469,0.8177778,0.01226667,0.8177778
14.71,14.69294,0.01226667,39.28594,0.8177778,0.01226667,0.8177778
14.72,14.70407,0.01226667,39.31569,0.8177778,0.01226667,0.8177778
14.73,14.70725,0.0123,39.32419,0.8200001,0.0123,0.8200001
14.74,14.70725,0.0123,39.32419,0.8200001,0.0123,0.8200001
14.75,14.71678,0.0123,39.34969,0.8200001,0.0123,0.8200001
14.76,14.74063,0.0123,39.41344,0.8200001,0.0123,0.8200001
14.77,14.75652,0.01233333,39.45594,0.8222222,0.01233333,0.8222222
14.78,14.75334,0.01233333,39.44744,0.8222222,0.01233333,0.8222222
14.79,14.74539,0.01233333,39.42619,0.8222222,0.01233333,0.8222222
14.8,14.75016,0.01236667,39.43894,0.8244444,0.01236667,0.8244444
14.81,14.76447,0.01236667,39.47719,0.8244444,0.01236667,0.8244444
14.82,14.774,0.01236667,39.50269,0.8244444,0.01236667,0.8244444
14.83,14.77877,0.01236667,39.51543,0.8244444,0.01236667,0.8244444
14.84,14.78513,0.01236667,39.53243,0.8244444,0.01236667,0.8244444
14.85,14.79308,0.0124,39.55368,0.8266667,0.0124,0.8266667
14.86,14.79944,0.0124,39.57068,0.8266667,0.0124,0.8266667
14.87,14.81056,0.0124,39.60043,0.8266667,0.0124,0.8266667
14.88,14.82328,0.0124,39.63443,0.8266667,0.0124,0.8266667
14.89,14.83917,0.01243333,39.67693,0.8288889,0.01243333,0.8288889
14.9,14.8503,0.01243333,39.70668,0.8288889,0.01243333,0.8288889
14.91,14.85666,0.01243333,39.72368,0.8288889,0.01243333,0.8288889
14.92,14.87096,0.01243333,39.76193,0.8288889,0.01243333,0.8288889
14.93,14.88686,0.01246667,39.80443,0.8311111,0.01246667,0.8311111
14.94,14.89162,0.01246667,39.81718,0.8311111,0.01246667,0.8311111
14.95,14.88368,0.01246667,39.79593,0.8311111,0.01246667,0.8311111
14.96,14.88368,0.01246667,39.79593,0.8311111,0.01246667,0.8311111
14.97,14.89321,0.0125,39.82143,0.8333334,0.0125,0.8333334
14.98,14.90911,0.0125,39.86393,0.8333334,0.0125,0.8333334
14.99,14.92818,0.0125,39.91492,0.8333334,0.0125,0.8333334
15.0,14.94884,0.0125,39.97017,0.8333334,0.0125,0.8333334
15.01,14.96633,0.01253333,40.01692,0.8355556,0.01253333,0.8355556
15.02,14.97269,0.01253333,40.03392,0.8355556,0.01253333,0.8355556
15.03,14.96951,0.01253333,40.02542,0.8355556,0.01253333,0.8355556
15.04,14.96951,0.01253333,40.02542,0.8355556,0.01253333,0.8355556
15.05,14.97428,0.01256667,40.03817,0.8377778,0.01256667,0.8377778
15.06,14.98222,0.01256667,40.05942,0.8377778,0.01256667,0.8377778
15.07,14.99017,0.01256667,40.08067,0.8377778,0.01256667,0.8377778
15.08,15.00289,0.01256667,40.11467,0.8377778,0.01256667,0.8377778
15.09,15.01083,0.0126,40.13592,0.84,0.0126,0.84
15.1,15.00289,0.0126,40.11467,0.84,0.0126,0.84
15.11,14.98699,0.0126,40.07217,0.84,0.0126,0.84
15.12,14.97904,0.0126,40.05092,0.84,0.0126,0.84
15.13,14.9854,0.01263333,40.06792,0.8422223,0.01263333,0.8422223
15.14,15.0013,0.01263333,40.11042,0.8422223,0.01263333,0.8422223
15.15,15.02355,0.01263333,40.16991,0.8422223,0.01263333,0.8422223
15.16,15.04421,0.01266667,40.22517,0.8444445,0.01266667,0.8444445
15.17,15.05057,0.01266667,40.24216,0.8444445,0.01266667,0.8444445
15.18,15.04739,0.01266667,40.23367,0.8444445,0.01266667,0.8444445
15.19,15.05216,0.01266667,40.24641,0.8444445,0.01266667,0.8444445
15.2,15.07282,0.01266667,40.30166,0.8444445,0.01266667,0.8444445
15.21,15.0919,0.0127,40.35266,0.8466666,0.0127,0.8466666
15.22,15.0919,0.0127,40.35266,0.8466666,0.0127,0.8466666
15.23,15.08872,0.0127,40.34416,0.8466666,0.0127,0.8466666
15.24,15.09666,0.0127,40.36541,0.8466666,0.0127,0.8466666
15.25,15.09984,0.01273333,40.37391,0.8488889,0.01273333,0.8488889
15.26,15.09666,0.01273333,40.36541,0.8488889,0.01273333,0.8488889
15.27,15.09984,0.01273333,40.37391,0.8488889,0.01273333,0.8488889
15.28,15.12051,0.01273333,40.42916,0.8488889,0.01273333,0.8488889
15.29,15.13799,0.01276667,40.47591,0.8511111,0.01276667,0.8511111
15.3,15.14435,0.01276667,40.49291,0.8511111,0.01276667,0.8511111
15.31,15.15071,0.01276667,40.50991,0.8511111,0.01276667,0.8511111
15.32,15.16978,0.01276667,40.56091,0.8511111,0.01276667,0.8511111
15.33,15.19044,0.0128,40.61615,0.8533334,0.0128,0.8533334
15.34,15.19839,0.0128,40.63741,0.8533334,0.0128,0.8533334
15.35,15.19362,0.0128,40.62466,0.8533334,0.0128,0.8533334
15.36,15.20157,0.01283333,40.6459,0.8555556,0.01283333,0.8555556
15.37,15.22223,0.01283333,40.70115,0.8555556,0.01283333,0.8555556
15.38,15.23972,0.01283333,40.7479,0.8555556,0.01283333,0.8555556
15.39,15.24448,0.01283333,40.76065,0.8555556,0.01283333,0.8555556
15.4,15.23654,0.01283333,40.7394,0.8555556,0.01283333,0.8555556
15.41,15.23018,0.01286667,40.7224,0.8577778,0.01286667,0.8577778
15.42,15.227,0.01286667,40.7139,0.8577778,0.01286667,0.8577778
15.43,15.23177,0.01286667,40.72665,0.8577778,0.01286667,0.8577778
15.44,15.24448,0.01286667,40.76065,0.8577778,0.01286667,0.8577778
15.45,15.26356,0.0129,40.81165,0.86,0.0129,0.86
15.46,15.2715,0.0129,40.8329,0.86,0.0129,0.86
15.47,15.26515,0.0129,40.8159,0.86,0.0129,0.86
15.48,15.26038,0.0129,40.80315,0.86,0.0129,0.86
15.49,15.26515,0.01293333,40.8159,0.8622223,0.01293333,0.8622223
15.5,15.28104,0.01293333,40.8584,0.8622223,0.01293333,0.8622223
15.51,15.29217,0.01293333,40.88815,0.8622223,0.01293333,0.8622223
15.52,15.29694,0.01293333,40.9009,0.8622223,0.01293333,0.8622223
15.53,15.30806,0.01296667,40.93065,0.8644444,0.01296667,0.8644444
15.54,15.3176,0.01296667,40.95615,0.8644444,0.01296667,0.8644444
15.55,15.32555,0.01296667,40.97739,0.8644444,0.01296667,0.8644444
15.56,15.32078,0.013,40.96465,0.8666667,0.013,0.8666667
15.57,15.31601,0.013,40.9519,0.8666667,0.013,0.8666667
15.58,15.30806,0.013,40.93065,0.8666667,0.013,0.8666667
15.59,15.30806,0.013,40.93065,0.8666667,0.013,0.8666667
15.6,15.32078,0.013,40.96465,0.8666667,0.013,0.8666667
15.61,15.34462,0.01303333,41.02839,0.8688889,0.01303333,0.8688889
15.62,15.35734,0.01303333,41.06239,0.8688889,0.01303333,0.8688889
15.63,15.35416,0.01303333,41.05389,0.8688889,0.01303333,0.8688889
15.64,15.34939,0.01303333,41.04114,0.8688889,0.01303333,0.8688889
15.65,15.36687,0.01306667,41.08789,0.8711112,0.01306667,0.8711112
15.66,15.39389,0.01306667,41.16014,0.8711112,0.01306667,0.8711112
15.67,15.40661,0.01306667,41.19414,0.8711112,0.01306667,0.8711112
15.68,15.39389,0.01306667,41.16014,0.8711112,0.01306667,0.8711112
15.69,15.378,0.0131,41.11764,0.8733333,0.0131,0.8733333
15.7,15.39389,0.0131,41.16014,0.8733333,0.0131,0.8733333
15.71,15.42727,0.0131,41.24939,0.8733333,0.0131,0.8733333
15.72,15.4527,0.0131,41.31739,0.8733333,0.0131,0.8733333
15.73,15.45906,0.01313333,41.33438,0.8755555,0.01313333,0.8755555
15.74,15.45111,0.01313333,41.31314,0.8755555,0.01313333,0.8755555
15.75,15.43999,0.01313333,41.28339,0.8755555,0.01313333,0.8755555
15.76,15.4384,0.01316667,41.27914,0.8777778,0.01316667,0.8777778
15.77,15.43999,0.01316667,41.28339,0.8777778,0.01316667,0.8777778
15.78,15.44793,0.01316667,41.30463,0.8777778,0.01316667,0.8777778
15.79,15.46065,0.01316667,41.33863,0.8777778,0.01316667,0.8777778
15.8,15.48131,0.01316667,41.39388,0.8777778,0.01316667,0.8777778
15.81,15.50039,0.0132,41.44488,0.88,0.0132,0.88
15.82,15.52105,0.0132,41.50013,0.88,0.0132,0.88
15.83,15.53853,0.0132,41.54688,0.88,0.0132,0.88
15.84,15.54966,0.0132,41.57663,0.88,0.0132,0.88
15.85,15.54966,0.01323333,41.57663,0.8822222,0.01323333,0.8822222
15.86,15.54489,0.01323333,41.56388,0.8822222,0.01323333,0.8822222
15.87,15.53853,0.01323333,41.54688,0.8822222,0.01323333,0.8822222
15.88,15.54171,0.01323333,41.55538,0.8822222,0.01323333,0.8822222
15.89,15.55443,0.01326667,41.58938,0.8844445,0.01326667,0.8844445
15.9,15.56714,0.01326667,41.62337,0.8844445,0.01326667,0.8844445
15.91,15.58304,0.01326667,41.66588,0.8844445,0.01326667,0.8844445
15.92,15.59575,0.01326667,41.69987,0.8844445,0.01326667,0.8844445
15.93,15.61006,0.0133,41.73812,0.8866667,0.0133,0.8866667
15.94,15.61483,0.0133,41.75087,0.8866667,0.0133,0.8866667
15.95,15.61483,0.0133,41.75087,0.8866667,0.0133,0.8866667
15.96,15.61165,0.01333333,41.74237,0.8888889,0.01333333,0.8888889
15.97,15.62278,0.01333333,41.77213,0.8888889,0.01333333,0.8888889
15.98,15.64026,0.01333333,41.81887,0.8888889,0.01333333,0.8888889
15.99,15.65297,0.01333333,41.85287,0.8888889,0.01333333,0.8888889
16.0,15.64503,0.01333333,41.83162,0.8888889,0.01333333,0.8888889
16.01,15.63231,0.01336667,41.79762,0.8911111,0.01336667,0.8911111
16.02,15.63231,0.01336667,41.79762,0.8911111,0.01336667,0.8911111
16.03,15.64821,0.01336667,41.84012,0.8911111,0.01336667,0.8911111
16.04,15.66887,0.01336667,41.89537,0.8911111,0.01336667,0.8911111
16.05,15.68158,0.0134,41.92937,0.8933334,0.0134,0.8933334
16.06,15.68794,0.0134,41.94637,0.8933334,0.0134,0.8933334
16.07,15.68794,0.0134,41.94637,0.8933334,0.0134,0.8933334
16.08,15.69271,0.0134,41.95912,0.8933334,0.0134,0.8933334
16.09,15.70066,0.01343333,41.98037,0.8955556,0.01343333,0.8955556
16.1,15.70225,0.01343333,41.98462,0.8955556,0.01343333,0.8955556
16.11,15.70225,0.01343333,41.98462,0.8955556,0.01343333,0.8955556
16.12,15.71655,0.01346667,42.02287,0.8977777,0.01346667,0.8977777
16.13,15.73722,0.01346667,42.07812,0.8977777,0.01346667,0.8977777
16.14,15.74516,0.01346667,42.09937,0.8977777,0.01346667,0.8977777
16.15,15.7388,0.01346667,42.08236,0.8977777,0.01346667,0.8977777
16.16,15.72927,0.01346667,42.05687,0.8977777,0.01346667,0.8977777
16.17,15.7245,0.0135,42.04412,0.9,0.0135,0.9
16.18,15.7245,0.0135,42.04412,0.9,0.0135,0.9
16.19,15.7245,0.0135,42.04412,0.9,0.0135,0.9
16.2,15.72609,0.0135,42.04837,0.9,0.0135,0.9
16.21,15.72927,0.01353333,42.05687,0.9022222,0.01353333,0.9022222
16.22,15.73404,0.01353333,42.06961,0.9022222,0.01353333,0.9022222
16.23,15.75311,0.01353333,42.12061,0.9022222,0.01353333,0.9022222
16.24,15.77854,0.01353333,42.18861,0.9022222,0.01353333,0.9022222
16.25,15.79444,0.01356667,42.23111,0.9044445,0.01356667,0.9044445
16.26,15.80397,0.01356667,42.25661,0.9044445,0.01356667,0.9044445
16.27,15.8151,0.01356667,42.28636,0.9044445,0.01356667,0.9044445
16.28,15.82782,0.01356667,42.32036,0.9044445,0.01356667,0.9044445
16.29,15.83099,0.0136,42.32886,0.9066667,0.0136,0.9066667
16.3,15.83258,0.0136,42.33311,0.9066667,0.0136,0.9066667
16.31,15.83576,0.0136,42.34161,0.9066667,0.0136,0.9066667
16.32,15.84053,0.01363333,42.35436,0.9088889,0.01363333,0.9088889
16.33,15.8453,0.01363333,42.36711,0.9088889,0.01363333,0.9088889
16.34,15.85643,0.01363333,42.39686,0.9088889,0.01363333,0.9088889
16.35,15.8755,0.01363333,42.44786,0.9088889,0.01363333,0.9088889
16.36,15.89616,0.01363333,42.5031,0.9088889,0.01363333,0.9088889
16.37,15.91841,0.01366667,42.5626,0.9111111,0.01366667,0.9111111
16.38,15.93749,0.01366667,42.6136,0.9111111,0.01366667,0.9111111
16.39,15.93908,0.01366667,42.61785,0.9111111,0.01366667,0.9111111
16.4,15.92954,0.01366667,42.59235,0.9111111,0.01366667,0.9111111
16.41,15.92159,0.0137,42.5711,0.9133334,0.0137,0.9133334
16.42,15.92636,0.0137,42.58385,0.9133334,0.0137,0.9133334
16.43,15.9502,0.0137,42.6476,0.9133334,0.0137,0.9133334
16.44,15.97563,0.0137,42.7156,0.9133334,0.0137,0.9133334
16.45,15.99153,0.01373333,42.75809,0.9155556,0.01373333,0.9155556
16.46,15.98676,0.01373333,42.74535,0.9155556,0.01373333,0.9155556
16.47,15.97563,0.01373333,42.7156,0.9155556,0.01373333,0.9155556
16.48,15.98199,0.01373333,42.7326,0.9155556,0.01373333,0.9155556
16.49,16.00742,0.01376667,42.80059,0.9177778,0.01376667,0.9177778
16.5,16.03127,0.01376667,42.86435,0.9177778,0.01376667,0.9177778
16.51,16.04716,0.01376667,42.90684,0.9177778,0.01376667,0.9177778
16.52,16.05988,0.0138,42.94084,0.92,0.0138,0.92
16.53,16.07577,0.0138,42.98334,0.92,0.0138,0.92
16.54,16.08213,0.0138,43.00034,0.92,0.0138,0.92
16.55,16.06782,0.0138,42.96209,0.92,0.0138,0.92
16.56,16.0408,0.0138,42.88984,0.92,0.0138,0.92
16.57,16.03127,0.01383333,42.86435,0.9222223,0.01383333,0.9222223
16.58,16.04716,0.01383333,42.90684,0.9222223,0.01383333,0.9222223
16.59,16.06782,0.01383333,42.96209,0.9222223,0.01383333,0.9222223
16.6,16.07577,0.01383333,42.98334,0.9222223,0.01383333,0.9222223
16.61,16.07736,0.01386667,42.98759,0.9244444,0.01386667,0.9244444
16.62,16.08213,0.01386667,43.00034,0.9244444,0.01386667,0.9244444
16.63,16.08849,0.01386667,43.01734,0.9244444,0.01386667,0.9244444
16.64,16.08531,0.01386667,43.00884,0.9244444,0.01386667,0.9244444
16.65,16.08054,0.0139,42.99609,0.9266667,0.0139,0.9266667
16.66,16.07736,0.0139,42.98759,0.9266667,0.0139,0.9266667
16.67,16.08054,0.0139,42.99609,0.9266667,0.0139,0.9266667
16.68,16.09643,0.0139,43.03859,0.9266667,0.0139,0.9266667
16.69,16.12186,0.01393333,43.10659,0.9288889,0.01393333,0.9288889
16.7,16.14571,0.01393333,43.17034,0.9288889,0.01393333,0.9288889
16.71,16.1616,0.01393333,43.21283,0.9288889,0.01393333,0.9288889
16.72,16.17114,0.01396667,43.23833,0.9311111,0.01396667,0.9311111
16.73,16.17432,0.01396667,43.24683,0.9311111,0.01396667,0.9311111
16.74,16.16796,0.01396667,43.22984,0.9311111,0.01396667,0.9311111
16.75,16.16637,0.01396667,43.22558,0.9311111,0.01396667,0.9311111
16.76,16.17591,0.01396667,43.25108,0.9311111,0.01396667,0.9311111
16.77,16.19975,0.014,43.31483,0.9333333,0.014,0.9333333
16.78,16.21882,0.014,43.36583,0.9333333,0.014,0.9333333
16.79,16.22836,0.014,43.39133,0.9333333,0.014,0.9333333
16.8,16.23313,0.014,43.40408,0.9333333,0.014,0.9333333
16.81,16.24107,0.01403333,43.42533,0.9355556,0.01403333,0.9355556
16.82,16.24425,0.01403333,43.43383,0.9355556,0.01403333,0.9355556
16.83,16.23631,0.01403333,43.41258,0.9355556,0.01403333,0.9355556
16.84,16.23631,0.01403333,43.41258,0.9355556,0.01403333,0.9355556
16.85,16.2522,0.01406667,43.45508,0.9377778,0.01406667,0.9377778
16.86,16.2681,0.01406667,43.49758,0.9377778,0.01406667,0.9377778
16.87,16.2681,0.01406667,43.49758,0.9377778,0.01406667,0.9377778
16.88,16.2681,0.01406667,43.49758,0.9377778,0.01406667,0.9377778
16.89,16.2824,0.0141,43.53583,0.94,0.0141,0.94
16.9,16.30465,0.0141,43.59532,0.94,0.0141,0.94
16.91,16.31737,0.0141,43.62932,0.94,0.0141,0.94
16.92,16.31737,0.01413333,43.62932,0.9422222,0.01413333,0.9422222
16.93,16.31419,0.01413333,43.62082,0.9422222,0.01413333,0.9422222
16.94,16.31101,0.01413333,43.61232,0.9422222,0.01413333,0.9422222
16.95,16.30942,0.01413333,43.60807,0.9422222,0.01413333,0.9422222
16.96,16.30942,0.01413333,43.60807,0.9422222,0.01413333,0.9422222
16.97,16.31896,0.01416667,43.63357,0.9444445,0.01416667,0.9444445
16.98,16.33326,0.01416667,43.67182,0.9444445,0.01416667,0.9444445
16.99,16.3428,0.01416667,43.69732,0.9444445,0.01416667,0.9444445
17.0,16.34598,0.01416667,43.70582,0.9444445,0.01416667,0.9444445
17.01,16.34757,0.0142,43.71007,0.9466667,0.0142,0.9466667
17.02,16.34757,0.0142,43.71007,0.9466667,0.0142,0.9466667
17.03,16.35075,0.0142,43.71857,0.9466667,0.0142,0.9466667
17.04,16.35551,0.0142,43.73132,0.9466667,0.0142,0.9466667
17.05,16.36346,0.01423333,43.75257,0.9488889,0.01423333,0.9488889
17.06,16.36346,0.01423333,43.75257,0.9488889,0.01423333,0.9488889
17.07,16.36346,0.01423333,43.75257,0.9488889,0.01423333,0.9488889
17.08,16.37141,0.01423333,43.77382,0.9488889,0.01423333,0.9488889
17.09,16.39048,0.01426667,43.82482,0.9511111,0.01426667,0.9511111
17.1,16.40479,0.01426667,43.86306,0.9511111,0.01426667,0.9511111
17.11,16.41115,0.01426667,43.88007,0.9511111,0.01426667,0.9511111
17.12,16.41909,0.01426667,43.90131,0.9511111,0.01426667,0.9511111
17.13,16.4334,0.0143,43.93956,0.9533333,0.0143,0.9533333
17.14,16.45565,0.0143,43.99907,0.9533333,0.0143,0.9533333
17.15,16.46201,0.0143,44.01606,0.9533333,0.0143,0.9533333
17.16,16.46519,0.0143,44.02456,0.9533333,0.0143,0.9533333
17.17,16.46837,0.01433333,44.03307,0.9555556,0.01433333,0.9555556
17.18,16.47313,0.01433333,44.04581,0.9555556,0.01433333,0.9555556
17.19,16.48426,0.01433333,44.07556,0.9555556,0.01433333,0.9555556
17.2,16.49062,0.01433333,44.09256,0.9555556,0.01433333,0.9555556
17.21,16.48903,0.01436667,44.08831,0.9577778,0.01436667,0.9577778
17.22,16.48426,0.01436667,44.07556,0.9577778,0.01436667,0.9577778
17.23,16.48903,0.01436667,44.08831,0.9577778,0.01436667,0.9577778
17.24,16.50969,0.01436667,44.14356,0.9577778,0.01436667,0.9577778
17.25,16.52241,0.0144,44.17756,0.96,0.0144,0.96
17.26,16.52241,0.0144,44.17756,0.96,0.0144,0.96
17.27,16.51446,0.0144,44.15631,0.96,0.0144,0.96
17.28,16.51287,0.01443333,44.15206,0.9622222,0.01443333,0.9622222
17.29,16.52559,0.01443333,44.18606,0.9622222,0.01443333,0.9622222
17.3,16.54784,0.01443333,44.24556,0.9622222,0.01443333,0.9622222
17.31,16.57009,0.01443333,44.30505,0.9622222,0.01443333,0.9622222
17.32,16.57645,0.01446667,44.32205,0.9644445,0.01446667,0.9644445
17.33,16.57486,0.01446667,44.31781,0.9644445,0.01446667,0.9644445
17.34,16.57645,0.01446667,44.32205,0.9644445,0.01446667,0.9644445
17.35,16.57645,0.01446667,44.32205,0.9644445,0.01446667,0.9644445
17.36,16.57645,0.01446667,44.32205,0.9644445,0.01446667,0.9644445
17.37,16.58758,0.0145,44.35181,0.9666667,0.0145,0.9666667
17.38,16.60506,0.0145,44.39855,0.9666667,0.0145,0.9666667
17.39,16.62095,0.0145,44.44105,0.9666667,0.0145,0.9666667
17.4,16.63208,0.0145,44.4708,0.9666667,0.0145,0.9666667
17.41,16.64162,0.01453333,44.4963,0.9688889,0.01453333,0.9688889
17.42,16.64797,0.01453333,44.5133,0.9688889,0.01453333,0.9688889
17.43,16.64003,0.01453333,44.49205,0.9688889,0.01453333,0.9688889
17.44,16.63208,0.01453333,44.4708,0.9688889,0.01453333,0.9688889
17.45,16.63367,0.01456667,44.47505,0.9711111,0.01456667,0.9711111
17.46,16.65592,0.01456667,44.53455,0.9711111,0.01456667,0.9711111
17.47,16.68135,0.01456667,44.60255,0.9711111,0.01456667,0.9711111
17.48,16.70202,0.0146,44.6578,0.9733334,0.0146,0.9733334
17.49,16.71473,0.0146,44.69179,0.9733334,0.0146,0.9733334
17.5,16.71314,0.0146,44.68755,0.9733334,0.0146,0.9733334
17.51,16.71314,0.0146,44.68755,0.9733334,0.0146,0.9733334
17.52,16.7195,0.01463333,44.70454,0.9755555,0.01463333,0.9755555
17.53,16.7354,0.01463333,44.74704,0.9755555,0.01463333,0.9755555
17.54,16.75129,0.01463333,44.78954,0.9755555,0.01463333,0.9755555
17.55,16.76241,0.01463333,44.81929,0.9755555,0.01463333,0.9755555
17.56,16.76718,0.01463333,44.83204,0.9755555,0.01463333,0.9755555
17.57,16.77672,0.01466667,44.85754,0.9777778,0.01466667,0.9777778
17.58,16.78785,0.01466667,44.88729,0.9777778,0.01466667,0.9777778
17.59,16.79103,0.01466667,44.89579,0.9777778,0.01466667,0.9777778
17.6,16.77672,0.01466667,44.85754,0.9777778,0.01466667,0.9777778
17.61,16.77195,0.0147,44.84479,0.98,0.0147,0.98
17.62,16.78308,0.0147,44.87454,0.98,0.0147,0.98
17.63,16.79579,0.0147,44.90854,0.98,0.0147,0.98
17.64,16.80533,0.0147,44.93404,0.98,0.0147,0.98
17.65,16.81169,0.01473333,44.95104,0.9822222,0.01473333,0.9822222
17.66,16.80533,0.01473333,44.93404,0.9822222,0.01473333,0.9822222
17.67,16.79103,0.01473333,44.89579,0.9822222,0.01473333,0.9822222
17.68,16.79103,0.01476667,44.89579,0.9844445,0.01476667,0.9844445
17.69,16.81646,0.01476667,44.96379,0.9844445,0.01476667,0.9844445
17.7,16.84507,0.01476667,45.04029,0.9844445,0.01476667,0.9844445
17.71,16.85619,0.01476667,45.07003,0.9844445,0.01476667,0.9844445
17.72,16.85619,0.01476667,45.07003,0.9844445,0.01476667,0.9844445
17.73,16.86096,0.0148,45.08278,0.9866667,0.0148,0.9866667
17.74,16.87368,0.0148,45.11679,0.9866667,0.0148,0.9866667
17.75,16.8848,0.0148,45.14653,0.9866667,0.0148,0.9866667
17.76,16.88957,0.0148,45.15928,0.9866667,0.0148,0.9866667
17.77,16.88957,0.01483333,45.15928,0.9888889,0.01483333,0.9888889
17.78,16.89434,0.01483333,45.17203,0.9888889,0.01483333,0.9888889
17.79,16.90706,0.01483333,45.20603,0.9888889,0.01483333,0.9888889
17.8,16.92295,0.01483333,45.24853,0.9888889,0.01483333,0.9888889
17.81,16.93408,0.01486667,45.27828,0.9911111,0.01486667,0.9911111
17.82,16.93884,0.01486667,45.29103,0.9911111,0.01486667,0.9911111
17.83,16.93884,0.01486667,45.29103,0.9911111,0.01486667,0.9911111
17.84,16.94361,0.01486667,45.30378,0.9911111,0.01486667,0.9911111
17.85,16.95633,0.0149,45.33778,0.9933333,0.0149,0.9933333
17.86,16.97222,0.0149,45.38028,0.9933333,0.0149,0.9933333
17.87,16.99289,0.0149,45.43553,0.9933333,0.0149,0.9933333
17.88,17.00878,0.01493333,45.47802,0.9955556,0.01493333,0.9955556
17.89,17.01196,0.01493333,45.48653,0.9955556,0.01493333,0.9955556
17.9,17.00878,0.01493333,45.47802,0.9955556,0.01493333,0.9955556
17.91,17.01355,0.01493333,45.49077,0.9955556,0.01493333,0.9955556
17.92,17.02468,0.01496667,45.52052,0.9977778,0.01496667,0.9977778
17.93,17.02944,0.01496667,45.53327,0.9977778,0.01496667,0.9977778
17.94,17.0215,0.01496667,45.51202,0.9977778,0.01496667,0.9977778
17.95,17.01355,0.01496667,45.49077,0.9977778,0.01496667,0.9977778
17.96,17.01991,0.01496667,45.50777,0.9977778,0.01496667,0.9977778
17.97,17.0358,0.015,45.55027,1.0,0.015,1.0
17.98,17.05647,0.015,45.60552,1.0,0.015,1.0
17.99,17.06918,0.015,45.63952,1.0,0.015,1.0
18.0,17.066,0.015,45.63102,1.0,0.015,1.0
18.01,17.06123,0.01503333,45.61827,1.002222,0.01503333,1.002222
18.02,17.06123,0.01503333,45.61827,1.002222,0.01503333,1.002222
18.03,17.06441,0.01503333,45.62677,1.002222,0.01503333,1.002222
18.04,17.06918,0.01503333,45.63952,1.002222,0.01503333,1.002222
18.05,17.07395,0.01506667,45.65227,1.004444,0.01506667,1.004444
18.06,17.08508,0.01506667,45.68202,1.004444,0.01506667,1.004444
18.07,17.08984,0.01506667,45.69477,1.004444,0.01506667,1.004444
18.08,17.09302,0.0151,45.70327,1.006667,0.0151,1.006667
18.09,17.09302,0.0151,45.70327,1.006667,0.0151,1.006667
18.1,17.09779,0.0151,45.71602,1.006667,0.0151,1.006667
18.11,17.10256,0.0151,45.72877,1.006667,0.0151,1.006667
18.12,17.11051,0.0151,45.75002,1.006667,0.0151,1.006667
18.13,17.12163,0.01513333,45.77977,1.008889,0.01513333,1.008889
18.14,17.13594,0.01513333,45.81802,1.008889,0.01513333,1.008889
18.15,17.14706,0.01513333,45.84776,1.008889,0.01513333,1.008889
18.16,17.14388,0.01513333,45.83926,1.008889,0.01513333,1.008889
18.17,17.13912,0.01516667,45.82651,1.011111,0.01516667,1.011111
18.18,17.14388,0.01516667,45.83926,1.011111,0.01516667,1.011111
18.19,17.16773,0.01516667,45.90301,1.011111,0.01516667,1.011111
18.2,17.19316,0.01516667,45.97101,1.011111,0.01516667,1.011111
18.21,17.217,0.0152,46.03476,1.013333,0.0152,1.013333
18.22,17.22813,0.0152,46.06451,1.013333,0.0152,1.013333
18.23,17.22495,0.0152,46.05601,1.013333,0.0152,1.013333
18.24,17.217,0.0152,46.03476,1.013333,0.0152,1.013333
18.25,17.22018,0.01523333,46.04325,1.015556,0.01523333,1.015556
18.26,17.23607,0.01523333,46.08576,1.015556,0.01523333,1.015556
18.27,17.25674,0.01523333,46.14101,1.015556,0.01523333,1.015556
18.28,17.26945,0.01526667,46.17501,1.017778,0.01526667,1.017778
18.29,17.26627,0.01526667,46.1665,1.017778,0.01526667,1.017778
18.3,17.25356,0.01526667,46.1325,1.017778,0.01526667,1.017778
18.31,17.24561,0.01526667,46.11126,1.017778,0.01526667,1.017778
18.32,17.25356,0.01526667,46.1325,1.017778,0.01526667,1.017778
18.33,17.28217,0.0153,46.209,1.02,0.0153,1.02
18.34,17.3076,0.0153,46.277,1.02,0.0153,1.02
18.35,17.32191,0.0153,46.31525,1.02,0.0153,1.02
18.36,17.32667,0.0153,46.328,1.02,0.0153,1.02
18.37,17.33462,0.01533333,46.34925,1.022222,0.01533333,1.022222
18.38,17.35052,0.01533333,46.39175,1.022222,0.01533333,1.022222
18.39,17.35846,0.01533333,46.413,1.022222,0.01533333,1.022222
18.4,17.36005,0.01533333,46.41725,1.022222,0.01533333,1.022222
18.41,17.36482,0.01536667,46.43,1.024444,0.01536667,1.024444
18.42,17.368,0.01536667,46.4385,1.024444,0.01536667,1.024444
18.43,17.368,0.01536667,46.4385,1.024444,0.01536667,1.024444
18.44,17.37118,0.0154,46.447,1.026667,0.0154,1.026667
18.45,17.37913,0.0154,46.46825,1.026667,0.0154,1.026667
18.46,17.38071,0.0154,46.4725,1.026667,0.0154,1.026667
18.47,17.38389,0.0154,46.481,1.026667,0.0154,1.026667
18.48,17.39343,0.0154,46.5065,1.026667,0.0154,1.026667
18.49,17.4125,0.01543333,46.5575,1.028889,0.01543333,1.028889
18.5,17.41727,0.01543333,46.57025,1.028889,0.01543333,1.028889
18.51,17.41568,0.01543333,46.56599,1.028889,0.01543333,1.028889
18.52,17.42204,0.01543333,46.583,1.028889,0.01543333,1.028889
18.53,17.43793,0.01546667,46.62549,1.031111,0.01546667,1.031111
18.54,17.45065,0.01546667,46.65949,1.031111,0.01546667,1.031111
18.55,17.4586,0.01546667,46.68074,1.031111,0.01546667,1.031111
18.56,17.46655,0.01546667,46.70199,1.031111,0.01546667,1.031111
18.57,17.47926,0.0155,46.73599,1.033333,0.0155,1.033333
18.58,17.48721,0.0155,46.75724,1.033333,0.0155,1.033333
18.59,17.47926,0.0155,46.73599,1.033333,0.0155,1.033333
18.6,17.47449,0.0155,46.72324,1.033333,0.0155,1.033333
18.61,17.48562,0.01553333,46.75299,1.035556,0.01553333,1.035556
18.62,17.5031,0.01553333,46.79974,1.035556,0.01553333,1.035556
18.63,17.51423,0.01553333,46.82949,1.035556,0.01553333,1.035556
18.64,17.519,0.01556667,46.84224,1.037778,0.01556667,1.037778
18.65,17.53171,0.01556667,46.87624,1.037778,0.01556667,1.037778
18.66,17.55238,0.01556667,46.93148,1.037778,0.01556667,1.037778
18.67,17.56509,0.01556667,46.96548,1.037778,0.01556667,1.037778
18.68,17.56509,0.01556667,46.96548,1.037778,0.01556667,1.037778
18.69,17.56032,0.0156,46.95274,1.04,0.0156,1.04
18.7,17.56032,0.0156,46.95274,1.04,0.0156,1.04
18.71,17.56509,0.0156,46.96548,1.04,0.0156,1.04
18.72,17.57145,0.0156,46.98248,1.04,0.0156,1.04
18.73,17.57622,0.01563333,46.99523,1.042222,0.01563333,1.042222
18.74,17.58417,0.01563333,47.01648,1.042222,0.01563333,1.042222
18.75,17.59211,0.01563333,47.03773,1.042222,0.01563333,1.042222
18.76,17.60006,0.01563333,47.05898,1.042222,0.01563333,1.042222
18.77,17.60801,0.01566667,47.08023,1.044444,0.01566667,1.044444
18.78,17.62231,0.01566667,47.11848,1.044444,0.01566667,1.044444
18.79,17.64456,0.01566667,47.17797,1.044444,0.01566667,1.044444
18.8,17.65887,0.01566667,47.21622,1.044444,0.01566667,1.044444
18.81,17.66523,0.0157,47.23323,1.046667,0.0157,1.046667
18.82,17.65887,0.0157,47.21622,1.046667,0.0157,1.046667
18.83,17.64456,0.0157,47.17797,1.046667,0.0157,1.046667
18.84,17.63662,0.01573333,47.15673,1.048889,0.01573333,1.048889
18.85,17.63821,0.01573333,47.16098,1.048889,0.01573333,1.048889
18.86,17.6541,0.01573333,47.20348,1.048889,0.01573333,1.048889
18.87,17.67794,0.01573333,47.26722,1.048889,0.01573333,1.048889
18.88,17.70178,0.01573333,47.33097,1.048889,0.01573333,1.048889
18.89,17.71609,0.01576667,47.36922,1.051111,0.01576667,1.051111
18.9,17.7145,0.01576667,47.36497,1.051111,0.01576667,1.051111
18.91,17.70178,0.01576667,47.33097,1.051111,0.01576667,1.051111
18.92,17.70178,0.01576667,47.33097,1.051111,0.01576667,1.051111
18.93,17.71927,0.0158,47.37772,1.053333,0.0158,1.053333
18.94,17.73516,0.0158,47.42022,1.053333,0.0158,1.053333
18.95,17.73516,0.0158,47.42022,1.053333,0.0158,1.053333
18.96,17.73039,0.0158,47.40747,1.053333,0.0158,1.053333
18.97,17.73039,0.01583333,47.40747,1.055556,0.01583333,1.055556
18.98,17.73039,0.01583333,47.40747,1.055556,0.01583333,1.055556
18.99,17.72722,0.01583333,47.39898,1.055556,0.01583333,1.055556
19.0,17.73039,0.01583333,47.40747,1.055556,0.01583333,1.055556
19.01,17.75265,0.01586667,47.46697,1.057778,0.01586667,1.057778
19.02,17.78761,0.01586667,47.56047,1.057778,0.01586667,1.057778
19.03,17.81623,0.01586667,47.63696,1.057778,0.01586667,1.057778
19.04,17.83689,0.0159,47.69221,1.06,0.0159,1.06
19.05,17.84643,0.0159,47.71772,1.06,0.0159,1.06
19.06,17.84643,0.0159,47.71772,1.06,0.0159,1.06
19.07,17.84643,0.0159,47.71772,1.06,0.0159,1.06
19.08,17.85755,0.0159,47.74746,1.06,0.0159,1.06
19.09,17.87504,0.01593333,47.79421,1.062222,0.01593333,1.062222
19.1,17.88139,0.01593333,47.81121,1.062222,0.01593333,1.062222
19.11,17.87821,0.01593333,47.80271,1.062222,0.01593333,1.062222
19.12,17.87504,0.01593333,47.79421,1.062222,0.01593333,1.062222
19.13,17.88298,0.01596667,47.81546,1.064444,0.01596667,1.064444
19.14,17.8957,0.01596667,47.84946,1.064444,0.01596667,1.064444
19.15,17.90365,0.01596667,47.87071,1.064444,0.01596667,1.064444
19.16,17.89888,0.01596667,47.85796,1.064444,0.01596667,1.064444
19.17,17.88775,0.016,47.82821,1.066667,0.016,1.066667
19.18,17.88298,0.016,47.81546,1.066667,0.016,1.066667
19.19,17.88775,0.016,47.82821,1.066667,0.016,1.066667
19.2,17.90206,0.016,47.86646,1.066667,0.016,1.066667
19.21,17.91954,0.01603333,47.91321,1.068889,0.01603333,1.068889
19.22,17.92749,0.01603333,47.93446,1.068889,0.01603333,1.068889
19.23,17.92431,0.01603333,47.92596,1.068889,0.01603333,1.068889
19.24,17.92431,0.01606667,47.92596,1.071111,0.01606667,1.071111
19.25,17.92431,0.01606667,47.92596,1.071111,0.01606667,1.071111
19.26,17.91477,0.01606667,47.90046,1.071111,0.01606667,1.071111
19.27,17.90682,0.01606667,47.87921,1.071111,0.01606667,1.071111
19.28,17.92272,0.01606667,47.92171,1.071111,0.01606667,1.071111
19.29,17.94815,0.0161,47.9897,1.073333,0.0161,1.073333
19.3,17.96404,0.0161,48.0322,1.073333,0.0161,1.073333
19.31,17.97199,0.0161,48.05346,1.073333,0.0161,1.073333
19.32,17.98153,0.0161,48.07895,1.073333,0.0161,1.073333
19.33,17.99583,0.01613333,48.1172,1.075556,0.01613333,1.075556
19.34,18.00219,0.01613333,48.1342,1.075556,0.01613333,1.075556
19.35,18.01809,0.01613333,48.1767,1.075556,0.01613333,1.075556
19.36,18.04193,0.01613333,48.24045,1.075556,0.01613333,1.075556
19.37,18.05782,0.01616667,48.28295,1.077778,0.01616667,1.077778
19.38,18.05941,0.01616667,48.2872,1.077778,0.01616667,1.077778
19.39,18.05782,0.01616667,48.28295,1.077778,0.01616667,1.077778
19.4,18.04511,0.01616667,48.24895,1.077778,0.01616667,1.077778
19.41,18.0308,0.0162,48.2107,1.08,0.0162,1.08
19.42,18.02921,0.0162,48.20645,1.08,0.0162,1.08
19.43,18.0467,0.0162,48.2532,1.08,0.0162,1.08
19.44,18.07372,0.0162,48.32544,1.08,0.0162,1.08
19.45,18.08802,0.01623333,48.36369,1.082222,0.01623333,1.082222
19.46,18.08643,0.01623333,48.35945,1.082222,0.01623333,1.082222
19.47,18.07849,0.01623333,48.3382,1.082222,0.01623333,1.082222
19.48,18.07849,0.01623333,48.3382,1.082222,0.01623333,1.082222
19.49,18.08643,0.01626667,48.35945,1.084444,0.01626667,1.084444
19.5,18.09597,0.01626667,48.38494,1.084444,0.01626667,1.084444
19.51,18.10392,0.01626667,48.4062,1.084444,0.01626667,1.084444
19.52,18.10392,0.01626667,48.4062,1.084444,0.01626667,1.084444
19.53,18.1071,0.0163,48.41469,1.086667,0.0163,1.086667
19.54,18.11663,0.0163,48.44019,1.086667,0.0163,1.086667
19.55,18.13094,0.0163,48.47844,1.086667,0.0163,1.086667
19.56,18.13094,0.0163,48.47844,1.086667,0.0163,1.086667
19.57,18.12458,0.01633333,48.46144,1.088889,0.01633333,1.088889
19.58,18.12458,0.01633333,48.46144,1.088889,0.01633333,1.088889
19.59,18.12458,0.01633333,48.46144,1.088889,0.01633333,1.088889
19.6,18.13253,0.01636667,48.48269,1.091111,0.01636667,1.091111
19.61,18.14047,0.01636667,48.50394,1.091111,0.01636667,1.091111
19.62,18.14524,0.01636667,48.51669,1.091111,0.01636667,1.091111
19.63,18.1516,0.01636667,48.53369,1.091111,0.01636667,1.091111
19.64,18.16432,0.0164,48.56769,1.093333,0.0164,1.093333
19.65,18.18816,0.0164,48.63144,1.093333,0.0164,1.093333
19.66,18.21041,0.0164,48.69094,1.093333,0.0164,1.093333
19.67,18.21836,0.0164,48.71219,1.093333,0.0164,1.093333
19.68,18.22631,0.0164,48.73343,1.093333,0.0164,1.093333
19.69,18.23902,0.01643333,48.76743,1.095556,0.01643333,1.095556
19.7,18.24697,0.01643333,48.78868,1.095556,0.01643333,1.095556
19.71,18.24538,0.01643333,48.78443,1.095556,0.01643333,1.095556
19.72,18.23902,0.01643333,48.76743,1.095556,0.01643333,1.095556
19.73,18.2422,0.01646667,48.77594,1.097778,0.01646667,1.097778
19.74,18.24538,0.01646667,48.78443,1.097778,0.01646667,1.097778
19.75,18.25015,0.01646667,48.79718,1.097778,0.01646667,1.097778
19.76,18.25968,0.01646667,48.82268,1.097778,0.01646667,1.097778
19.77,18.27399,0.0165,48.86093,1.1,0.0165,1.1
19.78,18.28671,0.0165,48.89493,1.1,0.0165,1.1
19.79,18.29942,0.0165,48.92893,1.1,0.0165,1.1
19.8,18.30737,0.01653333,48.95018,1.102222,0.01653333,1.102222
19.81,18.30737,0.01653333,48.95018,1.102222,0.01653333,1.102222
19.82,18.30419,0.01653333,48.94168,1.102222,0.01653333,1.102222
19.83,18.29942,0.01653333,48.92893,1.102222,0.01653333,1.102222
19.84,18.29147,0.01656667,48.90768,1.104445,0.01656667,1.104445
19.85,18.29624,0.01656667,48.92043,1.104445,0.01656667,1.104445
19.86,18.3169,0.01656667,48.97568,1.104445,0.01656667,1.104445
19.87,18.34393,0.01656667,49.04793,1.104445,0.01656667,1.104445
19.88,18.35187,0.01656667,49.06918,1.104445,0.01656667,1.104445
19.89,18.35346,0.0166,49.07343,1.106667,0.0166,1.106667
19.9,18.36459,0.0166,49.10317,1.106667,0.0166,1.106667
19.91,18.39002,0.0166,49.17118,1.106667,0.0166,1.106667
19.92,18.42181,0.0166,49.25617,1.106667,0.0166,1.106667
19.93,18.42976,0.01663333,49.27742,1.108889,0.01663333,1.108889
19.94,18.42181,0.01663333,49.25617,1.108889,0.01663333,1.108889
19.95,18.41863,0.01663333,49.24767,1.108889,0.01663333,1.108889
19.96,18.43294,0.01663333,49.28592,1.108889,0.01663333,1.108889
19.97,18.45042,0.01666667,49.33267,1.111111,0.01666667,1.111111
19.98,18.4536,0.01666667,49.34117,1.111111,0.01666667,1.111111
19.99,18.44247,0.01666667,49.31142,1.111111,0.01666667,1.111111
20.0,18.43929,0.0167,49.30292,1.113333,0.0167,1.113333
20.01,18.45519,0.0167,49.34542,1.113333,0.0167,1.113333
20.02,18.47903,0.0167,49.40916,1.113333,0.0167,1.113333
20.03,18.48221,0.0167,49.41767,1.113333,0.0167,1.113333
20.04,18.46631,0.0167,49.37517,1.113333,0.0167,1.113333
20.05,18.4536,0.01673333,49.34117,1.115556,0.01673333,1.115556
20.06,18.45519,0.01673333,49.34542,1.115556,0.01673333,1.115556
20.07,18.47108,0.01673333,49.38792,1.115556,0.01673333,1.115556
20.08,18.49969,0.01673333,49.46442,1.115556,0.01673333,1.115556
20.09,18.53625,0.01676667,49.56216,1.117778,0.01676667,1.117778
20.1,18.56009,0.01676667,49.62591,1.117778,0.01676667,1.117778
20.11,18.56486,0.01676667,49.63866,1.117778,0.01676667,1.117778
20.12,18.55691,0.01676667,49.61741,1.117778,0.01676667,1.117778
20.13,18.54102,0.0168,49.57491,1.12,0.0168,1.12
20.14,18.52353,0.0168,49.52817,1.12,0.0168,1.12
20.15,18.50764,0.0168,49.48566,1.12,0.0168,1.12
20.16,18.50446,0.0168,49.47717,1.12,0.0168,1.12
20.17,18.51877,0.01683333,49.51542,1.122222,0.01683333,1.122222
20.18,18.53625,0.01683333,49.56216,1.122222,0.01683333,1.122222
20.19,18.54738,0.01683333,49.59192,1.122222,0.01683333,1.122222
20.2,18.55691,0.01686667,49.61741,1.124444,0.01686667,1.124444
20.21,18.57281,0.01686667,49.65991,1.124444,0.01686667,1.124444
20.22,18.59824,0.01686667,49.72791,1.124444,0.01686667,1.124444
20.23,18.62208,0.01686667,49.79166,1.124444,0.01686667,1.124444
20.24,18.6348,0.01686667,49.82566,1.124444,0.01686667,1.124444
20.25,18.6348,0.0169,49.82566,1.126667,0.0169,1.126667
20.26,18.63321,0.0169,49.82141,1.126667,0.0169,1.126667
20.27,18.63321,0.0169,49.82141,1.126667,0.0169,1.126667
20.28,18.63003,0.0169,49.81291,1.126667,0.0169,1.126667
20.29,18.6348,0.01693333,49.82566,1.128889,0.01693333,1.128889
20.3,18.65069,0.01693333,49.86815,1.128889,0.01693333,1.128889
20.31,18.66182,0.01693333,49.89791,1.128889,0.01693333,1.128889
20.32,18.66182,0.01693333,49.89791,1.128889,0.01693333,1.128889
20.33,18.65864,0.01696667,49.8894,1.131111,0.01696667,1.131111
20.34,18.66182,0.01696667,49.89791,1.131111,0.01696667,1.131111
20.35,18.66817,0.01696667,49.91491,1.131111,0.01696667,1.131111
20.36,18.68248,0.01696667,49.95315,1.131111,0.01696667,1.131111
20.37,18.69043,0.017,49.9744,1.133333,0.017,1.133333
20.38,18.6952,0.017,49.98715,1.133333,0.017,1.133333
20.39,18.69996,0.017,49.9999,1.133333,0.017,1.133333
20.4,18.71109,0.01703333,50.02965,1.135556,0.01703333,1.135556
20.41,18.71904,0.01703333,50.0509,1.135556,0.01703333,1.135556
20.42,18.72063,0.01703333,50.05515,1.135556,0.01703333,1.135556
20.43,18.72381,0.01703333,50.06365,1.135556,0.01703333,1.135556
20.44,18.73652,0.01703333,50.09765,1.135556,0.01703333,1.135556
20.45,18.74447,0.01706667,50.1189,1.137778,0.01706667,1.137778
20.46,18.75242,0.01706667,50.14015,1.137778,0.01706667,1.137778
20.47,18.76036,0.01706667,50.1614,1.137778,0.01706667,1.137778
20.48,18.76195,0.01706667,50.16565,1.137778,0.01706667,1.137778
20.49,18.76513,0.0171,50.17414,1.14,0.0171,1.14
20.5,18.76831,0.0171,50.18265,1.14,0.0171,1.14
20.51,18.76831,0.0171,50.18265,1.14,0.0171,1.14
20.52,18.76195,0.0171,50.16565,1.14,0.0171,1.14
20.53,18.7699,0.01713333,50.18689,1.142222,0.01713333,1.142222
20.54,18.7858,0.01713333,50.2294,1.142222,0.01713333,1.142222
20.55,18.80169,0.01713333,50.27189,1.142222,0.01713333,1.142222
20.56,18.81758,0.01716667,50.31439,1.144444,0.01716667,1.144444
20.57,18.83825,0.01716667,50.36964,1.144444,0.01716667,1.144444
20.58,18.85096,0.01716667,50.40364,1.144444,0.01716667,1.144444
20.59,18.85573,0.01716667,50.41639,1.144444,0.01716667,1.144444
20.6,18.85891,0.0172,50.42489,1.146667,0.0172,1.146667
20.61,18.87004,0.0172,50.45464,1.146667,0.0172,1.146667
20.62,18.87639,0.0172,50.47164,1.146667,0.0172,1.146667
20.63,18.88434,0.0172,50.49289,1.146667,0.0172,1.146667
20.64,18.8907,0.0172,50.50989,1.146667,0.0172,1.146667
20.65,18.89229,0.01723333,50.51414,1.148889,0.01723333,1.148889
20.66,18.89547,0.01723333,50.52264,1.148889,0.01723333,1.148889
20.67,18.905,0.01723333,50.54814,1.148889,0.01723333,1.148889
20.68,18.9209,0.01723333,50.59064,1.148889,0.01723333,1.148889
20.69,18.92408,0.01726667,50.59914,1.151111,0.01726667,1.151111
20.7,18.91295,0.01726667,50.56939,1.151111,0.01726667,1.151111
20.71,18.90818,0.01726667,50.55664,1.151111,0.01726667,1.151111
20.72,18.91613,0.01726667,50.57788,1.151111,0.01726667,1.151111
20.73,18.93202,0.0173,50.62038,1.153333,0.0173,1.153333
20.74,18.94474,0.0173,50.65438,1.153333,0.0173,1.153333
20.75,18.95269,0.0173,50.67564,1.153333,0.0173,1.153333
20.76,18.96063,0.01733333,50.69688,1.155556,0.01733333,1.155556
20.77,18.97017,0.01733333,50.72238,1.155556,0.01733333,1.155556
20.78,18.97335,0.01733333,50.73088,1.155556,0.01733333,1.155556
20.79,18.9654,0.01733333,50.70963,1.155556,0.01733333,1.155556
20.8,18.96063,0.01736667,50.69688,1.157778,0.01736667,1.157778
20.81,18.96858,0.01736667,50.71813,1.157778,0.01736667,1.157778
20.82,18.98924,0.01736667,50.77338,1.157778,0.01736667,1.157778
20.83,19.00514,0.01736667,50.81588,1.157778,0.01736667,1.157778
20.84,19.01468,0.01736667,50.84138,1.157778,0.01736667,1.157778
20.85,19.0258,0.0174,50.87113,1.16,0.0174,1.16
20.86,19.0417,0.0174,50.91362,1.16,0.0174,1.16
20.87,19.056,0.0174,50.95187,1.16,0.0174,1.16
20.88,19.06395,0.0174,50.97313,1.16,0.0174,1.16
20.89,19.06236,0.01743333,50.96888,1.162222,0.01743333,1.162222
20.9,19.05441,0.01743333,50.94763,1.162222,0.01743333,1.162222
20.91,19.05123,0.01743333,50.93913,1.162222,0.01743333,1.162222
20.92,19.056,0.01743333,50.95187,1.162222,0.01743333,1.162222
20.93,19.06713,0.01746667,50.98163,1.164444,0.01746667,1.164444
20.94,19.0719,0.01746667,50.99438,1.164444,0.01746667,1.164444
20.95,19.07508,0.01746667,51.00287,1.164444,0.01746667,1.164444
20.96,19.07667,0.0175,51.00713,1.166667,0.0175,1.166667
20.97,19.08461,0.0175,51.02837,1.166667,0.0175,1.166667
20.98,19.10369,0.0175,51.07937,1.166667,0.0175,1.166667
20.99,19.12117,0.0175,51.12612,1.166667,0.0175,1.166667
21.0,19.1323,0.0175,51.15587,1.166667,0.0175,1.166667
21.01,19.14501,0.01753333,51.18987,1.168889,0.01753333,1.168889
21.02,19.15614,0.01753333,51.21962,1.168889,0.01753333,1.168889
21.03,19.1625,0.01753333,51.23662,1.168889,0.01753333,1.168889
21.04,19.17044,0.01753333,51.25787,1.168889,0.01753333,1.168889
21.05,19.18157,0.01756667,51.28762,1.171111,0.01756667,1.171111
21.06,19.19428,0.01756667,51.32161,1.171111,0.01756667,1.171111
21.07,19.19905,0.01756667,51.33437,1.171111,0.01756667,1.171111
21.08,19.19746,0.01756667,51.33012,1.171111,0.01756667,1.171111
21.09,19.20223,0.0176,51.34286,1.173333,0.0176,1.173333
21.1,19.21813,0.0176,51.38536,1.173333,0.0176,1.173333
21.11,19.23879,0.0176,51.44061,1.173333,0.0176,1.173333
21.12,19.24674,0.0176,51.46186,1.173333,0.0176,1.173333
21.13,19.24356,0.01763333,51.45337,1.175556,0.01763333,1.175556
21.14,19.23084,0.01763333,51.41936,1.175556,0.01763333,1.175556
21.15,19.21972,0.01763333,51.38961,1.175556,0.01763333,1.175556
21.16,19.21813,0.01766667,51.38536,1.177778,0.01766667,1.177778
21.17,19.22607,0.01766667,51.40661,1.177778,0.01766667,1.177778
21.18,19.23084,0.01766667,51.41936,1.177778,0.01766667,1.177778
21.19,19.23879,0.01766667,51.44061,1.177778,0.01766667,1.177778
21.2,19.25945,0.01766667,51.49586,1.177778,0.01766667,1.177778
21.21,19.29601,0.0177,51.59361,1.18,0.0177,1.18
21.22,19.32462,0.0177,51.67011,1.18,0.0177,1.18
21.23,19.32462,0.0177,51.67011,1.18,0.0177,1.18
21.24,19.30555,0.0177,51.61911,1.18,0.0177,1.18
21.25,19.29601,0.01773333,51.59361,1.182222,0.01773333,1.182222
21.26,19.29919,0.01773333,51.60211,1.182222,0.01773333,1.182222
21.27,19.3119,0.01773333,51.63611,1.182222,0.01773333,1.182222
21.28,19.3278,0.01773333,51.6786,1.182222,0.01773333,1.182222
21.29,19.33734,0.01776667,51.70411,1.184445,0.01776667,1.184445
21.3,19.34846,0.01776667,51.73386,1.184445,0.01776667,1.184445
21.31,19.358,0.01776667,51.75936,1.184445,0.01776667,1.184445
21.32,19.36913,0.01776667,51.7891,1.184445,0.01776667,1.184445
21.33,19.37071,0.0178,51.79335,1.186667,0.0178,1.186667
21.34,19.37707,0.0178,51.81036,1.186667,0.0178,1.186667
21.35,19.38184,0.0178,51.8231,1.186667,0.0178,1.186667
21.36,19.38502,0.01783333,51.8316,1.188889,0.01783333,1.188889
21.37,19.38502,0.01783333,51.8316,1.188889,0.01783333,1.188889
21.38,19.38661,0.01783333,51.83585,1.188889,0.01783333,1.188889
21.39,19.39774,0.01783333,51.8656,1.188889,0.01783333,1.188889
21.4,19.40568,0.01783333,51.88685,1.188889,0.01783333,1.188889
21.41,19.39932,0.01786667,51.86985,1.191111,0.01786667,1.191111
21.42,19.39456,0.01786667,51.8571,1.191111,0.01786667,1.191111
21.43,19.4025,0.01786667,51.87835,1.191111,0.01786667,1.191111
21.44,19.4184,0.01786667,51.92085,1.191111,0.01786667,1.191111
21.45,19.43429,0.0179,51.96335,1.193333,0.0179,1.193333
21.46,19.44383,0.0179,51.98885,1.193333,0.0179,1.193333
21.47,19.45496,0.0179,52.0186,1.193333,0.0179,1.193333
21.48,19.48039,0.0179,52.08659,1.193333,0.0179,1.193333
21.49,19.50105,0.01793333,52.14185,1.195556,0.01793333,1.195556
21.5,19.50423,0.01793333,52.15034,1.195556,0.01793333,1.195556
21.51,19.50423,0.01793333,52.15034,1.195556,0.01793333,1.195556
21.52,19.509,0.01793333,52.16309,1.195556,0.01793333,1.195556
21.53,19.51694,0.01796667,52.18434,1.197778,0.01796667,1.197778
21.54,19.52171,0.01796667,52.19709,1.197778,0.01796667,1.197778
21.55,19.52807,0.01796667,52.21409,1.197778,0.01796667,1.197778
21.56,19.52807,0.018,52.21409,1.2,0.018,1.2
21.57,19.52489,0.018,52.20559,1.2,0.018,1.2
21.58,19.52807,0.018,52.21409,1.2,0.018,1.2
21.59,19.54079,0.018,52.24809,1.2,0.018,1.2
21.6,19.5535,0.018,52.28209,1.2,0.018,1.2
21.61,19.56145,0.01803333,52.30334,1.202222,0.01803333,1.202222
21.62,19.56145,0.01803333,52.30334,1.202222,0.01803333,1.202222
21.63,19.55668,0.01803333,52.29059,1.202222,0.01803333,1.202222
21.64,19.54873,0.01803333,52.26934,1.202222,0.01803333,1.202222
21.65,19.54556,0.01806667,52.26084,1.204444,0.01806667,1.204444
21.66,19.55032,0.01806667,52.27359,1.204444,0.01806667,1.204444
21.67,19.56622,0.01806667,52.31609,1.204444,0.01806667,1.204444
21.68,19.58529,0.01806667,52.36708,1.204444,0.01806667,1.204444
21.69,19.59801,0.0181,52.40109,1.206667,0.0181,1.206667
21.7,19.6139,0.0181,52.44358,1.206667,0.0181,1.206667
21.71,19.63933,0.0181,52.51159,1.206667,0.0181,1.206667
21.72,19.65682,0.0181,52.55833,1.206667,0.0181,1.206667
21.73,19.66,0.01813333,52.56683,1.208889,0.01813333,1.208889
21.74,19.65205,0.01813333,52.54558,1.208889,0.01813333,1.208889
21.75,19.63933,0.01813333,52.51159,1.208889,0.01813333,1.208889
21.76,19.62344,0.01816667,52.46908,1.211111,0.01816667,1.211111
21.77,19.60754,0.01816667,52.42659,1.211111,0.01816667,1.211111
21.78,19.60754,0.01816667,52.42659,1.211111,0.01816667,1.211111
21.79,19.63139,0.01816667,52.49033,1.211111,0.01816667,1.211111
21.8,19.66318,0.01816667,52.57533,1.211111,0.01816667,1.211111
21.81,19.68384,0.0182,52.63058,1.213333,0.0182,1.213333
21.82,19.68543,0.0182,52.63483,1.213333,0.0182,1.213333
21.83,19.67589,0.0182,52.60933,1.213333,0.0182,1.213333
21.84,19.67112,0.0182,52.59658,1.213333,0.0182,1.213333
21.85,19.67589,0.01823333,52.60933,1.215556,0.01823333,1.215556
21.86,19.68543,0.01823333,52.63483,1.215556,0.01823333,1.215556
21.87,19.69655,0.01823333,52.66458,1.215556,0.01823333,1.215556
21.88,19.70927,0.01823333,52.69858,1.215556,0.01823333,1.215556
21.89,19.72834,0.01826667,52.74958,1.217778,0.01826667,1.217778
21.9,19.73629,0.01826667,52.77083,1.217778,0.01826667,1.217778
21.91,19.72516,0.01826667,52.74108,1.217778,0.01826667,1.217778
21.92,19.72198,0.0183,52.73258,1.22,0.0183,1.22
21.93,19.72993,0.0183,52.75383,1.22,0.0183,1.22
21.94,19.72993,0.0183,52.75383,1.22,0.0183,1.22
21.95,19.72834,0.0183,52.74958,1.22,0.0183,1.22
21.96,19.72834,0.01833333,52.74958,1.222222,0.01833333,1.222222
21.97,19.73788,0.01833333,52.77507,1.222222,0.01833333,1.222222
21.98,19.75377,0.01833333,52.81758,1.222222,0.01833333,1.222222
21.99,19.77126,0.01833333,52.86432,1.222222,0.01833333,1.222222
22.0,19.79033,0.01833333,52.91532,1.222222,0.01833333,1.222222
22.01,19.79987,0.01836667,52.94082,1.224444,0.01836667,1.224444
22.02,19.80305,0.01836667,52.94932,1.224444,0.01836667,1.224444
22.03,19.80305,0.01836667,52.94932,1.224444,0.01836667,1.224444
22.04,19.80782,0.01836667,52.96207,1.224444,0.01836667,1.224444
22.05,19.81894,0.0184,52.99182,1.226667,0.0184,1.226667
22.06,19.82689,0.0184,53.01307,1.226667,0.0184,1.226667
22.07,19.83484,0.0184,53.03432,1.226667,0.0184,1.226667
22.08,19.84278,0.0184,53.05557,1.226667,0.0184,1.226667
22.09,19.85868,0.01843333,53.09807,1.228889,0.01843333,1.228889
22.1,19.87139,0.01843333,53.13206,1.228889,0.01843333,1.228889
22.11,19.87298,0.01843333,53.13632,1.228889,0.01843333,1.228889
22.12,19.87616,0.01846667,53.14481,1.231111,0.01846667,1.231111
22.13,19.88411,0.01846667,53.16607,1.231111,0.01846667,1.231111
22.14,19.88729,0.01846667,53.17457,1.231111,0.01846667,1.231111
22.15,19.88093,0.01846667,53.15757,1.231111,0.01846667,1.231111
22.16,19.88093,0.0185,53.15757,1.233333,0.0185,1.233333
22.17,19.88888,0.0185,53.17882,1.233333,0.0185,1.233333
22.18,19.90159,0.0185,53.21282,1.233333,0.0185,1.233333
22.19,19.90954,0.0185,53.23406,1.233333,0.0185,1.233333
22.2,19.92067,0.0185,53.26382,1.233333,0.0185,1.233333
22.21,19.93815,0.01853333,53.31056,1.235556,0.01853333,1.235556
22.22,19.96517,0.01853333,53.38281,1.235556,0.01853333,1.235556
22.23,19.98583,0.01853333,53.43806,1.235556,0.01853333,1.235556
22.24,19.98742,0.01853333,53.44231,1.235556,0.01853333,1.235556
22.25,19.98583,0.01856667,53.43806,1.237778,0.01856667,1.237778
22.26,19.97948,0.01856667,53.42106,1.237778,0.01856667,1.237778
22.27,19.97312,0.01856667,53.40406,1.237778,0.01856667,1.237778
22.28,19.96199,0.01856667,53.37431,1.237778,0.01856667,1.237778
22.29,19.96676,0.0186,53.38706,1.24,0.0186,1.24
22.3,19.98583,0.0186,53.43806,1.24,0.0186,1.24
22.31,19.99378,0.0186,53.45931,1.24,0.0186,1.24
22.32,19.9906,0.01863333,53.45081,1.242222,0.01863333,1.242222
22.33,19.99537,0.01863333,53.46356,1.242222,0.01863333,1.242222
22.34,20.01921,0.01863333,53.52731,1.242222,0.01863333,1.242222
22.35,20.04305,0.01863333,53.59105,1.242222,0.01863333,1.242222
22.36,20.05577,0.01863333,53.62505,1.242222,0.01863333,1.242222
22.37,20.05259,0.01866667,53.61655,1.244444,0.01866667,1.244444
22.38,20.05259,0.01866667,53.61655,1.244444,0.01866667,1.244444
22.39,20.06531,0.01866667,53.65055,1.244444,0.01866667,1.244444
22.4,20.0812,0.01866667,53.69305,1.244444,0.01866667,1.244444
22.41,20.08756,0.0187,53.71005,1.246667,0.0187,1.246667
22.42,20.07961,0.0187,53.6888,1.246667,0.0187,1.246667
22.43,20.07166,0.0187,53.66755,1.246667,0.0187,1.246667
22.44,20.07643,0.0187,53.6803,1.246667,0.0187,1.246667
22.45,20.09392,0.01873333,53.72705,1.248889,0.01873333,1.248889
22.46,20.11617,0.01873333,53.78655,1.248889,0.01873333,1.248889
22.47,20.12571,0.01873333,53.81205,1.248889,0.01873333,1.248889
22.48,20.13048,0.01873333,53.8248,1.248889,0.01873333,1.248889
22.49,20.13365,0.01876667,53.8333,1.251111,0.01876667,1.251111
22.5,20.13048,0.01876667,53.8248,1.251111,0.01876667,1.251111
22.51,20.12253,0.01876667,53.80355,1.251111,0.01876667,1.251111
22.52,20.11776,0.0188,53.7908,1.253333,0.0188,1.253333
22.53,20.12094,0.0188,53.7993,1.253333,0.0188,1.253333
22.54,20.12571,0.0188,53.81205,1.253333,0.0188,1.253333
22.55,20.13048,0.0188,53.8248,1.253333,0.0188,1.253333
22.56,20.13048,0.0188,53.8248,1.253333,0.0188,1.253333
22.57,20.13683,0.01883333,53.8418,1.255556,0.01883333,1.255556
22.58,20.14478,0.01883333,53.86305,1.255556,0.01883333,1.255556
22.59,20.15909,0.01883333,53.9013,1.255556,0.01883333,1.255556
22.6,20.17339,0.01883333,53.93955,1.255556,0.01883333,1.255556
22.61,20.1877,0.01886667,53.97779,1.257778,0.01886667,1.257778
22.62,20.20359,0.01886667,54.02029,1.257778,0.01886667,1.257778
22.63,20.21631,0.01886667,54.05429,1.257778,0.01886667,1.257778
22.64,20.22425,0.01886667,54.07554,1.257778,0.01886667,1.257778
22.65,20.23538,0.0189,54.10529,1.26,0.0189,1.26
22.66,20.24809,0.0189,54.13929,1.26,0.0189,1.26
22.67,20.25286,0.0189,54.15204,1.26,0.0189,1.26
22.68,20.24015,0.0189,54.11804,1.26,0.0189,1.26
22.69,20.22425,0.01893333,54.07554,1.262222,0.01893333,1.262222
22.7,20.21948,0.01893333,54.06279,1.262222,0.01893333,1.262222
22.71,20.2322,0.01893333,54.09679,1.262222,0.01893333,1.262222
22.72,20.24492,0.01896667,54.13079,1.264444,0.01896667,1.264444
22.73,20.25604,0.01896667,54.16054,1.264444,0.01896667,1.264444
22.74,20.26558,0.01896667,54.18604,1.264444,0.01896667,1.264444
22.75,20.27194,0.01896667,54.20304,1.264444,0.01896667,1.264444
22.76,20.2767,0.01896667,54.21579,1.264444,0.01896667,1.264444
22.77,20.2767,0.019,54.21579,1.266667,0.019,1.266667
22.78,20.2767,0.019,54.21579,1.266667,0.019,1.266667
22.79,20.28942,0.019,54.24979,1.266667,0.019,1.266667
22.8,20.31008,0.019,54.30503,1.266667,0.019,1.266667
22.81,20.32121,0.01903333,54.33479,1.268889,0.01903333,1.268889
22.82,20.31803,0.01903333,54.32629,1.268889,0.01903333,1.268889
22.83,20.31326,0.01903333,54.31353,1.268889,0.01903333,1.268889
22.84,20.31326,0.01903333,54.31353,1.268889,0.01903333,1.268889
22.85,20.31644,0.01906667,54.32204,1.271111,0.01906667,1.271111
22.86,20.32598,0.01906667,54.34754,1.271111,0.01906667,1.271111
22.87,20.34505,0.01906667,54.39854,1.271111,0.01906667,1.271111
22.88,20.36572,0.01906667,54.45378,1.271111,0.01906667,1.271111
22.89,20.37366,0.0191,54.47503,1.273333,0.0191,1.273333
22.9,20.37366,0.0191,54.47503,1.273333,0.0191,1.273333
22.91,20.37843,0.0191,54.48778,1.273333,0.0191,1.273333
22.92,20.39115,0.01913333,54.52178,1.275555,0.01913333,1.275555
22.93,20.40386,0.01913333,54.55578,1.275555,0.01913333,1.275555
22.94,20.41181,0.01913333,54.57703,1.275555,0.01913333,1.275555
22.95,20.41658,0.01913333,54.58978,1.275555,0.01913333,1.275555
22.96,20.41499,0.01913333,54.58553,1.275555,0.01913333,1.275555
22.97,20.41181,0.01916667,54.57703,1.277778,0.01916667,1.277778
22.98,20.41022,0.01916667,54.57278,1.277778,0.01916667,1.277778
22.99,20.41181,0.01916667,54.57703,1.277778,0.01916667,1.277778
23.0,20.4277,0.01916667,54.61953,1.277778,0.01916667,1.277778
23.01,20.44519,0.0192,54.66628,1.28,0.0192,1.28
23.02,20.45949,0.0192,54.70452,1.28,0.0192,1.28
23.03,20.45949,0.0192,54.70452,1.28,0.0192,1.28
23.04,20.45155,0.0192,54.68328,1.28,0.0192,1.28
23.05,20.45155,0.01923333,54.68328,1.282222,0.01923333,1.282222
23.06,20.45949,0.01923333,54.70452,1.282222,0.01923333,1.282222
23.07,20.47221,0.01923333,54.73852,1.282222,0.01923333,1.282222
23.08,20.48016,0.01926667,54.75977,1.284444,0.01926667,1.284444
23.09,20.48174,0.01926667,54.76402,1.284444,0.01926667,1.284444
23.1,20.48016,0.01926667,54.75977,1.284444,0.01926667,1.284444
23.11,20.4738,0.01926667,54.74277,1.284444,0.01926667,1.284444
23.12,20.47698,0.0193,54.75127,1.286667,0.0193,1.286667
23.13,20.49764,0.0193,54.80652,1.286667,0.0193,1.286667
23.14,20.52148,0.0193,54.87027,1.286667,0.0193,1.286667
23.15,20.53102,0.0193,54.89577,1.286667,0.0193,1.286667
23.16,20.52943,0.0193,54.89152,1.286667,0.0193,1.286667
23.17,20.54214,0.01933333,54.92552,1.288889,0.01933333,1.288889
23.18,20.56599,0.01933333,54.98927,1.288889,0.01933333,1.288889
23.19,20.5787,0.01933333,55.02327,1.288889,0.01933333,1.288889
23.2,20.57076,0.01933333,55.00202,1.288889,0.01933333,1.288889
23.21,20.54691,0.01936667,54.93827,1.291111,0.01936667,1.291111
23.22,20.53102,0.01936667,54.89577,1.291111,0.01936667,1.291111
23.23,20.52943,0.01936667,54.89152,1.291111,0.01936667,1.291111
23.24,20.53897,0.01936667,54.91702,1.291111,0.01936667,1.291111
23.25,20.55486,0.0194,54.95952,1.293333,0.0194,1.293333
23.26,20.58188,0.0194,55.03176,1.293333,0.0194,1.293333
23.27,20.61526,0.0194,55.12101,1.293333,0.0194,1.293333
23.28,20.64387,0.01943333,55.19751,1.295556,0.01943333,1.295556
23.29,20.65341,0.01943333,55.22301,1.295556,0.01943333,1.295556
23.3,20.65182,0.01943333,55.21876,1.295556,0.01943333,1.295556
23.31,20.64864,0.01943333,55.21026,1.295556,0.01943333,1.295556
23.32,20.65659,0.01943333,55.23151,1.295556,0.01943333,1.295556
23.33,20.67248,0.01946667,55.27401,1.297778,0.01946667,1.297778
23.34,20.6852,0.01946667,55.30801,1.297778,0.01946667,1.297778
23.35,20.68838,0.01946667,55.31651,1.297778,0.01946667,1.297778
23.36,20.68043,0.01946667,55.29526,1.297778,0.01946667,1.297778
23.37,20.66453,0.0195,55.25276,1.3,0.0195,1.3
23.38,20.65341,0.0195,55.22301,1.3,0.0195,1.3
23.39,20.65977,0.0195,55.24001,1.3,0.0195,1.3
23.4,20.68043,0.0195,55.29526,1.3,0.0195,1.3
23.41,20.70268,0.01953333,55.35476,1.302222,0.01953333,1.302222
23.42,20.71381,0.01953333,55.38451,1.302222,0.01953333,1.302222
23.43,20.71063,0.01953333,55.376,1.302222,0.01953333,1.302222
23.44,20.71381,0.01953333,55.38451,1.302222,0.01953333,1.302222
23.45,20.71699,0.01956667,55.39301,1.304444,0.01956667,1.304444
23.46,20.71381,0.01956667,55.38451,1.304444,0.01956667,1.304444
23.47,20.70586,0.01956667,55.36325,1.304444,0.01956667,1.304444
23.48,20.70109,0.0196,55.35051,1.306667,0.0196,1.306667
23.49,20.69632,0.0196,55.33776,1.306667,0.0196,1.306667
23.5,20.68996,0.0196,55.32076,1.306667,0.0196,1.306667
23.51,20.68996,0.0196,55.32076,1.306667,0.0196,1.306667
23.52,20.70109,0.01963333,55.35051,1.308889,0.01963333,1.308889
23.53,20.71699,0.01963333,55.39301,1.308889,0.01963333,1.308889
23.54,20.7297,0.01963333,55.427,1.308889,0.01963333,1.308889
23.55,20.75036,0.01963333,55.48225,1.308889,0.01963333,1.308889
23.56,20.77579,0.01963333,55.55025,1.308889,0.01963333,1.308889
23.57,20.79646,0.01966667,55.6055,1.311111,0.01966667,1.311111
23.58,20.80441,0.01966667,55.62675,1.311111,0.01966667,1.311111
23.59,20.80441,0.01966667,55.62675,1.311111,0.01966667,1.311111
23.6,20.80441,0.01966667,55.62675,1.311111,0.01966667,1.311111
23.61,20.81076,0.0197,55.64375,1.313333,0.0197,1.313333
23.62,20.82348,0.0197,55.67775,1.313333,0.0197,1.313333
23.63,20.83302,0.0197,55.70325,1.313333,0.0197,1.313333
23.64,20.82825,0.0197,55.6905,1.313333,0.0197,1.313333
23.65,20.8203,0.01973333,55.66925,1.315556,0.01973333,1.315556
23.66,20.8203,0.01973333,55.66925,1.315556,0.01973333,1.315556
23.67,20.83143,0.01973333,55.699,1.315556,0.01973333,1.315556
23.68,20.84096,0.01976667,55.7245,1.317778,0.01976667,1.317778
23.69,20.85686,0.01976667,55.76699,1.317778,0.01976667,1.317778
23.7,20.86798,0.01976667,55.79675,1.317778,0.01976667,1.317778
23.71,20.86957,0.01976667,55.801,1.317778,0.01976667,1.317778
23.72,20.86481,0.01976667,55.78825,1.317778,0.01976667,1.317778
23.73,20.86163,0.0198,55.77975,1.32,0.0198,1.32
23.74,20.86004,0.0198,55.7755,1.32,0.0198,1.32
23.75,20.86163,0.0198,55.77975,1.32,0.0198,1.32
23.76,20.86957,0.0198,55.801,1.32,0.0198,1.32
23.77,20.87275,0.01983333,55.80949,1.322222,0.01983333,1.322222
23.78,20.86957,0.01983333,55.801,1.322222,0.01983333,1.322222
23.79,20.87275,0.01983333,55.80949,1.322222,0.01983333,1.322222
23.8,20.88865,0.01983333,55.852,1.322222,0.01983333,1.322222
23.81,20.9109,0.01986667,55.91149,1.324445,0.01986667,1.324445
23.82,20.92203,0.01986667,55.94124,1.324445,0.01986667,1.324445
23.83,20.9252,0.01986667,55.94974,1.324445,0.01986667,1.324445
23.84,20.92679,0.01986667,55.95399,1.324445,0.01986667,1.324445
23.85,20.92997,0.0199,55.96249,1.326667,0.0199,1.326667
23.86,20.9252,0.0199,55.94974,1.326667,0.0199,1.326667
23.87,20.9252,0.0199,55.94974,1.326667,0.0199,1.326667
23.88,20.93951,0.01993333,55.98799,1.328889,0.01993333,1.328889
23.89,20.96812,0.01993333,56.06449,1.328889,0.01993333,1.328889
23.9,21.00309,0.01993333,56.15799,1.328889,0.01993333,1.328889
23.91,21.02375,0.01993333,56.21323,1.328889,0.01993333,1.328889
23.92,21.0317,0.01993333,56.23449,1.328889,0.01993333,1.328889
23.93,21.0317,0.01996667,56.23449,1.331111,0.01996667,1.331111
23.94,21.02375,0.01996667,56.21323,1.331111,0.01996667,1.331111
23.95,21.0158,0.01996667,56.19198,1.331111,0.01996667,1.331111
23.96,21.0158,0.01996667,56.19198,1.331111,0.01996667,1.331111
23.97,21.02534,0.02,56.21748,1.333333,0.02,1.333333
23.98,21.04123,0.02,56.25998,1.333333,0.02,1.333333
23.99,21.04918,0.02,56.28123,1.333333,0.02,1.333333
24.0,21.04441,0.02,56.26848,1.333333,0.02,1.333333
24.01,21.03329,0.02003333,56.23874,1.335556,0.02003333,1.335556
24.02,21.02534,0.02003333,56.21748,1.335556,0.02003333,1.335556
24.03,21.0317,0.02003333,56.23449,1.335556,0.02003333,1.335556
24.04,21.04918,0.02003333,56.28123,1.335556,0.02003333,1.335556
24.05,21.07779,0.02006667,56.35773,1.337778,0.02006667,1.337778
24.06,21.09686,0.02006667,56.40873,1.337778,0.02006667,1.337778
24.07,21.09686,0.02006667,56.40873,1.337778,0.02006667,1.337778
24.08,21.08574,0.0201,56.37898,1.34,0.0201,1.34
24.09,21.08097,0.0201,56.36623,1.34,0.0201,1.34
24.1,21.08097,0.0201,56.36623,1.34,0.0201,1.34
24.11,21.08097,0.0201,56.36623,1.34,0.0201,1.34
24.12,21.08892,0.0201,56.38748,1.34,0.0201,1.34
24.13,21.1064,0.02013333,56.43423,1.342222,0.02013333,1.342222
24.14,21.12707,0.02013333,56.48948,1.342222,0.02013333,1.342222
24.15,21.13819,0.02013333,56.51923,1.342222,0.02013333,1.342222
24.16,21.14296,0.02013333,56.53197,1.342222,0.02013333,1.342222
24.17,21.14773,0.02016667,56.54472,1.344445,0.02016667,1.344445
24.18,21.15409,0.02016667,56.56172,1.344445,0.02016667,1.344445
24.19,21.15885,0.02016667,56.57447,1.344445,0.02016667,1.344445
24.2,21.16203,0.02016667,56.58297,1.344445,0.02016667,1.344445
24.21,21.16203,0.0202,56.58297,1.346667,0.0202,1.346667
24.22,21.16203,0.0202,56.58297,1.346667,0.0202,1.346667
24.23,21.16362,0.0202,56.58722,1.346667,0.0202,1.346667
24.24,21.1668,0.0202,56.59572,1.346667,0.0202,1.346667
24.25,21.16839,0.02023333,56.59997,1.348889,0.02023333,1.348889
24.26,21.16839,0.02023333,56.59997,1.348889,0.02023333,1.348889
24.27,21.17157,0.02023333,56.60847,1.348889,0.02023333,1.348889
24.28,21.18429,0.02026667,56.64248,1.351111,0.02026667,1.351111
24.29,21.197,0.02026667,56.67647,1.351111,0.02026667,1.351111
24.3,21.20495,0.02026667,56.69772,1.351111,0.02026667,1.351111
24.31,21.20813,0.02026667,56.70622,1.351111,0.02026667,1.351111
24.32,21.22084,0.02026667,56.74022,1.351111,0.02026667,1.351111
24.33,21.24786,0.0203,56.81247,1.353333,0.0203,1.353333
24.34,21.27012,0.0203,56.87197,1.353333,0.0203,1.353333
24.35,21.27647,0.0203,56.88897,1.353333,0.0203,1.353333
24.36,21.26535,0.0203,56.85922,1.353333,0.0203,1.353333
24.37,21.2574,0.02033333,56.83797,1.355556,0.02033333,1.355556
24.38,21.26853,0.02033333,56.86771,1.355556,0.02033333,1.355556
24.39,21.28601,0.02033333,56.91447,1.355556,0.02033333,1.355556
24.4,21.30667,0.02033333,56.96971,1.355556,0.02033333,1.355556
24.41,21.32575,0.02036667,57.02071,1.357778,0.02036667,1.357778
24.42,21.33528,0.02036667,57.04621,1.357778,0.02036667,1.357778
24.43,21.33369,0.02036667,57.04196,1.357778,0.02036667,1.357778
24.44,21.32734,0.0204,57.02496,1.36,0.0204,1.36
24.45,21.33051,0.0204,57.03346,1.36,0.0204,1.36
24.46,21.34164,0.0204,57.06321,1.36,0.0204,1.36
24.47,21.34323,0.0204,57.06746,1.36,0.0204,1.36
24.48,21.34164,0.02043333,57.06321,1.362222,0.02043333,1.362222
24.49,21.34323,0.02043333,57.06746,1.362222,0.02043333,1.362222
24.5,21.36707,0.02043333,57.13121,1.362222,0.02043333,1.362222
24.51,21.40363,0.02043333,57.22896,1.362222,0.02043333,1.362222
24.52,21.42429,0.02043333,57.28421,1.362222,0.02043333,1.362222
24.53,21.41317,0.02046667,57.25446,1.364444,0.02046667,1.364444
24.54,21.39568,0.02046667,57.20771,1.364444,0.02046667,1.364444
24.55,21.38297,0.02046667,57.17371,1.364444,0.02046667,1.364444
24.56,21.38297,0.02046667,57.17371,1.364444,0.02046667,1.364444
24.57,21.39091,0.0205,57.19496,1.366667,0.0205,1.366667
24.58,21.40363,0.0205,57.22896,1.366667,0.0205,1.366667
24.59,21.4084,0.0205,57.24171,1.366667,0.0205,1.366667
24.6,21.39886,0.0205,57.21621,1.366667,0.0205,1.366667
24.61,21.3925,0.02053333,57.19921,1.368889,0.02053333,1.368889
24.62,21.40363,0.02053333,57.22896,1.368889,0.02053333,1.368889
24.63,21.42111,0.02053333,57.2757,1.368889,0.02053333,1.368889
24.64,21.44178,0.02056667,57.33096,1.371111,0.02056667,1.371111
24.65,21.46085,0.02056667,57.38195,1.371111,0.02056667,1.371111
24.66,21.47357,0.02056667,57.41595,1.371111,0.02056667,1.371111
24.67,21.47833,0.02056667,57.4287,1.371111,0.02056667,1.371111
24.68,21.47833,0.02056667,57.4287,1.371111,0.02056667,1.371111
24.69,21.48151,0.0206,57.4372,1.373333,0.0206,1.373333
24.7,21.48628,0.0206,57.44995,1.373333,0.0206,1.373333
24.71,21.50536,0.0206,57.50095,1.373333,0.0206,1.373333
24.72,21.52761,0.0206,57.56045,1.373333,0.0206,1.373333
24.73,21.54827,0.02063333,57.6157,1.375556,0.02063333,1.375556
24.74,21.5594,0.02063333,57.64544,1.375556,0.02063333,1.375556
24.75,21.56734,0.02063333,57.66669,1.375556,0.02063333,1.375556
24.76,21.57688,0.02063333,57.6922,1.375556,0.02063333,1.375556
24.77,21.59278,0.02066667,57.73469,1.377778,0.02066667,1.377778
24.78,21.59913,0.02066667,57.75169,1.377778,0.02066667,1.377778
24.79,21.59278,0.02066667,57.73469,1.377778,0.02066667,1.377778
24.8,21.58801,0.02066667,57.72194,1.377778,0.02066667,1.377778
24.81,21.59278,0.0207,57.73469,1.38,0.0207,1.38
24.82,21.60072,0.0207,57.75594,1.38,0.0207,1.38
24.83,21.59913,0.0207,57.75169,1.38,0.0207,1.38
24.84,21.58801,0.02073333,57.72194,1.382222,0.02073333,1.382222
24.85,21.58483,0.02073333,57.71344,1.382222,0.02073333,1.382222
24.86,21.59595,0.02073333,57.74319,1.382222,0.02073333,1.382222
24.87,21.6198,0.02073333,57.80694,1.382222,0.02073333,1.382222
24.88,21.6341,0.02073333,57.84519,1.382222,0.02073333,1.382222
24.89,21.64046,0.02076667,57.86219,1.384444,0.02076667,1.384444
24.9,21.63728,0.02076667,57.85369,1.384444,0.02076667,1.384444
24.91,21.64046,0.02076667,57.86219,1.384444,0.02076667,1.384444
24.92,21.64841,0.02076667,57.88344,1.384444,0.02076667,1.384444
24.93,21.65794,0.0208,57.90894,1.386667,0.0208,1.386667
24.94,21.66271,0.0208,57.92169,1.386667,0.0208,1.386667
24.95,21.66589,0.0208,57.93019,1.386667,0.0208,1.386667
24.96,21.67702,0.0208,57.95994,1.386667,0.0208,1.386667
24.97,21.68973,0.02083333,57.99394,1.388889,0.02083333,1.388889
24.98,21.68655,0.02083333,57.98544,1.388889,0.02083333,1.388889
24.99,21.68655,0.02083333,57.98544,1.388889,0.02083333,1.388889
25.0,21.70245,0.02083333,58.02794,1.388889,0.02083333,1.388889
25.01,21.71993,0.02086667,58.07468,1.391111,0.02086667,1.391111
25.02,21.72629,0.02086667,58.09168,1.391111,0.02086667,1.391111
25.03,21.72788,0.02086667,58.09594,1.391111,0.02086667,1.391111
25.04,21.74219,0.0209,58.13419,1.393333,0.0209,1.393333
25.05,21.75649,0.0209,58.17243,1.393333,0.0209,1.393333
25.06,21.76285,0.0209,58.18943,1.393333,0.0209,1.393333
25.07,21.75649,0.0209,58.17243,1.393333,0.0209,1.393333
25.08,21.74854,0.0209,58.15118,1.393333,0.0209,1.393333
25.09,21.74854,0.02093333,58.15118,1.395556,0.02093333,1.395556
25.1,21.74854,0.02093333,58.15118,1.395556,0.02093333,1.395556
25.11,21.74377,0.02093333,58.13843,1.395556,0.02093333,1.395556
25.12,21.74219,0.02093333,58.13419,1.395556,0.02093333,1.395556
25.13,21.7549,0.02096667,58.16818,1.397778,0.02096667,1.397778
25.14,21.78033,0.02096667,58.23618,1.397778,0.02096667,1.397778
25.15,21.80417,0.02096667,58.29993,1.397778,0.02096667,1.397778
25.16,21.80576,0.02096667,58.30418,1.397778,0.02096667,1.397778
25.17,21.80576,0.021,58.30418,1.4,0.021,1.4
25.18,21.81371,0.021,58.32543,1.4,0.021,1.4
25.19,21.82166,0.021,58.34668,1.4,0.021,1.4
25.2,21.82484,0.021,58.35518,1.4,0.021,1.4
25.21,21.82961,0.02103333,58.36793,1.402222,0.02103333,1.402222
25.22,21.84073,0.02103333,58.39767,1.402222,0.02103333,1.402222
25.23,21.84073,0.02103333,58.39767,1.402222,0.02103333,1.402222
25.24,21.84232,0.02106667,58.40193,1.404444,0.02106667,1.404444
25.25,21.85663,0.02106667,58.44017,1.404444,0.02106667,1.404444
25.26,21.87093,0.02106667,58.47842,1.404444,0.02106667,1.404444
25.27,21.87888,0.02106667,58.49967,1.404444,0.02106667,1.404444
25.28,21.87888,0.02106667,58.49967,1.404444,0.02106667,1.404444
25.29,21.88524,0.0211,58.51667,1.406667,0.0211,1.406667
25.3,21.89954,0.0211,58.55492,1.406667,0.0211,1.406667
25.31,21.90749,0.0211,58.57617,1.406667,0.0211,1.406667
25.32,21.90272,0.0211,58.56342,1.406667,0.0211,1.406667
25.33,21.90272,0.02113333,58.56342,1.408889,0.02113333,1.408889
25.34,21.92179,0.02113333,58.61442,1.408889,0.02113333,1.408889
25.35,21.94405,0.02113333,58.67392,1.408889,0.02113333,1.408889
25.36,21.95199,0.02113333,58.69517,1.408889,0.02113333,1.408889
25.37,21.9504,0.02116667,58.69091,1.411111,0.02116667,1.411111
25.38,21.95517,0.02116667,58.70367,1.411111,0.02116667,1.411111
25.39,21.95994,0.02116667,58.71642,1.411111,0.02116667,1.411111
25.4,21.95994,0.0212,58.71642,1.413333,0.0212,1.413333
25.41,21.95199,0.0212,58.69517,1.413333,0.0212,1.413333
25.42,21.94246,0.0212,58.66967,1.413333,0.0212,1.413333
25.43,21.93451,0.0212,58.64842,1.413333,0.0212,1.413333
25.44,21.93451,0.02123333,58.64842,1.415556,0.02123333,1.415556
25.45,21.94246,0.02123333,58.66967,1.415556,0.02123333,1.415556
25.46,21.95199,0.02123333,58.69517,1.415556,0.02123333,1.415556
25.47,21.96789,0.02123333,58.73767,1.415556,0.02123333,1.415556
25.48,21.97584,0.02123333,58.75892,1.415556,0.02123333,1.415556
25.49,21.97266,0.02126667,58.75042,1.417778,0.02126667,1.417778
25.5,21.97901,0.02126667,58.76741,1.417778,0.02126667,1.417778
25.51,21.9965,0.02126667,58.81416,1.417778,0.02126667,1.417778
25.52,22.01716,0.02126667,58.86941,1.417778,0.02126667,1.417778
25.53,22.03782,0.0213,58.92466,1.42,0.0213,1.42
25.54,22.05849,0.0213,58.97991,1.42,0.0213,1.42
25.55,22.07438,0.0213,59.02241,1.42,0.0213,1.42
25.56,22.07915,0.0213,59.03516,1.42,0.0213,1.42
25.57,22.0712,0.02133333,59.01391,1.422222,0.02133333,1.422222
25.58,22.06167,0.02133333,58.98841,1.422222,0.02133333,1.422222
25.59,22.05849,0.02133333,58.97991,1.422222,0.02133333,1.422222
25.6,22.06167,0.02133333,58.98841,1.422222,0.02133333,1.422222
25.61,22.06643,0.02136667,59.00116,1.424444,0.02136667,1.424444
25.62,22.06643,0.02136667,59.00116,1.424444,0.02136667,1.424444
25.63,22.0569,0.02136667,58.97566,1.424444,0.02136667,1.424444
25.64,22.05054,0.0214,58.95866,1.426667,0.0214,1.426667
25.65,22.06961,0.0214,59.00966,1.426667,0.0214,1.426667
25.66,22.09345,0.0214,59.07341,1.426667,0.0214,1.426667
25.67,22.10299,0.0214,59.0989,1.426667,0.0214,1.426667
25.68,22.10299,0.0214,59.0989,1.426667,0.0214,1.426667
25.69,22.10299,0.02143333,59.0989,1.428889,0.02143333,1.428889
25.7,22.11412,0.02143333,59.12866,1.428889,0.02143333,1.428889
25.71,22.1316,0.02143333,59.1754,1.428889,0.02143333,1.428889
25.72,22.14432,0.02143333,59.2094,1.428889,0.02143333,1.428889
25.73,22.1475,0.02146667,59.2179,1.431111,0.02146667,1.431111
25.74,22.14432,0.02146667,59.2094,1.431111,0.02146667,1.431111
25.75,22.13955,0.02146667,59.19666,1.431111,0.02146667,1.431111
25.76,22.13637,0.02146667,59.18815,1.431111,0.02146667,1.431111
25.77,22.14273,0.0215,59.20515,1.433333,0.0215,1.433333
25.78,22.15227,0.0215,59.23066,1.433333,0.0215,1.433333
25.79,22.16339,0.0215,59.2604,1.433333,0.0215,1.433333
25.8,22.17293,0.02153333,59.2859,1.435555,0.02153333,1.435555
25.81,22.18405,0.02153333,59.31565,1.435555,0.02153333,1.435555
25.82,22.19677,0.02153333,59.34965,1.435555,0.02153333,1.435555
25.83,22.20949,0.02153333,59.38365,1.435555,0.02153333,1.435555
25.84,22.21266,0.02153333,59.39215,1.435555,0.02153333,1.435555
25.85,22.21743,0.02156667,59.4049,1.437778,0.02156667,1.437778
25.86,22.22856,0.02156667,59.43465,1.437778,0.02156667,1.437778
25.87,22.23333,0.02156667,59.4474,1.437778,0.02156667,1.437778
25.88,22.22061,0.02156667,59.4134,1.437778,0.02156667,1.437778
25.89,22.21266,0.0216,59.39215,1.44,0.0216,1.44
25.9,22.2222,0.0216,59.41764,1.44,0.0216,1.44
25.91,22.2381,0.0216,59.46015,1.44,0.0216,1.44
25.92,22.24127,0.02163333,59.46864,1.442222,0.02163333,1.442222
25.93,22.23015,0.02163333,59.4389,1.442222,0.02163333,1.442222
25.94,22.21743,0.02163333,59.4049,1.442222,0.02163333,1.442222
25.95,22.20949,0.02163333,59.38365,1.442222,0.02163333,1.442222
25.96,22.22061,0.02163333,59.4134,1.442222,0.02163333,1.442222
25.97,22.24286,0.02166667,59.4729,1.444444,0.02166667,1.444444
25.98,22.26671,0.02166667,59.53665,1.444444,0.02166667,1.444444
25.99,22.27942,0.02166667,59.57064,1.444444,0.02166667,1.444444
26.0,22.2826,0.0217,59.57914,1.446667,0.0217,1.446667
26.01,22.29373,0.0217,59.60889,1.446667,0.0217,1.446667
26.02,22.30644,0.0217,59.64289,1.446667,0.0217,1.446667
26.03,22.30803,0.0217,59.64714,1.446667,0.0217,1.446667
26.04,22.29532,0.02173333,59.61314,1.448889,0.02173333,1.448889
26.05,22.27783,0.02173333,59.56639,1.448889,0.02173333,1.448889
26.06,22.27783,0.02173333,59.56639,1.448889,0.02173333,1.448889
26.07,22.30326,0.02173333,59.63439,1.448889,0.02173333,1.448889
26.08,22.33505,0.02173333,59.71939,1.448889,0.02173333,1.448889
26.09,22.35254,0.02176667,59.76614,1.451111,0.02176667,1.451111
26.1,22.35889,0.02176667,59.78314,1.451111,0.02176667,1.451111
26.11,22.36366,0.02176667,59.79589,1.451111,0.02176667,1.451111
26.12,22.36525,0.02176667,59.80014,1.451111,0.02176667,1.451111
26.13,22.36525,0.0218,59.80014,1.453333,0.0218,1.453333
26.14,22.37161,0.0218,59.81714,1.453333,0.0218,1.453333
26.15,22.38433,0.0218,59.85114,1.453333,0.0218,1.453333
26.16,22.40022,0.0218,59.89363,1.453333,0.0218,1.453333
26.17,22.40976,0.02183333,59.91914,1.455556,0.02183333,1.455556
26.18,22.41294,0.02183333,59.92763,1.455556,0.02183333,1.455556
26.19,22.41611,0.02183333,59.93613,1.455556,0.02183333,1.455556
26.2,22.42883,0.02186667,59.97013,1.457778,0.02186667,1.457778
26.21,22.43837,0.02186667,59.99563,1.457778,0.02186667,1.457778
26.22,22.44155,0.02186667,60.00413,1.457778,0.02186667,1.457778
26.23,22.44155,0.02186667,60.00413,1.457778,0.02186667,1.457778
26.24,22.44949,0.02186667,60.02538,1.457778,0.02186667,1.457778
26.25,22.45426,0.0219,60.03813,1.46,0.0219,1.46
26.26,22.45108,0.0219,60.02963,1.46,0.0219,1.46
26.27,22.44473,0.0219,60.01263,1.46,0.0219,1.46
26.28,22.44473,0.0219,60.01263,1.46,0.0219,1.46
26.29,22.45426,0.02193333,60.03813,1.462222,0.02193333,1.462222
26.3,22.47334,0.02193333,60.08913,1.462222,0.02193333,1.462222
26.31,22.48764,0.02193333,60.12738,1.462222,0.02193333,1.462222
26.32,22.50195,0.02193333,60.16563,1.462222,0.02193333,1.462222
26.33,22.51466,0.02196667,60.19963,1.464444,0.02196667,1.464444
26.34,22.53056,0.02196667,60.24213,1.464444,0.02196667,1.464444
26.35,22.54327,0.02196667,60.27613,1.464444,0.02196667,1.464444
26.36,22.55122,0.02196667,60.29737,1.464444,0.02196667,1.464444
26.37,22.55122,0.022,60.29737,1.466667,0.022,1.466667
26.38,22.55122,0.022,60.29737,1.466667,0.022,1.466667
26.39,22.55122,0.022,60.29737,1.466667,0.022,1.466667
26.4,22.55599,0.02203333,60.31012,1.468889,0.02203333,1.468889
26.41,22.56075,0.02203333,60.32287,1.468889,0.02203333,1.468889
26.42,22.55917,0.02203333,60.31862,1.468889,0.02203333,1.468889
26.43,22.54804,0.02203333,60.28888,1.468889,0.02203333,1.468889
26.44,22.54327,0.02203333,60.27613,1.468889,0.02203333,1.468889
26.45,22.55599,0.02206667,60.31012,1.471111,0.02206667,1.471111
26.46,22.57983,0.02206667,60.37387,1.471111,0.02206667,1.471111
26.47,22.59413,0.02206667,60.41212,1.471111,0.02206667,1.471111
26.48,22.60526,0.02206667,60.44187,1.471111,0.02206667,1.471111
26.49,22.60208,0.0221,60.43337,1.473333,0.0221,1.473333
26.5,22.5846,0.0221,60.38662,1.473333,0.0221,1.473333
26.51,22.56552,0.0221,60.33562,1.473333,0.0221,1.473333
26.52,22.57347,0.0221,60.35687,1.473333,0.0221,1.473333
26.53,22.59731,0.02213333,60.42062,1.475556,0.02213333,1.475556
26.54,22.62592,0.02213333,60.49712,1.475556,0.02213333,1.475556
26.55,22.64659,0.02213333,60.55236,1.475556,0.02213333,1.475556
26.56,22.6593,0.02213333,60.58636,1.475556,0.02213333,1.475556
26.57,22.66248,0.02216667,60.59487,1.477778,0.02216667,1.477778
26.58,22.6593,0.02216667,60.58636,1.477778,0.02216667,1.477778
26.59,22.65453,0.02216667,60.57362,1.477778,0.02216667,1.477778
26.6,22.65771,0.0222,60.58212,1.48,0.0222,1.48
26.61,22.67361,0.0222,60.62461,1.48,0.0222,1.48
26.62,22.69427,0.0222,60.67986,1.48,0.0222,1.48
26.63,22.70857,0.0222,60.71811,1.48,0.0222,1.48
26.64,22.70857,0.0222,60.71811,1.48,0.0222,1.48
26.65,22.70381,0.02223333,60.70536,1.482222,0.02223333,1.482222
26.66,22.69586,0.02223333,60.68412,1.482222,0.02223333,1.482222
26.67,22.69586,0.02223333,60.68412,1.482222,0.02223333,1.482222
26.68,22.70699,0.02223333,60.71386,1.482222,0.02223333,1.482222
26.69,22.72447,0.02226667,60.76061,1.484444,0.02226667,1.484444
26.7,22.74513,0.02226667,60.81586,1.484444,0.02226667,1.484444
26.71,22.76103,0.02226667,60.85836,1.484444,0.02226667,1.484444
26.72,22.76897,0.02226667,60.87961,1.484444,0.02226667,1.484444
26.73,22.76897,0.0223,60.87961,1.486667,0.0223,1.486667
26.74,22.77215,0.0223,60.88811,1.486667,0.0223,1.486667
26.75,22.77692,0.0223,60.90086,1.486667,0.0223,1.486667
26.76,22.77692,0.02233333,60.90086,1.488889,0.02233333,1.488889
26.77,22.78487,0.02233333,60.9221,1.488889,0.02233333,1.488889
26.78,22.80076,0.02233333,60.96461,1.488889,0.02233333,1.488889
26.79,22.80553,0.02233333,60.97736,1.488889,0.02233333,1.488889
26.8,22.79282,0.02236667,60.94336,1.491111,0.02236667,1.491111
26.81,22.77692,0.02236667,60.90086,1.491111,0.02236667,1.491111
26.82,22.76897,0.02236667,60.87961,1.491111,0.02236667,1.491111
26.83,22.7801,0.02236667,60.90936,1.491111,0.02236667,1.491111
26.84,22.80553,0.02236667,60.97736,1.491111,0.02236667,1.491111
26.85,22.83414,0.0224,61.05386,1.493333,0.0224,1.493333
26.86,22.85004,0.0224,61.09635,1.493333,0.0224,1.493333
26.87,22.84527,0.0224,61.0836,1.493333,0.0224,1.493333
26.88,22.83096,0.0224,61.04535,1.493333,0.0224,1.493333
26.89,22.82143,0.02243333,61.01986,1.495556,0.02243333,1.495556
26.9,22.81666,0.02243333,61.00711,1.495556,0.02243333,1.495556
26.91,22.82619,0.02243333,61.0326,1.495556,0.02243333,1.495556
26.92,22.85957,0.02243333,61.12185,1.495556,0.02243333,1.495556
26.93,22.90249,0.02246667,61.2366,1.497778,0.02246667,1.497778
26.94,22.92474,0.02246667,61.2961,1.497778,0.02246667,1.497778
26.95,22.9311,0.02246667,61.3131,1.497778,0.02246667,1.497778
26.96,22.92792,0.0225,61.3046,1.5,0.0225,1.5
26.97,22.9311,0.0225,61.3131,1.5,0.0225,1.5
26.98,22.94064,0.0225,61.3386,1.5,0.0225,1.5
26.99,22.9454,0.0225,61.35135,1.5,0.0225,1.5
27.0,22.95176,0.02253333,61.36834,1.502222,0.02253333,1.502222
27.01,22.95335,0.02253333,61.3726,1.502222,0.02253333,1.502222
27.02,22.9454,0.02253333,61.35135,1.502222,0.02253333,1.502222
27.03,22.93269,0.02253333,61.31734,1.502222,0.02253333,1.502222
27.04,22.93269,0.02253333,61.31734,1.502222,0.02253333,1.502222
27.05,22.95176,0.02256667,61.36834,1.504444,0.02256667,1.504444
27.06,22.97243,0.02256667,61.4236,1.504444,0.02256667,1.504444
27.07,22.97719,0.02256667,61.43634,1.504444,0.02256667,1.504444
27.08,22.96766,0.02256667,61.41085,1.504444,0.02256667,1.504444
27.09,22.95653,0.0226,61.38109,1.506667,0.0226,1.506667
27.1,22.9613,0.0226,61.39384,1.506667,0.0226,1.506667
27.11,22.98514,0.0226,61.45759,1.506667,0.0226,1.506667
27.12,23.00262,0.0226,61.50434,1.506667,0.0226,1.506667
27.13,22.99786,0.02263333,61.49159,1.508889,0.02263333,1.508889
27.14,22.98514,0.02263333,61.45759,1.508889,0.02263333,1.508889
27.15,22.98196,0.02263333,61.44909,1.508889,0.02263333,1.508889
27.16,22.98514,0.02266667,61.45759,1.511111,0.02266667,1.511111
27.17,22.98832,0.02266667,61.46609,1.511111,0.02266667,1.511111
27.18,22.99309,0.02266667,61.47884,1.511111,0.02266667,1.511111
27.19,23.00898,0.02266667,61.52134,1.511111,0.02266667,1.511111
27.2,23.02647,0.02266667,61.56809,1.511111,0.02266667,1.511111
27.21,23.04713,0.0227,61.62334,1.513333,0.0227,1.513333
27.22,23.06779,0.0227,61.67859,1.513333,0.0227,1.513333
27.23,23.0821,0.0227,61.71684,1.513333,0.0227,1.513333
27.24,23.07892,0.0227,61.70834,1.513333,0.0227,1.513333
27.25,23.06779,0.02273333,61.67859,1.515556,0.02273333,1.515556
27.26,23.06779,0.02273333,61.67859,1.515556,0.02273333,1.515556
27.27,23.07574,0.02273333,61.69983,1.515556,0.02273333,1.515556
27.28,23.08846,0.02273333,61.73384,1.515556,0.02273333,1.515556
27.29,23.10435,0.02276667,61.77633,1.517778,0.02276667,1.517778
27.3,23.12342,0.02276667,61.82733,1.517778,0.02276667,1.517778
27.31,23.13614,0.02276667,61.86133,1.517778,0.02276667,1.517778
27.32,23.14091,0.02276667,61.87408,1.517778,0.02276667,1.517778
27.33,23.14409,0.0228,61.88258,1.52,0.0228,1.52
27.34,23.1568,0.0228,61.91658,1.52,0.0228,1.52
27.35,23.16475,0.0228,61.93783,1.52,0.0228,1.52
27.36,23.16157,0.02283333,61.92933,1.522222,0.02283333,1.522222
27.37,23.15998,0.02283333,61.92508,1.522222,0.02283333,1.522222
27.38,23.1568,0.02283333,61.91658,1.522222,0.02283333,1.522222
27.39,23.14568,0.02283333,61.88683,1.522222,0.02283333,1.522222
27.4,23.13296,0.02286667,61.85283,1.524444,0.02286667,1.524444
27.41,23.13932,0.02286667,61.86983,1.524444,0.02286667,1.524444
27.42,23.16793,0.02286667,61.94633,1.524444,0.02286667,1.524444
27.43,23.19813,0.02286667,62.02708,1.524444,0.02286667,1.524444
27.44,23.21879,0.02286667,62.08232,1.524444,0.02286667,1.524444
27.45,23.22674,0.0229,62.10358,1.526667,0.0229,1.526667
27.46,23.22674,0.0229,62.10358,1.526667,0.0229,1.526667
27.47,23.22992,0.0229,62.11208,1.526667,0.0229,1.526667
27.48,23.23151,0.0229,62.11633,1.526667,0.0229,1.526667
27.49,23.23151,0.02293333,62.11633,1.528889,0.02293333,1.528889
27.5,23.23945,0.02293333,62.13758,1.528889,0.02293333,1.528889
27.51,23.25058,0.02293333,62.16732,1.528889,0.02293333,1.528889
27.52,23.25058,0.02296667,62.16732,1.531111,0.02296667,1.531111
27.53,23.2474,0.02296667,62.15882,1.531111,0.02296667,1.531111
27.54,23.25853,0.02296667,62.18858,1.531111,0.02296667,1.531111
27.55,23.27601,0.02296667,62.23532,1.531111,0.02296667,1.531111
27.56,23.29191,0.023,62.27782,1.533333,0.023,1.533333
27.57,23.29985,0.023,62.29907,1.533333,0.023,1.533333
27.58,23.30462,0.023,62.31182,1.533333,0.023,1.533333
27.59,23.31098,0.023,62.32882,1.533333,0.023,1.533333
27.6,23.3078,0.023,62.32032,1.533333,0.023,1.533333
27.61,23.30462,0.02303333,62.31182,1.535556,0.02303333,1.535556
27.62,23.30462,0.02303333,62.31182,1.535556,0.02303333,1.535556
27.63,23.31893,0.02303333,62.35007,1.535556,0.02303333,1.535556
27.64,23.33959,0.02306667,62.40532,1.537778,0.02306667,1.537778
27.65,23.3523,0.02306667,62.43932,1.537778,0.02306667,1.537778
27.66,23.3539,0.02306667,62.44357,1.537778,0.02306667,1.537778
27.67,23.3539,0.02306667,62.44357,1.537778,0.02306667,1.537778
27.68,23.3523,0.0231,62.43932,1.54,0.0231,1.54
27.69,23.34913,0.0231,62.43082,1.54,0.0231,1.54
27.7,23.34754,0.0231,62.42656,1.54,0.0231,1.54
27.71,23.34118,0.0231,62.40957,1.54,0.0231,1.54
27.72,23.33959,0.02313333,62.40532,1.542222,0.02313333,1.542222
27.73,23.34436,0.02313333,62.41807,1.542222,0.02313333,1.542222
27.74,23.35707,0.02313333,62.45206,1.542222,0.02313333,1.542222
27.75,23.38091,0.02313333,62.51581,1.542222,0.02313333,1.542222
27.76,23.40476,0.02316667,62.57956,1.544445,0.02316667,1.544445
27.77,23.41906,0.02316667,62.61781,1.544445,0.02316667,1.544445
27.78,23.41906,0.02316667,62.61781,1.544445,0.02316667,1.544445
27.79,23.40635,0.02316667,62.58381,1.544445,0.02316667,1.544445
27.8,23.39681,0.0232,62.55832,1.546667,0.0232,1.546667
27.81,23.40952,0.0232,62.59231,1.546667,0.0232,1.546667
27.82,23.43337,0.0232,62.65606,1.546667,0.0232,1.546667
27.83,23.44767,0.0232,62.69431,1.546667,0.0232,1.546667
27.84,23.45403,0.0232,62.71131,1.546667,0.0232,1.546667
27.85,23.45562,0.02323333,62.71556,1.548889,0.02323333,1.548889
27.86,23.46357,0.02323333,62.73681,1.548889,0.02323333,1.548889
27.87,23.47628,0.02323333,62.77081,1.548889,0.02323333,1.548889
27.88,23.48741,0.02323333,62.80056,1.548889,0.02323333,1.548889
27.89,23.48741,0.02326667,62.80056,1.551111,0.02326667,1.551111
27.9,23.48264,0.02326667,62.78781,1.551111,0.02326667,1.551111
27.91,23.48264,0.02326667,62.78781,1.551111,0.02326667,1.551111
27.92,23.49059,0.02326667,62.80906,1.551111,0.02326667,1.551111
27.93,23.5033,0.0233,62.84306,1.553333,0.0233,1.553333
27.94,23.5192,0.0233,62.88555,1.553333,0.0233,1.553333
27.95,23.52873,0.0233,62.91105,1.553333,0.0233,1.553333
27.96,23.5335,0.02333333,62.9238,1.555556,0.02333333,1.555556
27.97,23.53668,0.02333333,62.9323,1.555556,0.02333333,1.555556
27.98,23.53668,0.02333333,62.9323,1.555556,0.02333333,1.555556
27.99,23.53191,0.02333333,62.91955,1.555556,0.02333333,1.555556
28.0,23.52873,0.02333333,62.91105,1.555556,0.02333333,1.555556
28.01,23.53668,0.02336667,62.9323,1.557778,0.02336667,1.557778
28.02,23.55417,0.02336667,62.97905,1.557778,0.02336667,1.557778
28.03,23.57324,0.02336667,63.03005,1.557778,0.02336667,1.557778
28.04,23.59072,0.02336667,63.0768,1.557778,0.02336667,1.557778
28.05,23.59867,0.0234,63.09805,1.56,0.0234,1.56
28.06,23.58913,0.0234,63.07255,1.56,0.0234,1.56
28.07,23.56529,0.0234,63.0088,1.56,0.0234,1.56
28.08,23.54463,0.0234,62.95355,1.56,0.0234,1.56
28.09,23.54781,0.02343333,62.96205,1.562222,0.02343333,1.562222
28.1,23.56847,0.02343333,63.0173,1.562222,0.02343333,1.562222
28.11,23.5939,0.02343333,63.0853,1.562222,0.02343333,1.562222
28.12,23.60185,0.02346667,63.10655,1.564444,0.02346667,1.564444
28.13,23.5939,0.02346667,63.0853,1.564444,0.02346667,1.564444
28.14,23.59072,0.02346667,63.0768,1.564444,0.02346667,1.564444
28.15,23.60503,0.02346667,63.11505,1.564444,0.02346667,1.564444
28.16,23.61774,0.0235,63.14905,1.566667,0.0235,1.566667
28.17,23.61774,0.0235,63.14905,1.566667,0.0235,1.566667
28.18,23.62251,0.0235,63.1618,1.566667,0.0235,1.566667
28.19,23.64635,0.0235,63.22554,1.566667,0.0235,1.566667
28.2,23.6845,0.02353333,63.32754,1.568889,0.02353333,1.568889
28.21,23.70834,0.02353333,63.39129,1.568889,0.02353333,1.568889
28.22,23.7004,0.02353333,63.37004,1.568889,0.02353333,1.568889
28.23,23.67973,0.02353333,63.31479,1.568889,0.02353333,1.568889
28.24,23.67655,0.02356667,63.30629,1.571111,0.02356667,1.571111
28.25,23.69563,0.02356667,63.35729,1.571111,0.02356667,1.571111
28.26,23.71152,0.02356667,63.39979,1.571111,0.02356667,1.571111
28.27,23.71152,0.02356667,63.39979,1.571111,0.02356667,1.571111
28.28,23.70358,0.02356667,63.37854,1.571111,0.02356667,1.571111
28.29,23.69563,0.0236,63.35729,1.573333,0.0236,1.573333
28.3,23.69245,0.0236,63.34879,1.573333,0.0236,1.573333
28.31,23.69245,0.0236,63.34879,1.573333,0.0236,1.573333
28.32,23.69563,0.02363333,63.35729,1.575556,0.02363333,1.575556
28.33,23.7004,0.02363333,63.37004,1.575556,0.02363333,1.575556
28.34,23.71629,0.02363333,63.41254,1.575556,0.02363333,1.575556
28.35,23.74013,0.02363333,63.47629,1.575556,0.02363333,1.575556
28.36,23.75444,0.02366667,63.51454,1.577778,0.02366667,1.577778
28.37,23.76238,0.02366667,63.53579,1.577778,0.02366667,1.577778
28.38,23.76238,0.02366667,63.53579,1.577778,0.02366667,1.577778
28.39,23.7608,0.02366667,63.53154,1.577778,0.02366667,1.577778
28.4,23.7608,0.02366667,63.53154,1.577778,0.02366667,1.577778
28.41,23.76556,0.0237,63.54428,1.58,0.0237,1.58
28.42,23.77033,0.0237,63.55704,1.58,0.0237,1.58
28.43,23.78305,0.0237,63.59104,1.58,0.0237,1.58
28.44,23.80212,0.0237,63.64204,1.58,0.0237,1.58
28.45,23.82278,0.02373333,63.69728,1.582222,0.02373333,1.582222
28.46,23.82755,0.02373333,63.71003,1.582222,0.02373333,1.582222
28.47,23.82278,0.02373333,63.69728,1.582222,0.02373333,1.582222
28.48,23.82278,0.02373333,63.69728,1.582222,0.02373333,1.582222
28.49,23.83391,0.02376667,63.72703,1.584444,0.02376667,1.584444
28.5,23.84345,0.02376667,63.75253,1.584444,0.02376667,1.584444
28.51,23.83868,0.02376667,63.73978,1.584444,0.02376667,1.584444
28.52,23.8196,0.0238,63.68878,1.586667,0.0238,1.586667
28.53,23.81007,0.0238,63.66328,1.586667,0.0238,1.586667
28.54,23.81325,0.0238,63.67178,1.586667,0.0238,1.586667
28.55,23.82596,0.0238,63.70578,1.586667,0.0238,1.586667
28.56,23.84345,0.02383333,63.75253,1.588889,0.02383333,1.588889
28.57,23.86411,0.02383333,63.80778,1.588889,0.02383333,1.588889
28.58,23.88795,0.02383333,63.87153,1.588889,0.02383333,1.588889
28.59,23.90544,0.02383333,63.91827,1.588889,0.02383333,1.588889
28.6,23.91974,0.02383333,63.95652,1.588889,0.02383333,1.588889
28.61,23.92451,0.02386667,63.96927,1.591111,0.02386667,1.591111
28.62,23.92133,0.02386667,63.96078,1.591111,0.02386667,1.591111
28.63,23.91656,0.02386667,63.94803,1.591111,0.02386667,1.591111
28.64,23.91974,0.02386667,63.95652,1.591111,0.02386667,1.591111
28.65,23.92928,0.0239,63.98202,1.593333,0.0239,1.593333
28.66,23.9404,0.0239,64.01177,1.593333,0.0239,1.593333
28.67,23.94835,0.0239,64.03302,1.593333,0.0239,1.593333
28.68,23.95789,0.0239,64.05852,1.593333,0.0239,1.593333
28.69,23.97696,0.02393333,64.10952,1.595556,0.02393333,1.595556
28.7,23.98173,0.02393333,64.12227,1.595556,0.02393333,1.595556
28.71,23.9706,0.02393333,64.09252,1.595556,0.02393333,1.595556
28.72,23.96584,0.02396667,64.07977,1.597778,0.02396667,1.597778
28.73,23.97855,0.02396667,64.11377,1.597778,0.02396667,1.597778
28.74,24.00239,0.02396667,64.17752,1.597778,0.02396667,1.597778
28.75,24.01829,0.02396667,64.22002,1.597778,0.02396667,1.597778
28.76,24.02782,0.02396667,64.24551,1.597778,0.02396667,1.597778
28.77,24.031,0.024,64.25402,1.6,0.024,1.6
28.78,24.01988,0.024,64.22427,1.6,0.024,1.6
28.79,24.00557,0.024,64.18602,1.6,0.024,1.6
28.8,23.99763,0.024,64.16477,1.6,0.024,1.6
28.81,24.00557,0.02403333,64.18602,1.602222,0.02403333,1.602222
28.82,24.01511,0.02403333,64.21152,1.602222,0.02403333,1.602222
28.83,24.02306,0.02403333,64.23277,1.602222,0.02403333,1.602222
28.84,24.031,0.02403333,64.25402,1.602222,0.02403333,1.602222
28.85,24.0469,0.02406667,64.29652,1.604444,0.02406667,1.604444
28.86,24.06279,0.02406667,64.33901,1.604444,0.02406667,1.604444
28.87,24.06438,0.02406667,64.34327,1.604444,0.02406667,1.604444
28.88,24.05643,0.02406667,64.32201,1.604444,0.02406667,1.604444
28.89,24.04213,0.0241,64.28377,1.606667,0.0241,1.606667
28.9,24.03895,0.0241,64.27527,1.606667,0.0241,1.606667
28.91,24.05167,0.0241,64.30927,1.606667,0.0241,1.606667
28.92,24.06438,0.02413333,64.34327,1.608889,0.02413333,1.608889
28.93,24.06279,0.02413333,64.33901,1.608889,0.02413333,1.608889
28.94,24.06438,0.02413333,64.34327,1.608889,0.02413333,1.608889
28.95,24.0771,0.02413333,64.37727,1.608889,0.02413333,1.608889
28.96,24.08504,0.02413333,64.39851,1.608889,0.02413333,1.608889
28.97,24.08822,0.02416667,64.40701,1.611111,0.02416667,1.611111
28.98,24.0914,0.02416667,64.41551,1.611111,0.02416667,1.611111
28.99,24.09617,0.02416667,64.42826,1.611111,0.02416667,1.611111
29.0,24.09935,0.0242,64.43676,1.613333,0.0242,1.613333
29.01,24.09935,0.0242,64.43676,1.613333,0.0242,1.613333
29.02,24.08822,0.0242,64.40701,1.613333,0.0242,1.613333
29.03,24.0771,0.0242,64.37727,1.613333,0.0242,1.613333
29.04,24.08346,0.0242,64.39426,1.613333,0.0242,1.613333
29.05,24.09617,0.02423333,64.42826,1.615556,0.02423333,1.615556
29.06,24.10412,0.02423333,64.44951,1.615556,0.02423333,1.615556
29.07,24.11366,0.02423333,64.47501,1.615556,0.02423333,1.615556
29.08,24.13273,0.02426667,64.52601,1.617778,0.02426667,1.617778
29.09,24.15657,0.02426667,64.58976,1.617778,0.02426667,1.617778
29.1,24.17406,0.02426667,64.63651,1.617778,0.02426667,1.617778
29.11,24.18518,0.02426667,64.66626,1.617778,0.02426667,1.617778
29.12,24.19154,0.0243,64.68325,1.62,0.0243,1.62
29.13,24.19949,0.0243,64.70451,1.62,0.0243,1.62
29.14,24.21379,0.0243,64.74275,1.62,0.0243,1.62
29.15,24.22333,0.0243,64.76826,1.62,0.0243,1.62
29.16,24.22333,0.0243,64.76826,1.62,0.0243,1.62
29.17,24.21856,0.02433333,64.7555,1.622222,0.02433333,1.622222
29.18,24.21538,0.02433333,64.747,1.622222,0.02433333,1.622222
29.19,24.21538,0.02433333,64.747,1.622222,0.02433333,1.622222
29.2,24.20743,0.02433333,64.72575,1.622222,0.02433333,1.622222
29.21,24.18677,0.02436667,64.6705,1.624444,0.02436667,1.624444
29.22,24.17406,0.02436667,64.63651,1.624444,0.02436667,1.624444
29.23,24.182,0.02436667,64.65775,1.624444,0.02436667,1.624444
29.24,24.20584,0.02436667,64.7215,1.624444,0.02436667,1.624444
29.25,24.23445,0.0244,64.798,1.626667,0.0244,1.626667
29.26,24.25671,0.0244,64.8575,1.626667,0.0244,1.626667
29.27,24.27101,0.0244,64.89575,1.626667,0.0244,1.626667
29.28,24.28373,0.0244,64.92975,1.626667,0.0244,1.626667
29.29,24.29326,0.02443333,64.95525,1.628889,0.02443333,1.628889
29.3,24.29644,0.02443333,64.96375,1.628889,0.02443333,1.628889
29.31,24.29326,0.02443333,64.95525,1.628889,0.02443333,1.628889
29.32,24.29962,0.02446667,64.97224,1.631111,0.02446667,1.631111
29.33,24.30757,0.02446667,64.9935,1.631111,0.02446667,1.631111
29.34,24.30757,0.02446667,64.9935,1.631111,0.02446667,1.631111
29.35,24.29962,0.02446667,64.97224,1.631111,0.02446667,1.631111
29.36,24.29326,0.02446667,64.95525,1.631111,0.02446667,1.631111
29.37,24.29644,0.0245,64.96375,1.633333,0.0245,1.633333
29.38,24.30121,0.0245,64.97649,1.633333,0.0245,1.633333
29.39,24.30916,0.0245,64.99775,1.633333,0.0245,1.633333
29.4,24.32505,0.0245,65.04025,1.633333,0.0245,1.633333
29.41,24.34254,0.02453333,65.087,1.635556,0.02453333,1.635556
29.42,24.35366,0.02453333,65.11674,1.635556,0.02453333,1.635556
29.43,24.35843,0.02453333,65.12949,1.635556,0.02453333,1.635556
29.44,24.36638,0.02453333,65.15074,1.635556,0.02453333,1.635556
29.45,24.38704,0.02456667,65.20599,1.637778,0.02456667,1.637778
29.46,24.41088,0.02456667,65.26974,1.637778,0.02456667,1.637778
29.47,24.42201,0.02456667,65.29949,1.637778,0.02456667,1.637778
29.48,24.42201,0.0246,65.29949,1.64,0.0246,1.64
29.49,24.42201,0.0246,65.29949,1.64,0.0246,1.64
29.5,24.42837,0.0246,65.31649,1.64,0.0246,1.64
29.51,24.43632,0.0246,65.33774,1.64,0.0246,1.64
29.52,24.43949,0.02463333,65.34624,1.642222,0.02463333,1.642222
29.53,24.43632,0.02463333,65.33774,1.642222,0.02463333,1.642222
29.54,24.43472,0.02463333,65.33349,1.642222,0.02463333,1.642222
29.55,24.42837,0.02463333,65.31649,1.642222,0.02463333,1.642222
29.56,24.43155,0.02463333,65.32499,1.642222,0.02463333,1.642222
29.57,24.44744,0.02466667,65.36749,1.644444,0.02466667,1.644444
29.58,24.47287,0.02466667,65.43549,1.644444,0.02466667,1.644444
29.59,24.49671,0.02466667,65.49923,1.644444,0.02466667,1.644444
29.6,24.50943,0.02466667,65.53323,1.644444,0.02466667,1.644444
29.61,24.50943,0.0247,65.53323,1.646667,0.0247,1.646667
29.62,24.50943,0.0247,65.53323,1.646667,0.0247,1.646667
29.63,24.50943,0.0247,65.53323,1.646667,0.0247,1.646667
29.64,24.50466,0.0247,65.52048,1.646667,0.0247,1.646667
29.65,24.50148,0.02473333,65.51198,1.648889,0.02473333,1.648889
29.66,24.50148,0.02473333,65.51198,1.648889,0.02473333,1.648889
29.67,24.50466,0.02473333,65.52048,1.648889,0.02473333,1.648889
29.68,24.5142,0.02476667,65.54598,1.651111,0.02476667,1.651111
29.69,24.53009,0.02476667,65.58848,1.651111,0.02476667,1.651111
29.7,24.54281,0.02476667,65.62248,1.651111,0.02476667,1.651111
29.71,24.55076,0.02476667,65.64373,1.651111,0.02476667,1.651111
29.72,24.5587,0.0248,65.66498,1.653333,0.0248,1.653333
29.73,24.57142,0.0248,65.69897,1.653333,0.0248,1.653333
29.74,24.58254,0.0248,65.72873,1.653333,0.0248,1.653333
29.75,24.58731,0.0248,65.74148,1.653333,0.0248,1.653333
29.76,24.58731,0.02483333,65.74148,1.655555,0.02483333,1.655555
29.77,24.59367,0.02483333,65.75848,1.655555,0.02483333,1.655555
29.78,24.60003,0.02483333,65.77547,1.655555,0.02483333,1.655555
29.79,24.60003,0.02483333,65.77547,1.655555,0.02483333,1.655555
29.8,24.59367,0.02483333,65.75848,1.655555,0.02483333,1.655555
29.81,24.58731,0.02486667,65.74148,1.657778,0.02486667,1.657778
29.82,24.59049,0.02486667,65.74998,1.657778,0.02486667,1.657778
29.83,24.59526,0.02486667,65.76273,1.657778,0.02486667,1.657778
29.84,24.60003,0.02486667,65.77547,1.657778,0.02486667,1.657778
29.85,24.60639,0.0249,65.79247,1.66,0.0249,1.66
29.86,24.61433,0.0249,65.81373,1.66,0.0249,1.66
29.87,24.62864,0.0249,65.85197,1.66,0.0249,1.66
29.88,24.64294,0.02493333,65.89022,1.662222,0.02493333,1.662222
29.89,24.64453,0.02493333,65.89447,1.662222,0.02493333,1.662222
29.9,24.64453,0.02493333,65.89447,1.662222,0.02493333,1.662222
29.91,24.64771,0.02493333,65.90297,1.662222,0.02493333,1.662222
29.92,24.64453,0.02496667,65.89447,1.664444,0.02496667,1.664444
29.93,24.63659,0.02496667,65.87322,1.664444,0.02496667,1.664444
29.94,24.63976,0.02496667,65.88172,1.664444,0.02496667,1.664444
29.95,24.65566,0.02496667,65.92422,1.664444,0.02496667,1.664444
29.96,24.67314,0.02496667,65.97097,1.664444,0.02496667,1.664444
29.97,24.68586,0.025,66.00497,1.666667,0.025,1.666667
29.98,24.70016,0.025,66.04322,1.666667,0.025,1.666667
29.99,24.71288,0.025,66.07722,1.666667,0.025,1.666667
30.0,24.72878,0.02503333,66.11972,1.668889,0.02503333,1.668889
30.01,24.73354,0.02503333,66.13247,1.668889,0.02503333,1.668889
30.02,24.73672,0.02503333,66.14097,1.668889,0.02503333,1.668889
30.03,24.73672,0.02503333,66.14097,1.668889,0.02503333,1.668889
30.04,24.73831,0.02503333,66.14522,1.668889,0.02503333,1.668889
30.05,24.73831,0.02506667,66.14522,1.671111,0.02506667,1.671111
30.06,24.75421,0.02506667,66.18771,1.671111,0.02506667,1.671111
30.07,24.77169,0.02506667,66.23447,1.671111,0.02506667,1.671111
30.08,24.77487,0.0251,66.24297,1.673333,0.0251,1.673333
30.09,24.75739,0.0251,66.19621,1.673333,0.0251,1.673333
30.1,24.74149,0.0251,66.15372,1.673333,0.0251,1.673333
30.11,24.73672,0.0251,66.14097,1.673333,0.0251,1.673333
30.12,24.74944,0.02513333,66.17496,1.675556,0.02513333,1.675556
30.13,24.7701,0.02513333,66.23022,1.675556,0.02513333,1.675556
30.14,24.79394,0.02513333,66.29396,1.675556,0.02513333,1.675556
30.15,24.80666,0.02513333,66.32796,1.675556,0.02513333,1.675556
30.16,24.80189,0.02516667,66.31521,1.677778,0.02516667,1.677778
30.17,24.79553,0.02516667,66.29821,1.677778,0.02516667,1.677778
30.18,24.79076,0.02516667,66.28546,1.677778,0.02516667,1.677778
30.19,24.79871,0.02516667,66.30672,1.677778,0.02516667,1.677778
30.2,24.82732,0.02516667,66.38321,1.677778,0.02516667,1.677778
30.21,24.86388,0.0252,66.48096,1.68,0.0252,1.68
30.22,24.88136,0.0252,66.5277,1.68,0.0252,1.68
30.23,24.88136,0.0252,66.5277,1.68,0.0252,1.68
30.24,24.87341,0.0252,66.50645,1.68,0.0252,1.68
30.25,24.87659,0.02523333,66.51495,1.682222,0.02523333,1.682222
30.26,24.87977,0.02523333,66.52346,1.682222,0.02523333,1.682222
30.27,24.88136,0.02523333,66.5277,1.682222,0.02523333,1.682222
30.28,24.88454,0.02526667,66.53621,1.684445,0.02526667,1.684445
30.29,24.88772,0.02526667,66.5447,1.684445,0.02526667,1.684445
30.3,24.88772,0.02526667,66.5447,1.684445,0.02526667,1.684445
30.31,24.88931,0.02526667,66.54896,1.684445,0.02526667,1.684445
30.32,24.89408,0.0253,66.56171,1.686667,0.0253,1.686667
30.33,24.88931,0.0253,66.54896,1.686667,0.0253,1.686667
30.34,24.88772,0.0253,66.5447,1.686667,0.0253,1.686667
30.35,24.89408,0.0253,66.56171,1.686667,0.0253,1.686667
30.36,24.90838,0.02533333,66.59995,1.688889,0.02533333,1.688889
30.37,24.91315,0.02533333,66.61271,1.688889,0.02533333,1.688889
30.38,24.9211,0.02533333,66.63395,1.688889,0.02533333,1.688889
30.39,24.93382,0.02533333,66.66795,1.688889,0.02533333,1.688889
30.4,24.94653,0.02536667,66.70195,1.691111,0.02536667,1.691111
30.41,24.95448,0.02536667,66.7232,1.691111,0.02536667,1.691111
30.42,24.9513,0.02536667,66.71471,1.691111,0.02536667,1.691111
30.43,24.9513,0.02536667,66.71471,1.691111,0.02536667,1.691111
30.44,24.95448,0.0254,66.7232,1.693333,0.0254,1.693333
30.45,24.95448,0.0254,66.7232,1.693333,0.0254,1.693333
30.46,24.9656,0.0254,66.75295,1.693333,0.0254,1.693333
30.47,24.98309,0.0254,66.7997,1.693333,0.0254,1.693333
30.48,24.99898,0.02543333,66.8422,1.695556,0.02543333,1.695556
30.49,25.00693,0.02543333,66.86345,1.695556,0.02543333,1.695556
30.5,25.01488,0.02543333,66.8847,1.695556,0.02543333,1.695556
30.51,25.02441,0.02543333,66.91019,1.695556,0.02543333,1.695556
30.52,25.03713,0.02546667,66.9442,1.697778,0.02546667,1.697778
30.53,25.04826,0.02546667,66.97395,1.697778,0.02546667,1.697778
30.54,25.06415,0.02546667,67.01644,1.697778,0.02546667,1.697778
30.55,25.08005,0.02546667,67.05894,1.697778,0.02546667,1.697778
30.56,25.08163,0.02546667,67.06319,1.697778,0.02546667,1.697778
30.57,25.06892,0.0255,67.02919,1.7,0.0255,1.7
30.58,25.05302,0.0255,66.98669,1.7,0.0255,1.7
30.59,25.03713,0.0255,66.9442,1.7,0.0255,1.7
30.6,25.02759,0.02553333,66.91869,1.702222,0.02553333,1.702222
30.61,25.04031,0.02553333,66.95269,1.702222,0.02553333,1.702222
30.62,25.06574,0.02553333,67.02069,1.702222,0.02553333,1.702222
30.63,25.08481,0.02553333,67.07169,1.702222,0.02553333,1.702222
30.64,25.09276,0.02556667,67.09294,1.704445,0.02556667,1.704445
30.65,25.10071,0.02556667,67.11419,1.704445,0.02556667,1.704445
30.66,25.1166,0.02556667,67.15668,1.704445,0.02556667,1.704445
30.67,25.12932,0.02556667,67.19069,1.704445,0.02556667,1.704445
30.68,25.13091,0.0256,67.19494,1.706667,0.0256,1.706667
30.69,25.12614,0.0256,67.18219,1.706667,0.0256,1.706667
30.7,25.12932,0.0256,67.19069,1.706667,0.0256,1.706667
30.71,25.14203,0.0256,67.22469,1.706667,0.0256,1.706667
30.72,25.15952,0.02563333,67.27143,1.708889,0.02563333,1.708889
30.73,25.17064,0.02563333,67.30119,1.708889,0.02563333,1.708889
30.74,25.17382,0.02563333,67.30968,1.708889,0.02563333,1.708889
30.75,25.17541,0.02563333,67.31393,1.708889,0.02563333,1.708889
30.76,25.18813,0.02566667,67.34793,1.711111,0.02566667,1.711111
30.77,25.20243,0.02566667,67.38618,1.711111,0.02566667,1.711111
30.78,25.20402,0.02566667,67.39043,1.711111,0.02566667,1.711111
30.79,25.19925,0.02566667,67.37769,1.711111,0.02566667,1.711111
30.8,25.19608,0.0257,67.36919,1.713333,0.0257,1.713333
30.81,25.20243,0.0257,67.38618,1.713333,0.0257,1.713333
30.82,25.2072,0.0257,67.39893,1.713333,0.0257,1.713333
30.83,25.20879,0.0257,67.40318,1.713333,0.0257,1.713333
30.84,25.21674,0.02573333,67.42443,1.715556,0.02573333,1.715556
30.85,25.22787,0.02573333,67.45419,1.715556,0.02573333,1.715556
30.86,25.23104,0.02573333,67.46268,1.715556,0.02573333,1.715556
30.87,25.21992,0.02573333,67.43293,1.715556,0.02573333,1.715556
30.88,25.21197,0.02576667,67.41168,1.717778,0.02576667,1.717778
30.89,25.21515,0.02576667,67.42018,1.717778,0.02576667,1.717778
30.9,25.2231,0.02576667,67.44144,1.717778,0.02576667,1.717778
30.91,25.22469,0.02576667,67.44568,1.717778,0.02576667,1.717778
30.92,25.23104,0.0258,67.46268,1.72,0.0258,1.72
30.93,25.24376,0.0258,67.49668,1.72,0.0258,1.72
30.94,25.25171,0.0258,67.51793,1.72,0.0258,1.72
30.95,25.2533,0.0258,67.52218,1.72,0.0258,1.72
30.96,25.25965,0.02583333,67.53918,1.722222,0.02583333,1.722222
30.97,25.27396,0.02583333,67.57742,1.722222,0.02583333,1.722222
30.98,25.29303,0.02583333,67.62843,1.722222,0.02583333,1.722222
30.99,25.30098,0.02583333,67.64967,1.722222,0.02583333,1.722222
31.0,25.30257,0.02583333,67.65392,1.722222,0.02583333,1.722222
31.01,25.3137,0.02586667,67.68368,1.724445,0.02586667,1.724445
31.02,25.32959,0.02586667,67.72617,1.724445,0.02586667,1.724445
31.03,25.33436,0.02586667,67.73892,1.724445,0.02586667,1.724445
31.04,25.32482,0.0259,67.71342,1.726667,0.0259,1.726667
31.05,25.32164,0.0259,67.70493,1.726667,0.0259,1.726667
31.06,25.33754,0.0259,67.74742,1.726667,0.0259,1.726667
31.07,25.3582,0.0259,67.80267,1.726667,0.0259,1.726667
31.08,25.36774,0.02593333,67.82817,1.728889,0.02593333,1.728889
31.09,25.37409,0.02593333,67.84517,1.728889,0.02593333,1.728889
31.1,25.38204,0.02593333,67.86642,1.728889,0.02593333,1.728889
31.11,25.38363,0.02593333,67.87067,1.728889,0.02593333,1.728889
31.12,25.38363,0.02593333,67.87067,1.728889,0.02593333,1.728889
31.13,25.39158,0.02596667,67.89192,1.731111,0.02596667,1.731111
31.14,25.40429,0.02596667,67.92592,1.731111,0.02596667,1.731111
31.15,25.41542,0.02596667,67.95567,1.731111,0.02596667,1.731111
31.16,25.42337,0.026,67.97692,1.733333,0.026,1.733333
31.17,25.42337,0.026,67.97692,1.733333,0.026,1.733333
31.18,25.41701,0.026,67.95992,1.733333,0.026,1.733333
31.19,25.41701,0.026,67.95992,1.733333,0.026,1.733333
31.2,25.42019,0.02603333,67.96841,1.735556,0.02603333,1.735556
31.21,25.42019,0.02603333,67.96841,1.735556,0.02603333,1.735556
31.22,25.42496,0.02603333,67.98117,1.735556,0.02603333,1.735556
31.23,25.44403,0.02603333,68.03217,1.735556,0.02603333,1.735556
31.24,25.46946,0.02606667,68.10016,1.737778,0.02606667,1.737778
31.25,25.49013,0.02606667,68.15541,1.737778,0.02606667,1.737778
31.26,25.50125,0.02606667,68.18516,1.737778,0.02606667,1.737778
31.27,25.49648,0.02606667,68.17241,1.737778,0.02606667,1.737778
31.28,25.49013,0.0261,68.15541,1.74,0.0261,1.74
31.29,25.4933,0.0261,68.16391,1.74,0.0261,1.74
31.3,25.5092,0.0261,68.20641,1.74,0.0261,1.74
31.31,25.51874,0.0261,68.23191,1.74,0.0261,1.74
31.32,25.52191,0.02613333,68.24041,1.742222,0.02613333,1.742222
31.33,25.5092,0.02613333,68.20641,1.742222,0.02613333,1.742222
31.34,25.49648,0.02613333,68.17241,1.742222,0.02613333,1.742222
31.35,25.49648,0.02613333,68.17241,1.742222,0.02613333,1.742222
31.36,25.5092,0.02613333,68.20641,1.742222,0.02613333,1.742222
31.37,25.5092,0.02616667,68.20641,1.744444,0.02616667,1.744444
31.38,25.4933,0.02616667,68.16391,1.744444,0.02616667,1.744444
31.39,25.47741,0.02616667,68.12141,1.744444,0.02616667,1.744444
31.4,25.48853,0.02616667,68.15116,1.744444,0.02616667,1.744444
31.41,25.52509,0.0262,68.24891,1.746667,0.0262,1.746667
31.42,25.5537,0.0262,68.32541,1.746667,0.0262,1.746667
31.43,25.55529,0.0262,68.32966,1.746667,0.0262,1.746667
31.44,25.5537,0.02623333,68.32541,1.748889,0.02623333,1.748889
31.45,25.56006,0.02623333,68.34241,1.748889,0.02623333,1.748889
31.46,25.56642,0.02623333,68.35941,1.748889,0.02623333,1.748889
31.47,25.56324,0.02623333,68.35091,1.748889,0.02623333,1.748889
31.48,25.55847,0.02626667,68.33816,1.751111,0.02626667,1.751111
31.49,25.56642,0.02626667,68.35941,1.751111,0.02626667,1.751111
31.5,25.58231,0.02626667,68.40191,1.751111,0.02626667,1.751111
31.51,25.59185,0.02626667,68.42741,1.751111,0.02626667,1.751111
31.52,25.60774,0.0263,68.4699,1.753333,0.0263,1.753333
31.53,25.63953,0.0263,68.5549,1.753333,0.0263,1.753333
31.54,25.66496,0.0263,68.62289,1.753333,0.0263,1.753333
31.55,25.67291,0.0263,68.64415,1.753333,0.0263,1.753333
31.56,25.6602,0.02633333,68.61015,1.755556,0.02633333,1.755556
31.57,25.63953,0.02633333,68.5549,1.755556,0.02633333,1.755556
31.58,25.63159,0.02633333,68.53365,1.755556,0.02633333,1.755556
31.59,25.64907,0.02633333,68.5804,1.755556,0.02633333,1.755556
31.6,25.67768,0.02633333,68.6569,1.755556,0.02633333,1.755556
31.61,25.68563,0.02636667,68.67815,1.757778,0.02636667,1.757778
31.62,25.6745,0.02636667,68.6484,1.757778,0.02636667,1.757778
31.63,25.66179,0.02636667,68.6144,1.757778,0.02636667,1.757778
31.64,25.66814,0.0264,68.6314,1.76,0.0264,1.76
31.65,25.68245,0.0264,68.66965,1.76,0.0264,1.76
31.66,25.69834,0.0264,68.71214,1.76,0.0264,1.76
31.67,25.71106,0.0264,68.74615,1.76,0.0264,1.76
31.68,25.73013,0.0264,68.79714,1.76,0.0264,1.76
31.69,25.74762,0.02643333,68.84389,1.762222,0.02643333,1.762222
31.7,25.7508,0.02643333,68.85239,1.762222,0.02643333,1.762222
31.71,25.73967,0.02643333,68.82265,1.762222,0.02643333,1.762222
31.72,25.73808,0.02643333,68.8184,1.762222,0.02643333,1.762222
31.73,25.74762,0.02646667,68.84389,1.764444,0.02646667,1.764444
31.74,25.75556,0.02646667,68.86514,1.764444,0.02646667,1.764444
31.75,25.74762,0.02646667,68.84389,1.764444,0.02646667,1.764444
31.76,25.73967,0.02646667,68.82265,1.764444,0.02646667,1.764444
31.77,25.74762,0.0265,68.84389,1.766667,0.0265,1.766667
31.78,25.76351,0.0265,68.88639,1.766667,0.0265,1.766667
31.79,25.77623,0.0265,68.92039,1.766667,0.0265,1.766667
31.8,25.78735,0.02653333,68.95014,1.768889,0.02653333,1.768889
31.81,25.7953,0.02653333,68.97139,1.768889,0.02653333,1.768889
31.82,25.79689,0.02653333,68.97564,1.768889,0.02653333,1.768889
31.83,25.7953,0.02653333,68.97139,1.768889,0.02653333,1.768889
31.84,25.7953,0.02656667,68.97139,1.771111,0.02656667,1.771111
31.85,25.80484,0.02656667,68.99689,1.771111,0.02656667,1.771111
31.86,25.8112,0.02656667,69.01389,1.771111,0.02656667,1.771111
31.87,25.80484,0.02656667,68.99689,1.771111,0.02656667,1.771111
31.88,25.80802,0.02656667,69.00539,1.771111,0.02656667,1.771111
31.89,25.81914,0.0266,69.03514,1.773333,0.0266,1.773333
31.9,25.81278,0.0266,69.01814,1.773333,0.0266,1.773333
31.91,25.7953,0.0266,68.97139,1.773333,0.0266,1.773333
31.92,25.79212,0.0266,68.96289,1.773333,0.0266,1.773333
31.93,25.81278,0.02663333,69.01814,1.775556,0.02663333,1.775556
31.94,25.84775,0.02663333,69.11164,1.775556,0.02663333,1.775556
31.95,25.86842,0.02663333,69.16689,1.775556,0.02663333,1.775556
31.96,25.87,0.02663333,69.17113,1.775556,0.02663333,1.775556
31.97,25.87318,0.02666667,69.17963,1.777778,0.02666667,1.777778
31.98,25.88272,0.02666667,69.20513,1.777778,0.02666667,1.777778
31.99,25.88908,0.02666667,69.22213,1.777778,0.02666667,1.777778
32.0,25.88272,0.0267,69.20513,1.78,0.0267,1.78
32.01,25.8859,0.0267,69.21364,1.78,0.0267,1.78
32.02,25.90497,0.0267,69.26463,1.78,0.0267,1.78
32.03,25.92246,0.0267,69.31138,1.78,0.0267,1.78
32.04,25.92723,0.02673333,69.32413,1.782222,0.02673333,1.782222
32.05,25.92564,0.02673333,69.31988,1.782222,0.02673333,1.782222
32.06,25.92723,0.02673333,69.32413,1.782222,0.02673333,1.782222
32.07,25.93358,0.02673333,69.34113,1.782222,0.02673333,1.782222
32.08,25.93517,0.02676667,69.34538,1.784444,0.02676667,1.784444
32.09,25.94312,0.02676667,69.36663,1.784444,0.02676667,1.784444
32.1,25.96219,0.02676667,69.41763,1.784444,0.02676667,1.784444
32.11,25.98286,0.02676667,69.47288,1.784444,0.02676667,1.784444
32.12,25.98763,0.02676667,69.48563,1.784444,0.02676667,1.784444
32.13,25.97968,0.0268,69.46438,1.786667,0.0268,1.786667
32.14,25.96855,0.0268,69.43463,1.786667,0.0268,1.786667
32.15,25.95901,0.0268,69.40913,1.786667,0.0268,1.786667
32.16,25.95425,0.0268,69.39638,1.786667,0.0268,1.786667
32.17,25.96378,0.02683333,69.42188,1.788889,0.02683333,1.788889
32.18,25.9765,0.02683333,69.45588,1.788889,0.02683333,1.788889
32.19,25.98763,0.02683333,69.48563,1.788889,0.02683333,1.788889
32.2,25.9908,0.02686667,69.49413,1.791111,0.02686667,1.791111
32.21,25.99239,0.02686667,69.49837,1.791111,0.02686667,1.791111
32.22,25.99716,0.02686667,69.51112,1.791111,0.02686667,1.791111
32.23,26.00511,0.02686667,69.53238,1.791111,0.02686667,1.791111
32.24,26.01624,0.02686667,69.56213,1.791111,0.02686667,1.791111
32.25,26.02895,0.0269,69.59612,1.793333,0.0269,1.793333
32.26,26.04485,0.0269,69.63862,1.793333,0.0269,1.793333
32.27,26.05756,0.0269,69.67262,1.793333,0.0269,1.793333
32.28,26.06869,0.02693333,69.70237,1.795555,0.02693333,1.795555
32.29,26.06869,0.02693333,69.70237,1.795555,0.02693333,1.795555
32.3,26.06074,0.02693333,69.68112,1.795555,0.02693333,1.795555
32.31,26.06233,0.02693333,69.68537,1.795555,0.02693333,1.795555
32.32,26.07822,0.02696667,69.72787,1.797778,0.02696667,1.797778
32.33,26.10207,0.02696667,69.79162,1.797778,0.02696667,1.797778
32.34,26.1275,0.02696667,69.85961,1.797778,0.02696667,1.797778
32.35,26.14816,0.02696667,69.91486,1.797778,0.02696667,1.797778
32.36,26.15611,0.02696667,69.93611,1.797778,0.02696667,1.797778
32.37,26.15452,0.027,69.93186,1.8,0.027,1.8
32.38,26.14816,0.027,69.91486,1.8,0.027,1.8
32.39,26.14657,0.027,69.91061,1.8,0.027,1.8
32.4,26.15134,0.027,69.92336,1.8,0.027,1.8
32.41,26.15611,0.02703333,69.93611,1.802222,0.02703333,1.802222
32.42,26.15611,0.02703333,69.93611,1.802222,0.02703333,1.802222
32.43,26.15452,0.02703333,69.93186,1.802222,0.02703333,1.802222
32.44,26.15452,0.02706667,69.93186,1.804444,0.02706667,1.804444
32.45,26.16247,0.02706667,69.95312,1.804444,0.02706667,1.804444
32.46,26.16882,0.02706667,69.97012,1.804444,0.02706667,1.804444
32.47,26.172,0.02706667,69.97861,1.804444,0.02706667,1.804444
32.48,26.172,0.0271,69.97861,1.806667,0.0271,1.806667
32.49,26.17518,0.0271,69.98711,1.806667,0.0271,1.806667
32.5,26.17995,0.0271,69.99986,1.806667,0.0271,1.806667
32.51,26.18472,0.0271,70.01261,1.806667,0.0271,1.806667
32.52,26.1879,0.0271,70.02111,1.806667,0.0271,1.806667
32.53,26.19743,0.02713333,70.04661,1.808889,0.02713333,1.808889
32.54,26.20856,0.02713333,70.07635,1.808889,0.02713333,1.808889
32.55,26.21174,0.02713333,70.08486,1.808889,0.02713333,1.808889
32.56,26.20856,0.02713333,70.07635,1.808889,0.02713333,1.808889
32.57,26.20856,0.02716667,70.07635,1.811111,0.02716667,1.811111
32.58,26.21969,0.02716667,70.10611,1.811111,0.02716667,1.811111
32.59,26.24035,0.02716667,70.16136,1.811111,0.02716667,1.811111
32.6,26.26578,0.0272,70.22935,1.813333,0.0272,1.813333
32.61,26.29121,0.0272,70.29736,1.813333,0.0272,1.813333
32.62,26.31346,0.0272,70.35685,1.813333,0.0272,1.813333
32.63,26.31505,0.0272,70.36111,1.813333,0.0272,1.813333
32.64,26.31346,0.02723333,70.35685,1.815556,0.02723333,1.815556
32.65,26.31346,0.02723333,70.35685,1.815556,0.02723333,1.815556
32.66,26.32618,0.02723333,70.39085,1.815556,0.02723333,1.815556
32.67,26.33572,0.02723333,70.41635,1.815556,0.02723333,1.815556
32.68,26.33095,0.02723333,70.4036,1.815556,0.02723333,1.815556
32.69,26.31823,0.02726667,70.3696,1.817778,0.02726667,1.817778
32.7,26.31505,0.02726667,70.36111,1.817778,0.02726667,1.817778
32.71,26.32618,0.02726667,70.39085,1.817778,0.02726667,1.817778
32.72,26.34207,0.02726667,70.43335,1.817778,0.02726667,1.817778
32.73,26.35479,0.0273,70.46735,1.82,0.0273,1.82
32.74,26.35638,0.0273,70.4716,1.82,0.0273,1.82
32.75,26.35956,0.0273,70.4801,1.82,0.0273,1.82
32.76,26.36274,0.0273,70.4886,1.82,0.0273,1.82
32.77,26.37227,0.02733333,70.5141,1.822222,0.02733333,1.822222
32.78,26.38022,0.02733333,70.53535,1.822222,0.02733333,1.822222
32.79,26.37227,0.02733333,70.5141,1.822222,0.02733333,1.822222
32.8,26.35479,0.02736667,70.46735,1.824444,0.02736667,1.824444
32.81,26.34207,0.02736667,70.43335,1.824444,0.02736667,1.824444
32.82,26.33572,0.02736667,70.41635,1.824444,0.02736667,1.824444
32.83,26.34207,0.02736667,70.43335,1.824444,0.02736667,1.824444
32.84,26.35479,0.02736667,70.46735,1.824444,0.02736667,1.824444
32.85,26.37545,0.0274,70.5226,1.826667,0.0274,1.826667
32.86,26.39612,0.0274,70.57785,1.826667,0.0274,1.826667
32.87,26.40883,0.0274,70.61185,1.826667,0.0274,1.826667
32.88,26.42155,0.0274,70.64584,1.826667,0.0274,1.826667
32.89,26.43426,0.02743333,70.67985,1.828889,0.02743333,1.828889
32.9,26.44539,0.02743333,70.70959,1.828889,0.02743333,1.828889
32.91,26.46128,0.02743333,70.75209,1.828889,0.02743333,1.828889
32.92,26.48672,0.02743333,70.82009,1.828889,0.02743333,1.828889
32.93,26.51373,0.02746667,70.89233,1.831111,0.02746667,1.831111
32.94,26.51373,0.02746667,70.89233,1.831111,0.02746667,1.831111
32.95,26.48989,0.02746667,70.82859,1.831111,0.02746667,1.831111
32.96,26.474,0.02746667,70.78609,1.831111,0.02746667,1.831111
32.97,26.47877,0.0275,70.79884,1.833333,0.0275,1.833333
32.98,26.49943,0.0275,70.85409,1.833333,0.0275,1.833333
32.99,26.52009,0.0275,70.90934,1.833333,0.0275,1.833333
33.0,26.53599,0.02753333,70.95184,1.835556,0.02753333,1.835556
33.01,26.53599,0.02753333,70.95184,1.835556,0.02753333,1.835556
33.02,26.52804,0.02753333,70.93059,1.835556,0.02753333,1.835556
33.03,26.52327,0.02753333,70.91784,1.835556,0.02753333,1.835556
33.04,26.52804,0.02753333,70.93059,1.835556,0.02753333,1.835556
33.05,26.54711,0.02756667,70.98158,1.837778,0.02756667,1.837778
33.06,26.57096,0.02756667,71.04533,1.837778,0.02756667,1.837778
33.07,26.58526,0.02756667,71.08358,1.837778,0.02756667,1.837778
33.08,26.59639,0.02756667,71.11333,1.837778,0.02756667,1.837778
33.09,26.59957,0.0276,71.12183,1.84,0.0276,1.84
33.1,26.60433,0.0276,71.13458,1.84,0.0276,1.84
33.11,26.60592,0.0276,71.13883,1.84,0.0276,1.84
33.12,26.60592,0.0276,71.13883,1.84,0.0276,1.84
33.13,26.59957,0.02763333,71.12183,1.842222,0.02763333,1.842222
33.14,26.58049,0.02763333,71.07083,1.842222,0.02763333,1.842222
33.15,26.56301,0.02763333,71.02409,1.842222,0.02763333,1.842222
33.16,26.55665,0.02763333,71.00708,1.842222,0.02763333,1.842222
33.17,26.57572,0.02766667,71.05808,1.844445,0.02766667,1.844445
33.18,26.60433,0.02766667,71.13458,1.844445,0.02766667,1.844445
33.19,26.62182,0.02766667,71.18133,1.844445,0.02766667,1.844445
33.2,26.62818,0.0277,71.19833,1.846667,0.0277,1.846667
33.21,26.625,0.0277,71.18983,1.846667,0.0277,1.846667
33.22,26.62818,0.0277,71.19833,1.846667,0.0277,1.846667
33.23,26.62977,0.0277,71.20258,1.846667,0.0277,1.846667
33.24,26.64089,0.0277,71.23233,1.846667,0.0277,1.846667
33.25,26.65838,0.02773333,71.27908,1.848889,0.02773333,1.848889
33.26,26.67745,0.02773333,71.33008,1.848889,0.02773333,1.848889
33.27,26.6854,0.02773333,71.35133,1.848889,0.02773333,1.848889
33.28,26.67745,0.02773333,71.33008,1.848889,0.02773333,1.848889
33.29,26.66155,0.02776667,71.28757,1.851111,0.02776667,1.851111
33.3,26.64884,0.02776667,71.25358,1.851111,0.02776667,1.851111
33.31,26.64566,0.02776667,71.24508,1.851111,0.02776667,1.851111
33.32,26.65679,0.02776667,71.27483,1.851111,0.02776667,1.851111
33.33,26.68222,0.0278,71.34283,1.853333,0.0278,1.853333
33.34,26.70606,0.0278,71.40658,1.853333,0.0278,1.853333
33.35,26.72037,0.0278,71.44482,1.853333,0.0278,1.853333
33.36,26.72037,0.0278,71.44482,1.853333,0.0278,1.853333
33.37,26.71877,0.02783333,71.44057,1.855556,0.02783333,1.855556
33.38,26.71877,0.02783333,71.44057,1.855556,0.02783333,1.855556
33.39,26.72037,0.02783333,71.44482,1.855556,0.02783333,1.855556
33.4,26.73467,0.02786667,71.48307,1.857778,0.02786667,1.857778
33.41,26.75215,0.02786667,71.52982,1.857778,0.02786667,1.857778
33.42,26.76805,0.02786667,71.57232,1.857778,0.02786667,1.857778
33.43,26.776,0.02786667,71.59357,1.857778,0.02786667,1.857778
33.44,26.776,0.02786667,71.59357,1.857778,0.02786667,1.857778
33.45,26.78076,0.0279,71.60632,1.86,0.0279,1.86
33.46,26.79189,0.0279,71.63607,1.86,0.0279,1.86
33.47,26.79984,0.0279,71.65732,1.86,0.0279,1.86
33.48,26.79666,0.0279,71.64882,1.86,0.0279,1.86
33.49,26.79189,0.02793333,71.63607,1.862222,0.02793333,1.862222
33.5,26.78553,0.02793333,71.61906,1.862222,0.02793333,1.862222
33.51,26.79666,0.02793333,71.64882,1.862222,0.02793333,1.862222
33.52,26.82527,0.02793333,71.72532,1.862222,0.02793333,1.862222
33.53,26.84275,0.02796667,71.77206,1.864444,0.02796667,1.864444
33.54,26.84116,0.02796667,71.76781,1.864444,0.02796667,1.864444
33.55,26.83322,0.02796667,71.74657,1.864444,0.02796667,1.864444
33.56,26.83798,0.02796667,71.75932,1.864444,0.02796667,1.864444
33.57,26.8507,0.028,71.79331,1.866667,0.028,1.866667
33.58,26.86183,0.028,71.82306,1.866667,0.028,1.866667
33.59,26.86183,0.028,71.82306,1.866667,0.028,1.866667
33.6,26.86501,0.02803333,71.83157,1.868889,0.02803333,1.868889
33.61,26.87931,0.02803333,71.86981,1.868889,0.02803333,1.868889
33.62,26.89997,0.02803333,71.92506,1.868889,0.02803333,1.868889
33.63,26.90633,0.02803333,71.94206,1.868889,0.02803333,1.868889
33.64,26.89044,0.02803333,71.89956,1.868889,0.02803333,1.868889
33.65,26.87772,0.02806667,71.86556,1.871111,0.02806667,1.871111
33.66,26.87772,0.02806667,71.86556,1.871111,0.02806667,1.871111
33.67,26.89362,0.02806667,71.90806,1.871111,0.02806667,1.871111
33.68,26.90633,0.02806667,71.94206,1.871111,0.02806667,1.871111
33.69,26.91428,0.0281,71.96331,1.873333,0.0281,1.873333
33.7,26.91587,0.0281,71.96756,1.873333,0.0281,1.873333
33.71,26.91587,0.0281,71.96756,1.873333,0.0281,1.873333
33.72,26.91905,0.0281,71.97606,1.873333,0.0281,1.873333
33.73,26.92858,0.02813333,72.00156,1.875556,0.02813333,1.875556
33.74,26.94448,0.02813333,72.04406,1.875556,0.02813333,1.875556
33.75,26.96355,0.02813333,72.09505,1.875556,0.02813333,1.875556
33.76,26.97627,0.02813333,72.12905,1.875556,0.02813333,1.875556
33.77,26.98104,0.02816667,72.1418,1.877778,0.02816667,1.877778
33.78,26.98421,0.02816667,72.15031,1.877778,0.02816667,1.877778
33.79,26.98421,0.02816667,72.15031,1.877778,0.02816667,1.877778
33.8,26.98421,0.0282,72.15031,1.88,0.0282,1.88
33.81,26.99216,0.0282,72.17155,1.88,0.0282,1.88
33.82,27.00488,0.0282,72.20555,1.88,0.0282,1.88
33.83,27.01283,0.0282,72.2268,1.88,0.0282,1.88
33.84,27.01759,0.0282,72.23956,1.88,0.0282,1.88
33.85,27.02872,0.02823333,72.2693,1.882222,0.02823333,1.882222
33.86,27.03667,0.02823333,72.29055,1.882222,0.02823333,1.882222
33.87,27.03667,0.02823333,72.29055,1.882222,0.02823333,1.882222
33.88,27.03826,0.02823333,72.2948,1.882222,0.02823333,1.882222
33.89,27.05415,0.02826667,72.3373,1.884444,0.02826667,1.884444
33.9,27.07958,0.02826667,72.4053,1.884444,0.02826667,1.884444
33.91,27.10024,0.02826667,72.46054,1.884444,0.02826667,1.884444
33.92,27.11455,0.02826667,72.49879,1.884444,0.02826667,1.884444
33.93,27.11932,0.0283,72.51154,1.886667,0.0283,1.886667
33.94,27.11614,0.0283,72.50304,1.886667,0.0283,1.886667
33.95,27.11137,0.0283,72.4903,1.886667,0.0283,1.886667
33.96,27.1066,0.02833333,72.47755,1.888889,0.02833333,1.888889
33.97,27.10819,0.02833333,72.4818,1.888889,0.02833333,1.888889
33.98,27.11614,0.02833333,72.50304,1.888889,0.02833333,1.888889
33.99,27.1225,0.02833333,72.52004,1.888889,0.02833333,1.888889
34.0,27.12727,0.02833333,72.53279,1.888889,0.02833333,1.888889
34.01,27.12727,0.02836667,72.53279,1.891111,0.02836667,1.891111
34.02,27.12885,0.02836667,72.53704,1.891111,0.02836667,1.891111
34.03,27.12885,0.02836667,72.53704,1.891111,0.02836667,1.891111
34.04,27.1368,0.02836667,72.5583,1.891111,0.02836667,1.891111
34.05,27.1527,0.0284,72.60079,1.893333,0.0284,1.893333
34.06,27.17177,0.0284,72.65179,1.893333,0.0284,1.893333
34.07,27.17177,0.0284,72.65179,1.893333,0.0284,1.893333
34.08,27.16382,0.0284,72.63055,1.893333,0.0284,1.893333
34.09,27.16859,0.02843333,72.6433,1.895556,0.02843333,1.895556
34.1,27.18608,0.02843333,72.69004,1.895556,0.02843333,1.895556
34.11,27.20515,0.02843333,72.74104,1.895556,0.02843333,1.895556
34.12,27.20992,0.02843333,72.75378,1.895556,0.02843333,1.895556
34.13,27.20515,0.02846667,72.74104,1.897778,0.02846667,1.897778
34.14,27.1972,0.02846667,72.71979,1.897778,0.02846667,1.897778
34.15,27.19402,0.02846667,72.71129,1.897778,0.02846667,1.897778
34.16,27.20515,0.02846667,72.74104,1.897778,0.02846667,1.897778
34.17,27.21786,0.0285,72.77504,1.9,0.0285,1.9
34.18,27.22899,0.0285,72.80479,1.9,0.0285,1.9
34.19,27.23376,0.0285,72.81754,1.9,0.0285,1.9
34.2,27.24648,0.02853333,72.85153,1.902222,0.02853333,1.902222
34.21,27.26237,0.02853333,72.89404,1.902222,0.02853333,1.902222
34.22,27.27509,0.02853333,72.92803,1.902222,0.02853333,1.902222
34.23,27.27985,0.02853333,72.94078,1.902222,0.02853333,1.902222
34.24,27.27826,0.02853333,72.93654,1.902222,0.02853333,1.902222
34.25,27.27826,0.02856667,72.93654,1.904445,0.02856667,1.904445
34.26,27.28303,0.02856667,72.94929,1.904445,0.02856667,1.904445
34.27,27.29416,0.02856667,72.97903,1.904445,0.02856667,1.904445
34.28,27.3037,0.02856667,73.00453,1.904445,0.02856667,1.904445
34.29,27.31641,0.0286,73.03853,1.906667,0.0286,1.906667
34.3,27.32436,0.0286,73.05978,1.906667,0.0286,1.906667
34.31,27.33072,0.0286,73.07678,1.906667,0.0286,1.906667
34.32,27.33072,0.0286,73.07678,1.906667,0.0286,1.906667
34.33,27.33072,0.02863333,73.07678,1.908889,0.02863333,1.908889
34.34,27.32436,0.02863333,73.05978,1.908889,0.02863333,1.908889
34.35,27.32754,0.02863333,73.06828,1.908889,0.02863333,1.908889
34.36,27.33549,0.02866667,73.08953,1.911111,0.02866667,1.911111
34.37,27.34343,0.02866667,73.11078,1.911111,0.02866667,1.911111
34.38,27.35297,0.02866667,73.13628,1.911111,0.02866667,1.911111
34.39,27.37204,0.02866667,73.18727,1.911111,0.02866667,1.911111
34.4,27.38794,0.0287,73.22977,1.913333,0.0287,1.913333
34.41,27.39747,0.0287,73.25528,1.913333,0.0287,1.913333
34.42,27.4086,0.0287,73.28503,1.913333,0.0287,1.913333
34.43,27.41337,0.0287,73.29778,1.913333,0.0287,1.913333
34.44,27.40542,0.0287,73.27652,1.913333,0.0287,1.913333
34.45,27.39429,0.02873333,73.24677,1.915556,0.02873333,1.915556
34.46,27.38953,0.02873333,73.23402,1.915556,0.02873333,1.915556
34.47,27.39271,0.02873333,73.24252,1.915556,0.02873333,1.915556
34.48,27.40542,0.02873333,73.27652,1.915556,0.02873333,1.915556
34.49,27.42926,0.02876667,73.34027,1.917778,0.02876667,1.917778
34.5,27.45469,0.02876667,73.40827,1.917778,0.02876667,1.917778
34.51,27.47377,0.02876667,73.45927,1.917778,0.02876667,1.917778
34.52,27.46741,0.02876667,73.44227,1.917778,0.02876667,1.917778
34.53,27.44675,0.0288,73.38702,1.92,0.0288,1.92
34.54,27.42926,0.0288,73.34027,1.92,0.0288,1.92
34.55,27.4229,0.0288,73.32327,1.92,0.0288,1.92
34.56,27.43721,0.02883333,73.36152,1.922222,0.02883333,1.922222
34.57,27.45469,0.02883333,73.40827,1.922222,0.02883333,1.922222
34.58,27.47377,0.02883333,73.45927,1.922222,0.02883333,1.922222
34.59,27.4833,0.02883333,73.48477,1.922222,0.02883333,1.922222
34.6,27.48648,0.02883333,73.49326,1.922222,0.02883333,1.922222
34.61,27.48807,0.02886667,73.49752,1.924444,0.02886667,1.924444
34.62,27.49602,0.02886667,73.51877,1.924444,0.02886667,1.924444
34.63,27.51509,0.02886667,73.56976,1.924444,0.02886667,1.924444
34.64,27.52463,0.02886667,73.59526,1.924444,0.02886667,1.924444
34.65,27.52781,0.0289,73.60377,1.926667,0.0289,1.926667
34.66,27.53099,0.0289,73.61227,1.926667,0.0289,1.926667
34.67,27.53576,0.0289,73.62502,1.926667,0.0289,1.926667
34.68,27.54053,0.0289,73.63776,1.926667,0.0289,1.926667
34.69,27.5437,0.02893333,73.64626,1.928889,0.02893333,1.928889
34.7,27.5437,0.02893333,73.64626,1.928889,0.02893333,1.928889
34.71,27.53735,0.02893333,73.62926,1.928889,0.02893333,1.928889
34.72,27.54053,0.02893333,73.63776,1.928889,0.02893333,1.928889
34.73,27.5596,0.02896667,73.68877,1.931111,0.02896667,1.931111
34.74,27.58503,0.02896667,73.75676,1.931111,0.02896667,1.931111
34.75,27.60092,0.02896667,73.79926,1.931111,0.02896667,1.931111
34.76,27.59298,0.029,73.77802,1.933333,0.029,1.933333
34.77,27.57708,0.029,73.73551,1.933333,0.029,1.933333
34.78,27.57231,0.029,73.72276,1.933333,0.029,1.933333
34.79,27.57708,0.029,73.73551,1.933333,0.029,1.933333
34.8,27.59457,0.029,73.78226,1.933333,0.029,1.933333
34.81,27.62159,0.02903333,73.85451,1.935556,0.02903333,1.935556
34.82,27.64702,0.02903333,73.92251,1.935556,0.02903333,1.935556
34.83,27.65497,0.02903333,73.94376,1.935556,0.02903333,1.935556
34.84,27.65497,0.02903333,73.94376,1.935556,0.02903333,1.935556
34.85,27.65497,0.02906667,73.94376,1.937778,0.02906667,1.937778
34.86,27.65497,0.02906667,73.94376,1.937778,0.02906667,1.937778
34.87,27.66291,0.02906667,73.965,1.937778,0.02906667,1.937778
34.88,27.67086,0.02906667,73.98625,1.937778,0.02906667,1.937778
34.89,27.67086,0.0291,73.98625,1.94,0.0291,1.94
34.9,27.67086,0.0291,73.98625,1.94,0.0291,1.94
34.91,27.6804,0.0291,74.01176,1.94,0.0291,1.94
34.92,27.70265,0.0291,74.07125,1.94,0.0291,1.94
34.93,27.71536,0.02913333,74.10525,1.942222,0.02913333,1.942222
34.94,27.71696,0.02913333,74.1095,1.942222,0.02913333,1.942222
34.95,27.71696,0.02913333,74.1095,1.942222,0.02913333,1.942222
34.96,27.7249,0.02916667,74.13075,1.944444,0.02916667,1.944444
34.97,27.72808,0.02916667,74.13925,1.944444,0.02916667,1.944444
34.98,27.72013,0.02916667,74.118,1.944444,0.02916667,1.944444
34.99,27.70742,0.02916667,74.08401,1.944444,0.02916667,1.944444
35.0,27.69629,0.0292,74.05425,1.946667,0.0292,1.946667
35.01,27.69947,0.0292,74.06275,1.946667,0.0292,1.946667
35.02,27.71219,0.0292,74.09676,1.946667,0.0292,1.946667
35.03,27.7249,0.0292,74.13075,1.946667,0.0292,1.946667
35.04,27.73603,0.0292,74.1605,1.946667,0.0292,1.946667
35.05,27.73762,0.02923333,74.16475,1.948889,0.02923333,1.948889
35.06,27.74874,0.02923333,74.1945,1.948889,0.02923333,1.948889
35.07,27.77258,0.02923333,74.25825,1.948889,0.02923333,1.948889
35.08,27.79643,0.02923333,74.32199,1.948889,0.02923333,1.948889
35.09,27.80596,0.02926667,74.3475,1.951111,0.02926667,1.951111
35.1,27.80914,0.02926667,74.356,1.951111,0.02926667,1.951111
35.11,27.80914,0.02926667,74.356,1.951111,0.02926667,1.951111
35.12,27.81073,0.0293,74.36024,1.953333,0.0293,1.953333
35.13,27.81868,0.0293,74.38149,1.953333,0.0293,1.953333
35.14,27.82663,0.0293,74.40275,1.953333,0.0293,1.953333
35.15,27.82663,0.0293,74.40275,1.953333,0.0293,1.953333
35.16,27.8314,0.02933333,74.4155,1.955556,0.02933333,1.955556
35.17,27.84252,0.02933333,74.44524,1.955556,0.02933333,1.955556
35.18,27.8457,0.02933333,74.45374,1.955556,0.02933333,1.955556
35.19,27.84729,0.02933333,74.45799,1.955556,0.02933333,1.955556
35.2,27.85842,0.02936667,74.48774,1.957778,0.02936667,1.957778
35.21,27.86318,0.02936667,74.50049,1.957778,0.02936667,1.957778
35.22,27.86001,0.02936667,74.492,1.957778,0.02936667,1.957778
35.23,27.84729,0.02936667,74.45799,1.957778,0.02936667,1.957778
35.24,27.84252,0.02936667,74.44524,1.957778,0.02936667,1.957778
35.25,27.85365,0.0294,74.47499,1.96,0.0294,1.96
35.26,27.87113,0.0294,74.52174,1.96,0.0294,1.96
35.27,27.89179,0.0294,74.57699,1.96,0.0294,1.96
35.28,27.91087,0.0294,74.62798,1.96,0.0294,1.96
35.29,27.92517,0.02943333,74.66624,1.962222,0.02943333,1.962222
35.3,27.93948,0.02943333,74.70448,1.962222,0.02943333,1.962222
35.31,27.94584,0.02943333,74.72149,1.962222,0.02943333,1.962222
35.32,27.94107,0.02943333,74.70874,1.962222,0.02943333,1.962222
35.33,27.94107,0.02946667,74.70874,1.964444,0.02946667,1.964444
35.34,27.94584,0.02946667,74.72149,1.964444,0.02946667,1.964444
35.35,27.94584,0.02946667,74.72149,1.964444,0.02946667,1.964444
35.36,27.93948,0.0295,74.70448,1.966667,0.0295,1.966667
35.37,27.9363,0.0295,74.69598,1.966667,0.0295,1.966667
35.38,27.94584,0.0295,74.72149,1.966667,0.0295,1.966667
35.39,27.96173,0.0295,74.76398,1.966667,0.0295,1.966667
35.4,27.9808,0.0295,74.81498,1.966667,0.0295,1.966667
35.41,27.99034,0.02953333,74.84048,1.968889,0.02953333,1.968889
35.42,27.99352,0.02953333,74.84898,1.968889,0.02953333,1.968889
35.43,27.9967,0.02953333,74.85748,1.968889,0.02953333,1.968889
35.44,27.99829,0.02953333,74.86173,1.968889,0.02953333,1.968889
35.45,27.99829,0.02956667,74.86173,1.971111,0.02956667,1.971111
35.46,27.99352,0.02956667,74.84898,1.971111,0.02956667,1.971111
35.47,27.99352,0.02956667,74.84898,1.971111,0.02956667,1.971111
35.48,28.00147,0.02956667,74.87023,1.971111,0.02956667,1.971111
35.49,28.011,0.0296,74.89573,1.973333,0.0296,1.973333
35.5,28.0269,0.0296,74.93823,1.973333,0.0296,1.973333
35.51,28.03961,0.0296,74.97223,1.973333,0.0296,1.973333
35.52,28.05551,0.02963333,75.01473,1.975556,0.02963333,1.975556
35.53,28.06822,0.02963333,75.04872,1.975556,0.02963333,1.975556
35.54,28.08253,0.02963333,75.08698,1.975556,0.02963333,1.975556
35.55,28.08889,0.02963333,75.10397,1.975556,0.02963333,1.975556
35.56,28.08889,0.02966667,75.10397,1.977778,0.02966667,1.977778
35.57,28.0873,0.02966667,75.09972,1.977778,0.02966667,1.977778
35.58,28.08253,0.02966667,75.08698,1.977778,0.02966667,1.977778
35.59,28.07617,0.02966667,75.06998,1.977778,0.02966667,1.977778
35.6,28.07617,0.02966667,75.06998,1.977778,0.02966667,1.977778
35.61,28.07935,0.0297,75.07848,1.98,0.0297,1.98
35.62,28.08412,0.0297,75.09122,1.98,0.0297,1.98
35.63,28.09207,0.0297,75.11247,1.98,0.0297,1.98
35.64,28.10001,0.02973333,75.13372,1.982222,0.02973333,1.982222
35.65,28.10796,0.02973333,75.15498,1.982222,0.02973333,1.982222
35.66,28.11591,0.02973333,75.17622,1.982222,0.02973333,1.982222
35.67,28.11591,0.02973333,75.17622,1.982222,0.02973333,1.982222
35.68,28.11591,0.02973333,75.17622,1.982222,0.02973333,1.982222
35.69,28.11591,0.02976667,75.17622,1.984444,0.02976667,1.984444
35.7,28.1175,0.02976667,75.18047,1.984444,0.02976667,1.984444
35.71,28.1318,0.02976667,75.21873,1.984444,0.02976667,1.984444
35.72,28.14611,0.0298,75.25697,1.986667,0.0298,1.986667
35.73,28.16041,0.0298,75.29522,1.986667,0.0298,1.986667
35.74,28.16995,0.0298,75.32072,1.986667,0.0298,1.986667
35.75,28.18108,0.0298,75.35047,1.986667,0.0298,1.986667
35.76,28.19061,0.02983333,75.37597,1.988889,0.02983333,1.988889
35.77,28.19697,0.02983333,75.39297,1.988889,0.02983333,1.988889
35.78,28.19856,0.02983333,75.39722,1.988889,0.02983333,1.988889
35.79,28.19061,0.02983333,75.37597,1.988889,0.02983333,1.988889
35.8,28.1779,0.02983333,75.34196,1.988889,0.02983333,1.988889
35.81,28.1779,0.02986667,75.34196,1.991111,0.02986667,1.991111
35.82,28.19697,0.02986667,75.39297,1.991111,0.02986667,1.991111
35.83,28.21763,0.02986667,75.44822,1.991111,0.02986667,1.991111
35.84,28.2383,0.02986667,75.50346,1.991111,0.02986667,1.991111
35.85,28.24783,0.0299,75.52896,1.993333,0.0299,1.993333
35.86,28.25419,0.0299,75.54596,1.993333,0.0299,1.993333
35.87,28.25896,0.0299,75.55871,1.993333,0.0299,1.993333
35.88,28.25896,0.0299,75.55871,1.993333,0.0299,1.993333
35.89,28.24624,0.02993333,75.52471,1.995556,0.02993333,1.995556
35.9,28.22717,0.02993333,75.47372,1.995556,0.02993333,1.995556
35.91,28.21922,0.02993333,75.45247,1.995556,0.02993333,1.995556
35.92,28.23512,0.02996667,75.49496,1.997778,0.02996667,1.997778
35.93,28.26691,0.02996667,75.57996,1.997778,0.02996667,1.997778
35.94,28.30029,0.02996667,75.66921,1.997778,0.02996667,1.997778
35.95,28.313,0.02996667,75.70321,1.997778,0.02996667,1.997778
35.96,28.30823,0.02996667,75.69046,1.997778,0.02996667,1.997778
35.97,28.30029,0.03,75.66921,2.0,0.03,2.0
35.98,28.30346,0.03,75.67771,2.0,0.03,2.0
35.99,28.30823,0.03,75.69046,2.0,0.03,2.0
36.0,28.30505,0.03003333,75.68196,2.002222,0.03003333,2.002222
36.01,28.30346,0.03003333,75.67771,2.002222,0.03003333,2.002222
36.02,28.31618,0.03003333,75.71171,2.002222,0.03003333,2.002222
36.03,28.33684,0.03003333,75.76696,2.002222,0.03003333,2.002222
36.04,28.34797,0.03003333,75.79671,2.002222,0.03003333,2.002222
36.05,28.34161,0.03006667,75.77971,2.004444,0.03006667,2.004444
36.06,28.33366,0.03006667,75.75845,2.004444,0.03006667,2.004444
36.07,28.32413,0.03006667,75.73296,2.004444,0.03006667,2.004444
36.08,28.31618,0.03006667,75.71171,2.004444,0.03006667,2.004444
36.09,28.31936,0.0301,75.72021,2.006667,0.0301,2.006667
36.1,28.3289,0.0301,75.7457,2.006667,0.0301,2.006667
36.11,28.34797,0.0301,75.79671,2.006667,0.0301,2.006667
36.12,28.37022,0.03013333,75.85621,2.008889,0.03013333,2.008889
36.13,28.39883,0.03013333,75.9327,2.008889,0.03013333,2.008889
36.14,28.41949,0.03013333,75.98795,2.008889,0.03013333,2.008889
36.15,28.42585,0.03013333,76.00495,2.008889,0.03013333,2.008889
36.16,28.42267,0.03016667,75.99645,2.011111,0.03016667,2.011111
36.17,28.41791,0.03016667,75.9837,2.011111,0.03016667,2.011111
36.18,28.41791,0.03016667,75.9837,2.011111,0.03016667,2.011111
36.19,28.42585,0.03016667,76.00495,2.011111,0.03016667,2.011111
36.2,28.44016,0.0302,76.0432,2.013333,0.0302,2.013333
36.21,28.4481,0.0302,76.06445,2.013333,0.0302,2.013333
36.22,28.43857,0.0302,76.03895,2.013333,0.0302,2.013333
36.23,28.42744,0.0302,76.0092,2.013333,0.0302,2.013333
36.24,28.4338,0.0302,76.0262,2.013333,0.0302,2.013333
36.25,28.44334,0.03023333,76.0517,2.015556,0.03023333,2.015556
36.26,28.45605,0.03023333,76.0857,2.015556,0.03023333,2.015556
36.27,28.46877,0.03023333,76.1197,2.015556,0.03023333,2.015556
36.28,28.48307,0.03023333,76.15794,2.015556,0.03023333,2.015556
36.29,28.48784,0.03026667,76.17069,2.017778,0.03026667,2.017778
36.3,28.48466,0.03026667,76.1622,2.017778,0.03026667,2.017778
36.31,28.47513,0.03026667,76.1367,2.017778,0.03026667,2.017778
36.32,28.46877,0.0303,76.1197,2.02,0.0303,2.02
36.33,28.47513,0.0303,76.1367,2.02,0.0303,2.02
36.34,28.49579,0.0303,76.19195,2.02,0.0303,2.02
36.35,28.51963,0.0303,76.25569,2.02,0.0303,2.02
36.36,28.54188,0.03033333,76.31519,2.022222,0.03033333,2.022222
36.37,28.5546,0.03033333,76.34919,2.022222,0.03033333,2.022222
36.38,28.5546,0.03033333,76.34919,2.022222,0.03033333,2.022222
36.39,28.54824,0.03033333,76.33219,2.022222,0.03033333,2.022222
36.4,28.54824,0.03033333,76.33219,2.022222,0.03033333,2.022222
36.41,28.5546,0.03036667,76.34919,2.024444,0.03036667,2.024444
36.42,28.57049,0.03036667,76.39169,2.024444,0.03036667,2.024444
36.43,28.58639,0.03036667,76.43419,2.024444,0.03036667,2.024444
36.44,28.58957,0.03036667,76.44269,2.024444,0.03036667,2.024444
36.45,28.59434,0.0304,76.45544,2.026667,0.0304,2.026667
36.46,28.60546,0.0304,76.48518,2.026667,0.0304,2.026667
36.47,28.62295,0.0304,76.53194,2.026667,0.0304,2.026667
36.48,28.63566,0.03043333,76.56593,2.028889,0.03043333,2.028889
36.49,28.63884,0.03043333,76.57443,2.028889,0.03043333,2.028889
36.5,28.63089,0.03043333,76.55318,2.028889,0.03043333,2.028889
36.51,28.61977,0.03043333,76.52344,2.028889,0.03043333,2.028889
36.52,28.615,0.03046667,76.51069,2.031111,0.03046667,2.031111
36.53,28.61977,0.03046667,76.52344,2.031111,0.03046667,2.031111
36.54,28.62771,0.03046667,76.54469,2.031111,0.03046667,2.031111
36.55,28.63407,0.03046667,76.56168,2.031111,0.03046667,2.031111
36.56,28.64043,0.0305,76.57868,2.033333,0.0305,2.033333
36.57,28.65473,0.0305,76.61694,2.033333,0.0305,2.033333
36.58,28.66745,0.0305,76.65093,2.033333,0.0305,2.033333
36.59,28.6754,0.0305,76.67219,2.033333,0.0305,2.033333
36.6,28.68493,0.0305,76.69769,2.033333,0.0305,2.033333
36.61,28.7056,0.03053333,76.75293,2.035556,0.03053333,2.035556
36.62,28.72944,0.03053333,76.81668,2.035556,0.03053333,2.035556
36.63,28.74056,0.03053333,76.84643,2.035556,0.03053333,2.035556
36.64,28.73739,0.03053333,76.83793,2.035556,0.03053333,2.035556
36.65,28.73739,0.03056667,76.83793,2.037778,0.03056667,2.037778
36.66,28.73739,0.03056667,76.83793,2.037778,0.03056667,2.037778
36.67,28.74533,0.03056667,76.85918,2.037778,0.03056667,2.037778
36.68,28.76123,0.0306,76.90168,2.04,0.0306,2.04
36.69,28.77871,0.0306,76.94843,2.04,0.0306,2.04
36.7,28.77871,0.0306,76.94843,2.04,0.0306,2.04
36.71,28.76123,0.0306,76.90168,2.04,0.0306,2.04
36.72,28.74533,0.03063333,76.85918,2.042222,0.03063333,2.042222
36.73,28.74216,0.03063333,76.85068,2.042222,0.03063333,2.042222
36.74,28.7501,0.03063333,76.87193,2.042222,0.03063333,2.042222
36.75,28.766,0.03063333,76.91443,2.042222,0.03063333,2.042222
36.76,28.77712,0.03063333,76.94418,2.042222,0.03063333,2.042222
36.77,28.78666,0.03066667,76.96967,2.044444,0.03066667,2.044444
36.78,28.80573,0.03066667,77.02068,2.044444,0.03066667,2.044444
36.79,28.82004,0.03066667,77.05892,2.044444,0.03066667,2.044444
36.8,28.8264,0.03066667,77.07592,2.044444,0.03066667,2.044444
36.81,28.8264,0.0307,77.07592,2.046667,0.0307,2.046667
36.82,28.82799,0.0307,77.08017,2.046667,0.0307,2.046667
36.83,28.83116,0.0307,77.08867,2.046667,0.0307,2.046667
36.84,28.83911,0.0307,77.10992,2.046667,0.0307,2.046667
36.85,28.85501,0.03073333,77.15242,2.048889,0.03073333,2.048889
36.86,28.8709,0.03073333,77.19492,2.048889,0.03073333,2.048889
36.87,28.87249,0.03073333,77.19917,2.048889,0.03073333,2.048889
36.88,28.86295,0.03076667,77.17367,2.051111,0.03076667,2.051111
36.89,28.84865,0.03076667,77.13542,2.051111,0.03076667,2.051111
36.9,28.84229,0.03076667,77.11842,2.051111,0.03076667,2.051111
36.91,28.84388,0.03076667,77.12267,2.051111,0.03076667,2.051111
36.92,28.85501,0.0308,77.15242,2.053333,0.0308,2.053333
36.93,28.86454,0.0308,77.17792,2.053333,0.0308,2.053333
36.94,28.87567,0.0308,77.20767,2.053333,0.0308,2.053333
36.95,28.88838,0.0308,77.24167,2.053333,0.0308,2.053333
36.96,28.9011,0.03083333,77.27567,2.055556,0.03083333,2.055556
36.97,28.90587,0.03083333,77.28841,2.055556,0.03083333,2.055556
36.98,28.91223,0.03083333,77.30541,2.055556,0.03083333,2.055556
36.99,28.91699,0.03083333,77.31816,2.055556,0.03083333,2.055556
37.0,28.92812,0.03083333,77.34792,2.055556,0.03083333,2.055556
37.01,28.93448,0.03086667,77.36491,2.057778,0.03086667,2.057778
37.02,28.93766,0.03086667,77.37341,2.057778,0.03086667,2.057778
37.03,28.93766,0.03086667,77.37341,2.057778,0.03086667,2.057778
37.04,28.93766,0.03086667,77.37341,2.057778,0.03086667,2.057778
37.05,28.93289,0.0309,77.36066,2.06,0.0309,2.06
37.06,28.93766,0.0309,77.37341,2.06,0.0309,2.06
37.07,28.95037,0.0309,77.40741,2.06,0.0309,2.06
37.08,28.96309,0.03093333,77.44141,2.062222,0.03093333,2.062222
37.09,28.96627,0.03093333,77.44991,2.062222,0.03093333,2.062222
37.1,28.96945,0.03093333,77.45841,2.062222,0.03093333,2.062222
37.11,28.97421,0.03093333,77.47116,2.062222,0.03093333,2.062222
37.12,28.97739,0.03096667,77.47966,2.064445,0.03096667,2.064445
37.13,28.98534,0.03096667,77.50092,2.064445,0.03096667,2.064445
37.14,28.99806,0.03096667,77.5349,2.064445,0.03096667,2.064445
37.15,29.02031,0.03096667,77.59441,2.064445,0.03096667,2.064445
37.16,29.04415,0.03096667,77.65816,2.064445,0.03096667,2.064445
37.17,29.06322,0.031,77.70915,2.066667,0.031,2.066667
37.18,29.07594,0.031,77.74316,2.066667,0.031,2.066667
37.19,29.07753,0.031,77.74741,2.066667,0.031,2.066667
37.2,29.07276,0.031,77.73466,2.066667,0.031,2.066667
37.21,29.07276,0.03103333,77.73466,2.068889,0.03103333,2.068889
37.22,29.07753,0.03103333,77.74741,2.068889,0.03103333,2.068889
37.23,29.08866,0.03103333,77.77715,2.068889,0.03103333,2.068889
37.24,29.0966,0.03103333,77.7984,2.068889,0.03103333,2.068889
37.25,29.09342,0.03106667,77.7899,2.071111,0.03106667,2.071111
37.26,29.08866,0.03106667,77.77715,2.071111,0.03106667,2.071111
37.27,29.09184,0.03106667,77.78565,2.071111,0.03106667,2.071111
37.28,29.09978,0.0311,77.8069,2.073334,0.0311,2.073334
37.29,29.10137,0.0311,77.81115,2.073334,0.0311,2.073334
37.3,29.10614,0.0311,77.8239,2.073334,0.0311,2.073334
37.31,29.11409,0.0311,77.84515,2.073334,0.0311,2.073334
37.32,29.12045,0.03113333,77.86215,2.075556,0.03113333,2.075556
37.33,29.12521,0.03113333,77.8749,2.075556,0.03113333,2.075556
37.34,29.13316,0.03113333,77.89615,2.075556,0.03113333,2.075556
37.35,29.15382,0.03113333,77.9514,2.075556,0.03113333,2.075556
37.36,29.17767,0.03113333,78.01514,2.075556,0.03113333,2.075556
37.37,29.19038,0.03116667,78.04915,2.077778,0.03116667,2.077778
37.38,29.1872,0.03116667,78.04064,2.077778,0.03116667,2.077778
37.39,29.18561,0.03116667,78.0364,2.077778,0.03116667,2.077778
37.4,29.19197,0.03116667,78.0534,2.077778,0.03116667,2.077778
37.41,29.20628,0.0312,78.09164,2.08,0.0312,2.08
37.42,29.21104,0.0312,78.10439,2.08,0.0312,2.08
37.43,29.2031,0.0312,78.08315,2.08,0.0312,2.08
37.44,29.19515,0.0312,78.0619,2.08,0.0312,2.08
37.45,29.19515,0.03123333,78.0619,2.082222,0.03123333,2.082222
37.46,29.19992,0.03123333,78.07465,2.082222,0.03123333,2.082222
37.47,29.21581,0.03123333,78.11714,2.082222,0.03123333,2.082222
37.48,29.23489,0.03126667,78.16814,2.084445,0.03126667,2.084445
37.49,29.2476,0.03126667,78.20214,2.084445,0.03126667,2.084445
37.5,29.25714,0.03126667,78.22765,2.084445,0.03126667,2.084445
37.51,29.25237,0.03126667,78.21489,2.084445,0.03126667,2.084445
37.52,29.23489,0.0313,78.16814,2.086667,0.0313,2.086667
37.53,29.22058,0.0313,78.12989,2.086667,0.0313,2.086667
37.54,29.22694,0.0313,78.14689,2.086667,0.0313,2.086667
37.55,29.25078,0.0313,78.21064,2.086667,0.0313,2.086667
37.56,29.27939,0.0313,78.28714,2.086667,0.0313,2.086667
37.57,29.30482,0.03133333,78.35514,2.088889,0.03133333,2.088889
37.58,29.32549,0.03133333,78.41039,2.088889,0.03133333,2.088889
37.59,29.33343,0.03133333,78.43163,2.088889,0.03133333,2.088889
37.6,29.33025,0.03133333,78.42313,2.088889,0.03133333,2.088889
37.61,29.32866,0.03136667,78.41888,2.091111,0.03136667,2.091111
37.62,29.32866,0.03136667,78.41888,2.091111,0.03136667,2.091111
37.63,29.33025,0.03136667,78.42313,2.091111,0.03136667,2.091111
37.64,29.33661,0.03136667,78.44013,2.091111,0.03136667,2.091111
37.65,29.35092,0.0314,78.47838,2.093333,0.0314,2.093333
37.66,29.36999,0.0314,78.52938,2.093333,0.0314,2.093333
37.67,29.37476,0.0314,78.54213,2.093333,0.0314,2.093333
37.68,29.36681,0.03143333,78.52088,2.095556,0.03143333,2.095556
37.69,29.35886,0.03143333,78.49963,2.095556,0.03143333,2.095556
37.7,29.35886,0.03143333,78.49963,2.095556,0.03143333,2.095556
37.71,29.36999,0.03143333,78.52938,2.095556,0.03143333,2.095556
37.72,29.39065,0.03143333,78.58463,2.095556,0.03143333,2.095556
37.73,29.40814,0.03146667,78.63138,2.097778,0.03146667,2.097778
37.74,29.41608,0.03146667,78.65263,2.097778,0.03146667,2.097778
37.75,29.40814,0.03146667,78.63138,2.097778,0.03146667,2.097778
37.76,29.40337,0.03146667,78.61863,2.097778,0.03146667,2.097778
37.77,29.40337,0.0315,78.61863,2.1,0.0315,2.1
37.78,29.40019,0.0315,78.61013,2.1,0.0315,2.1
37.79,29.39065,0.0315,78.58463,2.1,0.0315,2.1
37.8,29.39383,0.0315,78.59313,2.1,0.0315,2.1
37.81,29.41608,0.03153333,78.65263,2.102222,0.03153333,2.102222
37.82,29.43993,0.03153333,78.71638,2.102222,0.03153333,2.102222
37.83,29.44469,0.03153333,78.72913,2.102222,0.03153333,2.102222
37.84,29.44311,0.03153333,78.72488,2.102222,0.03153333,2.102222
37.85,29.44469,0.03156667,78.72913,2.104445,0.03156667,2.104445
37.86,29.45741,0.03156667,78.76313,2.104445,0.03156667,2.104445
37.87,29.4733,0.03156667,78.80563,2.104445,0.03156667,2.104445
37.88,29.4892,0.0316,78.84812,2.106667,0.0316,2.106667
37.89,29.50033,0.0316,78.87788,2.106667,0.0316,2.106667
37.9,29.50033,0.0316,78.87788,2.106667,0.0316,2.106667
37.91,29.49238,0.0316,78.85662,2.106667,0.0316,2.106667
37.92,29.48443,0.0316,78.83537,2.106667,0.0316,2.106667
37.93,29.48443,0.03163333,78.83537,2.108889,0.03163333,2.108889
37.94,29.49397,0.03163333,78.86087,2.108889,0.03163333,2.108889
37.95,29.50827,0.03163333,78.89912,2.108889,0.03163333,2.108889
37.96,29.51463,0.03163333,78.91612,2.108889,0.03163333,2.108889
37.97,29.52576,0.03166667,78.94587,2.111111,0.03166667,2.111111
37.98,29.53688,0.03166667,78.97562,2.111111,0.03166667,2.111111
37.99,29.53688,0.03166667,78.97562,2.111111,0.03166667,2.111111
38.0,29.52576,0.03166667,78.94587,2.111111,0.03166667,2.111111
38.01,29.52576,0.0317,78.94587,2.113333,0.0317,2.113333
38.02,29.54324,0.0317,78.99262,2.113333,0.0317,2.113333
38.03,29.55914,0.0317,79.03512,2.113333,0.0317,2.113333
38.04,29.55119,0.03173333,79.01387,2.115556,0.03173333,2.115556
38.05,29.54165,0.03173333,78.98837,2.115556,0.03173333,2.115556
38.06,29.54324,0.03173333,78.99262,2.115556,0.03173333,2.115556
38.07,29.56231,0.03173333,79.04362,2.115556,0.03173333,2.115556
38.08,29.5798,0.03176667,79.09036,2.117778,0.03176667,2.117778
38.09,29.59569,0.03176667,79.13287,2.117778,0.03176667,2.117778
38.1,29.60046,0.03176667,79.14561,2.117778,0.03176667,2.117778
38.11,29.59569,0.03176667,79.13287,2.117778,0.03176667,2.117778
38.12,29.58298,0.0318,79.09887,2.12,0.0318,2.12
38.13,29.57503,0.0318,79.07761,2.12,0.0318,2.12
38.14,29.57821,0.0318,79.08612,2.12,0.0318,2.12
38.15,29.5941,0.0318,79.12862,2.12,0.0318,2.12
38.16,29.61636,0.0318,79.18812,2.12,0.0318,2.12
38.17,29.63225,0.03183333,79.23061,2.122222,0.03183333,2.122222
38.18,29.63702,0.03183333,79.24336,2.122222,0.03183333,2.122222
38.19,29.63702,0.03183333,79.24336,2.122222,0.03183333,2.122222
38.2,29.64497,0.03183333,79.26461,2.122222,0.03183333,2.122222
38.21,29.65291,0.03186667,79.28587,2.124444,0.03186667,2.124444
38.22,29.66404,0.03186667,79.31561,2.124444,0.03186667,2.124444
38.23,29.67676,0.03186667,79.34961,2.124444,0.03186667,2.124444
38.24,29.68629,0.0319,79.37511,2.126667,0.0319,2.126667
38.25,29.68629,0.0319,79.37511,2.126667,0.0319,2.126667
38.26,29.6847,0.0319,79.37086,2.126667,0.0319,2.126667
38.27,29.6847,0.0319,79.37086,2.126667,0.0319,2.126667
38.28,29.69742,0.03193333,79.40486,2.128889,0.03193333,2.128889
38.29,29.7149,0.03193333,79.45161,2.128889,0.03193333,2.128889
38.3,29.73398,0.03193333,79.50261,2.128889,0.03193333,2.128889
38.31,29.74192,0.03193333,79.52386,2.128889,0.03193333,2.128889
38.32,29.7451,0.03193333,79.53236,2.128889,0.03193333,2.128889
38.33,29.74669,0.03196667,79.53661,2.131111,0.03196667,2.131111
38.34,29.74987,0.03196667,79.5451,2.131111,0.03196667,2.131111
38.35,29.75782,0.03196667,79.56635,2.131111,0.03196667,2.131111
38.36,29.76735,0.03196667,79.59186,2.131111,0.03196667,2.131111
38.37,29.78325,0.032,79.63435,2.133333,0.032,2.133333
38.38,29.7912,0.032,79.6556,2.133333,0.032,2.133333
38.39,29.77848,0.032,79.6216,2.133333,0.032,2.133333
38.4,29.75941,0.032,79.5706,2.133333,0.032,2.133333
38.41,29.75146,0.03203334,79.54935,2.135556,0.03203334,2.135556
38.42,29.75464,0.03203334,79.55785,2.135556,0.03203334,2.135556
38.43,29.75782,0.03203334,79.56635,2.135556,0.03203334,2.135556
38.44,29.75464,0.03206667,79.55785,2.137778,0.03206667,2.137778
38.45,29.74987,0.03206667,79.5451,2.137778,0.03206667,2.137778
38.46,29.74192,0.03206667,79.52386,2.137778,0.03206667,2.137778
38.47,29.73715,0.03206667,79.5111,2.137778,0.03206667,2.137778
38.48,29.74192,0.03206667,79.52386,2.137778,0.03206667,2.137778
38.49,29.75941,0.0321,79.5706,2.14,0.0321,2.14
38.5,29.78643,0.0321,79.64285,2.14,0.0321,2.14
38.51,29.80709,0.0321,79.6981,2.14,0.0321,2.14
38.52,29.81504,0.0321,79.71935,2.14,0.0321,2.14
38.53,29.81186,0.03213333,79.71085,2.142222,0.03213333,2.142222
38.54,29.80868,0.03213333,79.70235,2.142222,0.03213333,2.142222
38.55,29.81981,0.03213333,79.7321,2.142222,0.03213333,2.142222
38.56,29.84047,0.03213333,79.78735,2.142222,0.03213333,2.142222
38.57,29.85954,0.03216667,79.83835,2.144444,0.03216667,2.144444
38.58,29.85954,0.03216667,79.83835,2.144444,0.03216667,2.144444
38.59,29.85319,0.03216667,79.82135,2.144444,0.03216667,2.144444
38.6,29.85159,0.03216667,79.81709,2.144444,0.03216667,2.144444
38.61,29.85636,0.0322,79.82985,2.146667,0.0322,2.146667
38.62,29.86113,0.0322,79.8426,2.146667,0.0322,2.146667
38.63,29.86908,0.0322,79.86385,2.146667,0.0322,2.146667
38.64,29.8818,0.03223334,79.89785,2.148889,0.03223334,2.148889
38.65,29.89292,0.03223334,79.9276,2.148889,0.03223334,2.148889
38.66,29.88974,0.03223334,79.91909,2.148889,0.03223334,2.148889
38.67,29.88815,0.03223334,79.91485,2.148889,0.03223334,2.148889
38.68,29.90087,0.03226667,79.94884,2.151111,0.03226667,2.151111
38.69,29.92153,0.03226667,80.00409,2.151111,0.03226667,2.151111
38.7,29.93902,0.03226667,80.05084,2.151111,0.03226667,2.151111
38.71,29.94696,0.03226667,80.07209,2.151111,0.03226667,2.151111
38.72,29.94696,0.0323,80.07209,2.153333,0.0323,2.153333
38.73,29.93743,0.0323,80.04659,2.153333,0.0323,2.153333
38.74,29.93107,0.0323,80.02959,2.153333,0.0323,2.153333
38.75,29.93902,0.0323,80.05084,2.153333,0.0323,2.153333
38.76,29.95014,0.0323,80.08059,2.153333,0.0323,2.153333
38.77,29.95491,0.03233333,80.09334,2.155555,0.03233333,2.155555
38.78,29.95491,0.03233333,80.09334,2.155555,0.03233333,2.155555
38.79,29.95809,0.03233333,80.10184,2.155555,0.03233333,2.155555
38.8,29.96604,0.03233333,80.12309,2.155555,0.03233333,2.155555
38.81,29.97875,0.03236667,80.15709,2.157778,0.03236667,2.157778
38.82,29.99941,0.03236667,80.21233,2.157778,0.03236667,2.157778
38.83,30.02008,0.03236667,80.26759,2.157778,0.03236667,2.157778
38.84,30.0312,0.0324,80.29733,2.16,0.0324,2.16
38.85,30.03597,0.0324,80.31008,2.16,0.0324,2.16
38.86,30.03597,0.0324,80.31008,2.16,0.0324,2.16
38.87,30.02326,0.0324,80.27608,2.16,0.0324,2.16
38.88,30.00736,0.03243333,80.23359,2.162222,0.03243333,2.162222
38.89,30.00259,0.03243333,80.22084,2.162222,0.03243333,2.162222
38.9,30.01213,0.03243333,80.24634,2.162222,0.03243333,2.162222
38.91,30.02802,0.03243333,80.28883,2.162222,0.03243333,2.162222
38.92,30.04551,0.03246667,80.33559,2.164445,0.03246667,2.164445
38.93,30.06458,0.03246667,80.38658,2.164445,0.03246667,2.164445
38.94,30.08048,0.03246667,80.42908,2.164445,0.03246667,2.164445
38.95,30.09001,0.03246667,80.45458,2.164445,0.03246667,2.164445
38.96,30.09478,0.03246667,80.46733,2.164445,0.03246667,2.164445
38.97,30.10114,0.0325,80.48433,2.166667,0.0325,2.166667
38.98,30.11386,0.0325,80.51833,2.166667,0.0325,2.166667
38.99,30.12657,0.0325,80.55233,2.166667,0.0325,2.166667
39.0,30.13134,0.0325,80.56508,2.166667,0.0325,2.166667
39.01,30.13134,0.03253333,80.56508,2.168889,0.03253333,2.168889
39.02,30.12339,0.03253333,80.54382,2.168889,0.03253333,2.168889
39.03,30.11862,0.03253333,80.53107,2.168889,0.03253333,2.168889
39.04,30.11862,0.03256667,80.53107,2.171111,0.03256667,2.171111
39.05,30.12339,0.03256667,80.54382,2.171111,0.03256667,2.171111
39.06,30.13134,0.03256667,80.56508,2.171111,0.03256667,2.171111
39.07,30.13452,0.03256667,80.57358,2.171111,0.03256667,2.171111
39.08,30.1377,0.0326,80.58208,2.173333,0.0326,2.173333
39.09,30.15836,0.0326,80.63733,2.173333,0.0326,2.173333
39.1,30.19492,0.0326,80.73507,2.173333,0.0326,2.173333
39.11,30.22035,0.0326,80.80307,2.173333,0.0326,2.173333
39.12,30.22035,0.0326,80.80307,2.173333,0.0326,2.173333
39.13,30.20445,0.03263333,80.76057,2.175556,0.03263333,2.175556
39.14,30.19651,0.03263333,80.73933,2.175556,0.03263333,2.175556
39.15,30.20763,0.03263333,80.76907,2.175556,0.03263333,2.175556
39.16,30.21717,0.03263333,80.79457,2.175556,0.03263333,2.175556
39.17,30.21717,0.03266667,80.79457,2.177778,0.03266667,2.177778
39.18,30.20763,0.03266667,80.76907,2.177778,0.03266667,2.177778
39.19,30.20287,0.03266667,80.75632,2.177778,0.03266667,2.177778
39.2,30.20922,0.03266667,80.77332,2.177778,0.03266667,2.177778
39.21,30.23306,0.0327,80.83707,2.18,0.0327,2.18
39.22,30.26167,0.0327,80.91357,2.18,0.0327,2.18
39.23,30.27757,0.0327,80.95607,2.18,0.0327,2.18
39.24,30.27439,0.03273333,80.94757,2.182222,0.03273333,2.182222
39.25,30.2728,0.03273333,80.94332,2.182222,0.03273333,2.182222
39.26,30.26962,0.03273333,80.93481,2.182222,0.03273333,2.182222
39.27,30.26962,0.03273333,80.93481,2.182222,0.03273333,2.182222
39.28,30.28075,0.03276667,80.96456,2.184444,0.03276667,2.184444
39.29,30.29823,0.03276667,81.01131,2.184444,0.03276667,2.184444
39.3,30.31731,0.03276667,81.06232,2.184444,0.03276667,2.184444
39.31,30.3189,0.03276667,81.06656,2.184444,0.03276667,2.184444
39.32,30.32207,0.03276667,81.07507,2.184444,0.03276667,2.184444
39.33,30.32207,0.0328,81.07507,2.186667,0.0328,2.186667
39.34,30.32684,0.0328,81.08781,2.186667,0.0328,2.186667
39.35,30.33161,0.0328,81.10056,2.186667,0.0328,2.186667
39.36,30.33479,0.0328,81.10906,2.186667,0.0328,2.186667
39.37,30.33956,0.03283333,81.12181,2.188889,0.03283333,2.188889
39.38,30.34592,0.03283333,81.13881,2.188889,0.03283333,2.188889
39.39,30.34751,0.03283333,81.14306,2.188889,0.03283333,2.188889
39.4,30.35386,0.03286667,81.16006,2.191111,0.03286667,2.191111
39.41,30.36817,0.03286667,81.19831,2.191111,0.03286667,2.191111
39.42,30.38724,0.03286667,81.24931,2.191111,0.03286667,2.191111
39.43,30.39519,0.03286667,81.27055,2.191111,0.03286667,2.191111
39.44,30.39519,0.0329,81.27055,2.193333,0.0329,2.193333
39.45,30.38883,0.0329,81.25356,2.193333,0.0329,2.193333
39.46,30.38247,0.0329,81.23656,2.193333,0.0329,2.193333
39.47,30.37612,0.0329,81.21956,2.193333,0.0329,2.193333
39.48,30.38247,0.03293333,81.23656,2.195555,0.03293333,2.195555
39.49,30.40314,0.03293333,81.29181,2.195555,0.03293333,2.195555
39.5,30.42539,0.03293333,81.35131,2.195555,0.03293333,2.195555
39.51,30.44446,0.03293333,81.40231,2.195555,0.03293333,2.195555
39.52,30.44923,0.03293333,81.41505,2.195555,0.03293333,2.195555
39.53,30.44923,0.032966670000000003,81.41505,2.197778,0.032966670000000003,2.197778
39.54,30.44605,0.032966670000000003,81.40656,2.197778,0.032966670000000003,2.197778
39.55,30.45241,0.032966670000000003,81.42355,2.197778,0.032966670000000003,2.197778
39.56,30.46036,0.032966670000000003,81.4448,2.197778,0.032966670000000003,2.197778
39.57,30.46989,0.033,81.47031,2.2,0.033,2.2
39.58,30.47784,0.033,81.49155,2.2,0.033,2.2
39.59,30.48579,0.033,81.5128,2.2,0.033,2.2
39.6,30.48897,0.03303333,81.5213,2.202222,0.03303333,2.202222
39.61,30.48897,0.03303333,81.5213,2.202222,0.03303333,2.202222
39.62,30.48579,0.03303333,81.5128,2.202222,0.03303333,2.202222
39.63,30.48579,0.03303333,81.5128,2.202222,0.03303333,2.202222
39.64,30.49692,0.03306667,81.54255,2.204444,0.03306667,2.204444
39.65,30.50963,0.03306667,81.57655,2.204444,0.03306667,2.204444
39.66,30.51758,0.03306667,81.5978,2.204444,0.03306667,2.204444
39.67,30.5144,0.03306667,81.58929,2.204444,0.03306667,2.204444
39.68,30.51758,0.03306667,81.5978,2.204444,0.03306667,2.204444
39.69,30.53029,0.0331,81.6318,2.206667,0.0331,2.206667
39.7,30.54301,0.0331,81.66579,2.206667,0.0331,2.206667
39.71,30.53983,0.0331,81.6573,2.206667,0.0331,2.206667
39.72,30.53029,0.0331,81.6318,2.206667,0.0331,2.206667
39.73,30.52553,0.03313334,81.61905,2.208889,0.03313334,2.208889
39.74,30.53506,0.03313334,81.64455,2.208889,0.03313334,2.208889
39.75,30.54778,0.03313334,81.67854,2.208889,0.03313334,2.208889
39.76,30.55573,0.03313334,81.6998,2.208889,0.03313334,2.208889
39.77,30.56685,0.03316667,81.72955,2.211111,0.03316667,2.211111
39.78,30.5891,0.03316667,81.78905,2.211111,0.03316667,2.211111
39.79,30.61295,0.03316667,81.85279,2.211111,0.03316667,2.211111
39.8,30.62884,0.0332,81.89529,2.213333,0.0332,2.213333
39.81,30.62407,0.0332,81.88254,2.213333,0.0332,2.213333
39.82,30.605,0.0332,81.83154,2.213333,0.0332,2.213333
39.83,30.5891,0.0332,81.78905,2.213333,0.0332,2.213333
39.84,30.58434,0.03323333,81.7763,2.215556,0.03323333,2.215556
39.85,30.58434,0.03323333,81.7763,2.215556,0.03323333,2.215556
39.86,30.58434,0.03323333,81.7763,2.215556,0.03323333,2.215556
39.87,30.59228,0.03323333,81.79755,2.215556,0.03323333,2.215556
39.88,30.60341,0.03323333,81.82729,2.215556,0.03323333,2.215556
39.89,30.61771,0.03326667,81.86554,2.217778,0.03326667,2.217778
39.9,30.63679,0.03326667,81.91654,2.217778,0.03326667,2.217778
39.91,30.65268,0.03326667,81.95904,2.217778,0.03326667,2.217778
39.92,30.66063,0.03326667,81.98029,2.217778,0.03326667,2.217778
39.93,30.66063,0.0333,81.98029,2.22,0.0333,2.22
39.94,30.65745,0.0333,81.97179,2.22,0.0333,2.22
39.95,30.66063,0.0333,81.98029,2.22,0.0333,2.22
39.96,30.6654,0.0333,81.99304,2.22,0.0333,2.22
39.97,30.67017,0.03333334,82.00579,2.222222,0.03333334,2.222222
39.98,30.68129,0.03333334,82.03554,2.222222,0.03333334,2.222222
39.99,30.69083,0.03333334,82.06104,2.222222,0.03333334,2.222222
40.0,30.70672,0.03336667,82.10354,2.224444,0.03336667,2.224444
40.01,30.71467,0.03336667,82.12479,2.224444,0.03336667,2.224444
40.02,30.71467,0.03336667,82.12479,2.224444,0.03336667,2.224444
40.03,30.70672,0.03336667,82.10354,2.224444,0.03336667,2.224444
40.04,30.70354,0.0334,82.09504,2.226667,0.0334,2.226667
40.05,30.70672,0.0334,82.10354,2.226667,0.0334,2.226667
40.06,30.71785,0.0334,82.13329,2.226667,0.0334,2.226667
40.07,30.71944,0.0334,82.13754,2.226667,0.0334,2.226667
40.08,30.71785,0.0334,82.13329,2.226667,0.0334,2.226667
40.09,30.71467,0.03343333,82.12479,2.228889,0.03343333,2.228889
40.1,30.71785,0.03343333,82.13329,2.228889,0.03343333,2.228889
40.11,30.7258,0.03343333,82.15453,2.228889,0.03343333,2.228889
40.12,30.7401,0.03343333,82.19279,2.228889,0.03343333,2.228889
40.13,30.756,0.03346667,82.23528,2.231111,0.03346667,2.231111
40.14,30.76394,0.03346667,82.25653,2.231111,0.03346667,2.231111
40.15,30.76394,0.03346667,82.25653,2.231111,0.03346667,2.231111
40.16,30.77189,0.03346667,82.27778,2.231111,0.03346667,2.231111
40.17,30.79255,0.0335,82.33303,2.233333,0.0335,2.233333
40.18,30.8164,0.0335,82.39678,2.233333,0.0335,2.233333
40.19,30.83229,0.0335,82.43928,2.233333,0.0335,2.233333
40.2,30.83229,0.03353333,82.43928,2.235556,0.03353333,2.235556
40.21,30.82117,0.03353333,82.40953,2.235556,0.03353333,2.235556
40.22,30.80845,0.03353333,82.37553,2.235556,0.03353333,2.235556
40.23,30.79732,0.03353333,82.34578,2.235556,0.03353333,2.235556
40.24,30.79732,0.03356667,82.34578,2.237778,0.03356667,2.237778
40.25,30.81957,0.03356667,82.40527,2.237778,0.03356667,2.237778
40.26,30.84818,0.03356667,82.48177,2.237778,0.03356667,2.237778
40.27,30.86885,0.03356667,82.53703,2.237778,0.03356667,2.237778
40.28,30.86885,0.03356667,82.53703,2.237778,0.03356667,2.237778
40.29,30.86885,0.0336,82.53703,2.24,0.0336,2.24
40.3,30.87679,0.0336,82.55827,2.24,0.0336,2.24
40.31,30.88633,0.0336,82.58377,2.24,0.0336,2.24
40.32,30.89746,0.0336,82.61353,2.24,0.0336,2.24
40.33,30.91017,0.03363333,82.64752,2.242222,0.03363333,2.242222
40.34,30.91812,0.03363333,82.66877,2.242222,0.03363333,2.242222
40.35,30.91971,0.03363333,82.67302,2.242222,0.03363333,2.242222
40.36,30.92766,0.03363333,82.69427,2.242222,0.03363333,2.242222
40.37,30.94037,0.03366667,82.72827,2.244444,0.03366667,2.244444
40.38,30.9515,0.03366667,82.75802,2.244444,0.03366667,2.244444
40.39,30.95627,0.03366667,82.77077,2.244444,0.03366667,2.244444
40.4,30.9515,0.0337,82.75802,2.246667,0.0337,2.246667
40.41,30.93878,0.0337,82.72401,2.246667,0.0337,2.246667
40.42,30.94037,0.0337,82.72827,2.246667,0.0337,2.246667
40.43,30.95627,0.0337,82.77077,2.246667,0.0337,2.246667
40.44,30.97534,0.03373333,82.82177,2.248889,0.03373333,2.248889
40.45,30.98488,0.03373333,82.84727,2.248889,0.03373333,2.248889
40.46,30.98329,0.03373333,82.84302,2.248889,0.03373333,2.248889
40.47,30.97534,0.03373333,82.82177,2.248889,0.03373333,2.248889
40.48,30.97693,0.03373333,82.82601,2.248889,0.03373333,2.248889
40.49,31.00395,0.03376667,82.89826,2.251111,0.03376667,2.251111
40.5,31.03733,0.03376667,82.98751,2.251111,0.03376667,2.251111
40.51,31.05482,0.03376667,83.03426,2.251111,0.03376667,2.251111
40.52,31.05799,0.03376667,83.04276,2.251111,0.03376667,2.251111
40.53,31.06276,0.0338,83.05551,2.253334,0.0338,2.253334
40.54,31.06912,0.0338,83.07251,2.253334,0.0338,2.253334
40.55,31.06276,0.0338,83.05551,2.253334,0.0338,2.253334
40.56,31.05322,0.0338,83.03001,2.253334,0.0338,2.253334
40.57,31.05322,0.03383333,83.03001,2.255555,0.03383333,2.255555
40.58,31.05482,0.03383333,83.03426,2.255555,0.03383333,2.255555
40.59,31.05482,0.03383333,83.03426,2.255555,0.03383333,2.255555
40.6,31.05322,0.03386667,83.03001,2.257778,0.03386667,2.257778
40.61,31.05799,0.03386667,83.04276,2.257778,0.03386667,2.257778
40.62,31.07707,0.03386667,83.09376,2.257778,0.03386667,2.257778
40.63,31.09932,0.03386667,83.15326,2.257778,0.03386667,2.257778
40.64,31.10727,0.03386667,83.17451,2.257778,0.03386667,2.257778
40.65,31.09773,0.0339,83.14901,2.26,0.0339,2.26
40.66,31.08343,0.0339,83.11076,2.26,0.0339,2.26
40.67,31.0866,0.0339,83.11926,2.26,0.0339,2.26
40.68,31.1025,0.0339,83.16176,2.26,0.0339,2.26
40.69,31.12634,0.03393333,83.22551,2.262222,0.03393333,2.262222
40.7,31.14859,0.03393333,83.285,2.262222,0.03393333,2.262222
40.71,31.15972,0.03393333,83.31476,2.262222,0.03393333,2.262222
40.72,31.15495,0.03393333,83.302,2.262222,0.03393333,2.262222
40.73,31.14382,0.03396667,83.27225,2.264445,0.03396667,2.264445
40.74,31.13111,0.03396667,83.23826,2.264445,0.03396667,2.264445
40.75,31.13111,0.03396667,83.23826,2.264445,0.03396667,2.264445
40.76,31.13906,0.03396667,83.25951,2.264445,0.03396667,2.264445
40.77,31.14859,0.034,83.285,2.266667,0.034,2.266667
40.78,31.15654,0.034,83.30625,2.266667,0.034,2.266667
40.79,31.1629,0.034,83.32325,2.266667,0.034,2.266667
40.8,31.17243,0.03403333,83.34875,2.268889,0.03403333,2.268889
40.81,31.1931,0.03403333,83.404,2.268889,0.03403333,2.268889
40.82,31.20899,0.03403333,83.4465,2.268889,0.03403333,2.268889
40.83,31.20899,0.03403333,83.4465,2.268889,0.03403333,2.268889
40.84,31.19787,0.03406667,83.41676,2.271111,0.03406667,2.271111
40.85,31.1931,0.03406667,83.404,2.271111,0.03406667,2.271111
40.86,31.19787,0.03406667,83.41676,2.271111,0.03406667,2.271111
40.87,31.22012,0.03406667,83.47625,2.271111,0.03406667,2.271111
40.88,31.24555,0.03406667,83.54425,2.271111,0.03406667,2.271111
40.89,31.27098,0.0341,83.61224,2.273333,0.0341,2.273333
40.9,31.28529,0.0341,83.6505,2.273333,0.0341,2.273333
40.91,31.28529,0.0341,83.6505,2.273333,0.0341,2.273333
40.92,31.27416,0.0341,83.62075,2.273333,0.0341,2.273333
40.93,31.27098,0.03413333,83.61224,2.275556,0.03413333,2.275556
40.94,31.27734,0.03413333,83.62924,2.275556,0.03413333,2.275556
40.95,31.27098,0.03413333,83.61224,2.275556,0.03413333,2.275556
40.96,31.26144,0.03416667,83.58675,2.277778,0.03416667,2.277778
40.97,31.26303,0.03416667,83.591,2.277778,0.03416667,2.277778
40.98,31.28529,0.03416667,83.6505,2.277778,0.03416667,2.277778
40.99,31.30277,0.03416667,83.69724,2.277778,0.03416667,2.277778
41.0,31.30754,0.0342,83.70999,2.28,0.0342,2.28
41.01,31.31866,0.0342,83.73974,2.28,0.0342,2.28
41.02,31.33933,0.0342,83.79499,2.28,0.0342,2.28
41.03,31.35999,0.0342,83.85024,2.28,0.0342,2.28
41.04,31.37112,0.03423334,83.87999,2.282222,0.03423334,2.282222
41.05,31.37112,0.03423334,83.87999,2.282222,0.03423334,2.282222
41.06,31.36794,0.03423334,83.87148,2.282222,0.03423334,2.282222
41.07,31.37271,0.03423334,83.88424,2.282222,0.03423334,2.282222
41.08,31.38065,0.03423334,83.90549,2.282222,0.03423334,2.282222
41.09,31.38542,0.03426667,83.91824,2.284444,0.03426667,2.284444
41.1,31.3886,0.03426667,83.92673,2.284444,0.03426667,2.284444
41.11,31.38383,0.03426667,83.91399,2.284444,0.03426667,2.284444
41.12,31.38383,0.03426667,83.91399,2.284444,0.03426667,2.284444
41.13,31.38542,0.0343,83.91824,2.286667,0.0343,2.286667
41.14,31.39337,0.0343,83.93949,2.286667,0.0343,2.286667
41.15,31.39178,0.0343,83.93523,2.286667,0.0343,2.286667
41.16,31.38065,0.03433333,83.90549,2.288889,0.03433333,2.288889
41.17,31.37271,0.03433333,83.88424,2.288889,0.03433333,2.288889
41.18,31.37112,0.03433333,83.87999,2.288889,0.03433333,2.288889
41.19,31.37271,0.03433333,83.88424,2.288889,0.03433333,2.288889
41.2,31.38383,0.03436667,83.91399,2.291111,0.03436667,2.291111
41.21,31.3886,0.03436667,83.92673,2.291111,0.03436667,2.291111
41.22,31.39337,0.03436667,83.93949,2.291111,0.03436667,2.291111
41.23,31.40926,0.03436667,83.98199,2.291111,0.03436667,2.291111
41.24,31.43311,0.03436667,84.04573,2.291111,0.03436667,2.291111
41.25,31.449,0.0344,84.08823,2.293334,0.0344,2.293334
41.26,31.44582,0.0344,84.07973,2.293334,0.0344,2.293334
41.27,31.44582,0.0344,84.07973,2.293334,0.0344,2.293334
41.28,31.45059,0.0344,84.09248,2.293334,0.0344,2.293334
41.29,31.45854,0.03443334,84.11373,2.295556,0.03443334,2.295556
41.3,31.46172,0.03443334,84.12223,2.295556,0.03443334,2.295556
41.31,31.46172,0.03443334,84.12223,2.295556,0.03443334,2.295556
41.32,31.45854,0.03443334,84.11373,2.295556,0.03443334,2.295556
41.33,31.4633,0.03446667,84.12648,2.297778,0.03446667,2.297778
41.34,31.48556,0.03446667,84.18598,2.297778,0.03446667,2.297778
41.35,31.51417,0.03446667,84.26247,2.297778,0.03446667,2.297778
41.36,31.53483,0.0345,84.31773,2.3,0.0345,2.3
41.37,31.53642,0.0345,84.32198,2.3,0.0345,2.3
41.38,31.53483,0.0345,84.31773,2.3,0.0345,2.3
41.39,31.52847,0.0345,84.30073,2.3,0.0345,2.3
41.4,31.5237,0.03453333,84.28798,2.302222,0.03453333,2.302222
41.41,31.51894,0.03453333,84.27523,2.302222,0.03453333,2.302222
41.42,31.51417,0.03453333,84.26247,2.302222,0.03453333,2.302222
41.43,31.51576,0.03453333,84.26672,2.302222,0.03453333,2.302222
41.44,31.52688,0.03453333,84.29648,2.302222,0.03453333,2.302222
41.45,31.54437,0.03456667,84.34322,2.304445,0.03456667,2.304445
41.46,31.56026,0.03456667,84.38573,2.304445,0.03456667,2.304445
41.47,31.56821,0.03456667,84.40697,2.304445,0.03456667,2.304445
41.48,31.57298,0.03456667,84.41972,2.304445,0.03456667,2.304445
41.49,31.57775,0.0346,84.43247,2.306667,0.0346,2.306667
41.5,31.58092,0.0346,84.44097,2.306667,0.0346,2.306667
41.51,31.5841,0.0346,84.44948,2.306667,0.0346,2.306667
41.52,31.58887,0.0346,84.46223,2.306667,0.0346,2.306667
41.53,31.59682,0.03463333,84.48347,2.308889,0.03463333,2.308889
41.54,31.61271,0.03463333,84.52597,2.308889,0.03463333,2.308889
41.55,31.62543,0.03463333,84.55997,2.308889,0.03463333,2.308889
41.56,31.62543,0.03466667,84.55997,2.311111,0.03466667,2.311111
41.57,31.62225,0.03466667,84.55148,2.311111,0.03466667,2.311111
41.58,31.62543,0.03466667,84.55997,2.311111,0.03466667,2.311111
41.59,31.63338,0.03466667,84.58122,2.311111,0.03466667,2.311111
41.6,31.63338,0.0347,84.58122,2.313333,0.0347,2.313333
41.61,31.62861,0.0347,84.56847,2.313333,0.0347,2.313333
41.62,31.6302,0.0347,84.57272,2.313333,0.0347,2.313333
41.63,31.63497,0.0347,84.58546,2.313333,0.0347,2.313333
41.64,31.64609,0.03473333,84.61522,2.315556,0.03473333,2.315556
41.65,31.65881,0.03473333,84.64922,2.315556,0.03473333,2.315556
41.66,31.67947,0.03473333,84.70447,2.315556,0.03473333,2.315556
41.67,31.70331,0.03473333,84.76822,2.315556,0.03473333,2.315556
41.68,31.71444,0.03473333,84.79797,2.315556,0.03473333,2.315556
41.69,31.71126,0.03476667,84.78946,2.317778,0.03476667,2.317778
41.7,31.71126,0.03476667,84.78946,2.317778,0.03476667,2.317778
41.71,31.71603,0.03476667,84.80221,2.317778,0.03476667,2.317778
41.72,31.72398,0.03476667,84.82346,2.317778,0.03476667,2.317778
41.73,31.72398,0.0348,84.82346,2.32,0.0348,2.32
41.74,31.71444,0.0348,84.79797,2.32,0.0348,2.32
41.75,31.71126,0.0348,84.78946,2.32,0.0348,2.32
41.76,31.72398,0.03483333,84.82346,2.322222,0.03483333,2.322222
41.77,31.74464,0.03483333,84.87871,2.322222,0.03483333,2.322222
41.78,31.76053,0.03483333,84.92121,2.322222,0.03483333,2.322222
41.79,31.76848,0.03483333,84.94246,2.322222,0.03483333,2.322222
41.8,31.76053,0.03483333,84.92121,2.322222,0.03483333,2.322222
41.81,31.751,0.03486667,84.89571,2.324445,0.03486667,2.324445
41.82,31.751,0.03486667,84.89571,2.324445,0.03486667,2.324445
41.83,31.7653,0.03486667,84.93396,2.324445,0.03486667,2.324445
41.84,31.77961,0.03486667,84.97221,2.324445,0.03486667,2.324445
41.85,31.78438,0.0349,84.98496,2.326667,0.0349,2.326667
41.86,31.78914,0.0349,84.99771,2.326667,0.0349,2.326667
41.87,31.79391,0.0349,85.01046,2.326667,0.0349,2.326667
41.88,31.80027,0.0349,85.02746,2.326667,0.0349,2.326667
41.89,31.80027,0.03493333,85.02746,2.328889,0.03493333,2.328889
41.9,31.80186,0.03493333,85.03171,2.328889,0.03493333,2.328889
41.91,31.81299,0.03493333,85.06145,2.328889,0.03493333,2.328889
41.92,31.83365,0.03493333,85.11671,2.328889,0.03493333,2.328889
41.93,31.85908,0.03496667,85.1847,2.331111,0.03496667,2.331111
41.94,31.87021,0.03496667,85.21445,2.331111,0.03496667,2.331111
41.95,31.85749,0.03496667,85.18045,2.331111,0.03496667,2.331111
41.96,31.83683,0.035,85.12521,2.333333,0.035,2.333333
41.97,31.82888,0.035,85.10396,2.333333,0.035,2.333333
41.98,31.83047,0.035,85.1082,2.333333,0.035,2.333333
41.99,31.8416,0.035,85.13795,2.333333,0.035,2.333333
42.0,31.85908,0.035,85.1847,2.333333,0.035,2.333333
42.01,31.88292,0.03503333,85.24845,2.335556,0.03503333,2.335556
42.02,31.90835,0.03503333,85.31645,2.335556,0.03503333,2.335556
42.03,31.92902,0.03503333,85.3717,2.335556,0.03503333,2.335556
42.04,31.94332,0.03503333,85.40995,2.335556,0.03503333,2.335556
42.05,31.94014,0.03506667,85.40144,2.337778,0.03506667,2.337778
42.06,31.93537,0.03506667,85.38869,2.337778,0.03506667,2.337778
42.07,31.93696,0.03506667,85.39295,2.337778,0.03506667,2.337778
42.08,31.94491,0.03506667,85.41419,2.337778,0.03506667,2.337778
42.09,31.95604,0.0351,85.44395,2.34,0.0351,2.34
42.1,31.96081,0.0351,85.4567,2.34,0.0351,2.34
42.11,31.96081,0.0351,85.4567,2.34,0.0351,2.34
42.12,31.95604,0.03513333,85.44395,2.342222,0.03513333,2.342222
42.13,31.95604,0.03513333,85.44395,2.342222,0.03513333,2.342222
42.14,31.96557,0.03513333,85.46944,2.342222,0.03513333,2.342222
42.15,31.98465,0.03513333,85.52045,2.342222,0.03513333,2.342222
42.16,32.00054,0.03516667,85.56294,2.344444,0.03516667,2.344444
42.17,32.01008,0.03516667,85.58844,2.344444,0.03516667,2.344444
42.18,32.02915,0.03516667,85.63944,2.344444,0.03516667,2.344444
42.19,32.04346,0.03516667,85.67769,2.344444,0.03516667,2.344444
42.2,32.04982,0.0352,85.69469,2.346667,0.0352,2.346667
42.21,32.04663,0.0352,85.68619,2.346667,0.0352,2.346667
42.22,32.04346,0.0352,85.67769,2.346667,0.0352,2.346667
42.23,32.04346,0.0352,85.67769,2.346667,0.0352,2.346667
42.24,32.04346,0.0352,85.67769,2.346667,0.0352,2.346667
42.25,32.04982,0.03523333,85.69469,2.348889,0.03523333,2.348889
42.26,32.05935,0.03523333,85.72019,2.348889,0.03523333,2.348889
42.27,32.07524,0.03523333,85.76269,2.348889,0.03523333,2.348889
42.28,32.08001,0.03523333,85.77544,2.348889,0.03523333,2.348889
42.29,32.08319,0.03526667,85.78394,2.351111,0.03526667,2.351111
42.3,32.08001,0.03526667,85.77544,2.351111,0.03526667,2.351111
42.31,32.08001,0.03526667,85.77544,2.351111,0.03526667,2.351111
42.32,32.08319,0.0353,85.78394,2.353333,0.0353,2.353333
42.33,32.09114,0.0353,85.80518,2.353333,0.0353,2.353333
42.34,32.09909,0.0353,85.82643,2.353333,0.0353,2.353333
42.35,32.1118,0.0353,85.86044,2.353333,0.0353,2.353333
42.36,32.12929,0.03533334,85.90718,2.355556,0.03533334,2.355556
42.37,32.14836,0.03533334,85.95818,2.355556,0.03533334,2.355556
42.38,32.16108,0.03533334,85.99218,2.355556,0.03533334,2.355556
42.39,32.16426,0.03533334,86.00069,2.355556,0.03533334,2.355556
42.4,32.16426,0.03533334,86.00069,2.355556,0.03533334,2.355556
42.41,32.16584,0.03536667,86.00493,2.357778,0.03536667,2.357778
42.42,32.16108,0.03536667,85.99218,2.357778,0.03536667,2.357778
42.43,32.14836,0.03536667,85.95818,2.357778,0.03536667,2.357778
42.44,32.14518,0.03536667,85.94968,2.357778,0.03536667,2.357778
42.45,32.1579,0.0354,85.98368,2.36,0.0354,2.36
42.46,32.18174,0.0354,86.04743,2.36,0.0354,2.36
42.47,32.20081,0.0354,86.09843,2.36,0.0354,2.36
42.48,32.21035,0.0354,86.12392,2.36,0.0354,2.36
42.49,32.20558,0.03543333,86.11118,2.362222,0.03543333,2.362222
42.5,32.19287,0.03543333,86.07718,2.362222,0.03543333,2.362222
42.51,32.18174,0.03543333,86.04743,2.362222,0.03543333,2.362222
42.52,32.18969,0.03546667,86.06867,2.364444,0.03546667,2.364444
42.53,32.21512,0.03546667,86.13668,2.364444,0.03546667,2.364444
42.54,32.24691,0.03546667,86.22167,2.364444,0.03546667,2.364444
42.55,32.26598,0.03546667,86.27267,2.364444,0.03546667,2.364444
42.56,32.27075,0.0355,86.28542,2.366667,0.0355,2.366667
42.57,32.27393,0.0355,86.29393,2.366667,0.0355,2.366667
42.58,32.28028,0.0355,86.31092,2.366667,0.0355,2.366667
42.59,32.29459,0.0355,86.34917,2.366667,0.0355,2.366667
42.6,32.31208,0.0355,86.39593,2.366667,0.0355,2.366667
42.61,32.32479,0.03553334,86.42992,2.368889,0.03553334,2.368889
42.62,32.31684,0.03553334,86.40868,2.368889,0.03553334,2.368889
42.63,32.29618,0.03553334,86.35342,2.368889,0.03553334,2.368889
42.64,32.27393,0.03553334,86.29393,2.368889,0.03553334,2.368889
42.65,32.26598,0.03556667,86.27267,2.371111,0.03556667,2.371111
42.66,32.27075,0.03556667,86.28542,2.371111,0.03556667,2.371111
42.67,32.28823,0.03556667,86.33218,2.371111,0.03556667,2.371111
42.68,32.30254,0.03556667,86.37042,2.371111,0.03556667,2.371111
42.69,32.30731,0.0356,86.38317,2.373333,0.0356,2.373333
42.7,32.30731,0.0356,86.38317,2.373333,0.0356,2.373333
42.71,32.31208,0.0356,86.39593,2.373333,0.0356,2.373333
42.72,32.32002,0.03563333,86.41717,2.375556,0.03563333,2.375556
42.73,32.32797,0.03563333,86.43842,2.375556,0.03563333,2.375556
42.74,32.34069,0.03563333,86.47242,2.375556,0.03563333,2.375556
42.75,32.35658,0.03563333,86.51492,2.375556,0.03563333,2.375556
42.76,32.36612,0.03566667,86.54041,2.377778,0.03566667,2.377778
42.77,32.36612,0.03566667,86.54041,2.377778,0.03566667,2.377778
42.78,32.36135,0.03566667,86.52766,2.377778,0.03566667,2.377778
42.79,32.36453,0.03566667,86.53617,2.377778,0.03566667,2.377778
42.8,32.38042,0.03566667,86.57866,2.377778,0.03566667,2.377778
42.81,32.40268,0.0357,86.63817,2.38,0.0357,2.38
42.82,32.41698,0.0357,86.67641,2.38,0.0357,2.38
42.83,32.41857,0.0357,86.68066,2.38,0.0357,2.38
42.84,32.4138,0.0357,86.66791,2.38,0.0357,2.38
42.85,32.40903,0.03573333,86.65516,2.382222,0.03573333,2.382222
42.86,32.40108,0.03573333,86.63391,2.382222,0.03573333,2.382222
42.87,32.38996,0.03573333,86.60416,2.382222,0.03573333,2.382222
42.88,32.38837,0.03573333,86.59991,2.382222,0.03573333,2.382222
42.89,32.39473,0.03576667,86.61691,2.384444,0.03576667,2.384444
42.9,32.41062,0.03576667,86.65942,2.384444,0.03576667,2.384444
42.91,32.42334,0.03576667,86.69341,2.384444,0.03576667,2.384444
42.92,32.42652,0.0358,86.70191,2.386667,0.0358,2.386667
42.93,32.4297,0.0358,86.71041,2.386667,0.0358,2.386667
42.94,32.43923,0.0358,86.73591,2.386667,0.0358,2.386667
42.95,32.45513,0.0358,86.77841,2.386667,0.0358,2.386667
42.96,32.47579,0.03583333,86.83366,2.388889,0.03583333,2.388889
42.97,32.48851,0.03583333,86.86766,2.388889,0.03583333,2.388889
42.98,32.47579,0.03583333,86.83366,2.388889,0.03583333,2.388889
42.99,32.45513,0.03583333,86.77841,2.388889,0.03583333,2.388889
43.0,32.44559,0.03583333,86.75291,2.388889,0.03583333,2.388889
43.01,32.44718,0.03586667,86.75716,2.391111,0.03586667,2.391111
43.02,32.45195,0.03586667,86.76991,2.391111,0.03586667,2.391111
43.03,32.46625,0.03586667,86.80816,2.391111,0.03586667,2.391111
43.04,32.48374,0.03586667,86.85491,2.391111,0.03586667,2.391111
43.05,32.49645,0.0359,86.88891,2.393333,0.0359,2.393333
43.06,32.50281,0.0359,86.90591,2.393333,0.0359,2.393333
43.07,32.50758,0.0359,86.91866,2.393333,0.0359,2.393333
43.08,32.51553,0.0359,86.9399,2.393333,0.0359,2.393333
43.09,32.52029,0.03593333,86.95265,2.395556,0.03593333,2.395556
43.1,32.52347,0.03593333,86.96115,2.395556,0.03593333,2.395556
43.11,32.52347,0.03593333,86.96115,2.395556,0.03593333,2.395556
43.12,32.53301,0.03596667,86.98665,2.397778,0.03596667,2.397778
43.13,32.55208,0.03596667,87.03765,2.397778,0.03596667,2.397778
43.14,32.57751,0.03596667,87.10565,2.397778,0.03596667,2.397778
43.15,32.60136,0.03596667,87.1694,2.397778,0.03596667,2.397778
43.16,32.61407,0.036,87.20339,2.4,0.036,2.4
43.17,32.61407,0.036,87.20339,2.4,0.036,2.4
43.18,32.6093,0.036,87.19064,2.4,0.036,2.4
43.19,32.60295,0.036,87.17365,2.4,0.036,2.4
43.2,32.60612,0.036,87.18215,2.4,0.036,2.4
43.21,32.62202,0.03603333,87.22465,2.402222,0.03603333,2.402222
43.22,32.63791,0.03603333,87.26714,2.402222,0.03603333,2.402222
43.23,32.64745,0.03603333,87.29264,2.402222,0.03603333,2.402222
43.24,32.64586,0.03603333,87.2884,2.402222,0.03603333,2.402222
43.25,32.65063,0.03606667,87.30115,2.404444,0.03606667,2.404444
43.26,32.66017,0.03606667,87.32664,2.404444,0.03606667,2.404444
43.27,32.67129,0.03606667,87.35639,2.404444,0.03606667,2.404444
43.28,32.67447,0.0361,87.3649,2.406667,0.0361,2.406667
43.29,32.68083,0.0361,87.38189,2.406667,0.0361,2.406667
43.3,32.69672,0.0361,87.42439,2.406667,0.0361,2.406667
43.31,32.70785,0.0361,87.45415,2.406667,0.0361,2.406667
43.32,32.69513,0.03613333,87.42014,2.408889,0.03613333,2.408889
43.33,32.67447,0.03613333,87.3649,2.408889,0.03613333,2.408889
43.34,32.66811,0.03613333,87.34789,2.408889,0.03613333,2.408889
43.35,32.68083,0.03613333,87.38189,2.408889,0.03613333,2.408889
43.36,32.69672,0.03613333,87.42439,2.408889,0.03613333,2.408889
43.37,32.70785,0.03616667,87.45415,2.411111,0.03616667,2.411111
43.38,32.72057,0.03616667,87.48814,2.411111,0.03616667,2.411111
43.39,32.72851,0.03616667,87.50938,2.411111,0.03616667,2.411111
43.4,32.73646,0.03616667,87.53064,2.411111,0.03616667,2.411111
43.41,32.74441,0.0362,87.55189,2.413333,0.0362,2.413333
43.42,32.75394,0.0362,87.57738,2.413333,0.0362,2.413333
43.43,32.74918,0.0362,87.56464,2.413333,0.0362,2.413333
43.44,32.73646,0.0362,87.53064,2.413333,0.0362,2.413333
43.45,32.72851,0.03623333,87.50938,2.415555,0.03623333,2.415555
43.46,32.73328,0.03623333,87.52213,2.415555,0.03623333,2.415555
43.47,32.75394,0.03623333,87.57738,2.415555,0.03623333,2.415555
43.48,32.78096,0.03626667,87.64964,2.417778,0.03626667,2.417778
43.49,32.80163,0.03626667,87.70489,2.417778,0.03626667,2.417778
43.5,32.81752,0.03626667,87.74739,2.417778,0.03626667,2.417778
43.51,32.83183,0.03626667,87.78564,2.417778,0.03626667,2.417778
43.52,32.83818,0.0363,87.80263,2.42,0.0363,2.42
43.53,32.82706,0.0363,87.77289,2.42,0.0363,2.42
43.54,32.81752,0.0363,87.74739,2.42,0.0363,2.42
43.55,32.81752,0.0363,87.74739,2.42,0.0363,2.42
43.56,32.83024,0.03633333,87.78138,2.422222,0.03633333,2.422222
43.57,32.83978,0.03633333,87.80688,2.422222,0.03633333,2.422222
43.58,32.84295,0.03633333,87.81538,2.422222,0.03633333,2.422222
43.59,32.83978,0.03633333,87.80688,2.422222,0.03633333,2.422222
43.6,32.83818,0.03633333,87.80263,2.422222,0.03633333,2.422222
43.61,32.83978,0.03636667,87.80688,2.424444,0.03636667,2.424444
43.62,32.84613,0.03636667,87.82388,2.424444,0.03636667,2.424444
43.63,32.84772,0.03636667,87.82813,2.424444,0.03636667,2.424444
43.64,32.8509,0.03636667,87.83663,2.424444,0.03636667,2.424444
43.65,32.85408,0.0364,87.84513,2.426667,0.0364,2.426667
43.66,32.86362,0.0364,87.87063,2.426667,0.0364,2.426667
43.67,32.87633,0.0364,87.90462,2.426667,0.0364,2.426667
43.68,32.88269,0.03643334,87.92163,2.428889,0.03643334,2.428889
43.69,32.88746,0.03643334,87.93438,2.428889,0.03643334,2.428889
43.7,32.8954,0.03643334,87.95563,2.428889,0.03643334,2.428889
43.71,32.90494,0.03643334,87.98112,2.428889,0.03643334,2.428889
43.72,32.91607,0.03646667,88.01088,2.431111,0.03646667,2.431111
43.73,32.92402,0.03646667,88.03212,2.431111,0.03646667,2.431111
43.74,32.92561,0.03646667,88.03638,2.431111,0.03646667,2.431111
43.75,32.92561,0.03646667,88.03638,2.431111,0.03646667,2.431111
43.76,32.92561,0.0365,88.03638,2.433333,0.0365,2.433333
43.77,32.92561,0.0365,88.03638,2.433333,0.0365,2.433333
43.78,32.92878,0.0365,88.04488,2.433333,0.0365,2.433333
43.79,32.93355,0.0365,88.05762,2.433333,0.0365,2.433333
43.8,32.93355,0.0365,88.05762,2.433333,0.0365,2.433333
43.81,32.93196,0.03653333,88.05338,2.435555,0.03653333,2.435555
43.82,32.93196,0.03653333,88.05338,2.435555,0.03653333,2.435555
43.83,32.93196,0.03653333,88.05338,2.435555,0.03653333,2.435555
43.84,32.93991,0.03653333,88.07462,2.435555,0.03653333,2.435555
43.85,32.96216,0.03656667,88.13412,2.437778,0.03656667,2.437778
43.86,32.98919,0.03656667,88.20638,2.437778,0.03656667,2.437778
43.87,33.00667,0.03656667,88.25312,2.437778,0.03656667,2.437778
43.88,33.01461,0.0366,88.27437,2.44,0.0366,2.44
43.89,33.01461,0.0366,88.27437,2.44,0.0366,2.44
43.9,33.00985,0.0366,88.26162,2.44,0.0366,2.44
43.91,32.99395,0.0366,88.21912,2.44,0.0366,2.44
43.92,32.97488,0.0366,88.16813,2.44,0.0366,2.44
43.93,32.97329,0.03663334,88.16387,2.442222,0.03663334,2.442222
43.94,32.98919,0.03663334,88.20638,2.442222,0.03663334,2.442222
43.95,33.01144,0.03663334,88.26587,2.442222,0.03663334,2.442222
43.96,33.03528,0.03666667,88.32962,2.444444,0.03666667,2.444444
43.97,33.05435,0.03666667,88.38062,2.444444,0.03666667,2.444444
43.98,33.05594,0.03666667,88.38487,2.444444,0.03666667,2.444444
43.99,33.05117,0.03666667,88.37212,2.444444,0.03666667,2.444444
44.0,33.05594,0.03666667,88.38487,2.444444,0.03666667,2.444444
44.01,33.07183,0.0367,88.42736,2.446667,0.0367,2.446667
44.02,33.08932,0.0367,88.47412,2.446667,0.0367,2.446667
44.03,33.10044,0.0367,88.50386,2.446667,0.0367,2.446667
44.04,33.10363,0.0367,88.51237,2.446667,0.0367,2.446667
44.05,33.09727,0.03673333,88.49536,2.448889,0.03673333,2.448889
44.06,33.09568,0.03673333,88.49111,2.448889,0.03673333,2.448889
44.07,33.10363,0.03673333,88.51237,2.448889,0.03673333,2.448889
44.08,33.11634,0.03676667,88.54636,2.451111,0.03676667,2.451111
44.09,33.12111,0.03676667,88.55911,2.451111,0.03676667,2.451111
44.1,33.12111,0.03676667,88.55911,2.451111,0.03676667,2.451111
44.11,33.12588,0.03676667,88.57186,2.451111,0.03676667,2.451111
44.12,33.137,0.0368,88.60162,2.453333,0.0368,2.453333
44.13,33.14177,0.0368,88.61436,2.453333,0.0368,2.453333
44.14,33.13224,0.0368,88.58887,2.453333,0.0368,2.453333
44.15,33.11793,0.0368,88.55061,2.453333,0.0368,2.453333
44.16,33.12429,0.0368,88.56761,2.453333,0.0368,2.453333
44.17,33.14495,0.03683333,88.62286,2.455556,0.03683333,2.455556
44.18,33.16085,0.03683333,88.66536,2.455556,0.03683333,2.455556
44.19,33.16085,0.03683333,88.66536,2.455556,0.03683333,2.455556
44.2,33.15449,0.03683333,88.64836,2.455556,0.03683333,2.455556
44.21,33.16562,0.03686667,88.67812,2.457778,0.03686667,2.457778
44.22,33.18946,0.03686667,88.74186,2.457778,0.03686667,2.457778
44.23,33.21012,0.03686667,88.7971,2.457778,0.03686667,2.457778
44.24,33.22284,0.03686667,88.83111,2.457778,0.03686667,2.457778
44.25,33.23078,0.0369,88.85236,2.46,0.0369,2.46
44.26,33.23873,0.0369,88.8736,2.46,0.0369,2.46
44.27,33.24668,0.0369,88.89486,2.46,0.0369,2.46
44.28,33.26257,0.03693333,88.93735,2.462222,0.03693333,2.462222
44.29,33.28482,0.03693333,88.99686,2.462222,0.03693333,2.462222
44.3,33.3039,0.03693333,89.04785,2.462222,0.03693333,2.462222
44.31,33.30548,0.03693333,89.05209,2.462222,0.03693333,2.462222
44.32,33.29754,0.03693333,89.03085,2.462222,0.03693333,2.462222
44.33,33.29118,0.03696667,89.01385,2.464444,0.03696667,2.464444
44.34,33.28006,0.03696667,88.9841,2.464444,0.03696667,2.464444
44.35,33.26734,0.03696667,88.9501,2.464444,0.03696667,2.464444
44.36,33.26257,0.037,88.93735,2.466667,0.037,2.466667
44.37,33.27211,0.037,88.96284,2.466667,0.037,2.466667
44.38,33.288,0.037,89.00535,2.466667,0.037,2.466667
44.39,33.30867,0.037,89.0606,2.466667,0.037,2.466667
44.4,33.32933,0.037,89.11584,2.466667,0.037,2.466667
44.41,33.34204,0.03703333,89.14985,2.468889,0.03703333,2.468889
44.42,33.3484,0.03703333,89.16684,2.468889,0.03703333,2.468889
44.43,33.34999,0.03703333,89.1711,2.468889,0.03703333,2.468889
44.44,33.35317,0.03703333,89.17959,2.468889,0.03703333,2.468889
44.45,33.3484,0.03706667,89.16684,2.471111,0.03706667,2.471111
44.46,33.3484,0.03706667,89.16684,2.471111,0.03706667,2.471111
44.47,33.3484,0.03706667,89.16684,2.471111,0.03706667,2.471111
44.48,33.34522,0.0371,89.15835,2.473333,0.0371,2.473333
44.49,33.34999,0.0371,89.1711,2.473333,0.0371,2.473333
44.5,33.36589,0.0371,89.2136,2.473333,0.0371,2.473333
44.51,33.3786,0.0371,89.2476,2.473333,0.0371,2.473333
44.52,33.38178,0.03713333,89.25609,2.475555,0.03713333,2.475555
44.53,33.37066,0.03713333,89.22635,2.475555,0.03713333,2.475555
44.54,33.36271,0.03713333,89.20509,2.475555,0.03713333,2.475555
44.55,33.37066,0.03713333,89.22635,2.475555,0.03713333,2.475555
44.56,33.3945,0.03713333,89.29009,2.475555,0.03713333,2.475555
44.57,33.41834,0.03716667,89.35384,2.477778,0.03716667,2.477778
44.58,33.42788,0.03716667,89.37934,2.477778,0.03716667,2.477778
44.59,33.42788,0.03716667,89.37934,2.477778,0.03716667,2.477778
44.6,33.43423,0.03716667,89.39634,2.477778,0.03716667,2.477778
44.61,33.44695,0.0372,89.43034,2.48,0.0372,2.48
44.62,33.47238,0.0372,89.49834,2.48,0.0372,2.48
44.63,33.49145,0.0372,89.54933,2.48,0.0372,2.48
44.64,33.49304,0.03723333,89.55359,2.482222,0.03723333,2.482222
44.65,33.47238,0.03723333,89.49834,2.482222,0.03723333,2.482222
44.66,33.44854,0.03723333,89.43459,2.482222,0.03723333,2.482222
44.67,33.439,0.03723333,89.40909,2.482222,0.03723333,2.482222
44.68,33.45172,0.03726667,89.44309,2.484445,0.03726667,2.484445
44.69,33.47556,0.03726667,89.50684,2.484445,0.03726667,2.484445
44.7,33.49304,0.03726667,89.55359,2.484445,0.03726667,2.484445
44.71,33.49622,0.03726667,89.56208,2.484445,0.03726667,2.484445
44.72,33.49781,0.0373,89.56634,2.486667,0.0373,2.486667
44.73,33.51371,0.0373,89.60883,2.486667,0.0373,2.486667
44.74,33.54073,0.0373,89.68108,2.486667,0.0373,2.486667
44.75,33.55503,0.0373,89.71933,2.486667,0.0373,2.486667
44.76,33.55026,0.0373,89.70658,2.486667,0.0373,2.486667
44.77,33.54232,0.03733333,89.68533,2.488889,0.03733333,2.488889
44.78,33.54867,0.03733333,89.70232,2.488889,0.03733333,2.488889
44.79,33.55503,0.03733333,89.71933,2.488889,0.03733333,2.488889
44.8,33.55026,0.03733333,89.70658,2.488889,0.03733333,2.488889
44.81,33.54232,0.03736667,89.68533,2.491111,0.03736667,2.491111
44.82,33.54232,0.03736667,89.68533,2.491111,0.03736667,2.491111
44.83,33.55821,0.03736667,89.72783,2.491111,0.03736667,2.491111
44.84,33.5741,0.0374,89.77033,2.493333,0.0374,2.493333
44.85,33.58682,0.0374,89.80432,2.493333,0.0374,2.493333
44.86,33.59477,0.0374,89.82558,2.493333,0.0374,2.493333
44.87,33.59,0.0374,89.81283,2.493333,0.0374,2.493333
44.88,33.58364,0.03743333,89.79583,2.495556,0.03743333,2.495556
44.89,33.59954,0.03743333,89.83833,2.495556,0.03743333,2.495556
44.9,33.62815,0.03743333,89.91483,2.495556,0.03743333,2.495556
44.91,33.64881,0.03743333,89.97007,2.495556,0.03743333,2.495556
44.92,33.65199,0.03746667,89.97858,2.497778,0.03746667,2.497778
44.93,33.64722,0.03746667,89.96583,2.497778,0.03746667,2.497778
44.94,33.64404,0.03746667,89.95732,2.497778,0.03746667,2.497778
44.95,33.64722,0.03746667,89.96583,2.497778,0.03746667,2.497778
44.96,33.65517,0.0375,89.98708,2.5,0.0375,2.5
44.97,33.65993,0.0375,89.99982,2.5,0.0375,2.5
44.98,33.6647,0.0375,90.01257,2.5,0.0375,2.5
44.99,33.67583,0.0375,90.04233,2.5,0.0375,2.5
45.0,33.69172,0.0375,90.08482,2.5,0.0375,2.5
45.01,33.70126,0.03753334,90.11031,2.502222,0.03753334,2.502222
45.02,33.70126,0.03753334,90.11031,2.502222,0.03753334,2.502222
45.03,33.70126,0.03753334,90.11031,2.502222,0.03753334,2.502222
45.04,33.70126,0.03756667,90.11031,2.504444,0.03756667,2.504444
45.05,33.70921,0.03756667,90.13158,2.504444,0.03756667,2.504444
45.06,33.72033,0.03756667,90.16132,2.504444,0.03756667,2.504444
45.07,33.7251,0.03756667,90.17406,2.504444,0.03756667,2.504444
45.08,33.7251,0.0376,90.17406,2.506667,0.0376,2.506667
45.09,33.72987,0.0376,90.18681,2.506667,0.0376,2.506667
45.1,33.73782,0.0376,90.20807,2.506667,0.0376,2.506667
45.11,33.73782,0.0376,90.20807,2.506667,0.0376,2.506667
45.12,33.73305,0.03763333,90.19532,2.508889,0.03763333,2.508889
45.13,33.72987,0.03763333,90.18681,2.508889,0.03763333,2.508889
45.14,33.73782,0.03763333,90.20807,2.508889,0.03763333,2.508889
45.15,33.75053,0.03763333,90.24207,2.508889,0.03763333,2.508889
45.16,33.76643,0.03763333,90.28457,2.508889,0.03763333,2.508889
45.17,33.78709,0.03766667,90.33981,2.511111,0.03766667,2.511111
45.18,33.79981,0.03766667,90.37382,2.511111,0.03766667,2.511111
45.19,33.79981,0.03766667,90.37382,2.511111,0.03766667,2.511111
45.2,33.7855,0.03766667,90.33556,2.511111,0.03766667,2.511111
45.21,33.76961,0.0377,90.29307,2.513333,0.0377,2.513333
45.22,33.76643,0.0377,90.28457,2.513333,0.0377,2.513333
45.23,33.77914,0.0377,90.31857,2.513333,0.0377,2.513333
45.24,33.79822,0.03773334,90.36956,2.515556,0.03773334,2.515556
45.25,33.80775,0.03773334,90.39507,2.515556,0.03773334,2.515556
45.26,33.81411,0.03773334,90.41206,2.515556,0.03773334,2.515556
45.27,33.81093,0.03773334,90.40356,2.515556,0.03773334,2.515556
45.28,33.8157,0.03776667,90.41631,2.517778,0.03776667,2.517778
45.29,33.82842,0.03776667,90.45032,2.517778,0.03776667,2.517778
45.3,33.84272,0.03776667,90.48856,2.517778,0.03776667,2.517778
45.31,33.83477,0.03776667,90.46731,2.517778,0.03776667,2.517778
45.32,33.82683,0.03776667,90.44606,2.517778,0.03776667,2.517778
45.33,33.83477,0.0378,90.46731,2.52,0.0378,2.52
45.34,33.85226,0.0378,90.51406,2.52,0.0378,2.52
45.35,33.87292,0.0378,90.56931,2.52,0.0378,2.52
45.36,33.89676,0.0378,90.63305,2.52,0.0378,2.52
45.37,33.91425,0.03783333,90.67981,2.522222,0.03783333,2.522222
45.38,33.91743,0.03783333,90.6883,2.522222,0.03783333,2.522222
45.39,33.9063,0.03783333,90.65855,2.522222,0.03783333,2.522222
45.4,33.89994,0.03783333,90.64156,2.522222,0.03783333,2.522222
45.41,33.9063,0.03786667,90.65855,2.524445,0.03786667,2.524445
45.42,33.93014,0.03786667,90.7223,2.524445,0.03786667,2.524445
45.43,33.95398,0.03786667,90.78605,2.524445,0.03786667,2.524445
45.44,33.96988,0.0379,90.82855,2.526667,0.0379,2.526667
45.45,33.97942,0.0379,90.85405,2.526667,0.0379,2.526667
45.46,33.97942,0.0379,90.85405,2.526667,0.0379,2.526667
45.47,33.96988,0.0379,90.82855,2.526667,0.0379,2.526667
45.48,33.95398,0.0379,90.78605,2.526667,0.0379,2.526667
45.49,33.95081,0.03793333,90.77755,2.528889,0.03793333,2.528889
45.5,33.96193,0.03793333,90.8073,2.528889,0.03793333,2.528889
45.51,33.98259,0.03793333,90.86255,2.528889,0.03793333,2.528889
45.52,33.99849,0.03793333,90.90505,2.528889,0.03793333,2.528889
45.53,34.00803,0.03796667,90.93055,2.531111,0.03796667,2.531111
45.54,34.0112,0.03796667,90.93904,2.531111,0.03796667,2.531111
45.55,34.0112,0.03796667,90.93904,2.531111,0.03796667,2.531111
45.56,34.0112,0.03796667,90.93904,2.531111,0.03796667,2.531111
45.57,34.01439,0.038,90.94755,2.533333,0.038,2.533333
45.58,34.02074,0.038,90.96455,2.533333,0.038,2.533333
45.59,34.02869,0.038,90.9858,2.533333,0.038,2.533333
45.6,34.03981,0.038,91.01554,2.533333,0.038,2.533333
45.61,34.04776,0.03803333,91.0368,2.535556,0.03803333,2.535556
45.62,34.04935,0.03803333,91.04104,2.535556,0.03803333,2.535556
45.63,34.04935,0.03803333,91.04104,2.535556,0.03803333,2.535556
45.64,34.04935,0.03806667,91.04104,2.537778,0.03806667,2.537778
45.65,34.05253,0.03806667,91.04955,2.537778,0.03806667,2.537778
45.66,34.06366,0.03806667,91.07929,2.537778,0.03806667,2.537778
45.67,34.07319,0.03806667,91.10479,2.537778,0.03806667,2.537778
45.68,34.08909,0.0381,91.14729,2.54,0.0381,2.54
45.69,34.1018,0.0381,91.18129,2.54,0.0381,2.54
45.7,34.11452,0.0381,91.21529,2.54,0.0381,2.54
45.71,34.12088,0.0381,91.23228,2.54,0.0381,2.54
45.72,34.1177,0.0381,91.22379,2.54,0.0381,2.54
45.73,34.11293,0.03813333,91.21104,2.542222,0.03813333,2.542222
45.74,34.10498,0.03813333,91.1898,2.542222,0.03813333,2.542222
45.75,34.09703,0.03813333,91.16854,2.542222,0.03813333,2.542222
45.76,34.09386,0.03813333,91.16004,2.542222,0.03813333,2.542222
45.77,34.1018,0.03816667,91.18129,2.544445,0.03816667,2.544445
45.78,34.12088,0.03816667,91.23228,2.544445,0.03816667,2.544445
45.79,34.14154,0.03816667,91.28754,2.544445,0.03816667,2.544445
45.8,34.15108,0.03816667,91.31303,2.544445,0.03816667,2.544445
45.81,34.14949,0.0382,91.30878,2.546667,0.0382,2.546667
45.82,34.14154,0.0382,91.28754,2.546667,0.0382,2.546667
45.83,34.14313,0.0382,91.29179,2.546667,0.0382,2.546667
45.84,34.16379,0.03823333,91.34703,2.548889,0.03823333,2.548889
45.85,34.1924,0.03823333,91.42353,2.548889,0.03823333,2.548889
45.86,34.21943,0.03823333,91.49579,2.548889,0.03823333,2.548889
45.87,34.22737,0.03823333,91.51703,2.548889,0.03823333,2.548889
45.88,34.22419,0.03826667,91.50854,2.551111,0.03826667,2.551111
45.89,34.21943,0.03826667,91.49579,2.551111,0.03826667,2.551111
45.9,34.2226,0.03826667,91.50428,2.551111,0.03826667,2.551111
45.91,34.22737,0.03826667,91.51703,2.551111,0.03826667,2.551111
45.92,34.22896,0.03826667,91.52129,2.551111,0.03826667,2.551111
45.93,34.23214,0.0383,91.52979,2.553333,0.0383,2.553333
45.94,34.23691,0.0383,91.54253,2.553333,0.0383,2.553333
45.95,34.25121,0.0383,91.58078,2.553333,0.0383,2.553333
45.96,34.26393,0.0383,91.61478,2.553333,0.0383,2.553333
45.97,34.2687,0.03833333,91.62753,2.555556,0.03833333,2.555556
45.98,34.27188,0.03833333,91.63603,2.555556,0.03833333,2.555556
45.99,34.2687,0.03833333,91.62753,2.555556,0.03833333,2.555556
46.0,34.2687,0.03836667,91.62753,2.557778,0.03836667,2.557778
46.01,34.27188,0.03836667,91.63603,2.557778,0.03836667,2.557778
46.02,34.28141,0.03836667,91.66153,2.557778,0.03836667,2.557778
46.03,34.29413,0.03836667,91.69553,2.557778,0.03836667,2.557778
46.04,34.30526,0.0384,91.72528,2.56,0.0384,2.56
46.05,34.30843,0.0384,91.73378,2.56,0.0384,2.56
46.06,34.29413,0.0384,91.69553,2.56,0.0384,2.56
46.07,34.28459,0.0384,91.67003,2.56,0.0384,2.56
46.08,34.29254,0.03843333,91.69128,2.562222,0.03843333,2.562222
46.09,34.3132,0.03843333,91.74653,2.562222,0.03843333,2.562222
46.1,34.3291,0.03843333,91.78903,2.562222,0.03843333,2.562222
46.11,34.33704,0.03843333,91.81027,2.562222,0.03843333,2.562222
46.12,34.3434,0.03843333,91.82728,2.562222,0.03843333,2.562222
46.13,34.35929,0.03846667,91.86977,2.564444,0.03846667,2.564444
46.14,34.36724,0.03846667,91.89102,2.564444,0.03846667,2.564444
46.15,34.36724,0.03846667,91.89102,2.564444,0.03846667,2.564444
46.16,34.36565,0.03846667,91.88677,2.564444,0.03846667,2.564444
46.17,34.37042,0.0385,91.89952,2.566667,0.0385,2.566667
46.18,34.37837,0.0385,91.92077,2.566667,0.0385,2.566667
46.19,34.38791,0.0385,91.94627,2.566667,0.0385,2.566667
46.2,34.39903,0.03853333,91.97602,2.568889,0.03853333,2.568889
46.21,34.4038,0.03853333,91.98877,2.568889,0.03853333,2.568889
46.22,34.40698,0.03853333,91.99727,2.568889,0.03853333,2.568889
46.23,34.40857,0.03853333,92.00152,2.568889,0.03853333,2.568889
46.24,34.40857,0.03856667,92.00152,2.571111,0.03856667,2.571111
46.25,34.40857,0.03856667,92.00152,2.571111,0.03856667,2.571111
46.26,34.41175,0.03856667,92.01002,2.571111,0.03856667,2.571111
46.27,34.42287,0.03856667,92.03976,2.571111,0.03856667,2.571111
46.28,34.42764,0.03856667,92.05252,2.571111,0.03856667,2.571111
46.29,34.42447,0.0386,92.04402,2.573334,0.0386,2.573334
46.3,34.41493,0.0386,92.01852,2.573334,0.0386,2.573334
46.31,34.40857,0.0386,92.00152,2.573334,0.0386,2.573334
46.32,34.42287,0.0386,92.03976,2.573334,0.0386,2.573334
46.33,34.45148,0.03863334,92.11626,2.575556,0.03863334,2.575556
46.34,34.47692,0.03863334,92.18427,2.575556,0.03863334,2.575556
46.35,34.48645,0.03863334,92.20977,2.575556,0.03863334,2.575556
46.36,34.48486,0.03863334,92.20551,2.575556,0.03863334,2.575556
46.37,34.48169,0.03866667,92.19701,2.577778,0.03866667,2.577778
46.38,34.48486,0.03866667,92.20551,2.577778,0.03866667,2.577778
46.39,34.48963,0.03866667,92.21826,2.577778,0.03866667,2.577778
46.4,34.50553,0.0387,92.26077,2.58,0.0387,2.58
46.41,34.52142,0.0387,92.30326,2.58,0.0387,2.58
46.42,34.53096,0.0387,92.32876,2.58,0.0387,2.58
46.43,34.54685,0.0387,92.37126,2.58,0.0387,2.58
46.44,34.57228,0.03873333,92.43926,2.582222,0.03873333,2.582222
46.45,34.59136,0.03873333,92.49026,2.582222,0.03873333,2.582222
46.46,34.58818,0.03873333,92.48175,2.582222,0.03873333,2.582222
46.47,34.56275,0.03873333,92.41376,2.582222,0.03873333,2.582222
46.48,34.53732,0.03873333,92.34576,2.582222,0.03873333,2.582222
46.49,34.53414,0.03876667,92.33727,2.584445,0.03876667,2.584445
46.5,34.55003,0.03876667,92.37975,2.584445,0.03876667,2.584445
46.51,34.5548,0.03876667,92.3925,2.584445,0.03876667,2.584445
46.52,34.55003,0.03876667,92.37975,2.584445,0.03876667,2.584445
46.53,34.55162,0.0388,92.38401,2.586667,0.0388,2.586667
46.54,34.56752,0.0388,92.42651,2.586667,0.0388,2.586667
46.55,34.59454,0.0388,92.49876,2.586667,0.0388,2.586667
46.56,34.61202,0.0388,92.5455,2.586667,0.0388,2.586667
46.57,34.61997,0.03883334,92.56676,2.588889,0.03883334,2.588889
46.58,34.62791,0.03883334,92.58801,2.588889,0.03883334,2.588889
46.59,34.64063,0.03883334,92.622,2.588889,0.03883334,2.588889
46.6,34.64858,0.03886667,92.64326,2.591111,0.03886667,2.591111
46.61,34.64858,0.03886667,92.64326,2.591111,0.03886667,2.591111
46.62,34.64381,0.03886667,92.63051,2.591111,0.03886667,2.591111
46.63,34.64381,0.03886667,92.63051,2.591111,0.03886667,2.591111
46.64,34.6454,0.03886667,92.63475,2.591111,0.03886667,2.591111
46.65,34.64063,0.0389,92.622,2.593333,0.0389,2.593333
46.66,34.64063,0.0389,92.622,2.593333,0.0389,2.593333
46.67,34.65812,0.0389,92.66875,2.593333,0.0389,2.593333
46.68,34.68673,0.0389,92.74525,2.593333,0.0389,2.593333
46.69,34.70103,0.03893333,92.7835,2.595556,0.03893333,2.595556
46.7,34.69308,0.03893333,92.76225,2.595556,0.03893333,2.595556
46.71,34.67242,0.03893333,92.707,2.595556,0.03893333,2.595556
46.72,34.65652,0.03893333,92.66451,2.595556,0.03893333,2.595556
46.73,34.65812,0.03896667,92.66875,2.597778,0.03896667,2.597778
46.74,34.67719,0.03896667,92.71975,2.597778,0.03896667,2.597778
46.75,34.70898,0.03896667,92.80475,2.597778,0.03896667,2.597778
46.76,34.73441,0.03896667,92.87275,2.597778,0.03896667,2.597778
46.77,34.74553,0.039,92.90249,2.6,0.039,2.6
46.78,34.74236,0.039,92.894,2.6,0.039,2.6
46.79,34.74553,0.039,92.90249,2.6,0.039,2.6
46.8,34.7662,0.03903333,92.95774,2.602222,0.03903333,2.602222
46.81,34.79163,0.03903333,93.02574,2.602222,0.03903333,2.602222
46.82,34.80275,0.03903333,93.05549,2.602222,0.03903333,2.602222
46.83,34.79163,0.03903333,93.02574,2.602222,0.03903333,2.602222
46.84,34.78368,0.03906667,93.00449,2.604445,0.03906667,2.604445
46.85,34.78686,0.03906667,93.01299,2.604445,0.03906667,2.604445
46.86,34.78686,0.03906667,93.01299,2.604445,0.03906667,2.604445
46.87,34.7805,0.03906667,92.99599,2.604445,0.03906667,2.604445
46.88,34.77891,0.0391,92.99174,2.606667,0.0391,2.606667
46.89,34.78845,0.0391,93.01723,2.606667,0.0391,2.606667
46.9,34.80752,0.0391,93.06824,2.606667,0.0391,2.606667
46.91,34.82024,0.0391,93.10224,2.606667,0.0391,2.606667
46.92,34.82024,0.0391,93.10224,2.606667,0.0391,2.606667
46.93,34.81229,0.03913333,93.08099,2.608889,0.03913333,2.608889
46.94,34.80911,0.03913333,93.07249,2.608889,0.03913333,2.608889
46.95,34.81229,0.03913333,93.08099,2.608889,0.03913333,2.608889
46.96,34.82024,0.03913333,93.10224,2.608889,0.03913333,2.608889
46.97,34.82819,0.03916667,93.12349,2.611111,0.03916667,2.611111
46.98,34.83772,0.03916667,93.14899,2.611111,0.03916667,2.611111
46.99,34.8568,0.03916667,93.19999,2.611111,0.03916667,2.611111
47.0,34.87746,0.0392,93.25524,2.613333,0.0392,2.613333
47.01,34.88858,0.0392,93.28498,2.613333,0.0392,2.613333
47.02,34.88858,0.0392,93.28498,2.613333,0.0392,2.613333
47.03,34.89017,0.0392,93.28924,2.613333,0.0392,2.613333
47.04,34.9013,0.0392,93.31898,2.613333,0.0392,2.613333
47.05,34.91084,0.03923333,93.34449,2.615556,0.03923333,2.615556
47.06,34.92196,0.03923333,93.37423,2.615556,0.03923333,2.615556
47.07,34.9315,0.03923333,93.39973,2.615556,0.03923333,2.615556
47.08,34.94263,0.03923333,93.42948,2.615556,0.03923333,2.615556
47.09,34.95057,0.03926667,93.45073,2.617778,0.03926667,2.617778
47.1,34.95057,0.03926667,93.45073,2.617778,0.03926667,2.617778
47.11,34.9474,0.03926667,93.44223,2.617778,0.03926667,2.617778
47.12,34.9474,0.03926667,93.44223,2.617778,0.03926667,2.617778
47.13,34.9458,0.0393,93.43798,2.62,0.0393,2.62
47.14,34.93945,0.0393,93.42098,2.62,0.0393,2.62
47.15,34.93786,0.0393,93.41673,2.62,0.0393,2.62
47.16,34.93945,0.03933333,93.42098,2.622222,0.03933333,2.622222
47.17,34.9458,0.03933333,93.43798,2.622222,0.03933333,2.622222
47.18,34.95216,0.03933333,93.45498,2.622222,0.03933333,2.622222
47.19,34.96647,0.03933333,93.49323,2.622222,0.03933333,2.622222
47.2,34.97601,0.03936667,93.51873,2.624444,0.03936667,2.624444
47.21,34.97441,0.03936667,93.51447,2.624444,0.03936667,2.624444
47.22,34.97124,0.03936667,93.50598,2.624444,0.03936667,2.624444
47.23,34.98395,0.03936667,93.53998,2.624444,0.03936667,2.624444
47.24,35.00303,0.0394,93.59097,2.626667,0.0394,2.626667
47.25,35.01256,0.0394,93.61647,2.626667,0.0394,2.626667
47.26,35.01256,0.0394,93.61647,2.626667,0.0394,2.626667
47.27,35.01574,0.0394,93.62498,2.626667,0.0394,2.626667
47.28,35.02846,0.0394,93.65897,2.626667,0.0394,2.626667
47.29,35.04912,0.03943333,93.71423,2.628889,0.03943333,2.628889
47.3,35.06501,0.03943333,93.75672,2.628889,0.03943333,2.628889
47.31,35.06978,0.03943333,93.76947,2.628889,0.03943333,2.628889
47.32,35.0666,0.03943333,93.76097,2.628889,0.03943333,2.628889
47.33,35.05707,0.03946667,93.73547,2.631111,0.03946667,2.631111
47.34,35.04912,0.03946667,93.71423,2.631111,0.03946667,2.631111
47.35,35.04912,0.03946667,93.71423,2.631111,0.03946667,2.631111
47.36,35.05389,0.0395,93.72697,2.633333,0.0395,2.633333
47.37,35.06184,0.0395,93.74822,2.633333,0.0395,2.633333
47.38,35.06978,0.0395,93.76947,2.633333,0.0395,2.633333
47.39,35.08568,0.0395,93.81197,2.633333,0.0395,2.633333
47.4,35.10634,0.03953333,93.86723,2.635556,0.03953333,2.635556
47.41,35.12383,0.03953333,93.91397,2.635556,0.03953333,2.635556
47.42,35.13495,0.03953333,93.94372,2.635556,0.03953333,2.635556
47.43,35.12383,0.03953333,93.91397,2.635556,0.03953333,2.635556
47.44,35.10634,0.03956667,93.86723,2.637778,0.03956667,2.637778
47.45,35.09521,0.03956667,93.83747,2.637778,0.03956667,2.637778
47.46,35.09362,0.03956667,93.83321,2.637778,0.03956667,2.637778
47.47,35.09045,0.03956667,93.82472,2.637778,0.03956667,2.637778
47.48,35.09362,0.0396,93.83321,2.64,0.0396,2.64
47.49,35.11111,0.0396,93.87997,2.64,0.0396,2.64
47.5,35.127,0.0396,93.92246,2.64,0.0396,2.64
47.51,35.13177,0.0396,93.93521,2.64,0.0396,2.64
47.52,35.13177,0.0396,93.93521,2.64,0.0396,2.64
47.53,35.13972,0.03963333,93.95647,2.642222,0.03963333,2.642222
47.54,35.15084,0.03963333,93.98621,2.642222,0.03963333,2.642222
47.55,35.16038,0.03963333,94.01171,2.642222,0.03963333,2.642222
47.56,35.17469,0.03966667,94.04996,2.644444,0.03966667,2.644444
47.57,35.18422,0.03966667,94.07546,2.644444,0.03966667,2.644444
47.58,35.19535,0.03966667,94.10521,2.644444,0.03966667,2.644444
47.59,35.2033,0.03966667,94.12646,2.644444,0.03966667,2.644444
47.6,35.20807,0.0397,94.13921,2.646667,0.0397,2.646667
47.61,35.21601,0.0397,94.16046,2.646667,0.0397,2.646667
47.62,35.22555,0.0397,94.18597,2.646667,0.0397,2.646667
47.63,35.22873,0.0397,94.19446,2.646667,0.0397,2.646667
47.64,35.22555,0.03973334,94.18597,2.648889,0.03973334,2.648889
47.65,35.22396,0.03973334,94.18171,2.648889,0.03973334,2.648889
47.66,35.22873,0.03973334,94.19446,2.648889,0.03973334,2.648889
47.67,35.23191,0.03973334,94.20296,2.648889,0.03973334,2.648889
47.68,35.22873,0.03973334,94.19446,2.648889,0.03973334,2.648889
47.69,35.22396,0.03976667,94.18171,2.651111,0.03976667,2.651111
47.7,35.22078,0.03976667,94.17322,2.651111,0.03976667,2.651111
47.71,35.23191,0.03976667,94.20296,2.651111,0.03976667,2.651111
47.72,35.25416,0.03976667,94.26246,2.651111,0.03976667,2.651111
47.73,35.28118,0.0398,94.33471,2.653333,0.0398,2.653333
47.74,35.30343,0.0398,94.3942,2.653333,0.0398,2.653333
47.75,35.32569,0.0398,94.4537,2.653333,0.0398,2.653333
47.76,35.33046,0.03983333,94.46645,2.655555,0.03983333,2.655555
47.77,35.32251,0.03983333,94.4452,2.655555,0.03983333,2.655555
47.78,35.31774,0.03983333,94.43245,2.655555,0.03983333,2.655555
47.79,35.32251,0.03983333,94.4452,2.655555,0.03983333,2.655555
47.8,35.32569,0.03986667,94.4537,2.657778,0.03986667,2.657778
47.81,35.32569,0.03986667,94.4537,2.657778,0.03986667,2.657778
47.82,35.32569,0.03986667,94.4537,2.657778,0.03986667,2.657778
47.83,35.33522,0.03986667,94.4792,2.657778,0.03986667,2.657778
47.84,35.35588,0.03986667,94.53445,2.657778,0.03986667,2.657778
47.85,35.38449,0.0399,94.61095,2.66,0.0399,2.66
47.86,35.40357,0.0399,94.66194,2.66,0.0399,2.66
47.87,35.39721,0.0399,94.64495,2.66,0.0399,2.66
47.88,35.37973,0.0399,94.5982,2.66,0.0399,2.66
47.89,35.3686,0.03993334,94.56845,2.662222,0.03993334,2.662222
47.9,35.37973,0.03993334,94.5982,2.662222,0.03993334,2.662222
47.91,35.40039,0.03993334,94.65345,2.662222,0.03993334,2.662222
47.92,35.41787,0.03993334,94.7002,2.662222,0.03993334,2.662222
47.93,35.42423,0.03996667,94.71719,2.664445,0.03996667,2.664445
47.94,35.41629,0.03996667,94.69595,2.664445,0.03996667,2.664445
47.95,35.40357,0.03996667,94.66194,2.664445,0.03996667,2.664445
47.96,35.39562,0.04,94.6407,2.666667,0.04,2.666667
47.97,35.39562,0.04,94.6407,2.666667,0.04,2.666667
47.98,35.39721,0.04,94.64495,2.666667,0.04,2.666667
47.99,35.40357,0.04,94.66194,2.666667,0.04,2.666667
48.0,35.41787,0.04,94.7002,2.666667,0.04,2.666667
48.01,35.43695,0.04003333,94.75119,2.668889,0.04003333,2.668889
48.02,35.45284,0.04003333,94.79369,2.668889,0.04003333,2.668889
48.03,35.45761,0.04003333,94.80644,2.668889,0.04003333,2.668889
48.04,35.46556,0.04006667,94.82769,2.671111,0.04006667,2.671111
48.05,35.47828,0.04006667,94.86169,2.671111,0.04006667,2.671111
48.06,35.49735,0.04006667,94.9127,2.671111,0.04006667,2.671111
48.07,35.5037,0.04006667,94.92969,2.671111,0.04006667,2.671111
48.08,35.51006,0.04006667,94.94669,2.671111,0.04006667,2.671111
48.09,35.51483,0.0401,94.95944,2.673333,0.0401,2.673333
48.1,35.51006,0.0401,94.94669,2.673333,0.0401,2.673333
48.11,35.50212,0.0401,94.92545,2.673333,0.0401,2.673333
48.12,35.50212,0.0401,94.92545,2.673333,0.0401,2.673333
48.13,35.51483,0.04013333,94.95944,2.675556,0.04013333,2.675556
48.14,35.53073,0.04013333,95.00194,2.675556,0.04013333,2.675556
48.15,35.54344,0.04013333,95.03593,2.675556,0.04013333,2.675556
48.16,35.54662,0.04016667,95.04443,2.677778,0.04016667,2.677778
48.17,35.54026,0.04016667,95.02744,2.677778,0.04016667,2.677778
48.18,35.5355,0.04016667,95.01469,2.677778,0.04016667,2.677778
48.19,35.54344,0.04016667,95.03593,2.677778,0.04016667,2.677778
48.2,35.56092,0.0402,95.08268,2.68,0.0402,2.68
48.21,35.58,0.0402,95.13368,2.68,0.0402,2.68
48.22,35.58477,0.0402,95.14643,2.68,0.0402,2.68
48.23,35.57523,0.0402,95.12093,2.68,0.0402,2.68
48.24,35.56092,0.0402,95.08268,2.68,0.0402,2.68
48.25,35.55616,0.04023333,95.06993,2.682222,0.04023333,2.682222
48.26,35.55457,0.04023333,95.06569,2.682222,0.04023333,2.682222
48.27,35.55934,0.04023333,95.07844,2.682222,0.04023333,2.682222
48.28,35.57205,0.04023333,95.11243,2.682222,0.04023333,2.682222
48.29,35.58318,0.04026667,95.14219,2.684444,0.04026667,2.684444
48.3,35.58477,0.04026667,95.14643,2.684444,0.04026667,2.684444
48.31,35.58477,0.04026667,95.14643,2.684444,0.04026667,2.684444
48.32,35.59272,0.04026667,95.16769,2.684444,0.04026667,2.684444
48.33,35.60543,0.0403,95.20168,2.686667,0.0403,2.686667
48.34,35.61656,0.0403,95.23144,2.686667,0.0403,2.686667
48.35,35.6245,0.0403,95.25268,2.686667,0.0403,2.686667
48.36,35.62609,0.04033333,95.25694,2.688889,0.04033333,2.688889
48.37,35.62609,0.04033333,95.25694,2.688889,0.04033333,2.688889
48.38,35.63404,0.04033333,95.27818,2.688889,0.04033333,2.688889
48.39,35.65311,0.04033333,95.32918,2.688889,0.04033333,2.688889
48.4,35.6706,0.04036667,95.37592,2.691111,0.04036667,2.691111
48.41,35.67537,0.04036667,95.38867,2.691111,0.04036667,2.691111
48.42,35.66583,0.04036667,95.36317,2.691111,0.04036667,2.691111
48.43,35.65788,0.04036667,95.34193,2.691111,0.04036667,2.691111
48.44,35.66901,0.0404,95.37168,2.693333,0.0404,2.693333
48.45,35.68172,0.0404,95.40568,2.693333,0.0404,2.693333
48.46,35.68649,0.0404,95.41843,2.693333,0.0404,2.693333
48.47,35.68967,0.0404,95.42693,2.693333,0.0404,2.693333
48.48,35.69444,0.0404,95.43967,2.693333,0.0404,2.693333
48.49,35.69921,0.04043333,95.45242,2.695555,0.04043333,2.695555
48.5,35.69921,0.04043333,95.45242,2.695555,0.04043333,2.695555
48.51,35.70557,0.04043333,95.46943,2.695555,0.04043333,2.695555
48.52,35.71987,0.04043333,95.50768,2.695555,0.04043333,2.695555
48.53,35.73895,0.04046667,95.55867,2.697778,0.04046667,2.697778
48.54,35.75643,0.04046667,95.60542,2.697778,0.04046667,2.697778
48.55,35.76438,0.04046667,95.62668,2.697778,0.04046667,2.697778
48.56,35.76915,0.0405,95.63943,2.7,0.0405,2.7
48.57,35.7755,0.0405,95.65642,2.7,0.0405,2.7
48.58,35.78345,0.0405,95.67767,2.7,0.0405,2.7
48.59,35.78822,0.0405,95.69042,2.7,0.0405,2.7
48.6,35.7914,0.04053333,95.69892,2.702222,0.04053333,2.702222
48.61,35.79299,0.04053333,95.70317,2.702222,0.04053333,2.702222
48.62,35.80093,0.04053333,95.72442,2.702222,0.04053333,2.702222
48.63,35.8057,0.04053333,95.73717,2.702222,0.04053333,2.702222
48.64,35.81365,0.04053333,95.75842,2.702222,0.04053333,2.702222
48.65,35.8216,0.04056667,95.77967,2.704444,0.04056667,2.704444
48.66,35.82954,0.04056667,95.80092,2.704444,0.04056667,2.704444
48.67,35.84226,0.04056667,95.83492,2.704444,0.04056667,2.704444
48.68,35.85498,0.04056667,95.86892,2.704444,0.04056667,2.704444
48.69,35.86292,0.0406,95.89017,2.706667,0.0406,2.706667
48.7,35.86292,0.0406,95.89017,2.706667,0.0406,2.706667
48.71,35.86133,0.0406,95.88591,2.706667,0.0406,2.706667
48.72,35.85815,0.04063333,95.87741,2.708889,0.04063333,2.708889
48.73,35.85498,0.04063333,95.86892,2.708889,0.04063333,2.708889
48.74,35.85021,0.04063333,95.85617,2.708889,0.04063333,2.708889
48.75,35.85498,0.04063333,95.86892,2.708889,0.04063333,2.708889
48.76,35.8661,0.04066667,95.89866,2.711111,0.04066667,2.711111
48.77,35.87882,0.04066667,95.93266,2.711111,0.04066667,2.711111
48.78,35.87723,0.04066667,95.92841,2.711111,0.04066667,2.711111
48.79,35.8661,0.04066667,95.89866,2.711111,0.04066667,2.711111
48.8,35.86292,0.0407,95.89017,2.713333,0.0407,2.713333
48.81,35.87723,0.0407,95.92841,2.713333,0.0407,2.713333
48.82,35.88676,0.0407,95.95391,2.713333,0.0407,2.713333
48.83,35.88994,0.0407,95.96241,2.713333,0.0407,2.713333
48.84,35.88994,0.0407,95.96241,2.713333,0.0407,2.713333
48.85,35.89153,0.04073333,95.96666,2.715556,0.04073333,2.715556
48.86,35.89471,0.04073333,95.97516,2.715556,0.04073333,2.715556
48.87,35.91061,0.04073333,96.01766,2.715556,0.04073333,2.715556
48.88,35.94081,0.04076667,96.09841,2.717778,0.04076667,2.717778
48.89,35.9726,0.04076667,96.1834,2.717778,0.04076667,2.717778
48.9,35.98372,0.04076667,96.21316,2.717778,0.04076667,2.717778
48.91,35.9726,0.04076667,96.1834,2.717778,0.04076667,2.717778
48.92,35.95988,0.0408,96.14941,2.72,0.0408,2.72
48.93,35.96465,0.0408,96.16216,2.72,0.0408,2.72
48.94,35.97577,0.0408,96.1919,2.72,0.0408,2.72
48.95,35.98054,0.0408,96.20465,2.72,0.0408,2.72
48.96,35.98849,0.04083334,96.22591,2.722222,0.04083334,2.722222
48.97,35.99326,0.04083334,96.23866,2.722222,0.04083334,2.722222
48.98,36.00438,0.04083334,96.2684,2.722222,0.04083334,2.722222
48.99,36.02028,0.04083334,96.31091,2.722222,0.04083334,2.722222
49.0,36.03458,0.04086667,96.34915,2.724444,0.04086667,2.724444
49.01,36.03458,0.04086667,96.34915,2.724444,0.04086667,2.724444
49.02,36.02982,0.04086667,96.3364,2.724444,0.04086667,2.724444
49.03,36.03776,0.04086667,96.35765,2.724444,0.04086667,2.724444
49.04,36.05048,0.04086667,96.39165,2.724444,0.04086667,2.724444
49.05,36.0616,0.0409,96.42139,2.726667,0.0409,2.726667
49.06,36.05843,0.0409,96.4129,2.726667,0.0409,2.726667
49.07,36.05366,0.0409,96.40015,2.726667,0.0409,2.726667
49.08,36.04571,0.0409,96.37891,2.726667,0.0409,2.726667
49.09,36.04889,0.04093333,96.3874,2.728889,0.04093333,2.728889
49.1,36.05525,0.04093333,96.4044,2.728889,0.04093333,2.728889
49.11,36.06637,0.04093333,96.43414,2.728889,0.04093333,2.728889
49.12,36.07432,0.04096667,96.45541,2.731111,0.04096667,2.731111
49.13,36.0775,0.04096667,96.4639,2.731111,0.04096667,2.731111
49.14,36.07432,0.04096667,96.45541,2.731111,0.04096667,2.731111
49.15,36.06955,0.04096667,96.44265,2.731111,0.04096667,2.731111
49.16,36.06955,0.041,96.44265,2.733333,0.041,2.733333
49.17,36.06955,0.041,96.44265,2.733333,0.041,2.733333
49.18,36.06955,0.041,96.44265,2.733333,0.041,2.733333
49.19,36.06637,0.041,96.43414,2.733333,0.041,2.733333
49.2,36.06955,0.041,96.44265,2.733333,0.041,2.733333
49.21,36.08386,0.04103334,96.4809,2.735556,0.04103334,2.735556
49.22,36.1077,0.04103334,96.54465,2.735556,0.04103334,2.735556
49.23,36.12359,0.04103334,96.58714,2.735556,0.04103334,2.735556
49.24,36.13472,0.04103334,96.6169,2.735556,0.04103334,2.735556
49.25,36.14426,0.04106667,96.6424,2.737778,0.04106667,2.737778
49.26,36.1522,0.04106667,96.66364,2.737778,0.04106667,2.737778
49.27,36.15538,0.04106667,96.67215,2.737778,0.04106667,2.737778
49.28,36.14902,0.0411,96.65514,2.74,0.0411,2.74
49.29,36.14902,0.0411,96.65514,2.74,0.0411,2.74
49.3,36.16333,0.0411,96.69339,2.74,0.0411,2.74
49.31,36.17604,0.0411,96.72739,2.74,0.0411,2.74
49.32,36.17604,0.04113333,96.72739,2.742222,0.04113333,2.742222
49.33,36.17287,0.04113333,96.71889,2.742222,0.04113333,2.742222
49.34,36.17604,0.04113333,96.72739,2.742222,0.04113333,2.742222
49.35,36.17764,0.04113333,96.73164,2.742222,0.04113333,2.742222
49.36,36.18399,0.04116667,96.74864,2.744444,0.04116667,2.744444
49.37,36.18558,0.04116667,96.75288,2.744444,0.04116667,2.744444
49.38,36.19671,0.04116667,96.78264,2.744444,0.04116667,2.744444
49.39,36.20942,0.04116667,96.81664,2.744444,0.04116667,2.744444
49.4,36.21737,0.04116667,96.83789,2.744444,0.04116667,2.744444
49.41,36.22055,0.0412,96.84639,2.746667,0.0412,2.746667
49.42,36.22214,0.0412,96.85064,2.746667,0.0412,2.746667
49.43,36.23009,0.0412,96.87189,2.746667,0.0412,2.746667
49.44,36.24121,0.0412,96.90164,2.746667,0.0412,2.746667
49.45,36.2428,0.04123333,96.90588,2.748889,0.04123333,2.748889
49.46,36.23803,0.04123333,96.89314,2.748889,0.04123333,2.748889
49.47,36.23326,0.04123333,96.88039,2.748889,0.04123333,2.748889
49.48,36.23803,0.04123333,96.89314,2.748889,0.04123333,2.748889
49.49,36.24598,0.04126667,96.91439,2.751111,0.04126667,2.751111
49.5,36.24916,0.04126667,96.92289,2.751111,0.04126667,2.751111
49.51,36.25393,0.04126667,96.93564,2.751111,0.04126667,2.751111
49.52,36.26982,0.0413,96.97814,2.753333,0.0413,2.753333
49.53,36.29525,0.0413,97.04613,2.753333,0.0413,2.753333
49.54,36.3191,0.0413,97.10988,2.753333,0.0413,2.753333
49.55,36.33658,0.0413,97.15663,2.753333,0.0413,2.753333
49.56,36.3493,0.0413,97.19063,2.753333,0.0413,2.753333
49.57,36.35566,0.04133333,97.20763,2.755556,0.04133333,2.755556
49.58,36.35566,0.04133333,97.20763,2.755556,0.04133333,2.755556
49.59,36.35247,0.04133333,97.19913,2.755556,0.04133333,2.755556
49.6,36.34771,0.04133333,97.18638,2.755556,0.04133333,2.755556
49.61,36.34771,0.04136667,97.18638,2.757778,0.04136667,2.757778
49.62,36.35724,0.04136667,97.21188,2.757778,0.04136667,2.757778
49.63,36.36519,0.04136667,97.23313,2.757778,0.04136667,2.757778
49.64,36.3636,0.04136667,97.22888,2.757778,0.04136667,2.757778
49.65,36.35724,0.0414,97.21188,2.76,0.0414,2.76
49.66,36.36042,0.0414,97.22038,2.76,0.0414,2.76
49.67,36.37155,0.0414,97.25012,2.76,0.0414,2.76
49.68,36.38108,0.04143333,97.27563,2.762222,0.04143333,2.762222
49.69,36.38108,0.04143333,97.27563,2.762222,0.04143333,2.762222
49.7,36.37791,0.04143333,97.26713,2.762222,0.04143333,2.762222
49.71,36.38427,0.04143333,97.28413,2.762222,0.04143333,2.762222
49.72,36.39698,0.04146667,97.31812,2.764445,0.04146667,2.764445
49.73,36.40652,0.04146667,97.34363,2.764445,0.04146667,2.764445
49.74,36.41288,0.04146667,97.36063,2.764445,0.04146667,2.764445
49.75,36.42241,0.04146667,97.38612,2.764445,0.04146667,2.764445
49.76,36.43354,0.0415,97.41587,2.766667,0.0415,2.766667
49.77,36.44149,0.0415,97.43713,2.766667,0.0415,2.766667
49.78,36.44149,0.0415,97.43713,2.766667,0.0415,2.766667
49.79,36.44307,0.0415,97.44137,2.766667,0.0415,2.766667
49.8,36.45738,0.04153333,97.47961,2.768889,0.04153333,2.768889
49.81,36.47486,0.04153333,97.52637,2.768889,0.04153333,2.768889
49.82,36.48758,0.04153333,97.56037,2.768889,0.04153333,2.768889
49.83,36.49553,0.04153333,97.58161,2.768889,0.04153333,2.768889
49.84,36.50348,0.04153333,97.60287,2.768889,0.04153333,2.768889
49.85,36.51937,0.04156667,97.64536,2.771111,0.04156667,2.771111
49.86,36.53685,0.04156667,97.69212,2.771111,0.04156667,2.771111
49.87,36.55275,0.04156667,97.73461,2.771111,0.04156667,2.771111
49.88,36.55751,0.0416,97.74736,2.773333,0.0416,2.773333
49.89,36.55751,0.0416,97.74736,2.773333,0.0416,2.773333
49.9,36.55275,0.0416,97.73461,2.773333,0.0416,2.773333
49.91,36.54957,0.0416,97.72611,2.773333,0.0416,2.773333
49.92,36.54957,0.04163333,97.72611,2.775556,0.04163333,2.775556
49.93,36.5607,0.04163333,97.75587,2.775556,0.04163333,2.775556
49.94,36.57182,0.04163333,97.78561,2.775556,0.04163333,2.775556
49.95,36.57659,0.04163333,97.79836,2.775556,0.04163333,2.775556
49.96,36.58136,0.04166667,97.81111,2.777778,0.04166667,2.777778
49.97,36.59407,0.04166667,97.84512,2.777778,0.04166667,2.777778
49.98,36.61315,0.04166667,97.89611,2.777778,0.04166667,2.777778
49.99,36.62268,0.04166667,97.92162,2.777778,0.04166667,2.777778
50.0,36.61473,0.0417,97.90036,2.78,0.0417,2.78
50.01,36.60202,0.0417,97.86636,2.78,0.0417,2.78
50.02,36.6052,0.0417,97.87486,2.78,0.0417,2.78
50.03,36.61792,0.0417,97.90887,2.78,0.0417,2.78
50.04,36.63381,0.0417,97.95135,2.78,0.0417,2.78
50.05,36.65447,0.04173333,98.00661,2.782222,0.04173333,2.782222
50.06,36.67196,0.04173333,98.05335,2.782222,0.04173333,2.782222
50.07,36.68626,0.04173333,98.0916,2.782222,0.04173333,2.782222
50.08,36.68785,0.04176667,98.09586,2.784444,0.04176667,2.784444
50.09,36.69103,0.04176667,98.10435,2.784444,0.04176667,2.784444
50.1,36.69103,0.04176667,98.10435,2.784444,0.04176667,2.784444
50.11,36.69103,0.04176667,98.10435,2.784444,0.04176667,2.784444
50.12,36.69898,0.04176667,98.12561,2.784444,0.04176667,2.784444
50.13,36.71646,0.0418,98.17236,2.786667,0.0418,2.786667
50.14,36.72918,0.0418,98.20634,2.786667,0.0418,2.786667
50.15,36.73236,0.0418,98.21485,2.786667,0.0418,2.786667
50.16,36.73713,0.04183333,98.22761,2.788889,0.04183333,2.788889
50.17,36.74507,0.04183333,98.24885,2.788889,0.04183333,2.788889
50.18,36.75302,0.04183333,98.2701,2.788889,0.04183333,2.788889
50.19,36.75302,0.04183333,98.2701,2.788889,0.04183333,2.788889
50.2,36.75302,0.04183333,98.2701,2.788889,0.04183333,2.788889
50.21,36.74825,0.04186667,98.25735,2.791111,0.04186667,2.791111
50.22,36.73236,0.04186667,98.21485,2.791111,0.04186667,2.791111
50.23,36.71646,0.04186667,98.17236,2.791111,0.04186667,2.791111
50.24,36.71169,0.04186667,98.1596,2.791111,0.04186667,2.791111
50.25,36.73236,0.0419,98.21485,2.793334,0.0419,2.793334
50.26,36.7562,0.0419,98.2786,2.793334,0.0419,2.793334
50.27,36.76891,0.0419,98.3126,2.793334,0.0419,2.793334
50.28,36.77209,0.04193334,98.3211,2.795556,0.04193334,2.795556
50.29,36.78004,0.04193334,98.34235,2.795556,0.04193334,2.795556
50.3,36.79276,0.04193334,98.37635,2.795556,0.04193334,2.795556
50.31,36.80865,0.04193334,98.41885,2.795556,0.04193334,2.795556
50.32,36.82931,0.04196667,98.47409,2.797778,0.04196667,2.797778
50.33,36.83885,0.04196667,98.49959,2.797778,0.04196667,2.797778
50.34,36.84203,0.04196667,98.50809,2.797778,0.04196667,2.797778
50.35,36.83726,0.04196667,98.49535,2.797778,0.04196667,2.797778
50.36,36.82137,0.042,98.45284,2.8,0.042,2.8
50.37,36.79752,0.042,98.3891,2.8,0.042,2.8
50.38,36.78481,0.042,98.3551,2.8,0.042,2.8
50.39,36.79276,0.042,98.37635,2.8,0.042,2.8
50.4,36.81501,0.042,98.43584,2.8,0.042,2.8
50.41,36.83885,0.04203333,98.49959,2.802222,0.04203333,2.802222
50.42,36.83885,0.04203333,98.49959,2.802222,0.04203333,2.802222
50.43,36.81501,0.04203333,98.43584,2.802222,0.04203333,2.802222
50.44,36.8007,0.04203333,98.39759,2.802222,0.04203333,2.802222
50.45,36.81501,0.04206667,98.43584,2.804445,0.04206667,2.804445
50.46,36.83885,0.04206667,98.49959,2.804445,0.04206667,2.804445
50.47,36.85157,0.04206667,98.5336,2.804445,0.04206667,2.804445
50.48,36.85792,0.0421,98.55059,2.806667,0.0421,2.806667
50.49,36.86269,0.0421,98.56334,2.806667,0.0421,2.806667
50.5,36.87541,0.0421,98.59734,2.806667,0.0421,2.806667
50.51,36.88335,0.0421,98.61859,2.806667,0.0421,2.806667
50.52,36.88653,0.04213334,98.62709,2.808889,0.04213334,2.808889
50.53,36.88812,0.04213334,98.63134,2.808889,0.04213334,2.808889
50.54,36.8913,0.04213334,98.63984,2.808889,0.04213334,2.808889
50.55,36.8913,0.04213334,98.63984,2.808889,0.04213334,2.808889
50.56,36.88335,0.04216667,98.61859,2.811111,0.04216667,2.811111
50.57,36.87541,0.04216667,98.59734,2.811111,0.04216667,2.811111
50.58,36.87223,0.04216667,98.58884,2.811111,0.04216667,2.811111
50.59,36.88653,0.04216667,98.62709,2.811111,0.04216667,2.811111
50.6,36.91673,0.04216667,98.70784,2.811111,0.04216667,2.811111
50.61,36.94534,0.0422,98.78434,2.813333,0.0422,2.813333
50.62,36.95806,0.0422,98.81833,2.813333,0.0422,2.813333
50.63,36.95647,0.0422,98.81409,2.813333,0.0422,2.813333
50.64,36.95329,0.04223333,98.80558,2.815556,0.04223333,2.815556
50.65,36.95806,0.04223333,98.81833,2.815556,0.04223333,2.815556
50.66,36.96601,0.04223333,98.83958,2.815556,0.04223333,2.815556
50.67,36.96918,0.04223333,98.84808,2.815556,0.04223333,2.815556
50.68,36.96918,0.04226667,98.84808,2.817778,0.04226667,2.817778
50.69,36.97395,0.04226667,98.86083,2.817778,0.04226667,2.817778
50.7,36.98508,0.04226667,98.89059,2.817778,0.04226667,2.817778
50.71,37.00097,0.04226667,98.93308,2.817778,0.04226667,2.817778
50.72,37.01369,0.0423,98.96709,2.82,0.0423,2.82
50.73,37.02958,0.0423,99.00957,2.82,0.0423,2.82
50.74,37.04389,0.0423,99.04783,2.82,0.0423,2.82
50.75,37.05502,0.0423,99.07758,2.82,0.0423,2.82
50.76,37.05184,0.04233333,99.06908,2.822222,0.04233333,2.822222
50.77,37.04707,0.04233333,99.05634,2.822222,0.04233333,2.822222
50.78,37.04389,0.04233333,99.04783,2.822222,0.04233333,2.822222
50.79,37.05025,0.04233333,99.06483,2.822222,0.04233333,2.822222
50.8,37.05819,0.04233333,99.08607,2.822222,0.04233333,2.822222
50.81,37.06296,0.04236667,99.09882,2.824445,0.04236667,2.824445
50.82,37.05978,0.04236667,99.09032,2.824445,0.04236667,2.824445
50.83,37.05978,0.04236667,99.09032,2.824445,0.04236667,2.824445
50.84,37.07091,0.0424,99.12008,2.826667,0.0424,2.826667
50.85,37.08363,0.0424,99.15408,2.826667,0.0424,2.826667
50.86,37.0868,0.0424,99.16257,2.826667,0.0424,2.826667
50.87,37.08839,0.0424,99.16682,2.826667,0.0424,2.826667
50.88,37.09952,0.04243333,99.19658,2.828889,0.04243333,2.828889
50.89,37.117,0.04243333,99.24332,2.828889,0.04243333,2.828889
50.9,37.12495,0.04243333,99.26457,2.828889,0.04243333,2.828889
50.91,37.12336,0.04243333,99.26033,2.828889,0.04243333,2.828889
50.92,37.12018,0.04246667,99.25182,2.831111,0.04246667,2.831111
50.93,37.12972,0.04246667,99.27732,2.831111,0.04246667,2.831111
50.94,37.14879,0.04246667,99.32832,2.831111,0.04246667,2.831111
50.95,37.15833,0.04246667,99.35382,2.831111,0.04246667,2.831111
50.96,37.16628,0.04246667,99.37508,2.831111,0.04246667,2.831111
50.97,37.18058,0.0425,99.41332,2.833333,0.0425,2.833333
50.98,37.19012,0.0425,99.43882,2.833333,0.0425,2.833333
50.99,37.19012,0.0425,99.43882,2.833333,0.0425,2.833333
51.0,37.19012,0.0425,99.43882,2.833333,0.0425,2.833333
51.01,37.1933,0.04253333,99.44732,2.835556,0.04253333,2.835556
51.02,37.1933,0.04253333,99.44732,2.835556,0.04253333,2.835556
51.03,37.19489,0.04253333,99.45157,2.835556,0.04253333,2.835556
51.04,37.20124,0.04253333,99.46857,2.835556,0.04253333,2.835556
51.05,37.20919,0.04256667,99.48982,2.837778,0.04256667,2.837778
51.06,37.21396,0.04256667,99.50257,2.837778,0.04256667,2.837778
51.07,37.22191,0.04256667,99.52382,2.837778,0.04256667,2.837778
51.08,37.22985,0.0426,99.54506,2.84,0.0426,2.84
51.09,37.23145,0.0426,99.54932,2.84,0.0426,2.84
51.1,37.22985,0.0426,99.54506,2.84,0.0426,2.84
51.11,37.22191,0.0426,99.52382,2.84,0.0426,2.84
51.12,37.21396,0.04263333,99.50257,2.842222,0.04263333,2.842222
51.13,37.22191,0.04263333,99.52382,2.842222,0.04263333,2.842222
51.14,37.23939,0.04263333,99.57056,2.842222,0.04263333,2.842222
51.15,37.25052,0.04263333,99.60031,2.842222,0.04263333,2.842222
51.16,37.25846,0.04263333,99.62156,2.842222,0.04263333,2.842222
51.17,37.26641,0.04266667,99.64281,2.844445,0.04266667,2.844445
51.18,37.27118,0.04266667,99.65556,2.844445,0.04266667,2.844445
51.19,37.26641,0.04266667,99.64281,2.844445,0.04266667,2.844445
51.2,37.268,0.04266667,99.64706,2.844445,0.04266667,2.844445
51.21,37.27913,0.0427,99.67681,2.846667,0.0427,2.846667
51.22,37.2839,0.0427,99.68956,2.846667,0.0427,2.846667
51.23,37.28072,0.0427,99.68107,2.846667,0.0427,2.846667
51.24,37.28072,0.04273333,99.68107,2.848889,0.04273333,2.848889
51.25,37.28867,0.04273333,99.70231,2.848889,0.04273333,2.848889
51.26,37.30456,0.04273333,99.74481,2.848889,0.04273333,2.848889
51.27,37.31728,0.04273333,99.77881,2.848889,0.04273333,2.848889
51.28,37.33317,0.04276667,99.82131,2.851111,0.04276667,2.851111
51.29,37.34906,0.04276667,99.8638,2.851111,0.04276667,2.851111
51.3,37.36178,0.04276667,99.89781,2.851111,0.04276667,2.851111
51.31,37.35701,0.04276667,99.88506,2.851111,0.04276667,2.851111
51.32,37.34589,0.0428,99.85531,2.853333,0.0428,2.853333
51.33,37.34589,0.0428,99.85531,2.853333,0.0428,2.853333
51.34,37.35701,0.0428,99.88506,2.853333,0.0428,2.853333
51.35,37.35701,0.0428,99.88506,2.853333,0.0428,2.853333
51.36,37.34906,0.0428,99.8638,2.853333,0.0428,2.853333
51.37,37.35383,0.04283333,99.87656,2.855556,0.04283333,2.855556
51.38,37.38086,0.04283333,99.94881,2.855556,0.04283333,2.855556
51.39,37.40947,0.04283333,100.0253,2.855556,0.04283333,2.855556
51.4,37.42377,0.04283333,100.0636,2.855556,0.04283333,2.855556
51.41,37.42377,0.04286667,100.0636,2.857778,0.04286667,2.857778
51.42,37.419,0.04286667,100.0508,2.857778,0.04286667,2.857778
51.43,37.40947,0.04286667,100.0253,2.857778,0.04286667,2.857778
51.44,37.40311,0.04286667,100.0083,2.857778,0.04286667,2.857778
51.45,37.41423,0.0429,100.0381,2.86,0.0429,2.86
51.46,37.43172,0.0429,100.0848,2.86,0.0429,2.86
51.47,37.44602,0.0429,100.123,2.86,0.0429,2.86
51.48,37.45238,0.04293333,100.1401,2.862222,0.04293333,2.862222
51.49,37.46033,0.04293333,100.1613,2.862222,0.04293333,2.862222
51.5,37.46669,0.04293333,100.1783,2.862222,0.04293333,2.862222
51.51,37.46669,0.04293333,100.1783,2.862222,0.04293333,2.862222
51.52,37.46669,0.04296667,100.1783,2.864444,0.04296667,2.864444
51.53,37.47463,0.04296667,100.1995,2.864444,0.04296667,2.864444
51.54,37.48417,0.04296667,100.225,2.864444,0.04296667,2.864444
51.55,37.48735,0.04296667,100.2335,2.864444,0.04296667,2.864444
51.56,37.4794,0.04296667,100.2123,2.864444,0.04296667,2.864444
51.57,37.47145,0.043,100.1911,2.866667,0.043,2.866667
51.58,37.47463,0.043,100.1995,2.866667,0.043,2.866667
51.59,37.4794,0.043,100.2123,2.866667,0.043,2.866667
51.6,37.48099,0.04303334,100.2166,2.868889,0.04303334,2.868889
51.61,37.48417,0.04303334,100.225,2.868889,0.04303334,2.868889
51.62,37.48735,0.04303334,100.2335,2.868889,0.04303334,2.868889
51.63,37.49688,0.04303334,100.259,2.868889,0.04303334,2.868889
51.64,37.51755,0.04306667,100.3143,2.871111,0.04306667,2.871111
51.65,37.52549,0.04306667,100.3355,2.871111,0.04306667,2.871111
51.66,37.5096,0.04306667,100.2931,2.871111,0.04306667,2.871111
51.67,37.49212,0.04306667,100.2463,2.871111,0.04306667,2.871111
51.68,37.4953,0.0431,100.2548,2.873333,0.0431,2.873333
51.69,37.51278,0.0431,100.3015,2.873333,0.0431,2.873333
51.7,37.54139,0.0431,100.378,2.873333,0.0431,2.873333
51.71,37.57318,0.0431,100.463,2.873333,0.0431,2.873333
51.72,37.60338,0.04313333,100.5438,2.875556,0.04313333,2.875556
51.73,37.61927,0.04313333,100.5863,2.875556,0.04313333,2.875556
51.74,37.61768,0.04313333,100.582,2.875556,0.04313333,2.875556
51.75,37.60974,0.04313333,100.5608,2.875556,0.04313333,2.875556
51.76,37.60179,0.04313333,100.5395,2.875556,0.04313333,2.875556
51.77,37.60974,0.04316667,100.5608,2.877778,0.04316667,2.877778
51.78,37.62245,0.04316667,100.5948,2.877778,0.04316667,2.877778
51.79,37.63835,0.04316667,100.6373,2.877778,0.04316667,2.877778
51.8,37.65583,0.0432,100.684,2.88,0.0432,2.88
51.81,37.66854,0.0432,100.718,2.88,0.0432,2.88
51.82,37.6606,0.0432,100.6968,2.88,0.0432,2.88
51.83,37.63993,0.0432,100.6415,2.88,0.0432,2.88
51.84,37.62722,0.04323334,100.6075,2.882222,0.04323334,2.882222
51.85,37.62404,0.04323334,100.599,2.882222,0.04323334,2.882222
51.86,37.6304,0.04323334,100.616,2.882222,0.04323334,2.882222
51.87,37.63835,0.04323334,100.6373,2.882222,0.04323334,2.882222
51.88,37.64312,0.04326667,100.65,2.884445,0.04326667,2.884445
51.89,37.65265,0.04326667,100.6755,2.884445,0.04326667,2.884445
51.9,37.66854,0.04326667,100.718,2.884445,0.04326667,2.884445
51.91,37.68285,0.04326667,100.7563,2.884445,0.04326667,2.884445
51.92,37.69715,0.0433,100.7945,2.886667,0.0433,2.886667
51.93,37.71305,0.0433,100.837,2.886667,0.0433,2.886667
51.94,37.721,0.0433,100.8583,2.886667,0.0433,2.886667
51.95,37.721,0.0433,100.8583,2.886667,0.0433,2.886667
51.96,37.71782,0.0433,100.8498,2.886667,0.0433,2.886667
51.97,37.72895,0.04333333,100.8795,2.888889,0.04333333,2.888889
51.98,37.74484,0.04333333,100.922,2.888889,0.04333333,2.888889
51.99,37.75438,0.04333333,100.9475,2.888889,0.04333333,2.888889
52.0,37.75756,0.04336667,100.956,2.891111,0.04336667,2.891111
52.01,37.75438,0.04336667,100.9475,2.891111,0.04336667,2.891111
52.02,37.75438,0.04336667,100.9475,2.891111,0.04336667,2.891111
52.03,37.76233,0.04336667,100.9688,2.891111,0.04336667,2.891111
52.04,37.77504,0.0434,101.0028,2.893333,0.0434,2.893333
52.05,37.78934,0.0434,101.041,2.893333,0.0434,2.893333
52.06,37.79888,0.0434,101.0665,2.893333,0.0434,2.893333
52.07,37.8116,0.0434,101.1005,2.893333,0.0434,2.893333
52.08,37.81796,0.0434,101.1175,2.893333,0.0434,2.893333
52.09,37.81001,0.04343333,101.0963,2.895556,0.04343333,2.895556
52.1,37.79094,0.04343333,101.0453,2.895556,0.04343333,2.895556
52.11,37.7814,0.04343333,101.0198,2.895556,0.04343333,2.895556
52.12,37.78934,0.04346667,101.041,2.897778,0.04346667,2.897778
52.13,37.80365,0.04346667,101.0793,2.897778,0.04346667,2.897778
52.14,37.81955,0.04346667,101.1218,2.897778,0.04346667,2.897778
52.15,37.82272,0.04346667,101.1303,2.897778,0.04346667,2.897778
52.16,37.81478,0.04346667,101.109,2.897778,0.04346667,2.897778
52.17,37.80683,0.0435,101.0878,2.9,0.0435,2.9
52.18,37.81796,0.0435,101.1175,2.9,0.0435,2.9
52.19,37.84021,0.0435,101.177,2.9,0.0435,2.9
52.2,37.86405,0.0435,101.2408,2.9,0.0435,2.9
52.21,37.86882,0.04353333,101.2535,2.902222,0.04353333,2.902222
52.22,37.86087,0.04353333,101.2323,2.902222,0.04353333,2.902222
52.23,37.85451,0.04353333,101.2153,2.902222,0.04353333,2.902222
52.24,37.8561,0.04356667,101.2195,2.904444,0.04356667,2.904444
52.25,37.86087,0.04356667,101.2323,2.904444,0.04356667,2.904444
52.26,37.86723,0.04356667,101.2493,2.904444,0.04356667,2.904444
52.27,37.86882,0.04356667,101.2535,2.904444,0.04356667,2.904444
52.28,37.872,0.0436,101.262,2.906667,0.0436,2.906667
52.29,37.872,0.0436,101.262,2.906667,0.0436,2.906667
52.3,37.87518,0.0436,101.2705,2.906667,0.0436,2.906667
52.31,37.88471,0.0436,101.296,2.906667,0.0436,2.906667
52.32,37.90855,0.04363333,101.3598,2.908889,0.04363333,2.908889
52.33,37.9324,0.04363333,101.4235,2.908889,0.04363333,2.908889
52.34,37.94511,0.04363333,101.4575,2.908889,0.04363333,2.908889
52.35,37.95306,0.04363333,101.4788,2.908889,0.04363333,2.908889
52.36,37.95783,0.04363333,101.4915,2.908889,0.04363333,2.908889
52.37,37.96895,0.04366667,101.5213,2.911111,0.04366667,2.911111
52.38,37.97372,0.04366667,101.534,2.911111,0.04366667,2.911111
52.39,37.97372,0.04366667,101.534,2.911111,0.04366667,2.911111
52.4,37.96577,0.0437,101.5128,2.913333,0.0437,2.913333
52.41,37.9626,0.0437,101.5043,2.913333,0.0437,2.913333
52.42,37.96895,0.0437,101.5213,2.913333,0.0437,2.913333
52.43,37.98167,0.0437,101.5553,2.913333,0.0437,2.913333
52.44,37.99915,0.04373333,101.602,2.915555,0.04373333,2.915555
52.45,38.01028,0.04373333,101.6318,2.915555,0.04373333,2.915555
52.46,38.01505,0.04373333,101.6445,2.915555,0.04373333,2.915555
52.47,38.01187,0.04373333,101.636,2.915555,0.04373333,2.915555
52.48,38.01028,0.04376667,101.6318,2.917778,0.04376667,2.917778
52.49,38.01187,0.04376667,101.636,2.917778,0.04376667,2.917778
52.5,38.01187,0.04376667,101.636,2.917778,0.04376667,2.917778
52.51,38.00392,0.04376667,101.6148,2.917778,0.04376667,2.917778
52.52,37.99438,0.0438,101.5893,2.92,0.0438,2.92
52.53,37.99915,0.0438,101.602,2.92,0.0438,2.92
52.54,38.01505,0.0438,101.6445,2.92,0.0438,2.92
52.55,38.02776,0.0438,101.6785,2.92,0.0438,2.92
52.56,38.03571,0.04383333,101.6998,2.922222,0.04383333,2.922222
52.57,38.04684,0.04383333,101.7295,2.922222,0.04383333,2.922222
52.58,38.06114,0.04383333,101.7678,2.922222,0.04383333,2.922222
52.59,38.07227,0.04383333,101.7975,2.922222,0.04383333,2.922222
52.6,38.07545,0.04386667,101.806,2.924444,0.04386667,2.924444
52.61,38.08022,0.04386667,101.8188,2.924444,0.04386667,2.924444
52.62,38.08816,0.04386667,101.84,2.924444,0.04386667,2.924444
52.63,38.10088,0.04386667,101.874,2.924444,0.04386667,2.924444
52.64,38.11359,0.0439,101.908,2.926667,0.0439,2.926667
52.65,38.12472,0.0439,101.9378,2.926667,0.0439,2.926667
52.66,38.13267,0.0439,101.959,2.926667,0.0439,2.926667
52.67,38.14538,0.0439,101.993,2.926667,0.0439,2.926667
52.68,38.15333,0.04393333,102.0143,2.928889,0.04393333,2.928889
52.69,38.14538,0.04393333,101.993,2.928889,0.04393333,2.928889
52.7,38.12631,0.04393333,101.942,2.928889,0.04393333,2.928889
52.71,38.12472,0.04393333,101.9378,2.928889,0.04393333,2.928889
52.72,38.14061,0.04396667,101.9802,2.931111,0.04396667,2.931111
52.73,38.16287,0.04396667,102.0397,2.931111,0.04396667,2.931111
52.74,38.17399,0.04396667,102.0695,2.931111,0.04396667,2.931111
52.75,38.17081,0.04396667,102.061,2.931111,0.04396667,2.931111
52.76,38.17717,0.04396667,102.078,2.931111,0.04396667,2.931111
52.77,38.19466,0.044,102.1247,2.933333,0.044,2.933333
52.78,38.20737,0.044,102.1587,2.933333,0.044,2.933333
52.79,38.20578,0.044,102.1545,2.933333,0.044,2.933333
52.8,38.19783,0.04403333,102.1332,2.935555,0.04403333,2.935555
52.81,38.19148,0.04403333,102.1162,2.935555,0.04403333,2.935555
52.82,38.19466,0.04403333,102.1247,2.935555,0.04403333,2.935555
52.83,38.20578,0.04403333,102.1545,2.935555,0.04403333,2.935555
52.84,38.22009,0.04406667,102.1927,2.937778,0.04406667,2.937778
52.85,38.23121,0.04406667,102.2225,2.937778,0.04406667,2.937778
52.86,38.22803,0.04406667,102.214,2.937778,0.04406667,2.937778
52.87,38.22803,0.04406667,102.214,2.937778,0.04406667,2.937778
52.88,38.22644,0.0441,102.2097,2.94,0.0441,2.94
52.89,38.22327,0.0441,102.2012,2.94,0.0441,2.94
52.9,38.2185,0.0441,102.1885,2.94,0.0441,2.94
52.91,38.22327,0.0441,102.2012,2.94,0.0441,2.94
52.92,38.23916,0.04413334,102.2437,2.942222,0.04413334,2.942222
52.93,38.263,0.04413334,102.3075,2.942222,0.04413334,2.942222
52.94,38.28366,0.04413334,102.3627,2.942222,0.04413334,2.942222
52.95,38.29797,0.04413334,102.401,2.942222,0.04413334,2.942222
52.96,38.30115,0.04416667,102.4095,2.944444,0.04416667,2.944444
52.97,38.30592,0.04416667,102.4222,2.944444,0.04416667,2.944444
52.98,38.32022,0.04416667,102.4605,2.944444,0.04416667,2.944444
52.99,38.33453,0.04416667,102.4987,2.944444,0.04416667,2.944444
53.0,38.33294,0.04416667,102.4945,2.944444,0.04416667,2.944444
53.01,38.32022,0.0442,102.4605,2.946667,0.0442,2.946667
53.02,38.31704,0.0442,102.452,2.946667,0.0442,2.946667
53.03,38.33453,0.0442,102.4987,2.946667,0.0442,2.946667
53.04,38.35519,0.04423333,102.554,2.948889,0.04423333,2.948889
53.05,38.3695,0.04423333,102.5922,2.948889,0.04423333,2.948889
53.06,38.37745,0.04423333,102.6135,2.948889,0.04423333,2.948889
53.07,38.3838,0.04423333,102.6305,2.948889,0.04423333,2.948889
53.08,38.3838,0.04423333,102.6305,2.948889,0.04423333,2.948889
53.09,38.37745,0.04426667,102.6135,2.951111,0.04426667,2.951111
53.1,38.3695,0.04426667,102.5922,2.951111,0.04426667,2.951111
53.11,38.37109,0.04426667,102.5965,2.951111,0.04426667,2.951111
53.12,38.37903,0.0443,102.6177,2.953333,0.0443,2.953333
53.13,38.38221,0.0443,102.6262,2.953333,0.0443,2.953333
53.14,38.3838,0.0443,102.6305,2.953333,0.0443,2.953333
53.15,38.39175,0.0443,102.6517,2.953333,0.0443,2.953333
53.16,38.40606,0.0443,102.69,2.953333,0.0443,2.953333
53.17,38.42036,0.04433334,102.7282,2.955556,0.04433334,2.955556
53.18,38.43148,0.04433334,102.758,2.955556,0.04433334,2.955556
53.19,38.42831,0.04433334,102.7495,2.955556,0.04433334,2.955556
53.2,38.42672,0.04436667,102.7452,2.957778,0.04436667,2.957778
53.21,38.43148,0.04436667,102.758,2.957778,0.04436667,2.957778
53.22,38.43467,0.04436667,102.7665,2.957778,0.04436667,2.957778
53.23,38.43467,0.04436667,102.7665,2.957778,0.04436667,2.957778
53.24,38.44102,0.0444,102.7835,2.96,0.0444,2.96
53.25,38.45692,0.0444,102.826,2.96,0.0444,2.96
53.26,38.47758,0.0444,102.8812,2.96,0.0444,2.96
53.27,38.49189,0.0444,102.9195,2.96,0.0444,2.96
53.28,38.4887,0.04443333,102.911,2.962222,0.04443333,2.962222
53.29,38.48394,0.04443333,102.8982,2.962222,0.04443333,2.962222
53.3,38.49665,0.04443333,102.9322,2.962222,0.04443333,2.962222
53.31,38.5205,0.04443333,102.996,2.962222,0.04443333,2.962222
53.32,38.53321,0.04446667,103.03,2.964444,0.04446667,2.964444
53.33,38.53321,0.04446667,103.03,2.964444,0.04446667,2.964444
53.34,38.53321,0.04446667,103.03,2.964444,0.04446667,2.964444
53.35,38.5348,0.04446667,103.0342,2.964444,0.04446667,2.964444
53.36,38.53321,0.0445,103.03,2.966667,0.0445,2.966667
53.37,38.52208,0.0445,103.0002,2.966667,0.0445,2.966667
53.38,38.52526,0.0445,103.0087,2.966667,0.0445,2.966667
53.39,38.53798,0.0445,103.0427,2.966667,0.0445,2.966667
53.4,38.54911,0.04453333,103.0725,2.968889,0.04453333,2.968889
53.41,38.54275,0.04453333,103.0555,2.968889,0.04453333,2.968889
53.42,38.53798,0.04453333,103.0427,2.968889,0.04453333,2.968889
53.43,38.5348,0.04453333,103.0342,2.968889,0.04453333,2.968889
53.44,38.52685,0.04456667,103.013,2.971111,0.04456667,2.971111
53.45,38.52208,0.04456667,103.0002,2.971111,0.04456667,2.971111
53.46,38.53003,0.04456667,103.0215,2.971111,0.04456667,2.971111
53.47,38.55546,0.04456667,103.0895,2.971111,0.04456667,2.971111
53.48,38.5793,0.0446,103.1532,2.973333,0.0446,2.973333
53.49,38.58407,0.0446,103.166,2.973333,0.0446,2.973333
53.5,38.5793,0.0446,103.1532,2.973333,0.0446,2.973333
53.51,38.57772,0.0446,103.149,2.973333,0.0446,2.973333
53.52,38.58725,0.0446,103.1745,2.973333,0.0446,2.973333
53.53,38.60633,0.04463333,103.2255,2.975555,0.04463333,2.975555
53.54,38.61268,0.04463333,103.2425,2.975555,0.04463333,2.975555
53.55,38.61268,0.04463333,103.2425,2.975555,0.04463333,2.975555
53.56,38.60791,0.04466667,103.2297,2.977778,0.04466667,2.977778
53.57,38.61268,0.04466667,103.2425,2.977778,0.04466667,2.977778
53.58,38.62063,0.04466667,103.2637,2.977778,0.04466667,2.977778
53.59,38.63176,0.04466667,103.2935,2.977778,0.04466667,2.977778
53.6,38.63494,0.0447,103.302,2.98,0.0447,2.98
53.61,38.62858,0.0447,103.285,2.98,0.0447,2.98
53.62,38.62381,0.0447,103.2722,2.98,0.0447,2.98
53.63,38.62858,0.0447,103.285,2.98,0.0447,2.98
53.64,38.64765,0.0447,103.336,2.98,0.0447,2.98
53.65,38.66037,0.04473333,103.37,2.982222,0.04473333,2.982222
53.66,38.66513,0.04473333,103.3827,2.982222,0.04473333,2.982222
53.67,38.67149,0.04473333,103.3997,2.982222,0.04473333,2.982222
53.68,38.6858,0.04476667,103.438,2.984445,0.04476667,2.984445
53.69,38.70169,0.04476667,103.4805,2.984445,0.04476667,2.984445
53.7,38.70964,0.04476667,103.5017,2.984445,0.04476667,2.984445
53.71,38.71759,0.04476667,103.523,2.984445,0.04476667,2.984445
53.72,38.73507,0.04476667,103.5697,2.984445,0.04476667,2.984445
53.73,38.75891,0.0448,103.6335,2.986667,0.0448,2.986667
53.74,38.77163,0.0448,103.6675,2.986667,0.0448,2.986667
53.75,38.77163,0.0448,103.6675,2.986667,0.0448,2.986667
53.76,38.77481,0.04483333,103.6759,2.988889,0.04483333,2.988889
53.77,38.78593,0.04483333,103.7057,2.988889,0.04483333,2.988889
53.78,38.79229,0.04483333,103.7227,2.988889,0.04483333,2.988889
53.79,38.79547,0.04483333,103.7312,2.988889,0.04483333,2.988889
53.8,38.7907,0.04486667,103.7185,2.991111,0.04486667,2.991111
53.81,38.78276,0.04486667,103.6972,2.991111,0.04486667,2.991111
53.82,38.77958,0.04486667,103.6887,2.991111,0.04486667,2.991111
53.83,38.78753,0.04486667,103.71,2.991111,0.04486667,2.991111
53.84,38.79547,0.0449,103.7312,2.993333,0.0449,2.993333
53.85,38.79865,0.0449,103.7397,2.993333,0.0449,2.993333
53.86,38.80024,0.0449,103.7439,2.993333,0.0449,2.993333
53.87,38.80342,0.0449,103.7524,2.993333,0.0449,2.993333
53.88,38.80819,0.0449,103.7652,2.993333,0.0449,2.993333
53.89,38.81614,0.04493333,103.7865,2.995556,0.04493333,2.995556
53.9,38.82408,0.04493333,103.8077,2.995556,0.04493333,2.995556
53.91,38.82408,0.04493333,103.8077,2.995556,0.04493333,2.995556
53.92,38.82726,0.04493333,103.8162,2.995556,0.04493333,2.995556
53.93,38.83998,0.04496667,103.8502,2.997778,0.04496667,2.997778
53.94,38.85587,0.04496667,103.8927,2.997778,0.04496667,2.997778
53.95,38.86541,0.04496667,103.9182,2.997778,0.04496667,2.997778
53.96,38.86859,0.045,103.9267,3.0,0.045,3.0
53.97,38.87653,0.045,103.9479,3.0,0.045,3.0
53.98,38.89243,0.045,103.9904,3.0,0.045,3.0
53.99,38.90673,0.045,104.0287,3.0,0.045,3.0
54.0,38.91786,0.04503334,104.0584,3.002222,0.04503334,3.002222
54.01,38.92263,0.04503334,104.0712,3.002222,0.04503334,3.002222
54.02,38.92263,0.04503334,104.0712,3.002222,0.04503334,3.002222
54.03,38.91786,0.04503334,104.0584,3.002222,0.04503334,3.002222
54.04,38.91309,0.04506667,104.0457,3.004444,0.04506667,3.004444
54.05,38.91309,0.04506667,104.0457,3.004444,0.04506667,3.004444
54.06,38.91468,0.04506667,104.0499,3.004444,0.04506667,3.004444
54.07,38.91786,0.04506667,104.0584,3.004444,0.04506667,3.004444
54.08,38.93058,0.0451,104.0924,3.006667,0.0451,3.006667
54.09,38.95919,0.0451,104.1689,3.006667,0.0451,3.006667
54.1,38.9878,0.0451,104.2454,3.006667,0.0451,3.006667
54.11,39.00051,0.0451,104.2794,3.006667,0.0451,3.006667
54.12,38.99892,0.0451,104.2752,3.006667,0.0451,3.006667
54.13,38.98303,0.04513333,104.2327,3.008889,0.04513333,3.008889
54.14,38.96713,0.04513333,104.1902,3.008889,0.04513333,3.008889
54.15,38.97826,0.04513333,104.2199,3.008889,0.04513333,3.008889
54.16,38.99892,0.04516667,104.2752,3.011111,0.04516667,3.011111
54.17,39.00687,0.04516667,104.2964,3.011111,0.04516667,3.011111
54.18,39.00051,0.04516667,104.2794,3.011111,0.04516667,3.011111
54.19,39.00369,0.04516667,104.2879,3.011111,0.04516667,3.011111
54.2,39.02435,0.0452,104.3432,3.013333,0.0452,3.013333
54.21,39.04025,0.0452,104.3857,3.013333,0.0452,3.013333
54.22,39.04025,0.0452,104.3857,3.013333,0.0452,3.013333
54.23,39.0323,0.0452,104.3644,3.013333,0.0452,3.013333
54.24,39.03548,0.04523334,104.3729,3.015556,0.04523334,3.015556
54.25,39.04979,0.04523334,104.4112,3.015556,0.04523334,3.015556
54.26,39.05773,0.04523334,104.4324,3.015556,0.04523334,3.015556
54.27,39.04819,0.04523334,104.4069,3.015556,0.04523334,3.015556
54.28,39.04343,0.04523334,104.3942,3.015556,0.04523334,3.015556
54.29,39.05773,0.04526667,104.4324,3.017778,0.04526667,3.017778
54.3,39.08952,0.04526667,104.5174,3.017778,0.04526667,3.017778
54.31,39.11336,0.04526667,104.5812,3.017778,0.04526667,3.017778
54.32,39.11495,0.04526667,104.5854,3.017778,0.04526667,3.017778
54.33,39.10542,0.0453,104.5599,3.02,0.0453,3.02
54.34,39.09429,0.0453,104.5302,3.02,0.0453,3.02
54.35,39.08634,0.0453,104.5089,3.02,0.0453,3.02
54.36,39.08475,0.04533333,104.5047,3.022222,0.04533333,3.022222
54.37,39.08634,0.04533333,104.5089,3.022222,0.04533333,3.022222
54.38,39.08634,0.04533333,104.5089,3.022222,0.04533333,3.022222
54.39,39.08634,0.04533333,104.5089,3.022222,0.04533333,3.022222
54.4,39.0927,0.04536667,104.5259,3.024445,0.04536667,3.024445
54.41,39.10065,0.04536667,104.5472,3.024445,0.04536667,3.024445
54.42,39.11813,0.04536667,104.5939,3.024445,0.04536667,3.024445
54.43,39.14356,0.04536667,104.6619,3.024445,0.04536667,3.024445
54.44,39.16264,0.0454,104.7129,3.026667,0.0454,3.026667
54.45,39.16581,0.0454,104.7214,3.026667,0.0454,3.026667
54.46,39.16264,0.0454,104.7129,3.026667,0.0454,3.026667
54.47,39.15787,0.0454,104.7002,3.026667,0.0454,3.026667
54.48,39.15151,0.04543334,104.6832,3.028889,0.04543334,3.028889
54.49,39.14992,0.04543334,104.6789,3.028889,0.04543334,3.028889
54.5,39.15946,0.04543334,104.7044,3.028889,0.04543334,3.028889
54.51,39.17217,0.04543334,104.7384,3.028889,0.04543334,3.028889
54.52,39.18807,0.04543334,104.7809,3.028889,0.04543334,3.028889
54.53,39.20078,0.04546667,104.8149,3.031111,0.04546667,3.031111
54.54,39.21191,0.04546667,104.8447,3.031111,0.04546667,3.031111
54.55,39.21986,0.04546667,104.8659,3.031111,0.04546667,3.031111
54.56,39.22462,0.0455,104.8787,3.033333,0.0455,3.033333
54.57,39.22462,0.0455,104.8787,3.033333,0.0455,3.033333
54.58,39.21986,0.0455,104.8659,3.033333,0.0455,3.033333
54.59,39.21668,0.0455,104.8574,3.033333,0.0455,3.033333
54.6,39.21986,0.04553333,104.8659,3.035556,0.04553333,3.035556
54.61,39.21986,0.04553333,104.8659,3.035556,0.04553333,3.035556
54.62,39.21668,0.04553333,104.8574,3.035556,0.04553333,3.035556
54.63,39.22303,0.04553333,104.8744,3.035556,0.04553333,3.035556
54.64,39.23575,0.04556667,104.9084,3.037778,0.04556667,3.037778
54.65,39.25323,0.04556667,104.9552,3.037778,0.04556667,3.037778
54.66,39.25323,0.04556667,104.9552,3.037778,0.04556667,3.037778
54.67,39.24052,0.04556667,104.9212,3.037778,0.04556667,3.037778
54.68,39.23575,0.0456,104.9084,3.04,0.0456,3.04
54.69,39.2437,0.0456,104.9297,3.04,0.0456,3.04
54.7,39.258,0.0456,104.9679,3.04,0.0456,3.04
54.71,39.28185,0.0456,105.0317,3.04,0.0456,3.04
54.72,39.30251,0.04563333,105.0869,3.042222,0.04563333,3.042222
54.73,39.31046,0.04563333,105.1082,3.042222,0.04563333,3.042222
54.74,39.31046,0.04563333,105.1082,3.042222,0.04563333,3.042222
54.75,39.30569,0.04563333,105.0954,3.042222,0.04563333,3.042222
54.76,39.30092,0.04566667,105.0827,3.044445,0.04566667,3.044445
54.77,39.29297,0.04566667,105.0614,3.044445,0.04566667,3.044445
54.78,39.29297,0.04566667,105.0614,3.044445,0.04566667,3.044445
54.79,39.31363,0.04566667,105.1167,3.044445,0.04566667,3.044445
54.8,39.34383,0.0457,105.1974,3.046667,0.0457,3.046667
54.81,39.35973,0.0457,105.2399,3.046667,0.0457,3.046667
54.82,39.35814,0.0457,105.2357,3.046667,0.0457,3.046667
54.83,39.35178,0.0457,105.2187,3.046667,0.0457,3.046667
54.84,39.35496,0.04573333,105.2272,3.048889,0.04573333,3.048889
54.85,39.36609,0.04573333,105.2569,3.048889,0.04573333,3.048889
54.86,39.37562,0.04573333,105.2824,3.048889,0.04573333,3.048889
54.87,39.3788,0.04573333,105.2909,3.048889,0.04573333,3.048889
54.88,39.37562,0.04573333,105.2824,3.048889,0.04573333,3.048889
54.89,39.3788,0.04576667,105.2909,3.051111,0.04576667,3.051111
54.9,39.3788,0.04576667,105.2909,3.051111,0.04576667,3.051111
54.91,39.38039,0.04576667,105.2952,3.051111,0.04576667,3.051111
54.92,39.3947,0.0458,105.3334,3.053333,0.0458,3.053333
54.93,39.41695,0.0458,105.3929,3.053333,0.0458,3.053333
54.94,39.42966,0.0458,105.4269,3.053333,0.0458,3.053333
54.95,39.42966,0.0458,105.4269,3.053333,0.0458,3.053333
54.96,39.42331,0.04583333,105.4099,3.055556,0.04583333,3.055556
54.97,39.42807,0.04583333,105.4227,3.055556,0.04583333,3.055556
54.98,39.45192,0.04583333,105.4864,3.055556,0.04583333,3.055556
54.99,39.47417,0.04583333,105.5459,3.055556,0.04583333,3.055556
55.0,39.47735,0.04586667,105.5544,3.057778,0.04586667,3.057778
55.01,39.47258,0.04586667,105.5417,3.057778,0.04586667,3.057778
55.02,39.47735,0.04586667,105.5544,3.057778,0.04586667,3.057778
55.03,39.48529,0.04586667,105.5757,3.057778,0.04586667,3.057778
55.04,39.48529,0.0459,105.5757,3.06,0.0459,3.06
55.05,39.49324,0.0459,105.5969,3.06,0.0459,3.06
55.06,39.50914,0.0459,105.6394,3.06,0.0459,3.06
55.07,39.5139,0.0459,105.6521,3.06,0.0459,3.06
55.08,39.50914,0.0459,105.6394,3.06,0.0459,3.06
55.09,39.51073,0.04593333,105.6437,3.062222,0.04593333,3.062222
55.1,39.52185,0.04593333,105.6734,3.062222,0.04593333,3.062222
55.11,39.52662,0.04593333,105.6862,3.062222,0.04593333,3.062222
55.12,39.52344,0.04596667,105.6777,3.064444,0.04596667,3.064444
55.13,39.52344,0.04596667,105.6777,3.064444,0.04596667,3.064444
55.14,39.53139,0.04596667,105.6989,3.064444,0.04596667,3.064444
55.15,39.54251,0.04596667,105.7286,3.064444,0.04596667,3.064444
55.16,39.54251,0.046,105.7286,3.066667,0.046,3.066667
55.17,39.54251,0.046,105.7286,3.066667,0.046,3.066667
55.18,39.54411,0.046,105.7329,3.066667,0.046,3.066667
55.19,39.55841,0.046,105.7711,3.066667,0.046,3.066667
55.2,39.57113,0.04603333,105.8051,3.068889,0.04603333,3.068889
55.21,39.58066,0.04603333,105.8306,3.068889,0.04603333,3.068889
55.22,39.59497,0.04603333,105.8689,3.068889,0.04603333,3.068889
55.23,39.60927,0.04603333,105.9071,3.068889,0.04603333,3.068889
55.24,39.62358,0.04606667,105.9454,3.071111,0.04606667,3.071111
55.25,39.62835,0.04606667,105.9581,3.071111,0.04606667,3.071111
55.26,39.62835,0.04606667,105.9581,3.071111,0.04606667,3.071111
55.27,39.62358,0.04606667,105.9454,3.071111,0.04606667,3.071111
55.28,39.61563,0.0461,105.9241,3.073334,0.0461,3.073334
55.29,39.61245,0.0461,105.9156,3.073334,0.0461,3.073334
55.3,39.61245,0.0461,105.9156,3.073334,0.0461,3.073334
55.31,39.60927,0.0461,105.9071,3.073334,0.0461,3.073334
55.32,39.61245,0.04613334,105.9156,3.075556,0.04613334,3.075556
55.33,39.62517,0.04613334,105.9496,3.075556,0.04613334,3.075556
55.34,39.63311,0.04613334,105.9709,3.075556,0.04613334,3.075556
55.35,39.6363,0.04613334,105.9794,3.075556,0.04613334,3.075556
55.36,39.64424,0.04616667,106.0006,3.077778,0.04616667,3.077778
55.37,39.65696,0.04616667,106.0346,3.077778,0.04616667,3.077778
55.38,39.66491,0.04616667,106.0559,3.077778,0.04616667,3.077778
55.39,39.66649,0.04616667,106.0601,3.077778,0.04616667,3.077778
55.4,39.67285,0.04616667,106.0771,3.077778,0.04616667,3.077778
55.41,39.67762,0.0462,106.0899,3.08,0.0462,3.08
55.42,39.67444,0.0462,106.0814,3.08,0.0462,3.08
55.43,39.6808,0.0462,106.0984,3.08,0.0462,3.08
55.44,39.69828,0.04623333,106.1451,3.082222,0.04623333,3.082222
55.45,39.72371,0.04623333,106.2131,3.082222,0.04623333,3.082222
55.46,39.73802,0.04623333,106.2514,3.082222,0.04623333,3.082222
55.47,39.73802,0.04623333,106.2514,3.082222,0.04623333,3.082222
55.48,39.73961,0.04626667,106.2556,3.084445,0.04626667,3.084445
55.49,39.74755,0.04626667,106.2769,3.084445,0.04626667,3.084445
55.5,39.75074,0.04626667,106.2854,3.084445,0.04626667,3.084445
55.51,39.74755,0.04626667,106.2769,3.084445,0.04626667,3.084445
55.52,39.7555,0.0463,106.2981,3.086667,0.0463,3.086667
55.53,39.76822,0.0463,106.3321,3.086667,0.0463,3.086667
55.54,39.78093,0.0463,106.3661,3.086667,0.0463,3.086667
55.55,39.78411,0.0463,106.3746,3.086667,0.0463,3.086667
55.56,39.78411,0.04633334,106.3746,3.088889,0.04633334,3.088889
55.57,39.78888,0.04633334,106.3874,3.088889,0.04633334,3.088889
55.58,39.79206,0.04633334,106.3959,3.088889,0.04633334,3.088889
55.59,39.78093,0.04633334,106.3661,3.088889,0.04633334,3.088889
55.6,39.77617,0.04636667,106.3534,3.091111,0.04636667,3.091111
55.61,39.78888,0.04636667,106.3874,3.091111,0.04636667,3.091111
55.62,39.80319,0.04636667,106.4256,3.091111,0.04636667,3.091111
55.63,39.80319,0.04636667,106.4256,3.091111,0.04636667,3.091111
55.64,39.81273,0.0464,106.4511,3.093333,0.0464,3.093333
55.65,39.8461,0.0464,106.5404,3.093333,0.0464,3.093333
55.66,39.87312,0.0464,106.6126,3.093333,0.0464,3.093333
55.67,39.87471,0.0464,106.6169,3.093333,0.0464,3.093333
55.68,39.862,0.04643333,106.5829,3.095556,0.04643333,3.095556
55.69,39.86041,0.04643333,106.5786,3.095556,0.04643333,3.095556
55.7,39.85723,0.04643333,106.5701,3.095556,0.04643333,3.095556
55.71,39.85723,0.04643333,106.5701,3.095556,0.04643333,3.095556
55.72,39.862,0.04646667,106.5829,3.097778,0.04646667,3.097778
55.73,39.87312,0.04646667,106.6126,3.097778,0.04646667,3.097778
55.74,39.88266,0.04646667,106.6381,3.097778,0.04646667,3.097778
55.75,39.89379,0.04646667,106.6679,3.097778,0.04646667,3.097778
55.76,39.90173,0.0465,106.6891,3.1,0.0465,3.1
55.77,39.90332,0.0465,106.6934,3.1,0.0465,3.1
55.78,39.89856,0.0465,106.6806,3.1,0.0465,3.1
55.79,39.89856,0.0465,106.6806,3.1,0.0465,3.1
55.8,39.91763,0.04653334,106.7316,3.102222,0.04653334,3.102222
55.81,39.94306,0.04653334,106.7996,3.102222,0.04653334,3.102222
55.82,39.95895,0.04653334,106.8421,3.102222,0.04653334,3.102222
55.83,39.95895,0.04653334,106.8421,3.102222,0.04653334,3.102222
55.84,39.94783,0.04656667,106.8124,3.104445,0.04656667,3.104445
55.85,39.93511,0.04656667,106.7784,3.104445,0.04656667,3.104445
55.86,39.93193,0.04656667,106.7699,3.104445,0.04656667,3.104445
55.87,39.93988,0.04656667,106.7911,3.104445,0.04656667,3.104445
55.88,39.95101,0.04656667,106.8209,3.104445,0.04656667,3.104445
55.89,39.96054,0.0466,106.8464,3.106667,0.0466,3.106667
55.9,39.96054,0.0466,106.8464,3.106667,0.0466,3.106667
55.91,39.95259,0.0466,106.8251,3.106667,0.0466,3.106667
55.92,39.95578,0.04663333,106.8336,3.108889,0.04663333,3.108889
55.93,39.97644,0.04663333,106.8889,3.108889,0.04663333,3.108889
55.94,40.00346,0.04663333,106.9611,3.108889,0.04663333,3.108889
55.95,40.00982,0.04663333,106.9781,3.108889,0.04663333,3.108889
55.96,39.9971,0.04666667,106.9441,3.111111,0.04666667,3.111111
55.97,39.98756,0.04666667,106.9186,3.111111,0.04666667,3.111111
55.98,39.98439,0.04666667,106.9101,3.111111,0.04666667,3.111111
55.99,39.9812,0.04666667,106.9016,3.111111,0.04666667,3.111111
56.0,39.9812,0.0467,106.9016,3.113333,0.0467,3.113333
56.01,39.9971,0.0467,106.9441,3.113333,0.0467,3.113333
56.02,40.02094,0.0467,107.0079,3.113333,0.0467,3.113333
56.03,40.04478,0.0467,107.0716,3.113333,0.0467,3.113333
56.04,40.0575,0.04673333,107.1056,3.115556,0.04673333,3.115556
56.05,40.06545,0.04673333,107.1269,3.115556,0.04673333,3.115556
56.06,40.07816,0.04673333,107.1609,3.115556,0.04673333,3.115556
56.07,40.09406,0.04673333,107.2034,3.115556,0.04673333,3.115556
56.08,40.1036,0.04673333,107.2289,3.115556,0.04673333,3.115556
56.09,40.10677,0.04676667,107.2374,3.117778,0.04676667,3.117778
56.1,40.10677,0.04676667,107.2374,3.117778,0.04676667,3.117778
56.11,40.09883,0.04676667,107.2161,3.117778,0.04676667,3.117778
56.12,40.08929,0.0468,107.1906,3.12,0.0468,3.12
56.13,40.09565,0.0468,107.2076,3.12,0.0468,3.12
56.14,40.1179,0.0468,107.2671,3.12,0.0468,3.12
56.15,40.14015,0.0468,107.3266,3.12,0.0468,3.12
56.16,40.15446,0.04683333,107.3649,3.122222,0.04683333,3.122222
56.17,40.16399,0.04683333,107.3904,3.122222,0.04683333,3.122222
56.18,40.17512,0.04683333,107.4201,3.122222,0.04683333,3.122222
56.19,40.17671,0.04683333,107.4243,3.122222,0.04683333,3.122222
56.2,40.17194,0.04686667,107.4116,3.124444,0.04686667,3.124444
56.21,40.16399,0.04686667,107.3904,3.124444,0.04686667,3.124444
56.22,40.15605,0.04686667,107.3691,3.124444,0.04686667,3.124444
56.23,40.15446,0.04686667,107.3649,3.124444,0.04686667,3.124444
56.24,40.15446,0.0469,107.3649,3.126667,0.0469,3.126667
56.25,40.15128,0.0469,107.3564,3.126667,0.0469,3.126667
56.26,40.15128,0.0469,107.3564,3.126667,0.0469,3.126667
56.27,40.15128,0.0469,107.3564,3.126667,0.0469,3.126667
56.28,40.15923,0.04693333,107.3776,3.128889,0.04693333,3.128889
56.29,40.17194,0.04693333,107.4116,3.128889,0.04693333,3.128889
56.3,40.18943,0.04693333,107.4584,3.128889,0.04693333,3.128889
56.31,40.19737,0.04693333,107.4796,3.128889,0.04693333,3.128889
56.32,40.19578,0.04696667,107.4753,3.131111,0.04696667,3.131111
56.33,40.20373,0.04696667,107.4966,3.131111,0.04696667,3.131111
56.34,40.22916,0.04696667,107.5646,3.131111,0.04696667,3.131111
56.35,40.253,0.04696667,107.6283,3.131111,0.04696667,3.131111
56.36,40.26254,0.047,107.6538,3.133333,0.047,3.133333
56.37,40.26572,0.047,107.6624,3.133333,0.047,3.133333
56.38,40.27526,0.047,107.6879,3.133333,0.047,3.133333
56.39,40.28956,0.047,107.7261,3.133333,0.047,3.133333
56.4,40.28638,0.04703333,107.7176,3.135556,0.04703333,3.135556
56.41,40.27049,0.04703333,107.6751,3.135556,0.04703333,3.135556
56.42,40.2689,0.04703333,107.6708,3.135556,0.04703333,3.135556
56.43,40.28161,0.04703333,107.7048,3.135556,0.04703333,3.135556
56.44,40.29115,0.04706667,107.7303,3.137778,0.04706667,3.137778
56.45,40.28638,0.04706667,107.7176,3.137778,0.04706667,3.137778
56.46,40.2832,0.04706667,107.7091,3.137778,0.04706667,3.137778
56.47,40.29751,0.04706667,107.7473,3.137778,0.04706667,3.137778
56.48,40.31817,0.0471,107.8026,3.14,0.0471,3.14
56.49,40.33566,0.0471,107.8493,3.14,0.0471,3.14
56.5,40.34678,0.0471,107.8791,3.14,0.0471,3.14
56.51,40.34678,0.0471,107.8791,3.14,0.0471,3.14
56.52,40.3436,0.04713333,107.8706,3.142222,0.04713333,3.142222
56.53,40.33089,0.04713333,107.8366,3.142222,0.04713333,3.142222
56.54,40.31499,0.04713333,107.7941,3.142222,0.04713333,3.142222
56.55,40.30704,0.04713333,107.7728,3.142222,0.04713333,3.142222
56.56,40.32294,0.04716667,107.8153,3.144444,0.04716667,3.144444
56.57,40.34678,0.04716667,107.8791,3.144444,0.04716667,3.144444
56.58,40.35632,0.04716667,107.9046,3.144444,0.04716667,3.144444
56.59,40.35632,0.04716667,107.9046,3.144444,0.04716667,3.144444
56.6,40.36744,0.0472,107.9343,3.146667,0.0472,3.146667
56.61,40.38493,0.0472,107.9811,3.146667,0.0472,3.146667
56.62,40.3897,0.0472,107.9938,3.146667,0.0472,3.146667
56.63,40.37539,0.0472,107.9556,3.146667,0.0472,3.146667
56.64,40.36109,0.04723334,107.9173,3.148889,0.04723334,3.148889
56.65,40.36109,0.04723334,107.9173,3.148889,0.04723334,3.148889
56.66,40.36427,0.04723334,107.9258,3.148889,0.04723334,3.148889
56.67,40.37539,0.04723334,107.9556,3.148889,0.04723334,3.148889
56.68,40.3897,0.04726667,107.9938,3.151111,0.04726667,3.151111
56.69,40.40877,0.04726667,108.0448,3.151111,0.04726667,3.151111
56.7,40.42149,0.04726667,108.0788,3.151111,0.04726667,3.151111
56.71,40.41831,0.04726667,108.0703,3.151111,0.04726667,3.151111
56.72,40.41195,0.0473,108.0533,3.153333,0.0473,3.153333
56.73,40.41672,0.0473,108.0661,3.153333,0.0473,3.153333
56.74,40.42625,0.0473,108.0916,3.153333,0.0473,3.153333
56.75,40.43738,0.0473,108.1213,3.153333,0.0473,3.153333
56.76,40.44533,0.04733333,108.1426,3.155555,0.04733333,3.155555
56.77,40.45327,0.04733333,108.1638,3.155555,0.04733333,3.155555
56.78,40.46122,0.04733333,108.1851,3.155555,0.04733333,3.155555
56.79,40.46122,0.04733333,108.1851,3.155555,0.04733333,3.155555
56.8,40.45804,0.04736667,108.1766,3.157778,0.04736667,3.157778
56.81,40.46917,0.04736667,108.2063,3.157778,0.04736667,3.157778
56.82,40.48665,0.04736667,108.2531,3.157778,0.04736667,3.157778
56.83,40.50414,0.04736667,108.2998,3.157778,0.04736667,3.157778
56.84,40.52003,0.0474,108.3423,3.16,0.0474,3.16
56.85,40.5407,0.0474,108.3976,3.16,0.0474,3.16
56.86,40.55977,0.0474,108.4486,3.16,0.0474,3.16
56.87,40.56931,0.0474,108.4741,3.16,0.0474,3.16
56.88,40.56931,0.04743334,108.4741,3.162222,0.04743334,3.162222
56.89,40.56454,0.04743334,108.4613,3.162222,0.04743334,3.162222
56.9,40.55977,0.04743334,108.4486,3.162222,0.04743334,3.162222
56.91,40.55977,0.04743334,108.4486,3.162222,0.04743334,3.162222
56.92,40.55977,0.04746667,108.4486,3.164444,0.04746667,3.164444
56.93,40.56931,0.04746667,108.4741,3.164444,0.04746667,3.164444
56.94,40.58361,0.04746667,108.5123,3.164444,0.04746667,3.164444
56.95,40.59632,0.04746667,108.5463,3.164444,0.04746667,3.164444
56.96,40.59792,0.0475,108.5506,3.166667,0.0475,3.166667
56.97,40.59632,0.0475,108.5463,3.166667,0.0475,3.166667
56.98,40.60427,0.0475,108.5676,3.166667,0.0475,3.166667
56.99,40.6297,0.0475,108.6356,3.166667,0.0475,3.166667
57.0,40.65355,0.04753333,108.6993,3.168889,0.04753333,3.168889
57.01,40.65037,0.04753333,108.6908,3.168889,0.04753333,3.168889
57.02,40.6297,0.04753333,108.6356,3.168889,0.04753333,3.168889
57.03,40.61222,0.04753333,108.5888,3.168889,0.04753333,3.168889
57.04,40.60427,0.04753333,108.5676,3.168889,0.04753333,3.168889
57.05,40.60586,0.04756667,108.5718,3.171111,0.04756667,3.171111
57.06,40.61381,0.04756667,108.5931,3.171111,0.04756667,3.171111
57.07,40.62653,0.04756667,108.6271,3.171111,0.04756667,3.171111
57.08,40.65037,0.0476,108.6908,3.173333,0.0476,3.173333
57.09,40.6615,0.0476,108.7206,3.173333,0.0476,3.173333
57.1,40.65037,0.0476,108.6908,3.173333,0.0476,3.173333
57.11,40.63765,0.0476,108.6568,3.173333,0.0476,3.173333
57.12,40.64242,0.04763333,108.6696,3.175556,0.04763333,3.175556
57.13,40.6615,0.04763333,108.7206,3.175556,0.04763333,3.175556
57.14,40.67421,0.04763333,108.7546,3.175556,0.04763333,3.175556
57.15,40.67739,0.04763333,108.7631,3.175556,0.04763333,3.175556
57.16,40.67421,0.04766667,108.7546,3.177778,0.04766667,3.177778
57.17,40.67421,0.04766667,108.7546,3.177778,0.04766667,3.177778
57.18,40.68375,0.04766667,108.7801,3.177778,0.04766667,3.177778
57.19,40.69805,0.04766667,108.8183,3.177778,0.04766667,3.177778
57.2,40.71236,0.0477,108.8566,3.18,0.0477,3.18
57.21,40.72825,0.0477,108.8991,3.18,0.0477,3.18
57.22,40.73938,0.0477,108.9288,3.18,0.0477,3.18
57.23,40.73938,0.0477,108.9288,3.18,0.0477,3.18
57.24,40.7362,0.04773333,108.9203,3.182222,0.04773333,3.182222
57.25,40.73143,0.04773333,108.9076,3.182222,0.04773333,3.182222
57.26,40.72348,0.04773333,108.8863,3.182222,0.04773333,3.182222
57.27,40.71236,0.04773333,108.8566,3.182222,0.04773333,3.182222
57.28,40.7203,0.04776667,108.8778,3.184444,0.04776667,3.184444
57.29,40.74097,0.04776667,108.9331,3.184444,0.04776667,3.184444
57.3,40.75209,0.04776667,108.9628,3.184444,0.04776667,3.184444
57.31,40.75209,0.04776667,108.9628,3.184444,0.04776667,3.184444
57.32,40.75686,0.0478,108.9756,3.186667,0.0478,3.186667
57.33,40.76481,0.0478,108.9968,3.186667,0.0478,3.186667
57.34,40.77275,0.0478,109.0181,3.186667,0.0478,3.186667
57.35,40.7807,0.0478,109.0393,3.186667,0.0478,3.186667
57.36,40.7807,0.04783333,109.0393,3.188889,0.04783333,3.188889
57.37,40.77752,0.04783333,109.0308,3.188889,0.04783333,3.188889
57.38,40.77594,0.04783333,109.0266,3.188889,0.04783333,3.188889
57.39,40.78547,0.04783333,109.0521,3.188889,0.04783333,3.188889
57.4,40.80613,0.04786667,109.1073,3.191111,0.04786667,3.191111
57.41,40.83316,0.04786667,109.1796,3.191111,0.04786667,3.191111
57.42,40.85859,0.04786667,109.2476,3.191111,0.04786667,3.191111
57.43,40.86971,0.04786667,109.2773,3.191111,0.04786667,3.191111
57.44,40.86654,0.0479,109.2688,3.193333,0.0479,3.193333
57.45,40.86177,0.0479,109.2561,3.193333,0.0479,3.193333
57.46,40.85859,0.0479,109.2476,3.193333,0.0479,3.193333
57.47,40.86177,0.0479,109.2561,3.193333,0.0479,3.193333
57.48,40.86971,0.04793333,109.2773,3.195555,0.04793333,3.195555
57.49,40.8713,0.04793333,109.2816,3.195555,0.04793333,3.195555
57.5,40.86971,0.04793333,109.2773,3.195555,0.04793333,3.195555
57.51,40.86335,0.04793333,109.2603,3.195555,0.04793333,3.195555
57.52,40.86654,0.04796667,109.2688,3.197778,0.04796667,3.197778
57.53,40.87448,0.04796667,109.2901,3.197778,0.04796667,3.197778
57.54,40.88243,0.04796667,109.3113,3.197778,0.04796667,3.197778
57.55,40.89038,0.04796667,109.3326,3.197778,0.04796667,3.197778
57.56,40.89196,0.048,109.3368,3.2,0.048,3.2
57.57,40.89038,0.048,109.3326,3.2,0.048,3.2
57.58,40.88402,0.048,109.3156,3.2,0.048,3.2
57.59,40.8872,0.048,109.3241,3.2,0.048,3.2
57.6,40.90627,0.04803333,109.375,3.202222,0.04803333,3.202222
57.61,40.92852,0.04803333,109.4346,3.202222,0.04803333,3.202222
57.62,40.94442,0.04803333,109.477,3.202222,0.04803333,3.202222
57.63,40.95237,0.04803333,109.4983,3.202222,0.04803333,3.202222
57.64,40.95713,0.04803333,109.511,3.202222,0.04803333,3.202222
57.65,40.96349,0.04806667,109.528,3.204445,0.04806667,3.204445
57.66,40.96031,0.04806667,109.5195,3.204445,0.04806667,3.204445
57.67,40.9476,0.04806667,109.4855,3.204445,0.04806667,3.204445
57.68,40.93647,0.0481,109.4558,3.206667,0.0481,3.206667
57.69,40.9476,0.0481,109.4855,3.206667,0.0481,3.206667
57.7,40.96985,0.0481,109.545,3.206667,0.0481,3.206667
57.71,40.98892,0.0481,109.596,3.206667,0.0481,3.206667
57.72,40.9921,0.04813333,109.6045,3.208889,0.04813333,3.208889
57.73,40.9921,0.04813333,109.6045,3.208889,0.04813333,3.208889
57.74,40.99846,0.04813333,109.6215,3.208889,0.04813333,3.208889
57.75,41.01276,0.04813333,109.6598,3.208889,0.04813333,3.208889
57.76,41.0223,0.04816667,109.6853,3.211111,0.04816667,3.211111
57.77,41.02548,0.04816667,109.6938,3.211111,0.04816667,3.211111
57.78,41.0223,0.04816667,109.6853,3.211111,0.04816667,3.211111
57.79,41.02548,0.04816667,109.6938,3.211111,0.04816667,3.211111
57.8,41.02707,0.0482,109.698,3.213333,0.0482,3.213333
57.81,41.02707,0.0482,109.698,3.213333,0.0482,3.213333
57.82,41.02548,0.0482,109.6938,3.213333,0.0482,3.213333
57.83,41.03025,0.0482,109.7065,3.213333,0.0482,3.213333
57.84,41.04137,0.0482,109.7363,3.213333,0.0482,3.213333
57.85,41.05568,0.04823333,109.7745,3.215556,0.04823333,3.215556
57.86,41.06998,0.04823333,109.8128,3.215556,0.04823333,3.215556
57.87,41.07475,0.04823333,109.8255,3.215556,0.04823333,3.215556
57.88,41.07475,0.04826667,109.8255,3.217778,0.04826667,3.217778
57.89,41.06998,0.04826667,109.8128,3.217778,0.04826667,3.217778
57.9,41.06681,0.04826667,109.8043,3.217778,0.04826667,3.217778
57.91,41.06998,0.04826667,109.8128,3.217778,0.04826667,3.217778
57.92,41.07158,0.0483,109.817,3.22,0.0483,3.22
57.93,41.07952,0.0483,109.8383,3.22,0.0483,3.22
57.94,41.09224,0.0483,109.8723,3.22,0.0483,3.22
57.95,41.10336,0.0483,109.902,3.22,0.0483,3.22
57.96,41.10336,0.04833334,109.902,3.222222,0.04833334,3.222222
57.97,41.09542,0.04833334,109.8808,3.222222,0.04833334,3.222222
57.98,41.09224,0.04833334,109.8723,3.222222,0.04833334,3.222222
57.99,41.10654,0.04833334,109.9105,3.222222,0.04833334,3.222222
58.0,41.13515,0.04836667,109.987,3.224444,0.04836667,3.224444
58.01,41.16853,0.04836667,110.0763,3.224444,0.04836667,3.224444
58.02,41.19396,0.04836667,110.1443,3.224444,0.04836667,3.224444
58.03,41.20032,0.04836667,110.1613,3.224444,0.04836667,3.224444
58.04,41.19714,0.0484,110.1528,3.226667,0.0484,3.226667
58.05,41.19714,0.0484,110.1528,3.226667,0.0484,3.226667
58.06,41.19714,0.0484,110.1528,3.226667,0.0484,3.226667
58.07,41.19396,0.0484,110.1443,3.226667,0.0484,3.226667
58.08,41.19396,0.04843333,110.1443,3.228889,0.04843333,3.228889
58.09,41.20191,0.04843333,110.1655,3.228889,0.04843333,3.228889
58.1,41.21463,0.04843333,110.1995,3.228889,0.04843333,3.228889
58.11,41.22575,0.04843333,110.2293,3.228889,0.04843333,3.228889
58.12,41.22893,0.04843333,110.2378,3.228889,0.04843333,3.228889
58.13,41.22575,0.04846667,110.2293,3.231111,0.04846667,3.231111
58.14,41.22575,0.04846667,110.2293,3.231111,0.04846667,3.231111
58.15,41.24165,0.04846667,110.2718,3.231111,0.04846667,3.231111
58.16,41.2639,0.04846667,110.3313,3.231111,0.04846667,3.231111
58.17,41.2782,0.0485,110.3695,3.233333,0.0485,3.233333
58.18,41.27026,0.0485,110.3483,3.233333,0.0485,3.233333
58.19,41.25118,0.0485,110.2973,3.233333,0.0485,3.233333
58.2,41.24165,0.0485,110.2718,3.233333,0.0485,3.233333
58.21,41.25118,0.04853334,110.2973,3.235556,0.04853334,3.235556
58.22,41.27026,0.04853334,110.3483,3.235556,0.04853334,3.235556
58.23,41.28297,0.04853334,110.3823,3.235556,0.04853334,3.235556
58.24,41.28297,0.04856667,110.3823,3.237778,0.04856667,3.237778
58.25,41.2782,0.04856667,110.3695,3.237778,0.04856667,3.237778
58.26,41.27185,0.04856667,110.3525,3.237778,0.04856667,3.237778
58.27,41.27979,0.04856667,110.3738,3.237778,0.04856667,3.237778
58.28,41.29887,0.0486,110.4248,3.24,0.0486,3.24
58.29,41.31635,0.0486,110.4715,3.24,0.0486,3.24
58.3,41.3243,0.0486,110.4928,3.24,0.0486,3.24
58.31,41.32748,0.0486,110.5013,3.24,0.0486,3.24
58.32,41.3243,0.0486,110.4928,3.24,0.0486,3.24
58.33,41.3243,0.04863333,110.4928,3.242222,0.04863333,3.242222
58.34,41.3243,0.04863333,110.4928,3.242222,0.04863333,3.242222
58.35,41.3243,0.04863333,110.4928,3.242222,0.04863333,3.242222
58.36,41.3243,0.04866667,110.4928,3.244444,0.04866667,3.244444
58.37,41.33224,0.04866667,110.514,3.244444,0.04866667,3.244444
58.38,41.34973,0.04866667,110.5608,3.244444,0.04866667,3.244444
58.39,41.3688,0.04866667,110.6118,3.244444,0.04866667,3.244444
58.4,41.38152,0.04866667,110.6458,3.244444,0.04866667,3.244444
58.41,41.38947,0.0487,110.667,3.246667,0.0487,3.246667
58.42,41.39423,0.0487,110.6798,3.246667,0.0487,3.246667
58.43,41.40695,0.0487,110.7138,3.246667,0.0487,3.246667
58.44,41.42284,0.04873333,110.7563,3.248889,0.04873333,3.248889
58.45,41.43556,0.04873333,110.7903,3.248889,0.04873333,3.248889
58.46,41.43874,0.04873333,110.7988,3.248889,0.04873333,3.248889
58.47,41.44192,0.04873333,110.8073,3.248889,0.04873333,3.248889
58.48,41.44351,0.04876667,110.8115,3.251111,0.04876667,3.251111
58.49,41.44986,0.04876667,110.8285,3.251111,0.04876667,3.251111
58.5,41.45463,0.04876667,110.8413,3.251111,0.04876667,3.251111
58.51,41.4594,0.04876667,110.854,3.251111,0.04876667,3.251111
58.52,41.4753,0.04876667,110.8965,3.251111,0.04876667,3.251111
58.53,41.49914,0.0488,110.9603,3.253333,0.0488,3.253333
58.54,41.51503,0.0488,111.0028,3.253333,0.0488,3.253333
58.55,41.5198,0.0488,111.0155,3.253333,0.0488,3.253333
58.56,41.52457,0.04883333,111.0283,3.255556,0.04883333,3.255556
58.57,41.52775,0.04883333,111.0368,3.255556,0.04883333,3.255556
58.58,41.52775,0.04883333,111.0368,3.255556,0.04883333,3.255556
58.59,41.5198,0.04883333,111.0155,3.255556,0.04883333,3.255556
58.6,41.51503,0.04883333,111.0028,3.255556,0.04883333,3.255556
58.61,41.51503,0.04886667,111.0028,3.257778,0.04886667,3.257778
58.62,41.51662,0.04886667,111.007,3.257778,0.04886667,3.257778
58.63,41.50867,0.04886667,110.9858,3.257778,0.04886667,3.257778
58.64,41.49914,0.0489,110.9603,3.26,0.0489,3.26
58.65,41.49914,0.0489,110.9603,3.26,0.0489,3.26
58.66,41.5198,0.0489,111.0155,3.26,0.0489,3.26
58.67,41.55,0.0489,111.0963,3.26,0.0489,3.26
58.68,41.5659,0.04893333,111.1388,3.262222,0.04893333,3.262222
58.69,41.55636,0.04893333,111.1133,3.262222,0.04893333,3.262222
58.7,41.53569,0.04893333,111.058,3.262222,0.04893333,3.262222
58.71,41.52775,0.04893333,111.0368,3.262222,0.04893333,3.262222
58.72,41.52775,0.04893333,111.0368,3.262222,0.04893333,3.262222
58.73,41.53569,0.04896667,111.058,3.264445,0.04896667,3.264445
58.74,41.54523,0.04896667,111.0835,3.264445,0.04896667,3.264445
58.75,41.5659,0.04896667,111.1388,3.264445,0.04896667,3.264445
58.76,41.58974,0.04896667,111.2025,3.264445,0.04896667,3.264445
58.77,41.6104,0.049,111.2578,3.266667,0.049,3.266667
58.78,41.62312,0.049,111.2917,3.266667,0.049,3.266667
58.79,41.62629,0.049,111.3002,3.266667,0.049,3.266667
58.8,41.62152,0.049,111.2875,3.266667,0.049,3.266667
58.81,41.61835,0.04903333,111.279,3.268889,0.04903333,3.268889
58.82,41.62312,0.04903333,111.2917,3.268889,0.04903333,3.268889
58.83,41.62152,0.04903333,111.2875,3.268889,0.04903333,3.268889
58.84,41.61835,0.04906667,111.279,3.271111,0.04906667,3.271111
58.85,41.61358,0.04906667,111.2663,3.271111,0.04906667,3.271111
58.86,41.60245,0.04906667,111.2365,3.271111,0.04906667,3.271111
58.87,41.59768,0.04906667,111.2237,3.271111,0.04906667,3.271111
58.88,41.60563,0.0491,111.245,3.273333,0.0491,3.273333
58.89,41.62629,0.0491,111.3002,3.273333,0.0491,3.273333
58.9,41.65173,0.0491,111.3682,3.273333,0.0491,3.273333
58.91,41.67557,0.0491,111.432,3.273333,0.0491,3.273333
58.92,41.68034,0.04913333,111.4447,3.275556,0.04913333,3.275556
58.93,41.67557,0.04913333,111.432,3.275556,0.04913333,3.275556
58.94,41.6708,0.04913333,111.4192,3.275556,0.04913333,3.275556
58.95,41.66762,0.04913333,111.4108,3.275556,0.04913333,3.275556
58.96,41.67239,0.04913333,111.4235,3.275556,0.04913333,3.275556
58.97,41.68034,0.04916667,111.4447,3.277778,0.04916667,3.277778
58.98,41.68351,0.04916667,111.4532,3.277778,0.04916667,3.277778
58.99,41.68351,0.04916667,111.4532,3.277778,0.04916667,3.277778
59.0,41.69146,0.04916667,111.4745,3.277778,0.04916667,3.277778
59.01,41.701,0.0492,111.5,3.28,0.0492,3.28
59.02,41.70736,0.0492,111.517,3.28,0.0492,3.28
59.03,41.71531,0.0492,111.5382,3.28,0.0492,3.28
59.04,41.73597,0.04923333,111.5935,3.282222,0.04923333,3.282222
59.05,41.75345,0.04923333,111.6402,3.282222,0.04923333,3.282222
59.06,41.75345,0.04923333,111.6402,3.282222,0.04923333,3.282222
59.07,41.74073,0.04923333,111.6062,3.282222,0.04923333,3.282222
59.08,41.73279,0.04926667,111.585,3.284444,0.04926667,3.284444
59.09,41.73279,0.04926667,111.585,3.284444,0.04926667,3.284444
59.1,41.74073,0.04926667,111.6062,3.284444,0.04926667,3.284444
59.11,41.75186,0.04926667,111.636,3.284444,0.04926667,3.284444
59.12,41.76458,0.04926667,111.67,3.284444,0.04926667,3.284444
59.13,41.77253,0.0493,111.6912,3.286667,0.0493,3.286667
59.14,41.76617,0.0493,111.6742,3.286667,0.0493,3.286667
59.15,41.7614,0.0493,111.6615,3.286667,0.0493,3.286667
59.16,41.76458,0.0493,111.67,3.286667,0.0493,3.286667
59.17,41.78524,0.04933333,111.7252,3.288889,0.04933333,3.288889
59.18,41.79795,0.04933333,111.7592,3.288889,0.04933333,3.288889
59.19,41.79001,0.04933333,111.738,3.288889,0.04933333,3.288889
59.2,41.77729,0.04933333,111.704,3.288889,0.04933333,3.288889
59.21,41.78047,0.04936667,111.7125,3.291111,0.04936667,3.291111
59.22,41.80908,0.04936667,111.789,3.291111,0.04936667,3.291111
59.23,41.83769,0.04936667,111.8655,3.291111,0.04936667,3.291111
59.24,41.84405,0.0494,111.8825,3.293334,0.0494,3.293334
59.25,41.84246,0.0494,111.8782,3.293334,0.0494,3.293334
59.26,41.84405,0.0494,111.8825,3.293334,0.0494,3.293334
59.27,41.86312,0.0494,111.9335,3.293334,0.0494,3.293334
59.28,41.88061,0.0494,111.9802,3.293334,0.0494,3.293334
59.29,41.89491,0.04943334,112.0185,3.295556,0.04943334,3.295556
59.3,41.8965,0.04943334,112.0227,3.295556,0.04943334,3.295556
59.31,41.8965,0.04943334,112.0227,3.295556,0.04943334,3.295556
59.32,41.89968,0.04943334,112.0312,3.295556,0.04943334,3.295556
59.33,41.90127,0.04946667,112.0355,3.297778,0.04946667,3.297778
59.34,41.90763,0.04946667,112.0525,3.297778,0.04946667,3.297778
59.35,41.9124,0.04946667,112.0652,3.297778,0.04946667,3.297778
59.36,41.91716,0.04946667,112.078,3.297778,0.04946667,3.297778
59.37,41.92035,0.0495,112.0865,3.3,0.0495,3.3
59.38,41.9124,0.0495,112.0652,3.3,0.0495,3.3
59.39,41.90763,0.0495,112.0525,3.3,0.0495,3.3
59.4,41.90922,0.04953333,112.0567,3.302222,0.04953333,3.302222
59.41,41.92035,0.04953333,112.0865,3.302222,0.04953333,3.302222
59.42,41.92511,0.04953333,112.0992,3.302222,0.04953333,3.302222
59.43,41.92035,0.04953333,112.0865,3.302222,0.04953333,3.302222
59.44,41.92035,0.04956667,112.0865,3.304445,0.04956667,3.304445
59.45,41.92988,0.04956667,112.112,3.304445,0.04956667,3.304445
59.46,41.95849,0.04956667,112.1885,3.304445,0.04956667,3.304445
59.47,41.99028,0.04956667,112.2735,3.304445,0.04956667,3.304445
59.48,42.00141,0.04956667,112.3032,3.304445,0.04956667,3.304445
59.49,41.99028,0.0496,112.2735,3.306667,0.0496,3.306667
59.5,41.98233,0.0496,112.2522,3.306667,0.0496,3.306667
59.51,41.99028,0.0496,112.2735,3.306667,0.0496,3.306667
59.52,42.00299,0.0496,112.3075,3.306667,0.0496,3.306667
59.53,42.00618,0.04963334,112.316,3.308889,0.04963334,3.308889
59.54,42.00618,0.04963334,112.316,3.308889,0.04963334,3.308889
59.55,42.01094,0.04963334,112.3287,3.308889,0.04963334,3.308889
59.56,42.01412,0.04963334,112.3372,3.308889,0.04963334,3.308889
59.57,42.00618,0.04966667,112.316,3.311111,0.04966667,3.311111
59.58,41.99823,0.04966667,112.2947,3.311111,0.04966667,3.311111
59.59,42.00618,0.04966667,112.316,3.311111,0.04966667,3.311111
59.6,42.03002,0.0497,112.3797,3.313333,0.0497,3.313333
59.61,42.06021,0.0497,112.4605,3.313333,0.0497,3.313333
59.62,42.08406,0.0497,112.5242,3.313333,0.0497,3.313333
59.63,42.08883,0.0497,112.537,3.313333,0.0497,3.313333
59.64,42.07611,0.04973333,112.503,3.315556,0.04973333,3.315556
59.65,42.06816,0.04973333,112.4817,3.315556,0.04973333,3.315556
59.66,42.07293,0.04973333,112.4945,3.315556,0.04973333,3.315556
59.67,42.08724,0.04973333,112.5327,3.315556,0.04973333,3.315556
59.68,42.09995,0.04973333,112.5667,3.315556,0.04973333,3.315556
59.69,42.10154,0.04976667,112.571,3.317778,0.04976667,3.317778
59.7,42.09518,0.04976667,112.554,3.317778,0.04976667,3.317778
59.71,42.08088,0.04976667,112.5157,3.317778,0.04976667,3.317778
59.72,42.07929,0.04976667,112.5115,3.317778,0.04976667,3.317778
59.73,42.08883,0.0498,112.537,3.32,0.0498,3.32
59.74,42.11267,0.0498,112.6007,3.32,0.0498,3.32
59.75,42.1381,0.0498,112.6687,3.32,0.0498,3.32
59.76,42.14923,0.0498,112.6985,3.32,0.0498,3.32
59.77,42.14446,0.04983333,112.6857,3.322222,0.04983333,3.322222
59.78,42.13333,0.04983333,112.656,3.322222,0.04983333,3.322222
59.79,42.13174,0.04983333,112.6517,3.322222,0.04983333,3.322222
59.8,42.14128,0.04986667,112.6772,3.324445,0.04986667,3.324445
59.81,42.16194,0.04986667,112.7325,3.324445,0.04986667,3.324445
59.82,42.18102,0.04986667,112.7835,3.324445,0.04986667,3.324445
59.83,42.18896,0.04986667,112.8047,3.324445,0.04986667,3.324445
59.84,42.18261,0.0499,112.7877,3.326667,0.0499,3.326667
59.85,42.18102,0.0499,112.7835,3.326667,0.0499,3.326667
59.86,42.19055,0.0499,112.809,3.326667,0.0499,3.326667
59.87,42.21439,0.0499,112.8727,3.326667,0.0499,3.326667
59.88,42.23824,0.04993333,112.9365,3.328889,0.04993333,3.328889
59.89,42.25572,0.04993333,112.9832,3.328889,0.04993333,3.328889
59.9,42.26049,0.04993333,112.9959,3.328889,0.04993333,3.328889
59.91,42.26685,0.04993333,113.013,3.328889,0.04993333,3.328889
59.92,42.27479,0.04993333,113.0342,3.328889,0.04993333,3.328889
59.93,42.28433,0.04996667,113.0597,3.331111,0.04996667,3.331111
59.94,42.2891,0.04996667,113.0724,3.331111,0.04996667,3.331111
59.95,42.28751,0.04996667,113.0682,3.331111,0.04996667,3.331111
59.96,42.28433,0.04996667,113.0597,3.331111,0.04996667,3.331111
59.97,42.28433,0.05,113.0597,3.333333,0.05,3.333333
59.98,42.28751,0.05,113.0682,3.333333,0.05,3.333333
59.99,42.29228,0.05,113.081,3.333333,0.05,3.333333
60.0,42.29705,0.05003333,113.0937,3.335556,0.05003333,3.335556
60.01,42.29705,0.05003333,113.0937,3.335556,0.05003333,3.335556
60.02,42.30022,0.05003333,113.1022,3.335556,0.05003333,3.335556
60.03,42.3034,0.05003333,113.1107,3.335556,0.05003333,3.335556
60.04,42.31294,0.05006667,113.1362,3.337778,0.05006667,3.337778
60.05,42.32566,0.05006667,113.1702,3.337778,0.05006667,3.337778
60.06,42.33837,0.05006667,113.2042,3.337778,0.05006667,3.337778
60.07,42.35268,0.05006667,113.2424,3.337778,0.05006667,3.337778
60.08,42.36221,0.05006667,113.2679,3.337778,0.05006667,3.337778
60.09,42.36221,0.0501,113.2679,3.34,0.0501,3.34
60.1,42.35427,0.0501,113.2467,3.34,0.0501,3.34
60.11,42.3495,0.0501,113.2339,3.34,0.0501,3.34
60.12,42.35427,0.0501,113.2467,3.34,0.0501,3.34
60.13,42.36539,0.05013333,113.2764,3.342222,0.05013333,3.342222
60.14,42.37493,0.05013333,113.3019,3.342222,0.05013333,3.342222
60.15,42.38923,0.05013333,113.3402,3.342222,0.05013333,3.342222
60.16,42.39877,0.05013333,113.3657,3.342222,0.05013333,3.342222
60.17,42.39877,0.05016667,113.3657,3.344445,0.05016667,3.344445
60.18,42.39082,0.05016667,113.3444,3.344445,0.05016667,3.344445
60.19,42.39082,0.05016667,113.3444,3.344445,0.05016667,3.344445
60.2,42.39559,0.0502,113.3572,3.346667,0.0502,3.346667
60.21,42.40195,0.0502,113.3742,3.346667,0.0502,3.346667
60.22,42.4099,0.0502,113.3954,3.346667,0.0502,3.346667
60.23,42.41943,0.0502,113.4209,3.346667,0.0502,3.346667
60.24,42.43056,0.05023333,113.4507,3.348889,0.05023333,3.348889
60.25,42.44328,0.05023333,113.4847,3.348889,0.05023333,3.348889
60.26,42.44804,0.05023333,113.4974,3.348889,0.05023333,3.348889
60.27,42.44804,0.05023333,113.4974,3.348889,0.05023333,3.348889
60.28,42.44804,0.05023333,113.4974,3.348889,0.05023333,3.348889
60.29,42.44804,0.05026667,113.4974,3.351111,0.05026667,3.351111
60.3,42.44804,0.05026667,113.4974,3.351111,0.05026667,3.351111
60.31,42.45281,0.05026667,113.5102,3.351111,0.05026667,3.351111
60.32,42.46712,0.0503,113.5484,3.353333,0.0503,3.353333
60.33,42.47665,0.0503,113.5739,3.353333,0.0503,3.353333
60.34,42.47665,0.0503,113.5739,3.353333,0.0503,3.353333
60.35,42.47189,0.0503,113.5612,3.353333,0.0503,3.353333
60.36,42.47506,0.0503,113.5697,3.353333,0.0503,3.353333
60.37,42.4846,0.05033333,113.5952,3.355556,0.05033333,3.355556
60.38,42.5005,0.05033333,113.6377,3.355556,0.05033333,3.355556
60.39,42.51003,0.05033333,113.6632,3.355556,0.05033333,3.355556
60.4,42.51798,0.05036667,113.6844,3.357778,0.05036667,3.357778
60.41,42.52434,0.05036667,113.7014,3.357778,0.05036667,3.357778
60.42,42.52911,0.05036667,113.7142,3.357778,0.05036667,3.357778
60.43,42.52911,0.05036667,113.7142,3.357778,0.05036667,3.357778
60.44,42.53387,0.0504,113.7269,3.36,0.0504,3.36
60.45,42.53228,0.0504,113.7227,3.36,0.0504,3.36
60.46,42.53387,0.0504,113.7269,3.36,0.0504,3.36
60.47,42.54182,0.0504,113.7482,3.36,0.0504,3.36
60.48,42.55454,0.05043333,113.7822,3.362222,0.05043333,3.362222
60.49,42.56566,0.05043333,113.8119,3.362222,0.05043333,3.362222
60.5,42.57043,0.05043333,113.8247,3.362222,0.05043333,3.362222
60.51,42.57838,0.05043333,113.8459,3.362222,0.05043333,3.362222
60.52,42.59427,0.05043333,113.8884,3.362222,0.05043333,3.362222
60.53,42.61017,0.05046667,113.9309,3.364444,0.05046667,3.364444
60.54,42.61176,0.05046667,113.9352,3.364444,0.05046667,3.364444
60.55,42.60381,0.05046667,113.9139,3.364444,0.05046667,3.364444
60.56,42.59904,0.0505,113.9012,3.366667,0.0505,3.366667
60.57,42.59904,0.0505,113.9012,3.366667,0.0505,3.366667
60.58,42.60222,0.0505,113.9097,3.366667,0.0505,3.366667
60.59,42.60699,0.0505,113.9224,3.366667,0.0505,3.366667
60.6,42.61811,0.05053334,113.9522,3.368889,0.05053334,3.368889
60.61,42.63878,0.05053334,114.0074,3.368889,0.05053334,3.368889
60.62,42.66103,0.05053334,114.0669,3.368889,0.05053334,3.368889
60.63,42.67693,0.05053334,114.1094,3.368889,0.05053334,3.368889
60.64,42.6801,0.05056667,114.1179,3.371111,0.05056667,3.371111
60.65,42.67693,0.05056667,114.1094,3.371111,0.05056667,3.371111
60.66,42.67693,0.05056667,114.1094,3.371111,0.05056667,3.371111
60.67,42.68964,0.05056667,114.1434,3.371111,0.05056667,3.371111
60.68,42.69759,0.0506,114.1647,3.373333,0.0506,3.373333
60.69,42.696,0.0506,114.1604,3.373333,0.0506,3.373333
60.7,42.68487,0.0506,114.1307,3.373333,0.0506,3.373333
60.71,42.67693,0.0506,114.1094,3.373333,0.0506,3.373333
60.72,42.67693,0.0506,114.1094,3.373333,0.0506,3.373333
60.73,42.68964,0.05063333,114.1434,3.375556,0.05063333,3.375556
60.74,42.70554,0.05063333,114.1859,3.375556,0.05063333,3.375556
60.75,42.72461,0.05063333,114.2369,3.375556,0.05063333,3.375556
60.76,42.73256,0.05066667,114.2582,3.377778,0.05066667,3.377778
60.77,42.73415,0.05066667,114.2624,3.377778,0.05066667,3.377778
60.78,42.73256,0.05066667,114.2582,3.377778,0.05066667,3.377778
60.79,42.73256,0.05066667,114.2582,3.377778,0.05066667,3.377778
60.8,42.73732,0.0507,114.2709,3.38,0.0507,3.38
60.81,42.74209,0.0507,114.2837,3.38,0.0507,3.38
60.82,42.74209,0.0507,114.2837,3.38,0.0507,3.38
60.83,42.75004,0.0507,114.3049,3.38,0.0507,3.38
60.84,42.76912,0.0507,114.3559,3.38,0.0507,3.38
60.85,42.7866,0.05073334,114.4027,3.382222,0.05073334,3.382222
60.86,42.79137,0.05073334,114.4154,3.382222,0.05073334,3.382222
60.87,42.79137,0.05073334,114.4154,3.382222,0.05073334,3.382222
60.88,42.78978,0.05073334,114.4112,3.382222,0.05073334,3.382222
60.89,42.78978,0.05076667,114.4112,3.384444,0.05076667,3.384444
60.9,42.79454,0.05076667,114.4239,3.384444,0.05076667,3.384444
60.91,42.79931,0.05076667,114.4367,3.384444,0.05076667,3.384444
60.92,42.79773,0.05076667,114.4324,3.384444,0.05076667,3.384444
60.93,42.79931,0.0508,114.4367,3.386667,0.0508,3.386667
60.94,42.81203,0.0508,114.4707,3.386667,0.0508,3.386667
60.95,42.83269,0.0508,114.5259,3.386667,0.0508,3.386667
60.96,42.85653,0.05083333,114.5897,3.388889,0.05083333,3.388889
60.97,42.86448,0.05083333,114.6109,3.388889,0.05083333,3.388889
60.98,42.85495,0.05083333,114.5854,3.388889,0.05083333,3.388889
60.99,42.83587,0.05083333,114.5344,3.388889,0.05083333,3.388889
61.0,42.8311,0.05086667,114.5217,3.391111,0.05086667,3.391111
61.01,42.83905,0.05086667,114.5429,3.391111,0.05086667,3.391111
61.02,42.847,0.05086667,114.5642,3.391111,0.05086667,3.391111
61.03,42.85653,0.05086667,114.5897,3.391111,0.05086667,3.391111
61.04,42.87243,0.05086667,114.6322,3.391111,0.05086667,3.391111
61.05,42.88991,0.0509,114.6789,3.393333,0.0509,3.393333
61.06,42.90422,0.0509,114.7172,3.393333,0.0509,3.393333
61.07,42.91375,0.0509,114.7427,3.393333,0.0509,3.393333
61.08,42.92488,0.05093333,114.7724,3.395556,0.05093333,3.395556
61.09,42.9217,0.05093333,114.7639,3.395556,0.05093333,3.395556
61.1,42.91217,0.05093333,114.7384,3.395556,0.05093333,3.395556
61.11,42.90581,0.05093333,114.7214,3.395556,0.05093333,3.395556
61.12,42.91375,0.05093333,114.7427,3.395556,0.05093333,3.395556
61.13,42.91693,0.05096667,114.7512,3.397778,0.05096667,3.397778
61.14,42.91217,0.05096667,114.7384,3.397778,0.05096667,3.397778
61.15,42.90899,0.05096667,114.7299,3.397778,0.05096667,3.397778
61.16,42.91217,0.051,114.7384,3.4,0.051,3.4
61.17,42.91375,0.051,114.7427,3.4,0.051,3.4
61.18,42.91693,0.051,114.7512,3.4,0.051,3.4
61.19,42.92488,0.051,114.7724,3.4,0.051,3.4
61.2,42.9376,0.05103333,114.8064,3.402222,0.05103333,3.402222
61.21,42.95031,0.05103333,114.8404,3.402222,0.05103333,3.402222
61.22,42.96144,0.05103333,114.8701,3.402222,0.05103333,3.402222
61.23,42.96303,0.05103333,114.8744,3.402222,0.05103333,3.402222
61.24,42.96144,0.05103333,114.8701,3.402222,0.05103333,3.402222
61.25,42.96939,0.05106667,114.8914,3.404444,0.05106667,3.404444
61.26,42.98369,0.05106667,114.9297,3.404444,0.05106667,3.404444
61.27,43.00277,0.05106667,114.9807,3.404444,0.05106667,3.404444
61.28,43.01866,0.05106667,115.0231,3.404444,0.05106667,3.404444
61.29,43.03138,0.0511,115.0572,3.406667,0.0511,3.406667
61.3,43.02661,0.0511,115.0444,3.406667,0.0511,3.406667
61.31,43.00753,0.0511,114.9934,3.406667,0.0511,3.406667
61.32,43.00277,0.0511,114.9807,3.406667,0.0511,3.406667
61.33,43.02025,0.05113333,115.0274,3.408889,0.05113333,3.408889
61.34,43.03614,0.05113333,115.0699,3.408889,0.05113333,3.408889
61.35,43.03932,0.05113333,115.0784,3.408889,0.05113333,3.408889
61.36,43.03296,0.05116667,115.0614,3.411111,0.05116667,3.411111
61.37,43.03614,0.05116667,115.0699,3.411111,0.05116667,3.411111
61.38,43.05204,0.05116667,115.1124,3.411111,0.05116667,3.411111
61.39,43.06157,0.05116667,115.1379,3.411111,0.05116667,3.411111
61.4,43.05999,0.05116667,115.1337,3.411111,0.05116667,3.411111
61.41,43.05522,0.0512,115.1209,3.413333,0.0512,3.413333
61.42,43.05522,0.0512,115.1209,3.413333,0.0512,3.413333
61.43,43.06157,0.0512,115.1379,3.413333,0.0512,3.413333
61.44,43.08065,0.0512,115.1889,3.413333,0.0512,3.413333
61.45,43.10131,0.05123333,115.2441,3.415555,0.05123333,3.415555
61.46,43.11403,0.05123333,115.2781,3.415555,0.05123333,3.415555
61.47,43.10608,0.05123333,115.2569,3.415555,0.05123333,3.415555
61.48,43.09654,0.05123333,115.2314,3.415555,0.05123333,3.415555
61.49,43.09654,0.05126667,115.2314,3.417778,0.05126667,3.417778
61.5,43.11244,0.05126667,115.2739,3.417778,0.05126667,3.417778
61.51,43.1331,0.05126667,115.3291,3.417778,0.05126667,3.417778
61.52,43.14264,0.05126667,115.3546,3.417778,0.05126667,3.417778
61.53,43.13787,0.0513,115.3419,3.42,0.0513,3.42
61.54,43.12674,0.0513,115.3121,3.42,0.0513,3.42
61.55,43.12515,0.0513,115.3079,3.42,0.0513,3.42
61.56,43.14105,0.05133333,115.3504,3.422222,0.05133333,3.422222
61.57,43.1633,0.05133333,115.4099,3.422222,0.05133333,3.422222
61.58,43.18396,0.05133333,115.4651,3.422222,0.05133333,3.422222
61.59,43.18396,0.05133333,115.4651,3.422222,0.05133333,3.422222
61.6,43.17443,0.05133333,115.4396,3.422222,0.05133333,3.422222
61.61,43.16966,0.05136667,115.4269,3.424444,0.05136667,3.424444
61.62,43.1792,0.05136667,115.4524,3.424444,0.05136667,3.424444
61.63,43.20304,0.05136667,115.5161,3.424444,0.05136667,3.424444
61.64,43.22688,0.0514,115.5799,3.426667,0.0514,3.426667
61.65,43.23959,0.0514,115.6139,3.426667,0.0514,3.426667
61.66,43.23959,0.0514,115.6139,3.426667,0.0514,3.426667
61.67,43.23642,0.0514,115.6054,3.426667,0.0514,3.426667
61.68,43.24754,0.0514,115.6351,3.426667,0.0514,3.426667
61.69,43.26026,0.05143333,115.6691,3.428889,0.05143333,3.428889
61.7,43.25708,0.05143333,115.6606,3.428889,0.05143333,3.428889
61.71,43.24436,0.05143333,115.6266,3.428889,0.05143333,3.428889
61.72,43.24754,0.05143333,115.6351,3.428889,0.05143333,3.428889
61.73,43.26503,0.05146667,115.6819,3.431111,0.05146667,3.431111
61.74,43.27615,0.05146667,115.7116,3.431111,0.05146667,3.431111
61.75,43.27774,0.05146667,115.7159,3.431111,0.05146667,3.431111
61.76,43.27297,0.0515,115.7031,3.433333,0.0515,3.433333
61.77,43.26503,0.0515,115.6819,3.433333,0.0515,3.433333
61.78,43.25231,0.0515,115.6479,3.433333,0.0515,3.433333
61.79,43.23642,0.0515,115.6054,3.433333,0.0515,3.433333
61.8,43.22847,0.05153333,115.5841,3.435556,0.05153333,3.435556
61.81,43.23642,0.05153333,115.6054,3.435556,0.05153333,3.435556
61.82,43.25549,0.05153333,115.6564,3.435556,0.05153333,3.435556
61.83,43.26979,0.05153333,115.6946,3.435556,0.05153333,3.435556
61.84,43.2841,0.05153333,115.7329,3.435556,0.05153333,3.435556
61.85,43.29681,0.05156667,115.7669,3.437778,0.05156667,3.437778
61.86,43.31271,0.05156667,115.8094,3.437778,0.05156667,3.437778
61.87,43.33019,0.05156667,115.8561,3.437778,0.05156667,3.437778
61.88,43.34132,0.05156667,115.8859,3.437778,0.05156667,3.437778
61.89,43.34291,0.0516,115.8901,3.44,0.0516,3.44
61.9,43.34132,0.0516,115.8859,3.44,0.0516,3.44
61.91,43.34291,0.0516,115.8901,3.44,0.0516,3.44
61.92,43.34927,0.05163334,115.9071,3.442222,0.05163334,3.442222
61.93,43.35086,0.05163334,115.9114,3.442222,0.05163334,3.442222
61.94,43.34927,0.05163334,115.9071,3.442222,0.05163334,3.442222
61.95,43.35563,0.05163334,115.9241,3.442222,0.05163334,3.442222
61.96,43.3747,0.05166667,115.9751,3.444444,0.05166667,3.444444
61.97,43.39536,0.05166667,116.0304,3.444444,0.05166667,3.444444
61.98,43.40808,0.05166667,116.0644,3.444444,0.05166667,3.444444
61.99,43.41285,0.05166667,116.0771,3.444444,0.05166667,3.444444
62.0,43.42079,0.0517,116.0984,3.446667,0.0517,3.446667
62.01,43.43669,0.0517,116.1409,3.446667,0.0517,3.446667
62.02,43.44146,0.0517,116.1536,3.446667,0.0517,3.446667
62.03,43.42715,0.0517,116.1154,3.446667,0.0517,3.446667
62.04,43.41125,0.0517,116.0729,3.446667,0.0517,3.446667
62.05,43.41125,0.05173333,116.0729,3.448889,0.05173333,3.448889
62.06,43.42715,0.05173333,116.1154,3.448889,0.05173333,3.448889
62.07,43.43669,0.05173333,116.1409,3.448889,0.05173333,3.448889
62.08,43.43987,0.05173333,116.1494,3.448889,0.05173333,3.448889
62.09,43.44781,0.05176667,116.1706,3.451111,0.05176667,3.451111
62.1,43.45735,0.05176667,116.1961,3.451111,0.05176667,3.451111
62.11,43.46053,0.05176667,116.2046,3.451111,0.05176667,3.451111
62.12,43.45735,0.0518,116.1961,3.453333,0.0518,3.453333
62.13,43.46053,0.0518,116.2046,3.453333,0.0518,3.453333
62.14,43.45735,0.0518,116.1961,3.453333,0.0518,3.453333
62.15,43.45735,0.0518,116.1961,3.453333,0.0518,3.453333
62.16,43.47007,0.05183334,116.2301,3.455556,0.05183334,3.455556
62.17,43.50503,0.05183334,116.3236,3.455556,0.05183334,3.455556
62.18,43.53364,0.05183334,116.4001,3.455556,0.05183334,3.455556
62.19,43.53364,0.05183334,116.4001,3.455556,0.05183334,3.455556
62.2,43.52093,0.05186667,116.3661,3.457778,0.05186667,3.457778
62.21,43.51775,0.05186667,116.3576,3.457778,0.05186667,3.457778
62.22,43.5257,0.05186667,116.3789,3.457778,0.05186667,3.457778
62.23,43.53046,0.05186667,116.3916,3.457778,0.05186667,3.457778
62.24,43.52729,0.05186667,116.3831,3.457778,0.05186667,3.457778
62.25,43.52093,0.0519,116.3661,3.46,0.0519,3.46
62.26,43.52252,0.0519,116.3704,3.46,0.0519,3.46
62.27,43.53523,0.0519,116.4044,3.46,0.0519,3.46
62.28,43.55113,0.0519,116.4469,3.46,0.0519,3.46
62.29,43.55431,0.05193333,116.4554,3.462222,0.05193333,3.462222
62.3,43.54636,0.05193333,116.4341,3.462222,0.05193333,3.462222
62.31,43.54159,0.05193333,116.4214,3.462222,0.05193333,3.462222
62.32,43.54636,0.05196667,116.4341,3.464444,0.05196667,3.464444
62.33,43.55113,0.05196667,116.4469,3.464444,0.05196667,3.464444
62.34,43.56225,0.05196667,116.4766,3.464444,0.05196667,3.464444
62.35,43.57179,0.05196667,116.5021,3.464444,0.05196667,3.464444
62.36,43.58768,0.052,116.5446,3.466667,0.052,3.466667
62.37,43.60358,0.052,116.5871,3.466667,0.052,3.466667
62.38,43.60835,0.052,116.5999,3.466667,0.052,3.466667
62.39,43.60358,0.052,116.5871,3.466667,0.052,3.466667
62.4,43.6004,0.052,116.5786,3.466667,0.052,3.466667
62.41,43.61153,0.05203333,116.6084,3.468889,0.05203333,3.468889
62.42,43.63219,0.05203333,116.6636,3.468889,0.05203333,3.468889
62.43,43.64491,0.05203333,116.6976,3.468889,0.05203333,3.468889
62.44,43.64967,0.05203333,116.7104,3.468889,0.05203333,3.468889
62.45,43.64967,0.05206667,116.7104,3.471111,0.05206667,3.471111
62.46,43.65603,0.05206667,116.7274,3.471111,0.05206667,3.471111
62.47,43.66875,0.05206667,116.7614,3.471111,0.05206667,3.471111
62.48,43.68464,0.05206667,116.8039,3.471111,0.05206667,3.471111
62.49,43.69736,0.0521,116.8379,3.473333,0.0521,3.473333
62.5,43.69736,0.0521,116.8379,3.473333,0.0521,3.473333
62.51,43.68623,0.0521,116.8081,3.473333,0.0521,3.473333
62.52,43.68941,0.05213333,116.8166,3.475555,0.05213333,3.475555
62.53,43.69736,0.05213333,116.8379,3.475555,0.05213333,3.475555
62.54,43.70213,0.05213333,116.8506,3.475555,0.05213333,3.475555
62.55,43.69418,0.05213333,116.8294,3.475555,0.05213333,3.475555
62.56,43.68464,0.05216667,116.8039,3.477778,0.05216667,3.477778
62.57,43.67828,0.05216667,116.7868,3.477778,0.05216667,3.477778
62.58,43.67669,0.05216667,116.7826,3.477778,0.05216667,3.477778
62.59,43.68623,0.05216667,116.8081,3.477778,0.05216667,3.477778
62.6,43.70689,0.05216667,116.8633,3.477778,0.05216667,3.477778
62.61,43.72279,0.0522,116.9059,3.48,0.0522,3.48
62.62,43.73074,0.0522,116.9271,3.48,0.0522,3.48
62.63,43.73868,0.0522,116.9483,3.48,0.0522,3.48
62.64,43.75776,0.0522,116.9993,3.48,0.0522,3.48
62.65,43.77524,0.05223333,117.0461,3.482222,0.05223333,3.482222
62.66,43.79113,0.05223333,117.0886,3.482222,0.05223333,3.482222
62.67,43.80862,0.05223333,117.1353,3.482222,0.05223333,3.482222
62.68,43.82769,0.05223333,117.1863,3.482222,0.05223333,3.482222
62.69,43.83723,0.05226667,117.2118,3.484445,0.05226667,3.484445
62.7,43.84041,0.05226667,117.2203,3.484445,0.05226667,3.484445
62.71,43.82928,0.05226667,117.1906,3.484445,0.05226667,3.484445
62.72,43.81974,0.0523,117.1651,3.486667,0.0523,3.486667
62.73,43.8118,0.0523,117.1438,3.486667,0.0523,3.486667
62.74,43.80385,0.0523,117.1226,3.486667,0.0523,3.486667
62.75,43.80385,0.0523,117.1226,3.486667,0.0523,3.486667
62.76,43.81498,0.05233333,117.1523,3.488889,0.05233333,3.488889
62.77,43.82451,0.05233333,117.1778,3.488889,0.05233333,3.488889
62.78,43.82928,0.05233333,117.1906,3.488889,0.05233333,3.488889
62.79,43.83564,0.05233333,117.2076,3.488889,0.05233333,3.488889
62.8,43.8563,0.05236667,117.2628,3.491111,0.05236667,3.491111
62.81,43.89286,0.05236667,117.3606,3.491111,0.05236667,3.491111
62.82,43.92147,0.05236667,117.4371,3.491111,0.05236667,3.491111
62.83,43.92942,0.05236667,117.4583,3.491111,0.05236667,3.491111
62.84,43.91829,0.05236667,117.4286,3.491111,0.05236667,3.491111
62.85,43.90081,0.0524,117.3818,3.493333,0.0524,3.493333
62.86,43.8865,0.0524,117.3436,3.493333,0.0524,3.493333
62.87,43.87696,0.0524,117.3181,3.493333,0.0524,3.493333
62.88,43.87856,0.0524,117.3223,3.493333,0.0524,3.493333
62.89,43.89286,0.05243333,117.3606,3.495556,0.05243333,3.495556
62.9,43.90557,0.05243333,117.3946,3.495556,0.05243333,3.495556
62.91,43.92147,0.05243333,117.4371,3.495556,0.05243333,3.495556
62.92,43.93419,0.05246667,117.4711,3.497778,0.05246667,3.497778
62.93,43.94213,0.05246667,117.4923,3.497778,0.05246667,3.497778
62.94,43.9469,0.05246667,117.5051,3.497778,0.05246667,3.497778
62.95,43.95803,0.05246667,117.5348,3.497778,0.05246667,3.497778
62.96,43.97233,0.05246667,117.5731,3.497778,0.05246667,3.497778
62.97,43.98346,0.0525,117.6028,3.5,0.0525,3.5
62.98,43.98028,0.0525,117.5943,3.5,0.0525,3.5
62.99,43.97233,0.0525,117.5731,3.5,0.0525,3.5
63.0,43.95803,0.0525,117.5348,3.5,0.0525,3.5
63.01,43.94213,0.05253333,117.4923,3.502222,0.05253333,3.502222
63.02,43.94372,0.05253333,117.4966,3.502222,0.05253333,3.502222
63.03,43.95962,0.05253333,117.5391,3.502222,0.05253333,3.502222
63.04,43.97075,0.05253333,117.5688,3.502222,0.05253333,3.502222
63.05,43.96756,0.05256667,117.5603,3.504444,0.05256667,3.504444
63.06,43.95803,0.05256667,117.5348,3.504444,0.05256667,3.504444
63.07,43.95167,0.05256667,117.5178,3.504444,0.05256667,3.504444
63.08,43.95803,0.05256667,117.5348,3.504444,0.05256667,3.504444
63.09,43.97551,0.0526,117.5816,3.506667,0.0526,3.506667
63.1,43.99936,0.0526,117.6453,3.506667,0.0526,3.506667
63.11,44.02478,0.0526,117.7133,3.506667,0.0526,3.506667
63.12,44.05022,0.05263333,117.7813,3.508889,0.05263333,3.508889
63.13,44.06929,0.05263333,117.8323,3.508889,0.05263333,3.508889
63.14,44.07883,0.05263333,117.8578,3.508889,0.05263333,3.508889
63.15,44.08677,0.05263333,117.8791,3.508889,0.05263333,3.508889
63.16,44.08995,0.05266667,117.8876,3.511111,0.05266667,3.511111
63.17,44.08677,0.05266667,117.8791,3.511111,0.05266667,3.511111
63.18,44.082,0.05266667,117.8663,3.511111,0.05266667,3.511111
63.19,44.07247,0.05266667,117.8408,3.511111,0.05266667,3.511111
63.2,44.06611,0.05266667,117.8238,3.511111,0.05266667,3.511111
63.21,44.07883,0.0527,117.8578,3.513334,0.0527,3.513334
63.22,44.10267,0.0527,117.9216,3.513334,0.0527,3.513334
63.23,44.11856,0.0527,117.9641,3.513334,0.0527,3.513334
63.24,44.11061,0.0527,117.9428,3.513334,0.0527,3.513334
63.25,44.09313,0.05273334,117.8961,3.515556,0.05273334,3.515556
63.26,44.08677,0.05273334,117.8791,3.515556,0.05273334,3.515556
63.27,44.09313,0.05273334,117.8961,3.515556,0.05273334,3.515556
63.28,44.10267,0.05276667,117.9216,3.517778,0.05276667,3.517778
63.29,44.11061,0.05276667,117.9428,3.517778,0.05276667,3.517778
63.3,44.12174,0.05276667,117.9726,3.517778,0.05276667,3.517778
63.31,44.12969,0.05276667,117.9938,3.517778,0.05276667,3.517778
63.32,44.14241,0.0528,118.0278,3.52,0.0528,3.52
63.33,44.16625,0.0528,118.0916,3.52,0.0528,3.52
63.34,44.17896,0.0528,118.1256,3.52,0.0528,3.52
63.35,44.18055,0.0528,118.1298,3.52,0.0528,3.52
63.36,44.1885,0.0528,118.1511,3.52,0.0528,3.52
63.37,44.19963,0.05283333,118.1808,3.522222,0.05283333,3.522222
63.38,44.20757,0.05283333,118.2021,3.522222,0.05283333,3.522222
63.39,44.20757,0.05283333,118.2021,3.522222,0.05283333,3.522222
63.4,44.20916,0.05283333,118.2063,3.522222,0.05283333,3.522222
63.41,44.21711,0.05286667,118.2276,3.524445,0.05286667,3.524445
63.42,44.22347,0.05286667,118.2446,3.524445,0.05286667,3.524445
63.43,44.22824,0.05286667,118.2573,3.524445,0.05286667,3.524445
63.44,44.22347,0.05286667,118.2446,3.524445,0.05286667,3.524445
63.45,44.20916,0.0529,118.2063,3.526667,0.0529,3.526667
63.46,44.20121,0.0529,118.1851,3.526667,0.0529,3.526667
63.47,44.21552,0.0529,118.2233,3.526667,0.0529,3.526667
63.48,44.22982,0.05293334,118.2616,3.528889,0.05293334,3.528889
63.49,44.23618,0.05293334,118.2786,3.528889,0.05293334,3.528889
63.5,44.23777,0.05293334,118.2828,3.528889,0.05293334,3.528889
63.51,44.24095,0.05293334,118.2913,3.528889,0.05293334,3.528889
63.52,44.24095,0.05296667,118.2913,3.531111,0.05296667,3.531111
63.53,44.24095,0.05296667,118.2913,3.531111,0.05296667,3.531111
63.54,44.25208,0.05296667,118.3211,3.531111,0.05296667,3.531111
63.55,44.27274,0.05296667,118.3763,3.531111,0.05296667,3.531111
63.56,44.29023,0.05296667,118.4231,3.531111,0.05296667,3.531111
63.57,44.30135,0.053,118.4528,3.533333,0.053,3.533333
63.58,44.31089,0.053,118.4783,3.533333,0.053,3.533333
63.59,44.3236,0.053,118.5123,3.533333,0.053,3.533333
63.6,44.33155,0.053,118.5336,3.533333,0.053,3.533333
63.61,44.33155,0.05303333,118.5336,3.535556,0.05303333,3.535556
63.62,44.32996,0.05303333,118.5293,3.535556,0.05303333,3.535556
63.63,44.32996,0.05303333,118.5293,3.535556,0.05303333,3.535556
63.64,44.32996,0.05303333,118.5293,3.535556,0.05303333,3.535556
63.65,44.32678,0.05306667,118.5208,3.537778,0.05306667,3.537778
63.66,44.32678,0.05306667,118.5208,3.537778,0.05306667,3.537778
63.67,44.32201,0.05306667,118.5081,3.537778,0.05306667,3.537778
63.68,44.3236,0.0531,118.5123,3.54,0.0531,3.54
63.69,44.33473,0.0531,118.5421,3.54,0.0531,3.54
63.7,44.34745,0.0531,118.5761,3.54,0.0531,3.54
63.71,44.35539,0.0531,118.5973,3.54,0.0531,3.54
63.72,44.35221,0.0531,118.5888,3.54,0.0531,3.54
63.73,44.34745,0.05313333,118.5761,3.542222,0.05313333,3.542222
63.74,44.34745,0.05313333,118.5761,3.542222,0.05313333,3.542222
63.75,44.35221,0.05313333,118.5888,3.542222,0.05313333,3.542222
63.76,44.37129,0.05313333,118.6398,3.542222,0.05313333,3.542222
63.77,44.37923,0.05316667,118.661,3.544445,0.05316667,3.544445
63.78,44.36811,0.05316667,118.6313,3.544445,0.05316667,3.544445
63.79,44.35221,0.05316667,118.5888,3.544445,0.05316667,3.544445
63.8,44.35062,0.05316667,118.5845,3.544445,0.05316667,3.544445
63.81,44.36016,0.0532,118.6101,3.546667,0.0532,3.546667
63.82,44.37288,0.0532,118.6441,3.546667,0.0532,3.546667
63.83,44.39513,0.0532,118.7036,3.546667,0.0532,3.546667
63.84,44.40944,0.0532,118.7418,3.546667,0.0532,3.546667
63.85,44.41261,0.05323333,118.7503,3.548889,0.05323333,3.548889
63.86,44.40149,0.05323333,118.7205,3.548889,0.05323333,3.548889
63.87,44.3999,0.05323333,118.7163,3.548889,0.05323333,3.548889
63.88,44.40944,0.05326667,118.7418,3.551111,0.05326667,3.551111
63.89,44.43328,0.05326667,118.8055,3.551111,0.05326667,3.551111
63.9,44.45871,0.05326667,118.8735,3.551111,0.05326667,3.551111
63.91,44.46983,0.05326667,118.9033,3.551111,0.05326667,3.551111
63.92,44.45871,0.05326667,118.8735,3.551111,0.05326667,3.551111
63.93,44.43645,0.0533,118.814,3.553333,0.0533,3.553333
63.94,44.42851,0.0533,118.7928,3.553333,0.0533,3.553333
63.95,44.4444,0.0533,118.8353,3.553333,0.0533,3.553333
63.96,44.47301,0.0533,118.9118,3.553333,0.0533,3.553333
63.97,44.49368,0.05333333,118.967,3.555556,0.05333333,3.555556
63.98,44.50639,0.05333333,119.001,3.555556,0.05333333,3.555556
63.99,44.51593,0.05333333,119.0265,3.555556,0.05333333,3.555556
64.0,44.52229,0.05333333,119.0435,3.555556,0.05333333,3.555556
64.01,44.52229,0.05336667,119.0435,3.557778,0.05336667,3.557778
64.02,44.51593,0.05336667,119.0265,3.557778,0.05336667,3.557778
64.03,44.50957,0.05336667,119.0095,3.557778,0.05336667,3.557778
64.04,44.51116,0.05336667,119.0138,3.557778,0.05336667,3.557778
64.05,44.52705,0.0534,119.0563,3.56,0.0534,3.56
64.06,44.54295,0.0534,119.0988,3.56,0.0534,3.56
64.07,44.5509,0.0534,119.12,3.56,0.0534,3.56
64.08,44.55884,0.05343333,119.1413,3.562222,0.05343333,3.562222
64.09,44.56838,0.05343333,119.1668,3.562222,0.05343333,3.562222
64.1,44.57633,0.05343333,119.188,3.562222,0.05343333,3.562222
64.11,44.57633,0.05343333,119.188,3.562222,0.05343333,3.562222
64.12,44.57156,0.05343333,119.1753,3.562222,0.05343333,3.562222
64.13,44.57156,0.05346667,119.1753,3.564445,0.05346667,3.564445
64.14,44.5811,0.05346667,119.2008,3.564445,0.05346667,3.564445
64.15,44.60176,0.05346667,119.256,3.564445,0.05346667,3.564445
64.16,44.61765,0.05346667,119.2985,3.564445,0.05346667,3.564445
64.17,44.62083,0.0535,119.307,3.566667,0.0535,3.566667
64.18,44.61288,0.0535,119.2858,3.566667,0.0535,3.566667
64.19,44.60971,0.0535,119.2773,3.566667,0.0535,3.566667
64.2,44.60971,0.0535,119.2773,3.566667,0.0535,3.566667
64.21,44.60494,0.05353333,119.2645,3.568889,0.05353333,3.568889
64.22,44.60017,0.05353333,119.2518,3.568889,0.05353333,3.568889
64.23,44.60812,0.05353333,119.273,3.568889,0.05353333,3.568889
64.24,44.6256,0.05353333,119.3198,3.568889,0.05353333,3.568889
64.25,44.64149,0.05356667,119.3623,3.571111,0.05356667,3.571111
64.26,44.64944,0.05356667,119.3835,3.571111,0.05356667,3.571111
64.27,44.65739,0.05356667,119.4048,3.571111,0.05356667,3.571111
64.28,44.67328,0.0536,119.4473,3.573334,0.0536,3.573334
64.29,44.69395,0.0536,119.5025,3.573334,0.0536,3.573334
64.3,44.71143,0.0536,119.5493,3.573334,0.0536,3.573334
64.31,44.71938,0.0536,119.5705,3.573334,0.0536,3.573334
64.32,44.71779,0.0536,119.5663,3.573334,0.0536,3.573334
64.33,44.70666,0.05363333,119.5365,3.575556,0.05363333,3.575556
64.34,44.69872,0.05363333,119.5153,3.575556,0.05363333,3.575556
64.35,44.69872,0.05363333,119.5153,3.575556,0.05363333,3.575556
64.36,44.70348,0.05363333,119.528,3.575556,0.05363333,3.575556
64.37,44.71779,0.05366667,119.5663,3.577778,0.05366667,3.577778
64.38,44.7305,0.05366667,119.6003,3.577778,0.05366667,3.577778
64.39,44.73209,0.05366667,119.6045,3.577778,0.05366667,3.577778
64.4,44.7305,0.05366667,119.6003,3.577778,0.05366667,3.577778
64.41,44.73845,0.0537,119.6215,3.58,0.0537,3.58
64.42,44.76388,0.0537,119.6895,3.58,0.0537,3.58
64.43,44.79249,0.0537,119.766,3.58,0.0537,3.58
64.44,44.80521,0.0537,119.8,3.58,0.0537,3.58
64.45,44.80998,0.05373333,119.8128,3.582222,0.05373333,3.582222
64.46,44.81316,0.05373333,119.8213,3.582222,0.05373333,3.582222
64.47,44.80521,0.05373333,119.8,3.582222,0.05373333,3.582222
64.48,44.78137,0.05376667,119.7363,3.584445,0.05376667,3.584445
64.49,44.75911,0.05376667,119.6768,3.584445,0.05376667,3.584445
64.5,44.75276,0.05376667,119.6598,3.584445,0.05376667,3.584445
64.51,44.76388,0.05376667,119.6895,3.584445,0.05376667,3.584445
64.52,44.7766,0.05376667,119.7235,3.584445,0.05376667,3.584445
64.53,44.78137,0.0538,119.7363,3.586667,0.0538,3.586667
64.54,44.78931,0.0538,119.7575,3.586667,0.0538,3.586667
64.55,44.80521,0.0538,119.8,3.586667,0.0538,3.586667
64.56,44.83223,0.0538,119.8723,3.586667,0.0538,3.586667
64.57,44.85289,0.05383334,119.9275,3.588889,0.05383334,3.588889
64.58,44.86084,0.05383334,119.9488,3.588889,0.05383334,3.588889
64.59,44.85766,0.05383334,119.9403,3.588889,0.05383334,3.588889
64.6,44.85289,0.05383334,119.9275,3.588889,0.05383334,3.588889
64.61,44.84494,0.05386667,119.9063,3.591111,0.05386667,3.591111
64.62,44.83382,0.05386667,119.8765,3.591111,0.05386667,3.591111
64.63,44.82905,0.05386667,119.8638,3.591111,0.05386667,3.591111
64.64,44.83223,0.05386667,119.8723,3.591111,0.05386667,3.591111
64.65,44.83859,0.0539,119.8893,3.593333,0.0539,3.593333
64.66,44.84494,0.0539,119.9063,3.593333,0.0539,3.593333
64.67,44.86084,0.0539,119.9488,3.593333,0.0539,3.593333
64.68,44.87514,0.05393333,119.987,3.595556,0.05393333,3.595556
64.69,44.87832,0.05393333,119.9955,3.595556,0.05393333,3.595556
64.7,44.87514,0.05393333,119.987,3.595556,0.05393333,3.595556
64.71,44.88945,0.05393333,120.0253,3.595556,0.05393333,3.595556
64.72,44.9117,0.05393333,120.0848,3.595556,0.05393333,3.595556
64.73,44.93077,0.05396667,120.1358,3.597778,0.05396667,3.597778
64.74,44.93077,0.05396667,120.1358,3.597778,0.05396667,3.597778
64.75,44.9276,0.05396667,120.1273,3.597778,0.05396667,3.597778
64.76,44.93237,0.05396667,120.14,3.597778,0.05396667,3.597778
64.77,44.94349,0.054,120.1698,3.6,0.054,3.6
64.78,44.95303,0.054,120.1953,3.6,0.054,3.6
64.79,44.95938,0.054,120.2123,3.6,0.054,3.6
64.8,44.96415,0.054,120.225,3.6,0.054,3.6
64.81,44.97528,0.05403334,120.2548,3.602222,0.05403334,3.602222
64.82,44.98482,0.05403334,120.2803,3.602222,0.05403334,3.602222
64.83,44.99276,0.05403334,120.3015,3.602222,0.05403334,3.602222
64.84,44.99276,0.05403334,120.3015,3.602222,0.05403334,3.602222
64.85,44.98164,0.05406667,120.2718,3.604444,0.05406667,3.604444
64.86,44.96733,0.05406667,120.2335,3.604444,0.05406667,3.604444
64.87,44.96098,0.05406667,120.2165,3.604444,0.05406667,3.604444
64.88,44.97528,0.0541,120.2548,3.606667,0.0541,3.606667
64.89,44.98959,0.0541,120.293,3.606667,0.0541,3.606667
64.9,44.99594,0.0541,120.31,3.606667,0.0541,3.606667
64.91,44.98959,0.0541,120.293,3.606667,0.0541,3.606667
64.92,44.98164,0.0541,120.2718,3.606667,0.0541,3.606667
64.93,44.98005,0.05413333,120.2675,3.608889,0.05413333,3.608889
64.94,44.98482,0.05413333,120.2803,3.608889,0.05413333,3.608889
64.95,44.99753,0.05413333,120.3143,3.608889,0.05413333,3.608889
64.96,45.01343,0.05413333,120.3568,3.608889,0.05413333,3.608889
64.97,45.02614,0.05416667,120.3907,3.611111,0.05416667,3.611111
64.98,45.03727,0.05416667,120.4205,3.611111,0.05416667,3.611111
64.99,45.03886,0.05416667,120.4248,3.611111,0.05416667,3.611111
65.0,45.04522,0.05416667,120.4417,3.611111,0.05416667,3.611111
65.01,45.04681,0.0542,120.446,3.613333,0.0542,3.613333
65.02,45.04998,0.0542,120.4545,3.613333,0.0542,3.613333
65.03,45.04998,0.0542,120.4545,3.613333,0.0542,3.613333
65.04,45.04998,0.0542,120.4545,3.613333,0.0542,3.613333
65.05,45.04998,0.05423333,120.4545,3.615556,0.05423333,3.615556
65.06,45.05475,0.05423333,120.4672,3.615556,0.05423333,3.615556
65.07,45.07065,0.05423333,120.5098,3.615556,0.05423333,3.615556
65.08,45.08654,0.05426667,120.5523,3.617778,0.05426667,3.617778
65.09,45.08972,0.05426667,120.5607,3.617778,0.05426667,3.617778
65.1,45.08178,0.05426667,120.5395,3.617778,0.05426667,3.617778
65.11,45.07542,0.05426667,120.5225,3.617778,0.05426667,3.617778
65.12,45.07383,0.05426667,120.5182,3.617778,0.05426667,3.617778
65.13,45.07383,0.0543,120.5182,3.62,0.0543,3.62
65.14,45.07542,0.0543,120.5225,3.62,0.0543,3.62
65.15,45.08336,0.0543,120.5437,3.62,0.0543,3.62
65.16,45.09926,0.0543,120.5863,3.62,0.0543,3.62
65.17,45.11992,0.05433333,120.6415,3.622222,0.05433333,3.622222
65.18,45.12787,0.05433333,120.6627,3.622222,0.05433333,3.622222
65.19,45.11833,0.05433333,120.6372,3.622222,0.05433333,3.622222
65.2,45.1072,0.05433333,120.6075,3.622222,0.05433333,3.622222
65.21,45.11515,0.05436667,120.6288,3.624444,0.05436667,3.624444
65.22,45.139,0.05436667,120.6925,3.624444,0.05436667,3.624444
65.23,45.15966,0.05436667,120.7477,3.624444,0.05436667,3.624444
65.24,45.17555,0.0544,120.7902,3.626667,0.0544,3.626667
65.25,45.1835,0.0544,120.8115,3.626667,0.0544,3.626667
65.26,45.18509,0.0544,120.8157,3.626667,0.0544,3.626667
65.27,45.18509,0.0544,120.8157,3.626667,0.0544,3.626667
65.28,45.18032,0.05443333,120.803,3.628889,0.05443333,3.628889
65.29,45.17714,0.05443333,120.7945,3.628889,0.05443333,3.628889
65.3,45.17555,0.05443333,120.7902,3.628889,0.05443333,3.628889
65.31,45.18509,0.05443333,120.8157,3.628889,0.05443333,3.628889
65.32,45.20893,0.05443333,120.8795,3.628889,0.05443333,3.628889
65.33,45.2296,0.05446667,120.9347,3.631111,0.05446667,3.631111
65.34,45.23754,0.05446667,120.956,3.631111,0.05446667,3.631111
65.35,45.24231,0.05446667,120.9687,3.631111,0.05446667,3.631111
65.36,45.24708,0.05446667,120.9815,3.631111,0.05446667,3.631111
65.37,45.25502,0.0545,121.0027,3.633333,0.0545,3.633333
65.38,45.26138,0.0545,121.0197,3.633333,0.0545,3.633333
65.39,45.26933,0.0545,121.041,3.633333,0.0545,3.633333
65.4,45.27092,0.0545,121.0452,3.633333,0.0545,3.633333
65.41,45.26615,0.05453333,121.0325,3.635556,0.05453333,3.635556
65.42,45.25821,0.05453333,121.0112,3.635556,0.05453333,3.635556
65.43,45.25344,0.05453333,120.9985,3.635556,0.05453333,3.635556
65.44,45.26615,0.05456667,121.0325,3.637778,0.05456667,3.637778
65.45,45.28205,0.05456667,121.075,3.637778,0.05456667,3.637778
65.46,45.29158,0.05456667,121.1005,3.637778,0.05456667,3.637778
65.47,45.29476,0.05456667,121.109,3.637778,0.05456667,3.637778
65.48,45.29794,0.05456667,121.1175,3.637778,0.05456667,3.637778
65.49,45.29953,0.0546,121.1217,3.64,0.0546,3.64
65.5,45.29953,0.0546,121.1217,3.64,0.0546,3.64
65.51,45.31066,0.0546,121.1515,3.64,0.0546,3.64
65.52,45.32655,0.0546,121.194,3.64,0.0546,3.64
65.53,45.34404,0.05463333,121.2407,3.642222,0.05463333,3.642222
65.54,45.34404,0.05463333,121.2407,3.642222,0.05463333,3.642222
65.55,45.33927,0.05463333,121.228,3.642222,0.05463333,3.642222
65.56,45.34085,0.05463333,121.2322,3.642222,0.05463333,3.642222
65.57,45.35993,0.05466667,121.2832,3.644444,0.05466667,3.644444
65.58,45.37265,0.05466667,121.3172,3.644444,0.05466667,3.644444
65.59,45.3647,0.05466667,121.296,3.644444,0.05466667,3.644444
65.6,45.3488,0.05466667,121.2535,3.644444,0.05466667,3.644444
65.61,45.34721,0.0547,121.2492,3.646667,0.0547,3.646667
65.62,45.35675,0.0547,121.2747,3.646667,0.0547,3.646667
65.63,45.37582,0.0547,121.3257,3.646667,0.0547,3.646667
65.64,45.39013,0.05473333,121.364,3.648889,0.05473333,3.648889
65.65,45.40443,0.05473333,121.4022,3.648889,0.05473333,3.648889
65.66,45.41238,0.05473333,121.4235,3.648889,0.05473333,3.648889
65.67,45.40602,0.05473333,121.4065,3.648889,0.05473333,3.648889
65.68,45.40443,0.05473333,121.4022,3.648889,0.05473333,3.648889
65.69,45.40126,0.05476667,121.3937,3.651111,0.05476667,3.651111
65.7,45.40602,0.05476667,121.4065,3.651111,0.05476667,3.651111
65.71,45.41238,0.05476667,121.4235,3.651111,0.05476667,3.651111
65.72,45.4251,0.05476667,121.4575,3.651111,0.05476667,3.651111
65.73,45.44576,0.0548,121.5127,3.653333,0.0548,3.653333
65.74,45.46325,0.0548,121.5595,3.653333,0.0548,3.653333
65.75,45.46325,0.0548,121.5595,3.653333,0.0548,3.653333
65.76,45.4553,0.0548,121.5382,3.653333,0.0548,3.653333
65.77,45.45848,0.05483333,121.5467,3.655555,0.05483333,3.655555
65.78,45.4696,0.05483333,121.5765,3.655555,0.05483333,3.655555
65.79,45.47914,0.05483333,121.602,3.655555,0.05483333,3.655555
65.8,45.48709,0.05483333,121.6232,3.655555,0.05483333,3.655555
65.81,45.49026,0.05486667,121.6317,3.657778,0.05486667,3.657778
65.82,45.49186,0.05486667,121.636,3.657778,0.05486667,3.657778
65.83,45.50457,0.05486667,121.67,3.657778,0.05486667,3.657778
65.84,45.52682,0.0549,121.7295,3.66,0.0549,3.66
65.85,45.53954,0.0549,121.7635,3.66,0.0549,3.66
65.86,45.54113,0.0549,121.7677,3.66,0.0549,3.66
65.87,45.53954,0.0549,121.7635,3.66,0.0549,3.66
65.88,45.53954,0.0549,121.7635,3.66,0.0549,3.66
65.89,45.54431,0.05493334,121.7762,3.662222,0.05493334,3.662222
65.9,45.54908,0.05493334,121.789,3.662222,0.05493334,3.662222
65.91,45.54749,0.05493334,121.7847,3.662222,0.05493334,3.662222
65.92,45.54431,0.05493334,121.7762,3.662222,0.05493334,3.662222
65.93,45.55225,0.05496667,121.7975,3.664444,0.05496667,3.664444
65.94,45.57292,0.05496667,121.8527,3.664444,0.05496667,3.664444
65.95,45.5904,0.05496667,121.8995,3.664444,0.05496667,3.664444
65.96,45.58881,0.05496667,121.8952,3.664444,0.05496667,3.664444
65.97,45.58563,0.055,121.8867,3.666667,0.055,3.666667
65.98,45.5904,0.055,121.8995,3.666667,0.055,3.666667
65.99,45.59835,0.055,121.9207,3.666667,0.055,3.666667
66.0,45.60471,0.055,121.9377,3.666667,0.055,3.666667
66.01,45.60947,0.05503333,121.9505,3.668889,0.05503333,3.668889
66.02,45.61742,0.05503333,121.9717,3.668889,0.05503333,3.668889
66.03,45.62219,0.05503333,121.9845,3.668889,0.05503333,3.668889
66.04,45.6206,0.05506667,121.9802,3.671111,0.05506667,3.671111
66.05,45.62219,0.05506667,121.9845,3.671111,0.05506667,3.671111
66.06,45.63014,0.05506667,122.0057,3.671111,0.05506667,3.671111
66.07,45.63808,0.05506667,122.027,3.671111,0.05506667,3.671111
66.08,45.64126,0.05506667,122.0355,3.671111,0.05506667,3.671111
66.09,45.64126,0.0551,122.0355,3.673333,0.0551,3.673333
66.1,45.64921,0.0551,122.0567,3.673333,0.0551,3.673333
66.11,45.66352,0.0551,122.095,3.673333,0.0551,3.673333
66.12,45.68418,0.0551,122.1502,3.673333,0.0551,3.673333
66.13,45.70007,0.05513334,122.1927,3.675556,0.05513334,3.675556
66.14,45.70802,0.05513334,122.214,3.675556,0.05513334,3.675556
66.15,45.70643,0.05513334,122.2097,3.675556,0.05513334,3.675556
66.16,45.70007,0.05513334,122.1927,3.675556,0.05513334,3.675556
66.17,45.6953,0.05516667,122.18,3.677778,0.05516667,3.677778
66.18,45.69848,0.05516667,122.1885,3.677778,0.05516667,3.677778
66.19,45.71597,0.05516667,122.2352,3.677778,0.05516667,3.677778
66.2,45.72868,0.05516667,122.2692,3.677778,0.05516667,3.677778
66.21,45.73186,0.0552,122.2777,3.68,0.0552,3.68
66.22,45.72868,0.0552,122.2692,3.68,0.0552,3.68
66.23,45.72868,0.0552,122.2692,3.68,0.0552,3.68
66.24,45.73504,0.05523333,122.2862,3.682222,0.05523333,3.682222
66.25,45.73504,0.05523333,122.2862,3.682222,0.05523333,3.682222
66.26,45.72868,0.05523333,122.2692,3.682222,0.05523333,3.682222
66.27,45.71597,0.05523333,122.2352,3.682222,0.05523333,3.682222
66.28,45.70802,0.05523333,122.214,3.682222,0.05523333,3.682222
66.29,45.71915,0.05526667,122.2437,3.684444,0.05526667,3.684444
66.3,45.7414,0.05526667,122.3032,3.684444,0.05526667,3.684444
66.31,45.77319,0.05526667,122.3882,3.684444,0.05526667,3.684444
66.32,45.8018,0.05526667,122.4647,3.684444,0.05526667,3.684444
66.33,45.81769,0.0553,122.5072,3.686667,0.0553,3.686667
66.34,45.82087,0.0553,122.5157,3.686667,0.0553,3.686667
66.35,45.81292,0.0553,122.4944,3.686667,0.0553,3.686667
66.36,45.79703,0.0553,122.452,3.686667,0.0553,3.686667
66.37,45.79703,0.05533333,122.452,3.688889,0.05533333,3.688889
66.38,45.81292,0.05533333,122.4944,3.688889,0.05533333,3.688889
66.39,45.83518,0.05533333,122.5539,3.688889,0.05533333,3.688889
66.4,45.8463,0.05536667,122.5837,3.691111,0.05536667,3.691111
66.41,45.83836,0.05536667,122.5624,3.691111,0.05536667,3.691111
66.42,45.82246,0.05536667,122.5199,3.691111,0.05536667,3.691111
66.43,45.81292,0.05536667,122.4944,3.691111,0.05536667,3.691111
66.44,45.80657,0.0554,122.4774,3.693333,0.0554,3.693333
66.45,45.80975,0.0554,122.4859,3.693333,0.0554,3.693333
66.46,45.82564,0.0554,122.5285,3.693333,0.0554,3.693333
66.47,45.84312,0.0554,122.5752,3.693333,0.0554,3.693333
66.48,45.85584,0.0554,122.6092,3.693333,0.0554,3.693333
66.49,45.85902,0.05543333,122.6177,3.695555,0.05543333,3.695555
66.5,45.87014,0.05543333,122.6474,3.695555,0.05543333,3.695555
66.51,45.88763,0.05543333,122.6942,3.695555,0.05543333,3.695555
66.52,45.89081,0.05543333,122.7027,3.695555,0.05543333,3.695555
66.53,45.87968,0.05546667,122.6729,3.697778,0.05546667,3.697778
66.54,45.87491,0.05546667,122.6602,3.697778,0.05546667,3.697778
66.55,45.89081,0.05546667,122.7027,3.697778,0.05546667,3.697778
66.56,45.9067,0.05546667,122.7452,3.697778,0.05546667,3.697778
66.57,45.91147,0.0555,122.7579,3.7,0.0555,3.7
66.58,45.91147,0.0555,122.7579,3.7,0.0555,3.7
66.59,45.91306,0.0555,122.7622,3.7,0.0555,3.7
66.6,45.91942,0.05553333,122.7792,3.702222,0.05553333,3.702222
66.61,45.92736,0.05553333,122.8004,3.702222,0.05553333,3.702222
66.62,45.92896,0.05553333,122.8047,3.702222,0.05553333,3.702222
66.63,45.92419,0.05553333,122.7919,3.702222,0.05553333,3.702222
66.64,45.91942,0.05556667,122.7792,3.704445,0.05556667,3.704445
66.65,45.92896,0.05556667,122.8047,3.704445,0.05556667,3.704445
66.66,45.94485,0.05556667,122.8472,3.704445,0.05556667,3.704445
66.67,45.95597,0.05556667,122.8769,3.704445,0.05556667,3.704445
66.68,45.96869,0.05556667,122.9109,3.704445,0.05556667,3.704445
66.69,45.98935,0.0556,122.9662,3.706667,0.0556,3.706667
66.7,46.00207,0.0556,123.0002,3.706667,0.0556,3.706667
66.71,46.00684,0.0556,123.0129,3.706667,0.0556,3.706667
66.72,46.00525,0.0556,123.0087,3.706667,0.0556,3.706667
66.73,46.00525,0.05563333,123.0087,3.708889,0.05563333,3.708889
66.74,46.00525,0.05563333,123.0087,3.708889,0.05563333,3.708889
66.75,46.01002,0.05563333,123.0214,3.708889,0.05563333,3.708889
66.76,46.01796,0.05563333,123.0427,3.708889,0.05563333,3.708889
66.77,46.02591,0.05566667,123.0639,3.711111,0.05566667,3.711111
66.78,46.03068,0.05566667,123.0767,3.711111,0.05566667,3.711111
66.79,46.0275,0.05566667,123.0682,3.711111,0.05566667,3.711111
66.8,46.0275,0.0557,123.0682,3.713333,0.0557,3.713333
66.81,46.03863,0.0557,123.0979,3.713333,0.0557,3.713333
66.82,46.05929,0.0557,123.1532,3.713333,0.0557,3.713333
66.83,46.08472,0.0557,123.2212,3.713333,0.0557,3.713333
66.84,46.10379,0.0557,123.2722,3.713333,0.0557,3.713333
66.85,46.10062,0.05573333,123.2637,3.715556,0.05573333,3.715556
66.86,46.09108,0.05573333,123.2382,3.715556,0.05573333,3.715556
66.87,46.08472,0.05573333,123.2212,3.715556,0.05573333,3.715556
66.88,46.08472,0.05573333,123.2212,3.715556,0.05573333,3.715556
66.89,46.08472,0.05576667,123.2212,3.717778,0.05576667,3.717778
66.9,46.08313,0.05576667,123.2169,3.717778,0.05576667,3.717778
66.91,46.07995,0.05576667,123.2084,3.717778,0.05576667,3.717778
66.92,46.08472,0.05576667,123.2212,3.717778,0.05576667,3.717778
66.93,46.10062,0.0558,123.2637,3.72,0.0558,3.72
66.94,46.11492,0.0558,123.3019,3.72,0.0558,3.72
66.95,46.11969,0.0558,123.3147,3.72,0.0558,3.72
66.96,46.12446,0.0558,123.3274,3.72,0.0558,3.72
66.97,46.13559,0.05583333,123.3572,3.722222,0.05583333,3.722222
66.98,46.14989,0.05583333,123.3954,3.722222,0.05583333,3.722222
66.99,46.16896,0.05583333,123.4464,3.722222,0.05583333,3.722222
67.0,46.18168,0.05586667,123.4804,3.724444,0.05586667,3.724444
67.01,46.18645,0.05586667,123.4932,3.724444,0.05586667,3.724444
67.02,46.18486,0.05586667,123.4889,3.724444,0.05586667,3.724444
67.03,46.18962,0.05586667,123.5017,3.724444,0.05586667,3.724444
67.04,46.19757,0.05586667,123.5229,3.724444,0.05586667,3.724444
67.05,46.20075,0.0559,123.5314,3.726667,0.0559,3.726667
67.06,46.19439,0.0559,123.5144,3.726667,0.0559,3.726667
67.07,46.19281,0.0559,123.5102,3.726667,0.0559,3.726667
67.08,46.20075,0.0559,123.5314,3.726667,0.0559,3.726667
67.09,46.21029,0.05593333,123.5569,3.728889,0.05593333,3.728889
67.1,46.21347,0.05593333,123.5654,3.728889,0.05593333,3.728889
67.11,46.20234,0.05593333,123.5357,3.728889,0.05593333,3.728889
67.12,46.18645,0.05593333,123.4932,3.728889,0.05593333,3.728889
67.13,46.18962,0.05596667,123.5017,3.731111,0.05596667,3.731111
67.14,46.21347,0.05596667,123.5654,3.731111,0.05596667,3.731111
67.15,46.23572,0.05596667,123.6249,3.731111,0.05596667,3.731111
67.16,46.24208,0.05596667,123.6419,3.731111,0.05596667,3.731111
67.17,46.2389,0.056,123.6334,3.733333,0.056,3.733333
67.18,46.24367,0.056,123.6462,3.733333,0.056,3.733333
67.19,46.24367,0.056,123.6462,3.733333,0.056,3.733333
67.2,46.23095,0.05603334,123.6122,3.735556,0.05603334,3.735556
67.21,46.223,0.05603334,123.5909,3.735556,0.05603334,3.735556
67.22,46.23095,0.05603334,123.6122,3.735556,0.05603334,3.735556
67.23,46.24685,0.05603334,123.6547,3.735556,0.05603334,3.735556
67.24,46.25797,0.05606667,123.6844,3.737778,0.05606667,3.737778
67.25,46.2548,0.05606667,123.6759,3.737778,0.05606667,3.737778
67.26,46.24685,0.05606667,123.6547,3.737778,0.05606667,3.737778
67.27,46.24367,0.05606667,123.6462,3.737778,0.05606667,3.737778
67.28,46.25161,0.05606667,123.6674,3.737778,0.05606667,3.737778
67.29,46.26433,0.0561,123.7014,3.74,0.0561,3.74
67.3,46.26751,0.0561,123.7099,3.74,0.0561,3.74
67.31,46.26751,0.0561,123.7099,3.74,0.0561,3.74
67.32,46.27546,0.0561,123.7312,3.74,0.0561,3.74
67.33,46.28817,0.05613333,123.7652,3.742222,0.05613333,3.742222
67.34,46.30089,0.05613333,123.7992,3.742222,0.05613333,3.742222
67.35,46.30725,0.05613333,123.8162,3.742222,0.05613333,3.742222
67.36,46.2993,0.05613333,123.7949,3.742222,0.05613333,3.742222
67.37,46.29135,0.05616667,123.7737,3.744445,0.05616667,3.744445
67.38,46.29294,0.05616667,123.7779,3.744445,0.05616667,3.744445
67.39,46.2993,0.05616667,123.7949,3.744445,0.05616667,3.744445
67.4,46.30883,0.0562,123.8204,3.746667,0.0562,3.746667
67.41,46.31996,0.0562,123.8502,3.746667,0.0562,3.746667
67.42,46.33268,0.0562,123.8842,3.746667,0.0562,3.746667
67.43,46.35016,0.0562,123.9309,3.746667,0.0562,3.746667
67.44,46.36924,0.0562,123.9819,3.746667,0.0562,3.746667
67.45,46.38195,0.05623334,124.0159,3.748889,0.05623334,3.748889
67.46,46.38513,0.05623334,124.0244,3.748889,0.05623334,3.748889
67.47,46.37877,0.05623334,124.0074,3.748889,0.05623334,3.748889
67.48,46.36924,0.05623334,123.9819,3.748889,0.05623334,3.748889
67.49,46.36605,0.05626667,123.9734,3.751111,0.05626667,3.751111
67.5,46.36924,0.05626667,123.9819,3.751111,0.05626667,3.751111
67.51,46.374,0.05626667,123.9947,3.751111,0.05626667,3.751111
67.52,46.38513,0.05626667,124.0244,3.751111,0.05626667,3.751111
67.53,46.40261,0.0563,124.0712,3.753333,0.0563,3.753333
67.54,46.43122,0.0563,124.1477,3.753333,0.0563,3.753333
67.55,46.45824,0.0563,124.2199,3.753333,0.0563,3.753333
67.56,46.47096,0.0563,124.2539,3.753333,0.0563,3.753333
67.57,46.47096,0.05633333,124.2539,3.755556,0.05633333,3.755556
67.58,46.47096,0.05633333,124.2539,3.755556,0.05633333,3.755556
67.59,46.4646,0.05633333,124.2369,3.755556,0.05633333,3.755556
67.6,46.45984,0.05636667,124.2242,3.757778,0.05636667,3.757778
67.61,46.46301,0.05636667,124.2327,3.757778,0.05636667,3.757778
67.62,46.47096,0.05636667,124.2539,3.757778,0.05636667,3.757778
67.63,46.47891,0.05636667,124.2752,3.757778,0.05636667,3.757778
67.64,46.4805,0.05636667,124.2794,3.757778,0.05636667,3.757778
67.65,46.48845,0.0564,124.3007,3.76,0.0564,3.76
67.66,46.50116,0.0564,124.3346,3.76,0.0564,3.76
67.67,46.51706,0.0564,124.3772,3.76,0.0564,3.76
67.68,46.53772,0.0564,124.4324,3.76,0.0564,3.76
67.69,46.55838,0.05643333,124.4876,3.762222,0.05643333,3.762222
67.7,46.56633,0.05643333,124.5089,3.762222,0.05643333,3.762222
67.71,46.56474,0.05643333,124.5046,3.762222,0.05643333,3.762222
67.72,46.55679,0.05643333,124.4834,3.762222,0.05643333,3.762222
67.73,46.54567,0.05646667,124.4536,3.764445,0.05646667,3.764445
67.74,46.52818,0.05646667,124.4069,3.764445,0.05646667,3.764445
67.75,46.51706,0.05646667,124.3772,3.764445,0.05646667,3.764445
67.76,46.52182,0.05646667,124.3899,3.764445,0.05646667,3.764445
67.77,46.54567,0.0565,124.4536,3.766667,0.0565,3.766667
67.78,46.55838,0.0565,124.4876,3.766667,0.0565,3.766667
67.79,46.55361,0.0565,124.4749,3.766667,0.0565,3.766667
67.8,46.5409,0.05653333,124.4409,3.768889,0.05653333,3.768889
67.81,46.5409,0.05653333,124.4409,3.768889,0.05653333,3.768889
67.82,46.55361,0.05653333,124.4749,3.768889,0.05653333,3.768889
67.83,46.57428,0.05653333,124.5301,3.768889,0.05653333,3.768889
67.84,46.59017,0.05653333,124.5726,3.768889,0.05653333,3.768889
67.85,46.59812,0.05656667,124.5939,3.771111,0.05656667,3.771111
67.86,46.60289,0.05656667,124.6066,3.771111,0.05656667,3.771111
67.87,46.61401,0.05656667,124.6364,3.771111,0.05656667,3.771111
67.88,46.62673,0.05656667,124.6704,3.771111,0.05656667,3.771111
67.89,46.63944,0.0566,124.7044,3.773333,0.0566,3.773333
67.9,46.64262,0.0566,124.7129,3.773333,0.0566,3.773333
67.91,46.63785,0.0566,124.7001,3.773333,0.0566,3.773333
67.92,46.62991,0.0566,124.6789,3.773333,0.0566,3.773333
67.93,46.62991,0.05663333,124.6789,3.775556,0.05663333,3.775556
67.94,46.63467,0.05663333,124.6916,3.775556,0.05663333,3.775556
67.95,46.63944,0.05663333,124.7044,3.775556,0.05663333,3.775556
67.96,46.63944,0.05663333,124.7044,3.775556,0.05663333,3.775556
67.97,46.63785,0.05666667,124.7001,3.777778,0.05666667,3.777778
67.98,46.6315,0.05666667,124.6831,3.777778,0.05666667,3.777778
67.99,46.6315,0.05666667,124.6831,3.777778,0.05666667,3.777778
68.0,46.64739,0.05666667,124.7256,3.777778,0.05666667,3.777778
68.01,46.676,0.0567,124.8021,3.78,0.0567,3.78
68.02,46.69984,0.0567,124.8659,3.78,0.0567,3.78
68.03,46.70461,0.0567,124.8786,3.78,0.0567,3.78
68.04,46.69189,0.05673333,124.8446,3.782222,0.05673333,3.782222
68.05,46.67918,0.05673333,124.8106,3.782222,0.05673333,3.782222
68.06,46.67918,0.05673333,124.8106,3.782222,0.05673333,3.782222
68.07,46.69189,0.05673333,124.8446,3.782222,0.05673333,3.782222
68.08,46.70938,0.05673333,124.8914,3.782222,0.05673333,3.782222
68.09,46.72845,0.05676667,124.9424,3.784444,0.05676667,3.784444
68.1,46.74911,0.05676667,124.9976,3.784444,0.05676667,3.784444
68.11,46.77296,0.05676667,125.0614,3.784444,0.05676667,3.784444
68.12,46.7809,0.05676667,125.0826,3.784444,0.05676667,3.784444
68.13,46.77455,0.0568,125.0656,3.786667,0.0568,3.786667
68.14,46.76183,0.0568,125.0316,3.786667,0.0568,3.786667
68.15,46.75865,0.0568,125.0231,3.786667,0.0568,3.786667
68.16,46.76501,0.0568,125.0401,3.786667,0.0568,3.786667
68.17,46.76183,0.05683333,125.0316,3.788889,0.05683333,3.788889
68.18,46.75229,0.05683333,125.0061,3.788889,0.05683333,3.788889
68.19,46.75388,0.05683333,125.0104,3.788889,0.05683333,3.788889
68.2,46.77296,0.05683333,125.0614,3.788889,0.05683333,3.788889
68.21,46.79044,0.05686667,125.1081,3.791111,0.05686667,3.791111
68.22,46.80634,0.05686667,125.1506,3.791111,0.05686667,3.791111
68.23,46.81587,0.05686667,125.1761,3.791111,0.05686667,3.791111
68.24,46.82382,0.05686667,125.1974,3.791111,0.05686667,3.791111
68.25,46.83018,0.0569,125.2144,3.793334,0.0569,3.793334
68.26,46.83495,0.0569,125.2271,3.793334,0.0569,3.793334
68.27,46.84289,0.0569,125.2484,3.793334,0.0569,3.793334
68.28,46.84766,0.0569,125.2611,3.793334,0.0569,3.793334
68.29,46.84766,0.05693333,125.2611,3.795556,0.05693333,3.795556
68.3,46.83971,0.05693333,125.2399,3.795556,0.05693333,3.795556
68.31,46.83177,0.05693333,125.2186,3.795556,0.05693333,3.795556
68.32,46.83018,0.05693333,125.2144,3.795556,0.05693333,3.795556
68.33,46.83018,0.05696667,125.2144,3.797778,0.05696667,3.797778
68.34,46.83177,0.05696667,125.2186,3.797778,0.05696667,3.797778
68.35,46.84448,0.05696667,125.2526,3.797778,0.05696667,3.797778
68.36,46.86673,0.057,125.3121,3.8,0.057,3.8
68.37,46.88104,0.057,125.3504,3.8,0.057,3.8
68.38,46.88422,0.057,125.3589,3.8,0.057,3.8
68.39,46.87627,0.057,125.3376,3.8,0.057,3.8
68.4,46.87309,0.05703333,125.3291,3.802222,0.05703333,3.802222
68.41,46.87627,0.05703333,125.3376,3.802222,0.05703333,3.802222
68.42,46.88422,0.05703333,125.3589,3.802222,0.05703333,3.802222
68.43,46.88899,0.05703333,125.3716,3.802222,0.05703333,3.802222
68.44,46.89534,0.05703333,125.3886,3.802222,0.05703333,3.802222
68.45,46.90011,0.05706667,125.4014,3.804445,0.05706667,3.804445
68.46,46.90488,0.05706667,125.4141,3.804445,0.05706667,3.804445
68.47,46.90488,0.05706667,125.4141,3.804445,0.05706667,3.804445
68.48,46.91601,0.0571,125.4439,3.806667,0.0571,3.806667
68.49,46.93667,0.0571,125.4991,3.806667,0.0571,3.806667
68.5,46.95415,0.0571,125.5459,3.806667,0.0571,3.806667
68.51,46.96528,0.0571,125.5756,3.806667,0.0571,3.806667
68.52,46.96687,0.0571,125.5799,3.806667,0.0571,3.806667
68.53,46.96528,0.05713334,125.5756,3.808889,0.05713334,3.808889
68.54,46.97323,0.05713334,125.5969,3.808889,0.05713334,3.808889
68.55,46.99071,0.05713334,125.6436,3.808889,0.05713334,3.808889
68.56,47.00343,0.05716667,125.6776,3.811111,0.05716667,3.811111
68.57,47.00184,0.05716667,125.6734,3.811111,0.05716667,3.811111
68.58,46.98753,0.05716667,125.6351,3.811111,0.05716667,3.811111
68.59,46.98277,0.05716667,125.6224,3.811111,0.05716667,3.811111
68.6,46.98594,0.05716667,125.6309,3.811111,0.05716667,3.811111
68.61,46.99071,0.0572,125.6436,3.813333,0.0572,3.813333
68.62,46.99389,0.0572,125.6521,3.813333,0.0572,3.813333
68.63,46.99389,0.0572,125.6521,3.813333,0.0572,3.813333
68.64,46.98277,0.0572,125.6224,3.813333,0.0572,3.813333
68.65,46.98277,0.05723333,125.6224,3.815556,0.05723333,3.815556
68.66,47.00184,0.05723333,125.6734,3.815556,0.05723333,3.815556
68.67,47.03204,0.05723333,125.7541,3.815556,0.05723333,3.815556
68.68,47.04316,0.05723333,125.7839,3.815556,0.05723333,3.815556
68.69,47.02727,0.05726667,125.7414,3.817778,0.05726667,3.817778
68.7,47.01138,0.05726667,125.6989,3.817778,0.05726667,3.817778
68.71,47.0225,0.05726667,125.7286,3.817778,0.05726667,3.817778
68.72,47.04475,0.05726667,125.7881,3.817778,0.05726667,3.817778
68.73,47.05588,0.0573,125.8179,3.82,0.0573,3.82
68.74,47.05906,0.0573,125.8264,3.82,0.0573,3.82
68.75,47.06701,0.0573,125.8476,3.82,0.0573,3.82
68.76,47.09244,0.05733334,125.9156,3.822222,0.05733334,3.822222
68.77,47.11628,0.05733334,125.9794,3.822222,0.05733334,3.822222
68.78,47.11787,0.05733334,125.9836,3.822222,0.05733334,3.822222
68.79,47.10515,0.05733334,125.9496,3.822222,0.05733334,3.822222
68.8,47.09562,0.05733334,125.9241,3.822222,0.05733334,3.822222
68.81,47.09562,0.05736667,125.9241,3.824444,0.05736667,3.824444
68.82,47.10357,0.05736667,125.9454,3.824444,0.05736667,3.824444
68.83,47.10833,0.05736667,125.9581,3.824444,0.05736667,3.824444
68.84,47.11628,0.05736667,125.9794,3.824444,0.05736667,3.824444
68.85,47.12582,0.0574,126.0049,3.826667,0.0574,3.826667
68.86,47.14171,0.0574,126.0474,3.826667,0.0574,3.826667
68.87,47.15443,0.0574,126.0814,3.826667,0.0574,3.826667
68.88,47.16555,0.0574,126.1111,3.826667,0.0574,3.826667
68.89,47.17509,0.05743333,126.1366,3.828889,0.05743333,3.828889
68.9,47.18621,0.05743333,126.1663,3.828889,0.05743333,3.828889
68.91,47.19416,0.05743333,126.1876,3.828889,0.05743333,3.828889
68.92,47.20211,0.05743333,126.2088,3.828889,0.05743333,3.828889
68.93,47.20688,0.05746667,126.2216,3.831111,0.05746667,3.831111
68.94,47.21006,0.05746667,126.2301,3.831111,0.05746667,3.831111
68.95,47.21801,0.05746667,126.2514,3.831111,0.05746667,3.831111
68.96,47.23072,0.0575,126.2853,3.833333,0.0575,3.833333
68.97,47.24026,0.0575,126.3108,3.833333,0.0575,3.833333
68.98,47.24343,0.0575,126.3193,3.833333,0.0575,3.833333
68.99,47.23549,0.0575,126.2981,3.833333,0.0575,3.833333
69.0,47.22277,0.05753333,126.2641,3.835556,0.05753333,3.835556
69.01,47.21801,0.05753333,126.2514,3.835556,0.05753333,3.835556
69.02,47.22277,0.05753333,126.2641,3.835556,0.05753333,3.835556
69.03,47.24343,0.05753333,126.3193,3.835556,0.05753333,3.835556
69.04,47.26728,0.05753333,126.3831,3.835556,0.05753333,3.835556
69.05,47.28158,0.05756667,126.4213,3.837778,0.05756667,3.837778
69.06,47.28476,0.05756667,126.4298,3.837778,0.05756667,3.837778
69.07,47.27681,0.05756667,126.4086,3.837778,0.05756667,3.837778
69.08,47.26887,0.05756667,126.3873,3.837778,0.05756667,3.837778
69.09,47.26092,0.0576,126.3661,3.84,0.0576,3.84
69.1,47.26887,0.0576,126.3873,3.84,0.0576,3.84
69.11,47.28794,0.0576,126.4383,3.84,0.0576,3.84
69.12,47.29271,0.05763333,126.4511,3.842222,0.05763333,3.842222
69.13,47.28953,0.05763333,126.4426,3.842222,0.05763333,3.842222
69.14,47.28953,0.05763333,126.4426,3.842222,0.05763333,3.842222
69.15,47.28953,0.05763333,126.4426,3.842222,0.05763333,3.842222
69.16,47.28953,0.05766667,126.4426,3.844445,0.05766667,3.844445
69.17,47.29271,0.05766667,126.4511,3.844445,0.05766667,3.844445
69.18,47.30066,0.05766667,126.4723,3.844445,0.05766667,3.844445
69.19,47.31019,0.05766667,126.4978,3.844445,0.05766667,3.844445
69.2,47.31814,0.05766667,126.5191,3.844445,0.05766667,3.844445
69.21,47.32609,0.0577,126.5403,3.846667,0.0577,3.846667
69.22,47.33403,0.0577,126.5616,3.846667,0.0577,3.846667
69.23,47.3388,0.0577,126.5743,3.846667,0.0577,3.846667
69.24,47.34198,0.0577,126.5828,3.846667,0.0577,3.846667
69.25,47.34198,0.05773333,126.5828,3.848889,0.05773333,3.848889
69.26,47.34198,0.05773333,126.5828,3.848889,0.05773333,3.848889
69.27,47.34198,0.05773333,126.5828,3.848889,0.05773333,3.848889
69.28,47.34675,0.05773333,126.5956,3.848889,0.05773333,3.848889
69.29,47.35788,0.05776667,126.6253,3.851111,0.05776667,3.851111
69.3,47.36741,0.05776667,126.6508,3.851111,0.05776667,3.851111
69.31,47.37377,0.05776667,126.6678,3.851111,0.05776667,3.851111
69.32,47.37536,0.05776667,126.6721,3.851111,0.05776667,3.851111
69.33,47.37854,0.0578,126.6806,3.853333,0.0578,3.853333
69.34,47.38649,0.0578,126.7018,3.853333,0.0578,3.853333
69.35,47.39125,0.0578,126.7146,3.853333,0.0578,3.853333
69.36,47.39602,0.05783333,126.7273,3.855556,0.05783333,3.855556
69.37,47.40715,0.05783333,126.7571,3.855556,0.05783333,3.855556
69.38,47.42305,0.05783333,126.7996,3.855556,0.05783333,3.855556
69.39,47.43258,0.05783333,126.8251,3.855556,0.05783333,3.855556
69.4,47.42463,0.05783333,126.8038,3.855556,0.05783333,3.855556
69.41,47.41828,0.05786667,126.7868,3.857778,0.05786667,3.857778
69.42,47.42781,0.05786667,126.8123,3.857778,0.05786667,3.857778
69.43,47.44847,0.05786667,126.8676,3.857778,0.05786667,3.857778
69.44,47.46437,0.05786667,126.9101,3.857778,0.05786667,3.857778
69.45,47.46119,0.0579,126.9016,3.86,0.0579,3.86
69.46,47.45166,0.0579,126.8761,3.86,0.0579,3.86
69.47,47.45166,0.0579,126.8761,3.86,0.0579,3.86
69.48,47.46119,0.0579,126.9016,3.86,0.0579,3.86
69.49,47.47709,0.05793333,126.9441,3.862222,0.05793333,3.862222
69.5,47.4898,0.05793333,126.9781,3.862222,0.05793333,3.862222
69.51,47.49775,0.05793333,126.9993,3.862222,0.05793333,3.862222
69.52,47.5057,0.05793333,127.0206,3.862222,0.05793333,3.862222
69.53,47.52159,0.05796667,127.0631,3.864444,0.05796667,3.864444
69.54,47.53431,0.05796667,127.0971,3.864444,0.05796667,3.864444
69.55,47.53431,0.05796667,127.0971,3.864444,0.05796667,3.864444
69.56,47.51841,0.058,127.0546,3.866667,0.058,3.866667
69.57,47.49616,0.058,126.9951,3.866667,0.058,3.866667
69.58,47.48185,0.058,126.9568,3.866667,0.058,3.866667
69.59,47.48027,0.058,126.9526,3.866667,0.058,3.866667
69.6,47.49616,0.058,126.9951,3.866667,0.058,3.866667
69.61,47.52636,0.05803333,127.0758,3.868889,0.05803333,3.868889
69.62,47.5502,0.05803333,127.1396,3.868889,0.05803333,3.868889
69.63,47.54702,0.05803333,127.1311,3.868889,0.05803333,3.868889
69.64,47.52636,0.05803333,127.0758,3.868889,0.05803333,3.868889
69.65,47.51682,0.05806667,127.0503,3.871111,0.05806667,3.871111
69.66,47.52477,0.05806667,127.0716,3.871111,0.05806667,3.871111
69.67,47.5502,0.05806667,127.1396,3.871111,0.05806667,3.871111
69.68,47.57563,0.05806667,127.2076,3.871111,0.05806667,3.871111
69.69,47.59153,0.0581,127.2501,3.873333,0.0581,3.873333
69.7,47.59789,0.0581,127.2671,3.873333,0.0581,3.873333
69.71,47.59471,0.0581,127.2586,3.873333,0.0581,3.873333
69.72,47.59789,0.0581,127.2671,3.873333,0.0581,3.873333
69.73,47.60742,0.05813333,127.2926,3.875556,0.05813333,3.875556
69.74,47.6106,0.05813333,127.3011,3.875556,0.05813333,3.875556
69.75,47.60742,0.05813333,127.2926,3.875556,0.05813333,3.875556
69.76,47.6106,0.05813333,127.3011,3.875556,0.05813333,3.875556
69.77,47.62014,0.05816667,127.3266,3.877778,0.05816667,3.877778
69.78,47.63603,0.05816667,127.3691,3.877778,0.05816667,3.877778
69.79,47.64875,0.05816667,127.4031,3.877778,0.05816667,3.877778
69.8,47.64875,0.05816667,127.4031,3.877778,0.05816667,3.877778
69.81,47.64716,0.0582,127.3988,3.88,0.0582,3.88
69.82,47.65193,0.0582,127.4116,3.88,0.0582,3.88
69.83,47.66146,0.0582,127.4371,3.88,0.0582,3.88
69.84,47.67577,0.0582,127.4753,3.88,0.0582,3.88
69.85,47.67736,0.05823334,127.4796,3.882222,0.05823334,3.882222
69.86,47.67259,0.05823334,127.4668,3.882222,0.05823334,3.882222
69.87,47.67259,0.05823334,127.4668,3.882222,0.05823334,3.882222
69.88,47.68054,0.05823334,127.4881,3.882222,0.05823334,3.882222
69.89,47.69007,0.05826667,127.5136,3.884444,0.05826667,3.884444
69.9,47.69802,0.05826667,127.5348,3.884444,0.05826667,3.884444
69.91,47.71233,0.05826667,127.5731,3.884444,0.05826667,3.884444
69.92,47.72504,0.0583,127.6071,3.886667,0.0583,3.886667
69.93,47.72504,0.0583,127.6071,3.886667,0.0583,3.886667
69.94,47.71392,0.0583,127.5773,3.886667,0.0583,3.886667
69.95,47.70438,0.0583,127.5518,3.886667,0.0583,3.886667
69.96,47.70438,0.0583,127.5518,3.886667,0.0583,3.886667
69.97,47.71392,0.05833333,127.5773,3.888889,0.05833333,3.888889
69.98,47.72663,0.05833333,127.6113,3.888889,0.05833333,3.888889
69.99,47.74094,0.05833333,127.6496,3.888889,0.05833333,3.888889
70.0,47.75047,0.05836667,127.6751,3.891111,0.05836667,3.891111
70.01,47.7616,0.05836667,127.7048,3.891111,0.05836667,3.891111
70.02,47.77431,0.05836667,127.7388,3.891111,0.05836667,3.891111
70.03,47.78226,0.05836667,127.76,3.891111,0.05836667,3.891111
70.04,47.78385,0.05836667,127.7643,3.891111,0.05836667,3.891111
70.05,47.77908,0.0584,127.7516,3.893333,0.0584,3.893333
70.06,47.78226,0.0584,127.76,3.893333,0.0584,3.893333
70.07,47.80452,0.0584,127.8196,3.893333,0.0584,3.893333
70.08,47.8363,0.0584,127.9045,3.893333,0.0584,3.893333
70.09,47.85538,0.05843334,127.9556,3.895556,0.05843334,3.895556
70.1,47.85538,0.05843334,127.9556,3.895556,0.05843334,3.895556
70.11,47.84743,0.05843334,127.9343,3.895556,0.05843334,3.895556
70.12,47.84107,0.05846667,127.9173,3.897778,0.05846667,3.897778
70.13,47.83948,0.05846667,127.913,3.897778,0.05846667,3.897778
70.14,47.83948,0.05846667,127.913,3.897778,0.05846667,3.897778
70.15,47.83948,0.05846667,127.913,3.897778,0.05846667,3.897778
70.16,47.83154,0.05846667,127.8918,3.897778,0.05846667,3.897778
70.17,47.82359,0.0585,127.8706,3.9,0.0585,3.9
70.18,47.83313,0.0585,127.8961,3.9,0.0585,3.9
70.19,47.85697,0.0585,127.9598,3.9,0.0585,3.9
70.2,47.87763,0.0585,128.015,3.9,0.0585,3.9
70.21,47.89035,0.05853333,128.0491,3.902222,0.05853333,3.902222
70.22,47.8967,0.05853333,128.066,3.902222,0.05853333,3.902222
70.23,47.8967,0.05853333,128.066,3.902222,0.05853333,3.902222
70.24,47.89035,0.05853333,128.0491,3.902222,0.05853333,3.902222
70.25,47.88558,0.05856667,128.0363,3.904444,0.05856667,3.904444
70.26,47.88876,0.05856667,128.0448,3.904444,0.05856667,3.904444
70.27,47.90147,0.05856667,128.0788,3.904444,0.05856667,3.904444
70.28,47.90942,0.05856667,128.1001,3.904444,0.05856667,3.904444
70.29,47.90942,0.0586,128.1001,3.906667,0.0586,3.906667
70.3,47.90624,0.0586,128.0915,3.906667,0.0586,3.906667
70.31,47.9126,0.0586,128.1086,3.906667,0.0586,3.906667
70.32,47.9269,0.05863333,128.1468,3.908889,0.05863333,3.908889
70.33,47.94757,0.05863333,128.202,3.908889,0.05863333,3.908889
70.34,47.96187,0.05863333,128.2403,3.908889,0.05863333,3.908889
70.35,47.96187,0.05863333,128.2403,3.908889,0.05863333,3.908889
70.36,47.95551,0.05863333,128.2233,3.908889,0.05863333,3.908889
70.37,47.94757,0.05866667,128.202,3.911111,0.05866667,3.911111
70.38,47.95074,0.05866667,128.2105,3.911111,0.05866667,3.911111
70.39,47.96187,0.05866667,128.2403,3.911111,0.05866667,3.911111
70.4,47.98253,0.05866667,128.2955,3.911111,0.05866667,3.911111
70.41,48.00797,0.0587,128.3635,3.913333,0.0587,3.913333
70.42,48.02704,0.0587,128.4145,3.913333,0.0587,3.913333
70.43,48.02386,0.0587,128.406,3.913333,0.0587,3.913333
70.44,48.01114,0.0587,128.372,3.913333,0.0587,3.913333
70.45,48.0032,0.05873333,128.3508,3.915555,0.05873333,3.915555
70.46,48.00797,0.05873333,128.3635,3.915555,0.05873333,3.915555
70.47,48.01591,0.05873333,128.3848,3.915555,0.05873333,3.915555
70.48,48.02068,0.05873333,128.3975,3.915555,0.05873333,3.915555
70.49,48.03658,0.05876667,128.44,3.917778,0.05876667,3.917778
70.5,48.04929,0.05876667,128.474,3.917778,0.05876667,3.917778
70.51,48.04929,0.05876667,128.474,3.917778,0.05876667,3.917778
70.52,48.03975,0.0588,128.4485,3.92,0.0588,3.92
70.53,48.02704,0.0588,128.4145,3.92,0.0588,3.92
70.54,48.02863,0.0588,128.4188,3.92,0.0588,3.92
70.55,48.03975,0.0588,128.4485,3.92,0.0588,3.92
70.56,48.05247,0.0588,128.4825,3.92,0.0588,3.92
70.57,48.06042,0.05883333,128.5038,3.922222,0.05883333,3.922222
70.58,48.06042,0.05883333,128.5038,3.922222,0.05883333,3.922222
70.59,48.06042,0.05883333,128.5038,3.922222,0.05883333,3.922222
70.6,48.06995,0.05883333,128.5293,3.922222,0.05883333,3.922222
70.61,48.0938,0.05886667,128.593,3.924445,0.05886667,3.924445
70.62,48.12558,0.05886667,128.678,3.924445,0.05886667,3.924445
70.63,48.15419,0.05886667,128.7545,3.924445,0.05886667,3.924445
70.64,48.16691,0.05886667,128.7885,3.924445,0.05886667,3.924445
70.65,48.16373,0.0589,128.78,3.926667,0.0589,3.926667
70.66,48.15896,0.0589,128.7673,3.926667,0.0589,3.926667
70.67,48.15102,0.0589,128.746,3.926667,0.0589,3.926667
70.68,48.14148,0.05893333,128.7205,3.928889,0.05893333,3.928889
70.69,48.13035,0.05893333,128.6908,3.928889,0.05893333,3.928889
70.7,48.13035,0.05893333,128.6908,3.928889,0.05893333,3.928889
70.71,48.14307,0.05893333,128.7248,3.928889,0.05893333,3.928889
70.72,48.16373,0.05896667,128.78,3.931111,0.05896667,3.931111
70.73,48.18439,0.05896667,128.8353,3.931111,0.05896667,3.931111
70.74,48.20029,0.05896667,128.8778,3.931111,0.05896667,3.931111
70.75,48.20347,0.05896667,128.8863,3.931111,0.05896667,3.931111
70.76,48.19552,0.05896667,128.865,3.931111,0.05896667,3.931111
70.77,48.19552,0.059,128.865,3.933333,0.059,3.933333
70.78,48.20029,0.059,128.8778,3.933333,0.059,3.933333
70.79,48.20824,0.059,128.899,3.933333,0.059,3.933333
70.8,48.21618,0.05903333,128.9203,3.935556,0.05903333,3.935556
70.81,48.22413,0.05903333,128.9415,3.935556,0.05903333,3.935556
70.82,48.23526,0.05903333,128.9713,3.935556,0.05903333,3.935556
70.83,48.24956,0.05903333,129.0095,3.935556,0.05903333,3.935556
70.84,48.27023,0.05903333,129.0648,3.935556,0.05903333,3.935556
70.85,48.28135,0.05906667,129.0945,3.937778,0.05906667,3.937778
70.86,48.27817,0.05906667,129.086,3.937778,0.05906667,3.937778
70.87,48.26546,0.05906667,129.052,3.937778,0.05906667,3.937778
70.88,48.24479,0.05906667,128.9968,3.937778,0.05906667,3.937778
70.89,48.23208,0.0591,128.9628,3.94,0.0591,3.94
70.9,48.2289,0.0591,128.9543,3.94,0.0591,3.94
70.91,48.24002,0.0591,128.984,3.94,0.0591,3.94
70.92,48.24479,0.0591,128.9968,3.94,0.0591,3.94
70.93,48.24162,0.05913333,128.9883,3.942222,0.05913333,3.942222
70.94,48.24797,0.05913333,129.0053,3.942222,0.05913333,3.942222
70.95,48.25751,0.05913333,129.0308,3.942222,0.05913333,3.942222
70.96,48.26387,0.05913333,129.0478,3.942222,0.05913333,3.942222
70.97,48.26069,0.05916667,129.0393,3.944444,0.05916667,3.944444
70.98,48.26069,0.05916667,129.0393,3.944444,0.05916667,3.944444
70.99,48.27658,0.05916667,129.0818,3.944444,0.05916667,3.944444
71.0,48.29725,0.05916667,129.137,3.944444,0.05916667,3.944444
71.01,48.31314,0.0592,129.1795,3.946667,0.0592,3.946667
71.02,48.32109,0.0592,129.2008,3.946667,0.0592,3.946667
71.03,48.32109,0.0592,129.2008,3.946667,0.0592,3.946667
71.04,48.30996,0.0592,129.171,3.946667,0.0592,3.946667
71.05,48.30201,0.05923333,129.1498,3.948889,0.05923333,3.948889
71.06,48.29884,0.05923333,129.1413,3.948889,0.05923333,3.948889
71.07,48.30996,0.05923333,129.171,3.948889,0.05923333,3.948889
71.08,48.32268,0.05923333,129.205,3.948889,0.05923333,3.948889
71.09,48.32586,0.05926667,129.2135,3.951111,0.05926667,3.951111
71.1,48.31314,0.05926667,129.1795,3.951111,0.05926667,3.951111
71.11,48.29725,0.05926667,129.137,3.951111,0.05926667,3.951111
71.12,48.30201,0.0593,129.1498,3.953333,0.0593,3.953333
71.13,48.32109,0.0593,129.2008,3.953333,0.0593,3.953333
71.14,48.32586,0.0593,129.2135,3.953333,0.0593,3.953333
71.15,48.32109,0.0593,129.2008,3.953333,0.0593,3.953333
71.16,48.32586,0.0593,129.2135,3.953333,0.0593,3.953333
71.17,48.34334,0.05933334,129.2603,3.955556,0.05933334,3.955556
71.18,48.37036,0.05933334,129.3325,3.955556,0.05933334,3.955556
71.19,48.39103,0.05933334,129.3878,3.955556,0.05933334,3.955556
71.2,48.39897,0.05933334,129.409,3.955556,0.05933334,3.955556
71.21,48.39261,0.05936667,129.392,3.957778,0.05936667,3.957778
71.22,48.37831,0.05936667,129.3538,3.957778,0.05936667,3.957778
71.23,48.36242,0.05936667,129.3113,3.957778,0.05936667,3.957778
71.24,48.35923,0.05936667,129.3028,3.957778,0.05936667,3.957778
71.25,48.37036,0.0594,129.3325,3.96,0.0594,3.96
71.26,48.39261,0.0594,129.392,3.96,0.0594,3.96
71.27,48.41964,0.0594,129.4643,3.96,0.0594,3.96
71.28,48.43712,0.05943333,129.511,3.962222,0.05943333,3.962222
71.29,48.44189,0.05943333,129.5238,3.962222,0.05943333,3.962222
71.3,48.4403,0.05943333,129.5195,3.962222,0.05943333,3.962222
71.31,48.44189,0.05943333,129.5238,3.962222,0.05943333,3.962222
71.32,48.44983,0.05943333,129.545,3.962222,0.05943333,3.962222
71.33,48.45619,0.05946667,129.562,3.964444,0.05946667,3.964444
71.34,48.45301,0.05946667,129.5535,3.964444,0.05946667,3.964444
71.35,48.44983,0.05946667,129.545,3.964444,0.05946667,3.964444
71.36,48.44983,0.05946667,129.545,3.964444,0.05946667,3.964444
71.37,48.45778,0.0595,129.5663,3.966667,0.0595,3.966667
71.38,48.46414,0.0595,129.5833,3.966667,0.0595,3.966667
71.39,48.46414,0.0595,129.5833,3.966667,0.0595,3.966667
71.4,48.46414,0.0595,129.5833,3.966667,0.0595,3.966667
71.41,48.47844,0.05953334,129.6215,3.968889,0.05953334,3.968889
71.42,48.50705,0.05953334,129.698,3.968889,0.05953334,3.968889
71.43,48.53566,0.05953334,129.7745,3.968889,0.05953334,3.968889
71.44,48.54679,0.05953334,129.8042,3.968889,0.05953334,3.968889
71.45,48.54679,0.05956667,129.8042,3.971111,0.05956667,3.971111
71.46,48.54679,0.05956667,129.8042,3.971111,0.05956667,3.971111
71.47,48.55474,0.05956667,129.8255,3.971111,0.05956667,3.971111
71.48,48.56746,0.0596,129.8595,3.973333,0.0596,3.973333
71.49,48.5754,0.0596,129.8808,3.973333,0.0596,3.973333
71.5,48.57063,0.0596,129.868,3.973333,0.0596,3.973333
71.51,48.56269,0.0596,129.8468,3.973333,0.0596,3.973333
71.52,48.55633,0.05963333,129.8297,3.975556,0.05963333,3.975556
71.53,48.55474,0.05963333,129.8255,3.975556,0.05963333,3.975556
71.54,48.55633,0.05963333,129.8297,3.975556,0.05963333,3.975556
71.55,48.56746,0.05963333,129.8595,3.975556,0.05963333,3.975556
71.56,48.58017,0.05963333,129.8935,3.975556,0.05963333,3.975556
71.57,48.58812,0.05966667,129.9147,3.977778,0.05966667,3.977778
71.58,48.5913,0.05966667,129.9232,3.977778,0.05966667,3.977778
71.59,48.58812,0.05966667,129.9147,3.977778,0.05966667,3.977778
71.6,48.58812,0.05966667,129.9147,3.977778,0.05966667,3.977778
71.61,48.59607,0.0597,129.936,3.98,0.0597,3.98
71.62,48.60401,0.0597,129.9572,3.98,0.0597,3.98
71.63,48.61196,0.0597,129.9785,3.98,0.0597,3.98
71.64,48.61673,0.0597,129.9912,3.98,0.0597,3.98
71.65,48.62149,0.05973333,130.004,3.982222,0.05973333,3.982222
71.66,48.62149,0.05973333,130.004,3.982222,0.05973333,3.982222
71.67,48.61514,0.05973333,129.987,3.982222,0.05973333,3.982222
71.68,48.61514,0.05976667,129.987,3.984445,0.05976667,3.984445
71.69,48.62944,0.05976667,130.0253,3.984445,0.05976667,3.984445
71.7,48.6501,0.05976667,130.0805,3.984445,0.05976667,3.984445
71.71,48.65646,0.05976667,130.0975,3.984445,0.05976667,3.984445
71.72,48.64852,0.0598,130.0762,3.986667,0.0598,3.986667
71.73,48.64534,0.0598,130.0677,3.986667,0.0598,3.986667
71.74,48.65805,0.0598,130.1017,3.986667,0.0598,3.986667
71.75,48.67713,0.0598,130.1527,3.986667,0.0598,3.986667
71.76,48.69461,0.0598,130.1995,3.986667,0.0598,3.986667
71.77,48.69779,0.05983333,130.208,3.988889,0.05983333,3.988889
71.78,48.68984,0.05983333,130.1867,3.988889,0.05983333,3.988889
71.79,48.6819,0.05983333,130.1655,3.988889,0.05983333,3.988889
71.8,48.6819,0.05983333,130.1655,3.988889,0.05983333,3.988889
71.81,48.6819,0.05986667,130.1655,3.991111,0.05986667,3.991111
71.82,48.68507,0.05986667,130.174,3.991111,0.05986667,3.991111
71.83,48.69779,0.05986667,130.208,3.991111,0.05986667,3.991111
71.84,48.72322,0.05986667,130.276,3.991111,0.05986667,3.991111
71.85,48.75501,0.0599,130.361,3.993333,0.0599,3.993333
71.86,48.7725,0.0599,130.4077,3.993333,0.0599,3.993333
71.87,48.7725,0.0599,130.4077,3.993333,0.0599,3.993333
71.88,48.76773,0.0599,130.395,3.993333,0.0599,3.993333
71.89,48.75978,0.05993333,130.3737,3.995556,0.05993333,3.995556
71.9,48.75501,0.05993333,130.361,3.995556,0.05993333,3.995556
71.91,48.74389,0.05993333,130.3312,3.995556,0.05993333,3.995556
71.92,48.73912,0.05993333,130.3185,3.995556,0.05993333,3.995556
71.93,48.74706,0.05996667,130.3397,3.997778,0.05996667,3.997778
71.94,48.7709,0.05996667,130.4035,3.997778,0.05996667,3.997778
71.95,48.79316,0.05996667,130.463,3.997778,0.05996667,3.997778
71.96,48.81541,0.05996667,130.5225,3.997778,0.05996667,3.997778
71.97,48.82177,0.06,130.5395,4.0,0.06,4.0
71.98,48.82495,0.06,130.548,4.0,0.06,4.0
71.99,48.82177,0.06,130.5395,4.0,0.06,4.0
72.0,48.81541,0.06,130.5225,4.0,0.06,4.0
72.01,48.80746,0.06003333,130.5012,4.002222,0.06003333,4.002222
72.02,48.81223,0.06003333,130.514,4.002222,0.06003333,4.002222
72.03,48.82495,0.06003333,130.548,4.002222,0.06003333,4.002222
72.04,48.84084,0.06003333,130.5905,4.002222,0.06003333,4.002222
72.05,48.85038,0.06006667,130.616,4.004445,0.06006667,4.004445
72.06,48.85833,0.06006667,130.6372,4.004445,0.06006667,4.004445
72.07,48.85833,0.06006667,130.6372,4.004445,0.06006667,4.004445
72.08,48.8615,0.0601,130.6457,4.006667,0.0601,4.006667
72.09,48.86627,0.0601,130.6585,4.006667,0.0601,4.006667
72.1,48.85674,0.0601,130.633,4.006667,0.0601,4.006667
72.11,48.83289,0.0601,130.5692,4.006667,0.0601,4.006667
72.12,48.81223,0.0601,130.514,4.006667,0.0601,4.006667
72.13,48.81223,0.06013333,130.514,4.008889,0.06013333,4.008889
72.14,48.83289,0.06013333,130.5692,4.008889,0.06013333,4.008889
72.15,48.8615,0.06013333,130.6457,4.008889,0.06013333,4.008889
72.16,48.87899,0.06013333,130.6925,4.008889,0.06013333,4.008889
72.17,48.88535,0.06016667,130.7095,4.011111,0.06016667,4.011111
72.18,48.88694,0.06016667,130.7137,4.011111,0.06016667,4.011111
72.19,48.88694,0.06016667,130.7137,4.011111,0.06016667,4.011111
72.2,48.88694,0.06016667,130.7137,4.011111,0.06016667,4.011111
72.21,48.89488,0.0602,130.735,4.013333,0.0602,4.013333
72.22,48.90601,0.0602,130.7647,4.013333,0.0602,4.013333
72.23,48.91555,0.0602,130.7902,4.013333,0.0602,4.013333
72.24,48.91872,0.0602,130.7987,4.013333,0.0602,4.013333
72.25,48.91872,0.06023333,130.7987,4.015555,0.06023333,4.015555
72.26,48.92349,0.06023333,130.8115,4.015555,0.06023333,4.015555
72.27,48.92985,0.06023333,130.8285,4.015555,0.06023333,4.015555
72.28,48.93462,0.06026667,130.8412,4.017778,0.06026667,4.017778
72.29,48.93621,0.06026667,130.8455,4.017778,0.06026667,4.017778
72.3,48.93939,0.06026667,130.854,4.017778,0.06026667,4.017778
72.31,48.94416,0.06026667,130.8667,4.017778,0.06026667,4.017778
72.32,48.9521,0.06026667,130.888,4.017778,0.06026667,4.017778
72.33,48.96323,0.0603,130.9177,4.02,0.0603,4.02
72.34,48.97118,0.0603,130.939,4.02,0.0603,4.02
72.35,48.97594,0.0603,130.9517,4.02,0.0603,4.02
72.36,48.97277,0.0603,130.9432,4.02,0.0603,4.02
72.37,48.96005,0.06033333,130.9092,4.022222,0.06033333,4.022222
72.38,48.95846,0.06033333,130.905,4.022222,0.06033333,4.022222
72.39,48.968,0.06033333,130.9305,4.022222,0.06033333,4.022222
72.4,48.97594,0.06033333,130.9517,4.022222,0.06033333,4.022222
72.41,48.968,0.06036667,130.9305,4.024445,0.06036667,4.024445
72.42,48.9521,0.06036667,130.888,4.024445,0.06036667,4.024445
72.43,48.94416,0.06036667,130.8667,4.024445,0.06036667,4.024445
72.44,48.94416,0.06036667,130.8667,4.024445,0.06036667,4.024445
72.45,48.95051,0.0604,130.8837,4.026667,0.0604,4.026667
72.46,48.96005,0.0604,130.9092,4.026667,0.0604,4.026667
72.47,48.98389,0.0604,130.973,4.026667,0.0604,4.026667
72.48,49.00773,0.06043334,131.0367,4.028889,0.06043334,4.028889
72.49,49.0284,0.06043334,131.092,4.028889,0.06043334,4.028889
72.5,49.04906,0.06043334,131.1472,4.028889,0.06043334,4.028889
72.51,49.06972,0.06043334,131.2025,4.028889,0.06043334,4.028889
72.52,49.08085,0.06043334,131.2322,4.028889,0.06043334,4.028889
72.53,49.08244,0.06046667,131.2365,4.031111,0.06046667,4.031111
72.54,49.08085,0.06046667,131.2322,4.031111,0.06046667,4.031111
72.55,49.08244,0.06046667,131.2365,4.031111,0.06046667,4.031111
72.56,49.08562,0.06046667,131.245,4.031111,0.06046667,4.031111
72.57,49.08562,0.0605,131.245,4.033333,0.0605,4.033333
72.58,49.08244,0.0605,131.2365,4.033333,0.0605,4.033333
72.59,49.08244,0.0605,131.2365,4.033333,0.0605,4.033333
72.6,49.09356,0.0605,131.2662,4.033333,0.0605,4.033333
72.61,49.1031,0.06053333,131.2917,4.035555,0.06053333,4.035555
72.62,49.10151,0.06053333,131.2875,4.035555,0.06053333,4.035555
72.63,49.09833,0.06053333,131.279,4.035555,0.06053333,4.035555
72.64,49.10628,0.06053333,131.3002,4.035555,0.06053333,4.035555
72.65,49.119,0.06056667,131.3342,4.037778,0.06056667,4.037778
72.66,49.13012,0.06056667,131.364,4.037778,0.06056667,4.037778
72.67,49.13807,0.06056667,131.3852,4.037778,0.06056667,4.037778
72.68,49.13807,0.0606,131.3852,4.04,0.0606,4.04
72.69,49.13966,0.0606,131.3895,4.04,0.0606,4.04
72.7,49.14443,0.0606,131.4022,4.04,0.0606,4.04
72.71,49.15237,0.0606,131.4235,4.04,0.0606,4.04
72.72,49.1635,0.0606,131.4532,4.04,0.0606,4.04
72.73,49.17939,0.06063334,131.4957,4.042222,0.06063334,4.042222
72.74,49.19529,0.06063334,131.5382,4.042222,0.06063334,4.042222
72.75,49.20483,0.06063334,131.5637,4.042222,0.06063334,4.042222
72.76,49.20959,0.06063334,131.5764,4.042222,0.06063334,4.042222
72.77,49.20959,0.06066667,131.5764,4.044445,0.06066667,4.044445
72.78,49.208,0.06066667,131.5722,4.044445,0.06066667,4.044445
72.79,49.20483,0.06066667,131.5637,4.044445,0.06066667,4.044445
72.8,49.21277,0.06066667,131.5849,4.044445,0.06066667,4.044445
72.81,49.22549,0.0607,131.619,4.046667,0.0607,4.046667
72.82,49.23344,0.0607,131.6402,4.046667,0.0607,4.046667
72.83,49.23661,0.0607,131.6487,4.046667,0.0607,4.046667
72.84,49.23344,0.0607,131.6402,4.046667,0.0607,4.046667
72.85,49.23026,0.06073333,131.6317,4.048889,0.06073333,4.048889
72.86,49.23026,0.06073333,131.6317,4.048889,0.06073333,4.048889
72.87,49.23026,0.06073333,131.6317,4.048889,0.06073333,4.048889
72.88,49.2382,0.06076667,131.653,4.051111,0.06076667,4.051111
72.89,49.24933,0.06076667,131.6827,4.051111,0.06076667,4.051111
72.9,49.26522,0.06076667,131.7252,4.051111,0.06076667,4.051111
72.91,49.27317,0.06076667,131.7464,4.051111,0.06076667,4.051111
72.92,49.27476,0.06076667,131.7507,4.051111,0.06076667,4.051111
72.93,49.27794,0.0608,131.7592,4.053333,0.0608,4.053333
72.94,49.28112,0.0608,131.7677,4.053333,0.0608,4.053333
72.95,49.28112,0.0608,131.7677,4.053333,0.0608,4.053333
72.96,49.27794,0.0608,131.7592,4.053333,0.0608,4.053333
72.97,49.27317,0.06083333,131.7464,4.055556,0.06083333,4.055556
72.98,49.27794,0.06083333,131.7592,4.055556,0.06083333,4.055556
72.99,49.30178,0.06083333,131.823,4.055556,0.06083333,4.055556
73.0,49.33198,0.06083333,131.9037,4.055556,0.06083333,4.055556
73.01,49.34788,0.06086667,131.9462,4.057778,0.06086667,4.057778
73.02,49.34788,0.06086667,131.9462,4.057778,0.06086667,4.057778
73.03,49.34311,0.06086667,131.9334,4.057778,0.06086667,4.057778
73.04,49.34311,0.0609,131.9334,4.06,0.0609,4.06
73.05,49.34788,0.0609,131.9462,4.06,0.0609,4.06
73.06,49.35582,0.0609,131.9674,4.06,0.0609,4.06
73.07,49.36377,0.0609,131.9887,4.06,0.0609,4.06
73.08,49.36854,0.06093333,132.0014,4.062222,0.06093333,4.062222
73.09,49.36695,0.06093333,131.9972,4.062222,0.06093333,4.062222
73.1,49.359,0.06093333,131.976,4.062222,0.06093333,4.062222
73.11,49.36377,0.06093333,131.9887,4.062222,0.06093333,4.062222
73.12,49.38126,0.06093333,132.0354,4.062222,0.06093333,4.062222
73.13,49.40033,0.06096667,132.0864,4.064445,0.06096667,4.064445
73.14,49.40828,0.06096667,132.1077,4.064445,0.06096667,4.064445
73.15,49.40987,0.06096667,132.1119,4.064445,0.06096667,4.064445
73.16,49.41304,0.06096667,132.1204,4.064445,0.06096667,4.064445
73.17,49.41781,0.061,132.1332,4.066667,0.061,4.066667
73.18,49.42417,0.061,132.1502,4.066667,0.061,4.066667
73.19,49.42894,0.061,132.1629,4.066667,0.061,4.066667
73.2,49.43371,0.061,132.1757,4.066667,0.061,4.066667
73.21,49.43848,0.06103333,132.1884,4.068889,0.06103333,4.068889
73.22,49.44484,0.06103333,132.2054,4.068889,0.06103333,4.068889
73.23,49.44484,0.06103333,132.2054,4.068889,0.06103333,4.068889
73.24,49.43848,0.06106667,132.1884,4.071111,0.06106667,4.071111
73.25,49.43848,0.06106667,132.1884,4.071111,0.06106667,4.071111
73.26,49.44484,0.06106667,132.2054,4.071111,0.06106667,4.071111
73.27,49.4496,0.06106667,132.2182,4.071111,0.06106667,4.071111
73.28,49.45278,0.06106667,132.2267,4.071111,0.06106667,4.071111
73.29,49.45278,0.0611,132.2267,4.073333,0.0611,4.073333
73.3,49.45755,0.0611,132.2394,4.073333,0.0611,4.073333
73.31,49.47026,0.0611,132.2734,4.073333,0.0611,4.073333
73.32,49.48616,0.0611,132.3159,4.073333,0.0611,4.073333
73.33,49.49887,0.06113333,132.3499,4.075555,0.06113333,4.075555
73.34,49.51954,0.06113333,132.4052,4.075555,0.06113333,4.075555
73.35,49.54497,0.06113333,132.4732,4.075555,0.06113333,4.075555
73.36,49.55133,0.06113333,132.4902,4.075555,0.06113333,4.075555
73.37,49.53225,0.06116667,132.4392,4.077778,0.06116667,4.077778
73.38,49.4957,0.06116667,132.3414,4.077778,0.06116667,4.077778
73.39,49.46709,0.06116667,132.2649,4.077778,0.06116667,4.077778
73.4,49.46709,0.06116667,132.2649,4.077778,0.06116667,4.077778
73.41,49.49093,0.0612,132.3287,4.08,0.0612,4.08
73.42,49.51,0.0612,132.3797,4.08,0.0612,4.08
73.43,49.50682,0.0612,132.3712,4.08,0.0612,4.08
73.44,49.49887,0.06123333,132.3499,4.082222,0.06123333,4.082222
73.45,49.50206,0.06123333,132.3584,4.082222,0.06123333,4.082222
73.46,49.51477,0.06123333,132.3924,4.082222,0.06123333,4.082222
73.47,49.52272,0.06123333,132.4137,4.082222,0.06123333,4.082222
73.48,49.51954,0.06123333,132.4052,4.082222,0.06123333,4.082222
73.49,49.51477,0.06126667,132.3924,4.084445,0.06126667,4.084445
73.5,49.51477,0.06126667,132.3924,4.084445,0.06126667,4.084445
73.51,49.52272,0.06126667,132.4137,4.084445,0.06126667,4.084445
73.52,49.53225,0.06126667,132.4392,4.084445,0.06126667,4.084445
73.53,49.55133,0.0613,132.4902,4.086667,0.0613,4.086667
73.54,49.56722,0.0613,132.5327,4.086667,0.0613,4.086667
73.55,49.57994,0.0613,132.5667,4.086667,0.0613,4.086667
73.56,49.58153,0.0613,132.5709,4.086667,0.0613,4.086667
73.57,49.58947,0.06133333,132.5922,4.088889,0.06133333,4.088889
73.58,49.59742,0.06133333,132.6134,4.088889,0.06133333,4.088889
73.59,49.60378,0.06133333,132.6304,4.088889,0.06133333,4.088889
73.6,49.59583,0.06133333,132.6092,4.088889,0.06133333,4.088889
73.61,49.57994,0.06136667,132.5667,4.091111,0.06136667,4.091111
73.62,49.57517,0.06136667,132.5539,4.091111,0.06136667,4.091111
73.63,49.58153,0.06136667,132.5709,4.091111,0.06136667,4.091111
73.64,49.59266,0.0614,132.6007,4.093333,0.0614,4.093333
73.65,49.59583,0.0614,132.6092,4.093333,0.0614,4.093333
73.66,49.59266,0.0614,132.6007,4.093333,0.0614,4.093333
73.67,49.59583,0.0614,132.6092,4.093333,0.0614,4.093333
73.68,49.60537,0.0614,132.6347,4.093333,0.0614,4.093333
73.69,49.62444,0.06143333,132.6857,4.095556,0.06143333,4.095556
73.7,49.63875,0.06143333,132.7239,4.095556,0.06143333,4.095556
73.71,49.64193,0.06143333,132.7324,4.095556,0.06143333,4.095556
73.72,49.63239,0.06143333,132.7069,4.095556,0.06143333,4.095556
73.73,49.61808,0.06146667,132.6687,4.097778,0.06146667,4.097778
73.74,49.62444,0.06146667,132.6857,4.097778,0.06146667,4.097778
73.75,49.64511,0.06146667,132.7409,4.097778,0.06146667,4.097778
73.76,49.66577,0.06146667,132.7962,4.097778,0.06146667,4.097778
73.77,49.67849,0.0615,132.8302,4.1,0.0615,4.1
73.78,49.69438,0.0615,132.8727,4.1,0.0615,4.1
73.79,49.7071,0.0615,132.9067,4.1,0.0615,4.1
73.8,49.7071,0.0615,132.9067,4.1,0.0615,4.1
73.81,49.69597,0.06153334,132.8769,4.102222,0.06153334,4.102222
73.82,49.69438,0.06153334,132.8727,4.102222,0.06153334,4.102222
73.83,49.70233,0.06153334,132.8939,4.102222,0.06153334,4.102222
73.84,49.71027,0.06156667,132.9152,4.104445,0.06156667,4.104445
73.85,49.71027,0.06156667,132.9152,4.104445,0.06156667,4.104445
73.86,49.71027,0.06156667,132.9152,4.104445,0.06156667,4.104445
73.87,49.71504,0.06156667,132.9279,4.104445,0.06156667,4.104445
73.88,49.71504,0.06156667,132.9279,4.104445,0.06156667,4.104445
73.89,49.71186,0.0616,132.9194,4.106667,0.0616,4.106667
73.9,49.71822,0.0616,132.9364,4.106667,0.0616,4.106667
73.91,49.74365,0.0616,133.0044,4.106667,0.0616,4.106667
73.92,49.77226,0.0616,133.0809,4.106667,0.0616,4.106667
73.93,49.7818,0.06163333,133.1064,4.108889,0.06163333,4.108889
73.94,49.78021,0.06163333,133.1022,4.108889,0.06163333,4.108889
73.95,49.77703,0.06163333,133.0937,4.108889,0.06163333,4.108889
73.96,49.78816,0.06163333,133.1234,4.108889,0.06163333,4.108889
73.97,49.80882,0.06166667,133.1786,4.111111,0.06166667,4.111111
73.98,49.82154,0.06166667,133.2127,4.111111,0.06166667,4.111111
73.99,49.82471,0.06166667,133.2212,4.111111,0.06166667,4.111111
74.0,49.82154,0.0617,133.2127,4.113333,0.0617,4.113333
74.01,49.80882,0.0617,133.1786,4.113333,0.0617,4.113333
74.02,49.80087,0.0617,133.1574,4.113333,0.0617,4.113333
74.03,49.80882,0.0617,133.1786,4.113333,0.0617,4.113333
74.04,49.82471,0.06173334,133.2212,4.115556,0.06173334,4.115556
74.05,49.83425,0.06173334,133.2467,4.115556,0.06173334,4.115556
74.06,49.83425,0.06173334,133.2467,4.115556,0.06173334,4.115556
74.07,49.83425,0.06173334,133.2467,4.115556,0.06173334,4.115556
74.08,49.83902,0.06173334,133.2594,4.115556,0.06173334,4.115556
74.09,49.84697,0.06176667,133.2807,4.117778,0.06176667,4.117778
74.1,49.85332,0.06176667,133.2977,4.117778,0.06176667,4.117778
74.11,49.85332,0.06176667,133.2977,4.117778,0.06176667,4.117778
74.12,49.86127,0.06176667,133.3189,4.117778,0.06176667,4.117778
74.13,49.8867,0.0618,133.3869,4.12,0.0618,4.12
74.14,49.91055,0.0618,133.4507,4.12,0.0618,4.12
74.15,49.92326,0.0618,133.4846,4.12,0.0618,4.12
74.16,49.92008,0.0618,133.4762,4.12,0.0618,4.12
74.17,49.91055,0.06183333,133.4507,4.122222,0.06183333,4.122222
74.18,49.90419,0.06183333,133.4337,4.122222,0.06183333,4.122222
74.19,49.91055,0.06183333,133.4507,4.122222,0.06183333,4.122222
74.2,49.92008,0.06183333,133.4762,4.122222,0.06183333,4.122222
74.21,49.94392,0.06186667,133.5399,4.124444,0.06186667,4.124444
74.22,49.97253,0.06186667,133.6164,4.124444,0.06186667,4.124444
74.23,49.98525,0.06186667,133.6504,4.124444,0.06186667,4.124444
74.24,49.9773,0.0619,133.6292,4.126667,0.0619,4.126667
74.25,49.95982,0.0619,133.5824,4.126667,0.0619,4.126667
74.26,49.95346,0.0619,133.5654,4.126667,0.0619,4.126667
74.27,49.96459,0.0619,133.5952,4.126667,0.0619,4.126667
74.28,49.9773,0.0619,133.6292,4.126667,0.0619,4.126667
74.29,49.9932,0.06193333,133.6716,4.128889,0.06193333,4.128889
74.3,50.00591,0.06193333,133.7056,4.128889,0.06193333,4.128889
74.31,50.00591,0.06193333,133.7056,4.128889,0.06193333,4.128889
74.32,50.00114,0.06193333,133.6929,4.128889,0.06193333,4.128889
74.33,49.99002,0.06196667,133.6631,4.131111,0.06196667,4.131111
74.34,49.9932,0.06196667,133.6716,4.131111,0.06196667,4.131111
74.35,50.00114,0.06196667,133.6929,4.131111,0.06196667,4.131111
74.36,50.00591,0.06196667,133.7056,4.131111,0.06196667,4.131111
74.37,50.00432,0.062,133.7014,4.133333,0.062,4.133333
74.38,50.00909,0.062,133.7141,4.133333,0.062,4.133333
74.39,50.02658,0.062,133.7609,4.133333,0.062,4.133333
74.4,50.04724,0.06203333,133.8161,4.135556,0.06203333,4.135556
74.41,50.05519,0.06203333,133.8374,4.135556,0.06203333,4.135556
74.42,50.0536,0.06203333,133.8331,4.135556,0.06203333,4.135556
74.43,50.03929,0.06203333,133.7949,4.135556,0.06203333,4.135556
74.44,50.03929,0.06206667,133.7949,4.137778,0.06206667,4.137778
74.45,50.06154,0.06206667,133.8544,4.137778,0.06206667,4.137778
74.46,50.07903,0.06206667,133.9011,4.137778,0.06206667,4.137778
74.47,50.07585,0.06206667,133.8926,4.137778,0.06206667,4.137778
74.48,50.05836,0.06206667,133.8459,4.137778,0.06206667,4.137778
74.49,50.04565,0.0621,133.8119,4.14,0.0621,4.14
74.5,50.0377,0.0621,133.7906,4.14,0.0621,4.14
74.51,50.03929,0.0621,133.7949,4.14,0.0621,4.14
74.52,50.05836,0.0621,133.8459,4.14,0.0621,4.14
74.53,50.0838,0.06213333,133.9139,4.142222,0.06213333,4.142222
74.54,50.09969,0.06213333,133.9564,4.142222,0.06213333,4.142222
74.55,50.10287,0.06213333,133.9649,4.142222,0.06213333,4.142222
74.56,50.0981,0.06213333,133.9521,4.142222,0.06213333,4.142222
74.57,50.10287,0.06216667,133.9649,4.144444,0.06216667,4.144444
74.58,50.10764,0.06216667,133.9776,4.144444,0.06216667,4.144444
74.59,50.11082,0.06216667,133.9861,4.144444,0.06216667,4.144444
74.6,50.11082,0.0622,133.9861,4.146667,0.0622,4.146667
74.61,50.11876,0.0622,134.0074,4.146667,0.0622,4.146667
74.62,50.13148,0.0622,134.0414,4.146667,0.0622,4.146667
74.63,50.14737,0.0622,134.0839,4.146667,0.0622,4.146667
74.64,50.16486,0.06223333,134.1306,4.148889,0.06223333,4.148889
74.65,50.16963,0.06223333,134.1434,4.148889,0.06223333,4.148889
74.66,50.16009,0.06223333,134.1179,4.148889,0.06223333,4.148889
74.67,50.14737,0.06223333,134.0839,4.148889,0.06223333,4.148889
74.68,50.1442,0.06223333,134.0754,4.148889,0.06223333,4.148889
74.69,50.14896,0.06226667,134.0881,4.151111,0.06226667,4.151111
74.7,50.15214,0.06226667,134.0966,4.151111,0.06226667,4.151111
74.71,50.1442,0.06226667,134.0754,4.151111,0.06226667,4.151111
74.72,50.1442,0.06226667,134.0754,4.151111,0.06226667,4.151111
74.73,50.16486,0.0623,134.1306,4.153333,0.0623,4.153333
74.74,50.19347,0.0623,134.2071,4.153333,0.0623,4.153333
74.75,50.20936,0.0623,134.2496,4.153333,0.0623,4.153333
74.76,50.2189,0.0623,134.2751,4.153333,0.0623,4.153333
74.77,50.23479,0.06233333,134.3176,4.155556,0.06233333,4.155556
74.78,50.24751,0.06233333,134.3516,4.155556,0.06233333,4.155556
74.79,50.24274,0.06233333,134.3389,4.155556,0.06233333,4.155556
74.8,50.23003,0.06236667,134.3049,4.157778,0.06236667,4.157778
74.81,50.23003,0.06236667,134.3049,4.157778,0.06236667,4.157778
74.82,50.24592,0.06236667,134.3474,4.157778,0.06236667,4.157778
74.83,50.2634,0.06236667,134.3941,4.157778,0.06236667,4.157778
74.84,50.26976,0.0624,134.4111,4.16,0.0624,4.16
74.85,50.27135,0.0624,134.4154,4.16,0.0624,4.16
74.86,50.2793,0.0624,134.4366,4.16,0.0624,4.16
74.87,50.28248,0.0624,134.4451,4.16,0.0624,4.16
74.88,50.28248,0.0624,134.4451,4.16,0.0624,4.16
74.89,50.28407,0.06243333,134.4494,4.162222,0.06243333,4.162222
74.9,50.29519,0.06243333,134.4791,4.162222,0.06243333,4.162222
74.91,50.30791,0.06243333,134.5131,4.162222,0.06243333,4.162222
74.92,50.31586,0.06243333,134.5344,4.162222,0.06243333,4.162222
74.93,50.31109,0.06246667,134.5216,4.164444,0.06246667,4.164444
74.94,50.29837,0.06246667,134.4876,4.164444,0.06246667,4.164444
74.95,50.29519,0.06246667,134.4791,4.164444,0.06246667,4.164444
74.96,50.30791,0.06246667,134.5131,4.164444,0.06246667,4.164444
74.97,50.3238,0.0625,134.5556,4.166667,0.0625,4.166667
74.98,50.33334,0.0625,134.5811,4.166667,0.0625,4.166667
74.99,50.33334,0.0625,134.5811,4.166667,0.0625,4.166667
75.0,50.33334,0.06253333,134.5811,4.168889,0.06253333,4.168889
75.01,50.34447,0.06253333,134.6109,4.168889,0.06253333,4.168889
75.02,50.35241,0.06253333,134.6321,4.168889,0.06253333,4.168889
75.03,50.34764,0.06253333,134.6194,4.168889,0.06253333,4.168889
75.04,50.34447,0.06253333,134.6109,4.168889,0.06253333,4.168889
75.05,50.34924,0.06256667,134.6236,4.171111,0.06256667,4.171111
75.06,50.35718,0.06256667,134.6449,4.171111,0.06256667,4.171111
75.07,50.36195,0.06256667,134.6576,4.171111,0.06256667,4.171111
75.08,50.36831,0.06256667,134.6746,4.171111,0.06256667,4.171111
75.09,50.36513,0.0626,134.6661,4.173334,0.0626,4.173334
75.1,50.35241,0.0626,134.6321,4.173334,0.0626,4.173334
75.11,50.35241,0.0626,134.6321,4.173334,0.0626,4.173334
75.12,50.3699,0.0626,134.6789,4.173334,0.0626,4.173334
75.13,50.39374,0.06263334,134.7426,4.175556,0.06263334,4.175556
75.14,50.40169,0.06263334,134.7639,4.175556,0.06263334,4.175556
75.15,50.40169,0.06263334,134.7639,4.175556,0.06263334,4.175556
75.16,50.40487,0.06263334,134.7724,4.175556,0.06263334,4.175556
75.17,50.41282,0.06266667,134.7936,4.177778,0.06266667,4.177778
75.18,50.4144,0.06266667,134.7979,4.177778,0.06266667,4.177778
75.19,50.4144,0.06266667,134.7979,4.177778,0.06266667,4.177778
75.2,50.41917,0.0627,134.8106,4.18,0.0627,4.18
75.21,50.4303,0.0627,134.8404,4.18,0.0627,4.18
75.22,50.44143,0.0627,134.8701,4.18,0.0627,4.18
75.23,50.44301,0.0627,134.8744,4.18,0.0627,4.18
75.24,50.44301,0.0627,134.8744,4.18,0.0627,4.18
75.25,50.44778,0.06273334,134.8871,4.182222,0.06273334,4.182222
75.26,50.45891,0.06273334,134.9169,4.182222,0.06273334,4.182222
75.27,50.47162,0.06273334,134.9509,4.182222,0.06273334,4.182222
75.28,50.47639,0.06273334,134.9636,4.182222,0.06273334,4.182222
75.29,50.48434,0.06276666,134.9849,4.184444,0.06276666,4.184444
75.3,50.50023,0.06276666,135.0274,4.184444,0.06276666,4.184444
75.31,50.52407,0.06276666,135.0911,4.184444,0.06276666,4.184444
75.32,50.54156,0.06276666,135.1379,4.184444,0.06276666,4.184444
75.33,50.54156,0.0628,135.1379,4.186666,0.0628,4.186666
75.34,50.52726,0.0628,135.0996,4.186666,0.0628,4.186666
75.35,50.51613,0.0628,135.0699,4.186666,0.0628,4.186666
75.36,50.51613,0.0628,135.0699,4.186666,0.0628,4.186666
75.37,50.51295,0.06283333,135.0614,4.188889,0.06283333,4.188889
75.38,50.505,0.06283333,135.0401,4.188889,0.06283333,4.188889
75.39,50.49229,0.06283333,135.0061,4.188889,0.06283333,4.188889
75.4,50.49229,0.06286667,135.0061,4.191111,0.06286667,4.191111
75.41,50.505,0.06286667,135.0401,4.191111,0.06286667,4.191111
75.42,50.52884,0.06286667,135.1039,4.191111,0.06286667,4.191111
75.43,50.55268,0.06286667,135.1676,4.191111,0.06286667,4.191111
75.44,50.5654,0.06286667,135.2016,4.191111,0.06286667,4.191111
75.45,50.56381,0.0629,135.1974,4.193333,0.0629,4.193333
75.46,50.55745,0.0629,135.1804,4.193333,0.0629,4.193333
75.47,50.55587,0.0629,135.1761,4.193333,0.0629,4.193333
75.48,50.54951,0.0629,135.1591,4.193333,0.0629,4.193333
75.49,50.54792,0.06293333,135.1548,4.195556,0.06293333,4.195556
75.5,50.55268,0.06293333,135.1676,4.195556,0.06293333,4.195556
75.51,50.56063,0.06293333,135.1889,4.195556,0.06293333,4.195556
75.52,50.56063,0.06293333,135.1889,4.195556,0.06293333,4.195556
75.53,50.55587,0.06296667,135.1761,4.197778,0.06296667,4.197778
75.54,50.56063,0.06296667,135.1889,4.197778,0.06296667,4.197778
75.55,50.57812,0.06296667,135.2356,4.197778,0.06296667,4.197778
75.56,50.59719,0.06296667,135.2866,4.197778,0.06296667,4.197778
75.57,50.60991,0.063,135.3206,4.2,0.063,4.2
75.58,50.62103,0.063,135.3504,4.2,0.063,4.2
75.59,50.62103,0.063,135.3504,4.2,0.063,4.2
75.6,50.61309,0.06303333,135.3291,4.202222,0.06303333,4.202222
75.61,50.61467,0.06303333,135.3333,4.202222,0.06303333,4.202222
75.62,50.63057,0.06303333,135.3759,4.202222,0.06303333,4.202222
75.63,50.64647,0.06303333,135.4184,4.202222,0.06303333,4.202222
75.64,50.64964,0.06303333,135.4268,4.202222,0.06303333,4.202222
75.65,50.64647,0.06306667,135.4184,4.204444,0.06306667,4.204444
75.66,50.64964,0.06306667,135.4268,4.204444,0.06306667,4.204444
75.67,50.656,0.06306667,135.4438,4.204444,0.06306667,4.204444
75.68,50.66713,0.06306667,135.4736,4.204444,0.06306667,4.204444
75.69,50.67508,0.0631,135.4948,4.206667,0.0631,4.206667
75.7,50.68779,0.0631,135.5288,4.206667,0.0631,4.206667
75.71,50.69256,0.0631,135.5416,4.206667,0.0631,4.206667
75.72,50.69256,0.0631,135.5416,4.206667,0.0631,4.206667
75.73,50.69574,0.06313334,135.5501,4.208889,0.06313334,4.208889
75.74,50.70369,0.06313334,135.5714,4.208889,0.06313334,4.208889
75.75,50.72753,0.06313334,135.6351,4.208889,0.06313334,4.208889
75.76,50.74978,0.06313334,135.6946,4.208889,0.06313334,4.208889
75.77,50.76567,0.06316667,135.7371,4.211112,0.06316667,4.211112
75.78,50.77044,0.06316667,135.7498,4.211112,0.06316667,4.211112
75.79,50.77362,0.06316667,135.7583,4.211112,0.06316667,4.211112
75.8,50.77044,0.0632,135.7498,4.213334,0.0632,4.213334
75.81,50.76567,0.0632,135.7371,4.213334,0.0632,4.213334
75.82,50.75296,0.0632,135.7031,4.213334,0.0632,4.213334
75.83,50.74024,0.0632,135.6691,4.213334,0.0632,4.213334
75.84,50.74024,0.0632,135.6691,4.213334,0.0632,4.213334
75.85,50.74978,0.06323333,135.6946,4.215555,0.06323333,4.215555
75.86,50.75614,0.06323333,135.7116,4.215555,0.06323333,4.215555
75.87,50.75772,0.06323333,135.7158,4.215555,0.06323333,4.215555
75.88,50.76885,0.06323333,135.7456,4.215555,0.06323333,4.215555
75.89,50.78157,0.06326666,135.7796,4.217778,0.06326666,4.217778
75.9,50.79428,0.06326666,135.8136,4.217778,0.06326666,4.217778
75.91,50.80541,0.06326666,135.8433,4.217778,0.06326666,4.217778
75.92,50.81813,0.06326666,135.8773,4.217778,0.06326666,4.217778
75.93,50.83402,0.0633,135.9198,4.22,0.0633,4.22
75.94,50.84356,0.0633,135.9453,4.22,0.0633,4.22
75.95,50.84197,0.0633,135.9411,4.22,0.0633,4.22
75.96,50.82766,0.0633,135.9028,4.22,0.0633,4.22
75.97,50.81813,0.06333333,135.8773,4.222222,0.06333333,4.222222
75.98,50.81336,0.06333333,135.8646,4.222222,0.06333333,4.222222
75.99,50.8213,0.06333333,135.8858,4.222222,0.06333333,4.222222
76.0,50.83402,0.06336667,135.9198,4.224444,0.06336667,4.224444
76.01,50.84197,0.06336667,135.9411,4.224444,0.06336667,4.224444
76.02,50.83561,0.06336667,135.9241,4.224444,0.06336667,4.224444
76.03,50.82607,0.06336667,135.8986,4.224444,0.06336667,4.224444
76.04,50.8213,0.06336667,135.8858,4.224444,0.06336667,4.224444
76.05,50.83402,0.0634,135.9198,4.226666,0.0634,4.226666
76.06,50.85945,0.0634,135.9878,4.226666,0.0634,4.226666
76.07,50.87535,0.0634,136.0303,4.226666,0.0634,4.226666
76.08,50.87058,0.06343333,136.0176,4.228889,0.06343333,4.228889
76.09,50.86422,0.06343333,136.0006,4.228889,0.06343333,4.228889
76.1,50.8674,0.06343333,136.0091,4.228889,0.06343333,4.228889
76.11,50.88012,0.06343333,136.0431,4.228889,0.06343333,4.228889
76.12,50.89601,0.06343333,136.0856,4.228889,0.06343333,4.228889
76.13,50.90714,0.06346667,136.1153,4.231111,0.06346667,4.231111
76.14,50.90873,0.06346667,136.1196,4.231111,0.06346667,4.231111
76.15,50.9119,0.06346667,136.1281,4.231111,0.06346667,4.231111
76.16,50.91985,0.0635,136.1493,4.233334,0.0635,4.233334
76.17,50.9278,0.0635,136.1706,4.233334,0.0635,4.233334
76.18,50.93257,0.0635,136.1833,4.233334,0.0635,4.233334
76.19,50.92939,0.0635,136.1748,4.233334,0.0635,4.233334
76.2,50.92939,0.06353334,136.1748,4.235556,0.06353334,4.235556
76.21,50.92939,0.06353334,136.1748,4.235556,0.06353334,4.235556
76.22,50.92462,0.06353334,136.1621,4.235556,0.06353334,4.235556
76.23,50.91667,0.06353334,136.1408,4.235556,0.06353334,4.235556
76.24,50.91349,0.06353334,136.1323,4.235556,0.06353334,4.235556
76.25,50.91985,0.06356667,136.1493,4.237778,0.06356667,4.237778
76.26,50.93257,0.06356667,136.1833,4.237778,0.06356667,4.237778
76.27,50.958,0.06356667,136.2513,4.237778,0.06356667,4.237778
76.28,50.97389,0.06356667,136.2938,4.237778,0.06356667,4.237778
76.29,50.97071,0.0636,136.2853,4.24,0.0636,4.24
76.3,50.96436,0.0636,136.2683,4.24,0.0636,4.24
76.31,50.96912,0.0636,136.2811,4.24,0.0636,4.24
76.32,50.98661,0.0636,136.3278,4.24,0.0636,4.24
76.33,51.00727,0.06363334,136.3831,4.242222,0.06363334,4.242222
76.34,51.02158,0.06363334,136.4213,4.242222,0.06363334,4.242222
76.35,51.0184,0.06363334,136.4128,4.242222,0.06363334,4.242222
76.36,51.00727,0.06366666,136.3831,4.244444,0.06366666,4.244444
76.37,51.0025,0.06366666,136.3703,4.244444,0.06366666,4.244444
76.38,51.01045,0.06366666,136.3916,4.244444,0.06366666,4.244444
76.39,51.02634,0.06366666,136.4341,4.244444,0.06366666,4.244444
76.4,51.03429,0.0637,136.4553,4.246666,0.0637,4.246666
76.41,51.03906,0.0637,136.4681,4.246666,0.0637,4.246666
76.42,51.05019,0.0637,136.4978,4.246666,0.0637,4.246666
76.43,51.05178,0.0637,136.5021,4.246666,0.0637,4.246666
76.44,51.04224,0.0637,136.4766,4.246666,0.0637,4.246666
76.45,51.02794,0.06373333,136.4383,4.248889,0.06373333,4.248889
76.46,51.02794,0.06373333,136.4383,4.248889,0.06373333,4.248889
76.47,51.04383,0.06373333,136.4808,4.248889,0.06373333,4.248889
76.48,51.05813,0.06373333,136.5191,4.248889,0.06373333,4.248889
76.49,51.06449,0.06376667,136.5361,4.251111,0.06376667,4.251111
76.5,51.07085,0.06376667,136.5531,4.251111,0.06376667,4.251111
76.51,51.0788,0.06376667,136.5743,4.251111,0.06376667,4.251111
76.52,51.08674,0.06376667,136.5956,4.251111,0.06376667,4.251111
76.53,51.0931,0.0638,136.6126,4.253333,0.0638,4.253333
76.54,51.10741,0.0638,136.6508,4.253333,0.0638,4.253333
76.55,51.12012,0.0638,136.6848,4.253333,0.0638,4.253333
76.56,51.12489,0.06383333,136.6976,4.255556,0.06383333,4.255556
76.57,51.12966,0.06383333,136.7103,4.255556,0.06383333,4.255556
76.58,51.13761,0.06383333,136.7316,4.255556,0.06383333,4.255556
76.59,51.14555,0.06383333,136.7528,4.255556,0.06383333,4.255556
76.6,51.14396,0.06386667,136.7486,4.257778,0.06386667,4.257778
76.61,51.13761,0.06386667,136.7316,4.257778,0.06386667,4.257778
76.62,51.13761,0.06386667,136.7316,4.257778,0.06386667,4.257778
76.63,51.14555,0.06386667,136.7528,4.257778,0.06386667,4.257778
76.64,51.1535,0.06386667,136.7741,4.257778,0.06386667,4.257778
76.65,51.15668,0.0639,136.7826,4.26,0.0639,4.26
76.66,51.15668,0.0639,136.7826,4.26,0.0639,4.26
76.67,51.15668,0.0639,136.7826,4.26,0.0639,4.26
76.68,51.16145,0.0639,136.7953,4.26,0.0639,4.26
76.69,51.17257,0.06393334,136.8251,4.262222,0.06393334,4.262222
76.7,51.18211,0.06393334,136.8506,4.262222,0.06393334,4.262222
76.71,51.18211,0.06393334,136.8506,4.262222,0.06393334,4.262222
76.72,51.17893,0.06393334,136.8421,4.262222,0.06393334,4.262222
76.73,51.18529,0.06396667,136.8591,4.264445,0.06396667,4.264445
76.74,51.19483,0.06396667,136.8846,4.264445,0.06396667,4.264445
76.75,51.20118,0.06396667,136.9016,4.264445,0.06396667,4.264445
76.76,51.20118,0.064,136.9016,4.266667,0.064,4.266667
76.77,51.19801,0.064,136.8931,4.266667,0.064,4.266667
76.78,51.20277,0.064,136.9058,4.266667,0.064,4.266667
76.79,51.22344,0.064,136.9611,4.266667,0.064,4.266667
76.8,51.2441,0.064,137.0163,4.266667,0.064,4.266667
76.81,51.25205,0.06403334,137.0376,4.268889,0.06403334,4.268889
76.82,51.25523,0.06403334,137.0461,4.268889,0.06403334,4.268889
76.83,51.25205,0.06403334,137.0376,4.268889,0.06403334,4.268889
76.84,51.25046,0.06403334,137.0333,4.268889,0.06403334,4.268889
76.85,51.2441,0.06406667,137.0163,4.271111,0.06406667,4.271111
76.86,51.24728,0.06406667,137.0248,4.271111,0.06406667,4.271111
76.87,51.26317,0.06406667,137.0673,4.271111,0.06406667,4.271111
76.88,51.27589,0.06406667,137.1013,4.271111,0.06406667,4.271111
76.89,51.28384,0.0641,137.1226,4.273333,0.0641,4.273333
76.9,51.28701,0.0641,137.131,4.273333,0.0641,4.273333
76.91,51.29973,0.0641,137.1651,4.273333,0.0641,4.273333
76.92,51.32834,0.0641,137.2415,4.273333,0.0641,4.273333
76.93,51.34423,0.06413333,137.284,4.275556,0.06413333,4.275556
76.94,51.34106,0.06413333,137.2755,4.275556,0.06413333,4.275556
76.95,51.33788,0.06413333,137.2671,4.275556,0.06413333,4.275556
76.96,51.35377,0.06416667,137.3095,4.277778,0.06416667,4.277778
76.97,51.37761,0.06416667,137.3733,4.277778,0.06416667,4.277778
76.98,51.39033,0.06416667,137.4073,4.277778,0.06416667,4.277778
76.99,51.39033,0.06416667,137.4073,4.277778,0.06416667,4.277778
77.0,51.38715,0.06416667,137.3988,4.277778,0.06416667,4.277778
77.01,51.3792,0.0642,137.3775,4.28,0.0642,4.28
77.02,51.3649,0.0642,137.3393,4.28,0.0642,4.28
77.03,51.34423,0.0642,137.284,4.28,0.0642,4.28
77.04,51.34106,0.0642,137.2755,4.28,0.0642,4.28
77.05,51.35377,0.06423333,137.3095,4.282222,0.06423333,4.282222
77.06,51.37284,0.06423333,137.3605,4.282222,0.06423333,4.282222
77.07,51.38556,0.06423333,137.3945,4.282222,0.06423333,4.282222
77.08,51.40145,0.06423333,137.437,4.282222,0.06423333,4.282222
77.09,51.41576,0.06426667,137.4753,4.284444,0.06426667,4.284444
77.1,51.43007,0.06426667,137.5135,4.284444,0.06426667,4.284444
77.11,51.42689,0.06426667,137.505,4.284444,0.06426667,4.284444
77.12,51.42212,0.06426667,137.4923,4.284444,0.06426667,4.284444
77.13,51.41894,0.0643,137.4838,4.286667,0.0643,4.286667
77.14,51.42689,0.0643,137.505,4.286667,0.0643,4.286667
77.15,51.43007,0.0643,137.5135,4.286667,0.0643,4.286667
77.16,51.42212,0.06433333,137.4923,4.288889,0.06433333,4.288889
77.17,51.41417,0.06433333,137.471,4.288889,0.06433333,4.288889
77.18,51.41417,0.06433333,137.471,4.288889,0.06433333,4.288889
77.19,51.43007,0.06433333,137.5135,4.288889,0.06433333,4.288889
77.2,51.45232,0.06433333,137.573,4.288889,0.06433333,4.288889
77.21,51.46503,0.06436667,137.607,4.291111,0.06436667,4.291111
77.22,51.47298,0.06436667,137.6283,4.291111,0.06436667,4.291111
77.23,51.47616,0.06436667,137.6368,4.291111,0.06436667,4.291111
77.24,51.46821,0.06436667,137.6155,4.291111,0.06436667,4.291111
77.25,51.46821,0.0644,137.6155,4.293334,0.0644,4.293334
77.26,51.47934,0.0644,137.6453,4.293334,0.0644,4.293334
77.27,51.49364,0.0644,137.6835,4.293334,0.0644,4.293334
77.28,51.5,0.0644,137.7005,4.293334,0.0644,4.293334
77.29,51.5,0.06443334,137.7005,4.295556,0.06443334,4.295556
77.3,51.5,0.06443334,137.7005,4.295556,0.06443334,4.295556
77.31,51.50159,0.06443334,137.7048,4.295556,0.06443334,4.295556
77.32,51.50477,0.06443334,137.7133,4.295556,0.06443334,4.295556
77.33,51.50159,0.06446667,137.7048,4.297778,0.06446667,4.297778
77.34,51.50795,0.06446667,137.7218,4.297778,0.06446667,4.297778
77.35,51.52225,0.06446667,137.76,4.297778,0.06446667,4.297778
77.36,51.53815,0.0645,137.8025,4.3,0.0645,4.3
77.37,51.54133,0.0645,137.811,4.3,0.0645,4.3
77.38,51.53656,0.0645,137.7983,4.3,0.0645,4.3
77.39,51.5302,0.0645,137.7813,4.3,0.0645,4.3
77.4,51.5302,0.0645,137.7813,4.3,0.0645,4.3
77.41,51.53656,0.06453333,137.7983,4.302222,0.06453333,4.302222
77.42,51.54133,0.06453333,137.811,4.302222,0.06453333,4.302222
77.43,51.53815,0.06453333,137.8025,4.302222,0.06453333,4.302222
77.44,51.54451,0.06453333,137.8195,4.302222,0.06453333,4.302222
77.45,51.55881,0.06456666,137.8578,4.304444,0.06456666,4.304444
77.46,51.57312,0.06456666,137.896,4.304444,0.06456666,4.304444
77.47,51.57471,0.06456666,137.9003,4.304444,0.06456666,4.304444
77.48,51.57471,0.06456666,137.9003,4.304444,0.06456666,4.304444
77.49,51.58107,0.0646,137.9173,4.306666,0.0646,4.306666
77.5,51.5906,0.0646,137.9428,4.306666,0.0646,4.306666
77.51,51.60968,0.0646,137.9938,4.306666,0.0646,4.306666
77.52,51.63193,0.0646,138.0533,4.306666,0.0646,4.306666
77.53,51.64464,0.06463333,138.0873,4.308889,0.06463333,4.308889
77.54,51.63987,0.06463333,138.0745,4.308889,0.06463333,4.308889
77.55,51.63987,0.06463333,138.0745,4.308889,0.06463333,4.308889
77.56,51.65895,0.06466667,138.1255,4.311111,0.06466667,4.311111
77.57,51.67643,0.06466667,138.1723,4.311111,0.06466667,4.311111
77.58,51.67167,0.06466667,138.1595,4.311111,0.06466667,4.311111
77.59,51.651,0.06466667,138.1043,4.311111,0.06466667,4.311111
77.6,51.63193,0.0647,138.0533,4.313334,0.0647,4.313334
77.61,51.63511,0.0647,138.0618,4.313334,0.0647,4.313334
77.62,51.64782,0.0647,138.0958,4.313334,0.0647,4.313334
77.63,51.66372,0.0647,138.1383,4.313334,0.0647,4.313334
77.64,51.6669,0.0647,138.1468,4.313334,0.0647,4.313334
77.65,51.66372,0.06473333,138.1383,4.315556,0.06473333,4.315556
77.66,51.66848,0.06473333,138.151,4.315556,0.06473333,4.315556
77.67,51.67961,0.06473333,138.1808,4.315556,0.06473333,4.315556
77.68,51.68756,0.06473333,138.202,4.315556,0.06473333,4.315556
77.69,51.68438,0.06476667,138.1935,4.317778,0.06476667,4.317778
77.7,51.6812,0.06476667,138.185,4.317778,0.06476667,4.317778
77.71,51.6812,0.06476667,138.185,4.317778,0.06476667,4.317778
77.72,51.6812,0.06476667,138.185,4.317778,0.06476667,4.317778
77.73,51.67643,0.0648,138.1723,4.32,0.0648,4.32
77.74,51.6812,0.0648,138.185,4.32,0.0648,4.32
77.75,51.69551,0.0648,138.2233,4.32,0.0648,4.32
77.76,51.70028,0.06483334,138.236,4.322222,0.06483334,4.322222
77.77,51.69709,0.06483334,138.2275,4.322222,0.06483334,4.322222
77.78,51.70028,0.06483334,138.236,4.322222,0.06483334,4.322222
77.79,51.70981,0.06483334,138.2615,4.322222,0.06483334,4.322222
77.8,51.71776,0.06486667,138.2828,4.324445,0.06486667,4.324445
77.81,51.71617,0.06486667,138.2785,4.324445,0.06486667,4.324445
77.82,51.71617,0.06486667,138.2785,4.324445,0.06486667,4.324445
77.83,51.7257,0.06486667,138.304,4.324445,0.06486667,4.324445
77.84,51.74955,0.06486667,138.3678,4.324445,0.06486667,4.324445
77.85,51.77816,0.0649,138.4443,4.326667,0.0649,4.326667
77.86,51.79087,0.0649,138.4783,4.326667,0.0649,4.326667
77.87,51.78134,0.0649,138.4528,4.326667,0.0649,4.326667
77.88,51.76226,0.0649,138.4018,4.326667,0.0649,4.326667
77.89,51.75908,0.06493334,138.3933,4.328889,0.06493334,4.328889
77.9,51.76226,0.06493334,138.4018,4.328889,0.06493334,4.328889
77.91,51.75908,0.06493334,138.3933,4.328889,0.06493334,4.328889
77.92,51.74955,0.06496666,138.3678,4.331111,0.06496666,4.331111
77.93,51.74637,0.06496666,138.3593,4.331111,0.06496666,4.331111
77.94,51.75908,0.06496666,138.3933,4.331111,0.06496666,4.331111
77.95,51.77498,0.06496666,138.4358,4.331111,0.06496666,4.331111
77.96,51.78769,0.065,138.4698,4.333333,0.065,4.333333
77.97,51.80995,0.065,138.5293,4.333333,0.065,4.333333
77.98,51.83061,0.065,138.5845,4.333333,0.065,4.333333
77.99,51.84015,0.065,138.61,4.333333,0.065,4.333333
78.0,51.84333,0.06503333,138.6185,4.335556,0.06503333,4.335556
78.01,51.85604,0.06503333,138.6525,4.335556,0.06503333,4.335556
78.02,51.87671,0.06503333,138.7078,4.335556,0.06503333,4.335556
78.03,51.88147,0.06503333,138.7205,4.335556,0.06503333,4.335556
78.04,51.86876,0.06503333,138.6865,4.335556,0.06503333,4.335556
78.05,51.85127,0.06506667,138.6398,4.337778,0.06506667,4.337778
78.06,51.84333,0.06506667,138.6185,4.337778,0.06506667,4.337778
78.07,51.85127,0.06506667,138.6398,4.337778,0.06506667,4.337778
78.08,51.86399,0.06506667,138.6738,4.337778,0.06506667,4.337778
78.09,51.86717,0.0651,138.6823,4.34,0.0651,4.34
78.1,51.86399,0.0651,138.6738,4.34,0.0651,4.34
78.11,51.85922,0.0651,138.661,4.34,0.0651,4.34
78.12,51.85922,0.0651,138.661,4.34,0.0651,4.34
78.13,51.86081,0.06513333,138.6653,4.342222,0.06513333,4.342222
78.14,51.87194,0.06513333,138.695,4.342222,0.06513333,4.342222
78.15,51.88942,0.06513333,138.7418,4.342222,0.06513333,4.342222
78.16,51.90532,0.06516667,138.7843,4.344444,0.06516667,4.344444
78.17,51.91326,0.06516667,138.8055,4.344444,0.06516667,4.344444
78.18,51.92439,0.06516667,138.8353,4.344444,0.06516667,4.344444
78.19,51.93074,0.06516667,138.8522,4.344444,0.06516667,4.344444
78.2,51.93393,0.06516667,138.8608,4.344444,0.06516667,4.344444
78.21,51.9371,0.0652,138.8693,4.346667,0.0652,4.346667
78.22,51.94187,0.0652,138.882,4.346667,0.0652,4.346667
78.23,51.94505,0.0652,138.8905,4.346667,0.0652,4.346667
78.24,51.94664,0.0652,138.8948,4.346667,0.0652,4.346667
78.25,51.95777,0.06523333,138.9245,4.348889,0.06523333,4.348889
78.26,51.9673,0.06523333,138.95,4.348889,0.06523333,4.348889
78.27,51.97048,0.06523333,138.9585,4.348889,0.06523333,4.348889
78.28,51.96571,0.06523333,138.9458,4.348889,0.06523333,4.348889
78.29,51.9673,0.06526667,138.95,4.351111,0.06526667,4.351111
78.3,51.9832,0.06526667,138.9925,4.351111,0.06526667,4.351111
78.31,51.99909,0.06526667,139.035,4.351111,0.06526667,4.351111
78.32,51.99591,0.0653,139.0265,4.353333,0.0653,4.353333
78.33,51.9832,0.0653,138.9925,4.353333,0.0653,4.353333
78.34,51.97843,0.0653,138.9798,4.353333,0.0653,4.353333
78.35,51.98161,0.0653,138.9883,4.353333,0.0653,4.353333
78.36,51.99115,0.06533334,139.0137,4.355556,0.06533334,4.355556
78.37,52.01022,0.06533334,139.0648,4.355556,0.06533334,4.355556
78.38,52.0277,0.06533334,139.1115,4.355556,0.06533334,4.355556
78.39,52.04042,0.06533334,139.1455,4.355556,0.06533334,4.355556
78.4,52.04837,0.06536667,139.1667,4.357778,0.06536667,4.357778
78.41,52.05631,0.06536667,139.188,4.357778,0.06536667,4.357778
78.42,52.06426,0.06536667,139.2092,4.357778,0.06536667,4.357778
78.43,52.06426,0.06536667,139.2092,4.357778,0.06536667,4.357778
78.44,52.05631,0.06536667,139.188,4.357778,0.06536667,4.357778
78.45,52.05313,0.0654,139.1795,4.36,0.0654,4.36
78.46,52.05631,0.0654,139.188,4.36,0.0654,4.36
78.47,52.06744,0.0654,139.2177,4.36,0.0654,4.36
78.48,52.07539,0.0654,139.239,4.36,0.0654,4.36
78.49,52.0881,0.06543333,139.273,4.362222,0.06543333,4.362222
78.5,52.104,0.06543333,139.3155,4.362222,0.06543333,4.362222
78.51,52.11036,0.06543333,139.3325,4.362222,0.06543333,4.362222
78.52,52.10559,0.06546666,139.3197,4.364444,0.06546666,4.364444
78.53,52.09764,0.06546666,139.2985,4.364444,0.06546666,4.364444
78.54,52.09287,0.06546666,139.2857,4.364444,0.06546666,4.364444
78.55,52.08492,0.06546666,139.2645,4.364444,0.06546666,4.364444
78.56,52.08015,0.0655,139.2517,4.366667,0.0655,4.366667
78.57,52.08492,0.0655,139.2645,4.366667,0.0655,4.366667
78.58,52.09287,0.0655,139.2857,4.366667,0.0655,4.366667
78.59,52.09764,0.0655,139.2985,4.366667,0.0655,4.366667
78.6,52.11353,0.0655,139.341,4.366667,0.0655,4.366667
78.61,52.14214,0.06553333,139.4175,4.368889,0.06553333,4.368889
78.62,52.16599,0.06553333,139.4812,4.368889,0.06553333,4.368889
78.63,52.16758,0.06553333,139.4855,4.368889,0.06553333,4.368889
78.64,52.16281,0.06553333,139.4727,4.368889,0.06553333,4.368889
78.65,52.17075,0.06556667,139.494,4.371111,0.06556667,4.371111
78.66,52.1787,0.06556667,139.5152,4.371111,0.06556667,4.371111
78.67,52.17552,0.06556667,139.5067,4.371111,0.06556667,4.371111
78.68,52.16281,0.06556667,139.4727,4.371111,0.06556667,4.371111
78.69,52.15486,0.0656,139.4515,4.373333,0.0656,4.373333
78.7,52.16758,0.0656,139.4855,4.373333,0.0656,4.373333
78.71,52.1946,0.0656,139.5577,4.373333,0.0656,4.373333
78.72,52.21049,0.06563333,139.6002,4.375556,0.06563333,4.375556
78.73,52.20413,0.06563333,139.5832,4.375556,0.06563333,4.375556
78.74,52.19936,0.06563333,139.5705,4.375556,0.06563333,4.375556
78.75,52.19936,0.06563333,139.5705,4.375556,0.06563333,4.375556
78.76,52.20731,0.06566667,139.5917,4.377778,0.06566667,4.377778
78.77,52.21844,0.06566667,139.6215,4.377778,0.06566667,4.377778
78.78,52.22797,0.06566667,139.647,4.377778,0.06566667,4.377778
78.79,52.2248,0.06566667,139.6385,4.377778,0.06566667,4.377778
78.8,52.21526,0.06566667,139.613,4.377778,0.06566667,4.377778
78.81,52.20413,0.0657,139.5832,4.38,0.0657,4.38
78.82,52.21049,0.0657,139.6002,4.38,0.0657,4.38
78.83,52.2391,0.0657,139.6767,4.38,0.0657,4.38
78.84,52.27725,0.06573334,139.7787,4.382222,0.06573334,4.382222
78.85,52.30586,0.06573334,139.8552,4.382222,0.06573334,4.382222
78.86,52.30904,0.06573334,139.8637,4.382222,0.06573334,4.382222
78.87,52.29632,0.06573334,139.8297,4.382222,0.06573334,4.382222
78.88,52.27725,0.06573334,139.7787,4.382222,0.06573334,4.382222
78.89,52.2693,0.06576667,139.7575,4.384445,0.06576667,4.384445
78.9,52.2693,0.06576667,139.7575,4.384445,0.06576667,4.384445
78.91,52.27566,0.06576667,139.7745,4.384445,0.06576667,4.384445
78.92,52.27566,0.0658,139.7745,4.386667,0.0658,4.386667
78.93,52.26771,0.0658,139.7532,4.386667,0.0658,4.386667
78.94,52.26771,0.0658,139.7532,4.386667,0.0658,4.386667
78.95,52.27566,0.0658,139.7745,4.386667,0.0658,4.386667
78.96,52.28837,0.06583334,139.8085,4.388889,0.06583334,4.388889
78.97,52.29791,0.06583334,139.834,4.388889,0.06583334,4.388889
78.98,52.30904,0.06583334,139.8637,4.388889,0.06583334,4.388889
78.99,52.31857,0.06583334,139.8892,4.388889,0.06583334,4.388889
79.0,52.3297,0.06586666,139.919,4.391111,0.06586666,4.391111
79.01,52.33765,0.06586666,139.9402,4.391111,0.06586666,4.391111
79.02,52.33447,0.06586666,139.9317,4.391111,0.06586666,4.391111
79.03,52.32175,0.06586666,139.8977,4.391111,0.06586666,4.391111
79.04,52.30904,0.06586666,139.8637,4.391111,0.06586666,4.391111
79.05,52.30904,0.0659,139.8637,4.393333,0.0659,4.393333
79.06,52.31857,0.0659,139.8892,4.393333,0.0659,4.393333
79.07,52.33765,0.0659,139.9402,4.393333,0.0659,4.393333
79.08,52.35036,0.0659,139.9742,4.393333,0.0659,4.393333
79.09,52.35354,0.06593333,139.9827,4.395555,0.06593333,4.395555
79.1,52.34241,0.06593333,139.953,4.395555,0.06593333,4.395555
79.11,52.33288,0.06593333,139.9275,4.395555,0.06593333,4.395555
79.12,52.33288,0.06596667,139.9275,4.397778,0.06596667,4.397778
79.13,52.34241,0.06596667,139.953,4.397778,0.06596667,4.397778
79.14,52.35513,0.06596667,139.987,4.397778,0.06596667,4.397778
79.15,52.36626,0.06596667,140.0167,4.397778,0.06596667,4.397778
79.16,52.3742,0.06596667,140.038,4.397778,0.06596667,4.397778
79.17,52.38692,0.066,140.072,4.4,0.066,4.4
79.18,52.39964,0.066,140.106,4.4,0.066,4.4
79.19,52.4044,0.066,140.1187,4.4,0.066,4.4
79.2,52.41076,0.066,140.1357,4.4,0.066,4.4
79.21,52.41871,0.06603333,140.157,4.402222,0.06603333,4.402222
79.22,52.42507,0.06603333,140.174,4.402222,0.06603333,4.402222
79.23,52.43301,0.06603333,140.1952,4.402222,0.06603333,4.402222
79.24,52.43301,0.06603333,140.1952,4.402222,0.06603333,4.402222
79.25,52.43142,0.06606667,140.191,4.404445,0.06606667,4.404445
79.26,52.43301,0.06606667,140.1952,4.404445,0.06606667,4.404445
79.27,52.43619,0.06606667,140.2037,4.404445,0.06606667,4.404445
79.28,52.43619,0.0661,140.2037,4.406667,0.0661,4.406667
79.29,52.44414,0.0661,140.225,4.406667,0.0661,4.406667
79.3,52.45686,0.0661,140.259,4.406667,0.0661,4.406667
79.31,52.47275,0.0661,140.3015,4.406667,0.0661,4.406667
79.32,52.47593,0.06613334,140.31,4.408889,0.06613334,4.408889
79.33,52.46162,0.06613334,140.2717,4.408889,0.06613334,4.408889
79.34,52.44414,0.06613334,140.225,4.408889,0.06613334,4.408889
79.35,52.44414,0.06613334,140.225,4.408889,0.06613334,4.408889
79.36,52.46003,0.06613334,140.2675,4.408889,0.06613334,4.408889
79.37,52.46957,0.06616667,140.293,4.411111,0.06616667,4.411111
79.38,52.47275,0.06616667,140.3015,4.411111,0.06616667,4.411111
79.39,52.47752,0.06616667,140.3142,4.411111,0.06616667,4.411111
79.4,52.49023,0.06616667,140.3482,4.411111,0.06616667,4.411111
79.41,52.51408,0.0662,140.412,4.413333,0.0662,4.413333
79.42,52.52997,0.0662,140.4545,4.413333,0.0662,4.413333
79.43,52.53474,0.0662,140.4672,4.413333,0.0662,4.413333
79.44,52.52679,0.0662,140.446,4.413333,0.0662,4.413333
79.45,52.51725,0.06623334,140.4205,4.415556,0.06623334,4.415556
79.46,52.51884,0.06623334,140.4247,4.415556,0.06623334,4.415556
79.47,52.53315,0.06623334,140.463,4.415556,0.06623334,4.415556
79.48,52.54745,0.06623334,140.5012,4.415556,0.06623334,4.415556
79.49,52.56176,0.06626667,140.5395,4.417778,0.06626667,4.417778
79.5,52.5554,0.06626667,140.5225,4.417778,0.06626667,4.417778
79.51,52.53792,0.06626667,140.4757,4.417778,0.06626667,4.417778
79.52,52.52679,0.0663,140.446,4.42,0.0663,4.42
79.53,52.5252,0.0663,140.4417,4.42,0.0663,4.42
79.54,52.52679,0.0663,140.446,4.42,0.0663,4.42
79.55,52.5411,0.0663,140.4842,4.42,0.0663,4.42
79.56,52.5554,0.06633333,140.5225,4.422222,0.06633333,4.422222
79.57,52.56653,0.06633333,140.5522,4.422222,0.06633333,4.422222
79.58,52.57447,0.06633333,140.5735,4.422222,0.06633333,4.422222
79.59,52.58719,0.06633333,140.6075,4.422222,0.06633333,4.422222
79.6,52.59991,0.06636667,140.6415,4.424444,0.06636667,4.424444
79.61,52.60468,0.06636667,140.6542,4.424444,0.06636667,4.424444
79.62,52.60308,0.06636667,140.6499,4.424444,0.06636667,4.424444
79.63,52.59991,0.06636667,140.6415,4.424444,0.06636667,4.424444
79.64,52.59514,0.06636667,140.6287,4.424444,0.06636667,4.424444
79.65,52.58401,0.0664,140.599,4.426667,0.0664,4.426667
79.66,52.58242,0.0664,140.5947,4.426667,0.0664,4.426667
79.67,52.59832,0.0664,140.6372,4.426667,0.0664,4.426667
79.68,52.62057,0.06643333,140.6967,4.428889,0.06643333,4.428889
79.69,52.63964,0.06643333,140.7477,4.428889,0.06643333,4.428889
79.7,52.65713,0.06643333,140.7944,4.428889,0.06643333,4.428889
79.71,52.66984,0.06643333,140.8284,4.428889,0.06643333,4.428889
79.72,52.66984,0.06646667,140.8284,4.431111,0.06646667,4.431111
79.73,52.66507,0.06646667,140.8157,4.431111,0.06646667,4.431111
79.74,52.6619,0.06646667,140.8072,4.431111,0.06646667,4.431111
79.75,52.66507,0.06646667,140.8157,4.431111,0.06646667,4.431111
79.76,52.66825,0.06646667,140.8242,4.431111,0.06646667,4.431111
79.77,52.6762,0.0665,140.8455,4.433333,0.0665,4.433333
79.78,52.68892,0.0665,140.8794,4.433333,0.0665,4.433333
79.79,52.70163,0.0665,140.9135,4.433333,0.0665,4.433333
79.8,52.71912,0.0665,140.9602,4.433333,0.0665,4.433333
79.81,52.74137,0.06653333,141.0197,4.435555,0.06653333,4.435555
79.82,52.75885,0.06653333,141.0665,4.435555,0.06653333,4.435555
79.83,52.77157,0.06653333,141.1004,4.435555,0.06653333,4.435555
79.84,52.77475,0.06653333,141.1089,4.435555,0.06653333,4.435555
79.85,52.77157,0.06656667,141.1004,4.437778,0.06656667,4.437778
79.86,52.76362,0.06656667,141.0792,4.437778,0.06656667,4.437778
79.87,52.75885,0.06656667,141.0665,4.437778,0.06656667,4.437778
79.88,52.75409,0.0666,141.0537,4.44,0.0666,4.44
79.89,52.74773,0.0666,141.0367,4.44,0.0666,4.44
79.9,52.74614,0.0666,141.0324,4.44,0.0666,4.44
79.91,52.74773,0.0666,141.0367,4.44,0.0666,4.44
79.92,52.75885,0.06663334,141.0665,4.442223,0.06663334,4.442223
79.93,52.77475,0.06663334,141.1089,4.442223,0.06663334,4.442223
79.94,52.78746,0.06663334,141.1429,4.442223,0.06663334,4.442223
79.95,52.79541,0.06663334,141.1642,4.442223,0.06663334,4.442223
79.96,52.80018,0.06666667,141.1769,4.444445,0.06666667,4.444445
79.97,52.80336,0.06666667,141.1854,4.444445,0.06666667,4.444445
79.98,52.81131,0.06666667,141.2067,4.444445,0.06666667,4.444445
79.99,52.82402,0.06666667,141.2407,4.444445,0.06666667,4.444445
80.0,52.82879,0.0667,141.2534,4.446667,0.0667,4.446667
80.01,52.83197,0.0667,141.2619,4.446667,0.0667,4.446667
80.02,52.83673,0.0667,141.2747,4.446667,0.0667,4.446667
80.03,52.83992,0.0667,141.2832,4.446667,0.0667,4.446667
80.04,52.8415,0.0667,141.2874,4.446667,0.0667,4.446667
80.05,52.85263,0.06673333,141.3172,4.448889,0.06673333,4.448889
80.06,52.86535,0.06673333,141.3512,4.448889,0.06673333,4.448889
80.07,52.87011,0.06673333,141.3639,4.448889,0.06673333,4.448889
80.08,52.87329,0.06676666,141.3724,4.451111,0.06676666,4.451111
80.09,52.87647,0.06676666,141.3809,4.451111,0.06676666,4.451111
80.1,52.88124,0.06676666,141.3937,4.451111,0.06676666,4.451111
80.11,52.87647,0.06676666,141.3809,4.451111,0.06676666,4.451111
80.12,52.86853,0.0668,141.3597,4.453333,0.0668,4.453333
80.13,52.87329,0.0668,141.3724,4.453333,0.0668,4.453333
80.14,52.87806,0.0668,141.3852,4.453333,0.0668,4.453333
80.15,52.87806,0.0668,141.3852,4.453333,0.0668,4.453333
80.16,52.87647,0.06683333,141.3809,4.455555,0.06683333,4.455555
80.17,52.88124,0.06683333,141.3937,4.455555,0.06683333,4.455555
80.18,52.89396,0.06683333,141.4277,4.455555,0.06683333,4.455555
80.19,52.89872,0.06683333,141.4404,4.455555,0.06683333,4.455555
80.2,52.89396,0.06686667,141.4277,4.457778,0.06686667,4.457778
80.21,52.88442,0.06686667,141.4022,4.457778,0.06686667,4.457778
80.22,52.87806,0.06686667,141.3852,4.457778,0.06686667,4.457778
80.23,52.88442,0.06686667,141.4022,4.457778,0.06686667,4.457778
80.24,52.89078,0.06686667,141.4192,4.457778,0.06686667,4.457778
80.25,52.91303,0.0669,141.4787,4.46,0.0669,4.46
80.26,52.93846,0.0669,141.5467,4.46,0.0669,4.46
80.27,52.95436,0.0669,141.5892,4.46,0.0669,4.46
80.28,52.95594,0.06693333,141.5934,4.462222,0.06693333,4.462222
80.29,52.95913,0.06693333,141.6019,4.462222,0.06693333,4.462222
80.3,52.97184,0.06693333,141.6359,4.462222,0.06693333,4.462222
80.31,52.99091,0.06693333,141.6869,4.462222,0.06693333,4.462222
80.32,53.00522,0.06696667,141.7252,4.464445,0.06696667,4.464445
80.33,53.0084,0.06696667,141.7337,4.464445,0.06696667,4.464445
80.34,52.99091,0.06696667,141.6869,4.464445,0.06696667,4.464445
80.35,52.9623,0.06696667,141.6104,4.464445,0.06696667,4.464445
80.36,52.94641,0.06696667,141.5679,4.464445,0.06696667,4.464445
80.37,52.9623,0.067,141.6104,4.466667,0.067,4.466667
80.38,52.99091,0.067,141.6869,4.466667,0.067,4.466667
80.39,53.01158,0.067,141.7422,4.466667,0.067,4.466667
80.4,53.02747,0.067,141.7847,4.466667,0.067,4.466667
80.41,53.04019,0.06703334,141.8187,4.468889,0.06703334,4.468889
80.42,53.04177,0.06703334,141.8229,4.468889,0.06703334,4.468889
80.43,53.04019,0.06703334,141.8187,4.468889,0.06703334,4.468889
80.44,53.03542,0.06703334,141.8059,4.468889,0.06703334,4.468889
80.45,53.03701,0.06706667,141.8102,4.471111,0.06706667,4.471111
80.46,53.03701,0.06706667,141.8102,4.471111,0.06706667,4.471111
80.47,53.03224,0.06706667,141.7974,4.471111,0.06706667,4.471111
80.48,53.03224,0.0671,141.7974,4.473333,0.0671,4.473333
80.49,53.04019,0.0671,141.8187,4.473333,0.0671,4.473333
80.5,53.04496,0.0671,141.8314,4.473333,0.0671,4.473333
80.51,53.04813,0.0671,141.8399,4.473333,0.0671,4.473333
80.52,53.05767,0.06713334,141.8654,4.475556,0.06713334,4.475556
80.53,53.07038,0.06713334,141.8994,4.475556,0.06713334,4.475556
80.54,53.0688,0.06713334,141.8952,4.475556,0.06713334,4.475556
80.55,53.05608,0.06713334,141.8612,4.475556,0.06713334,4.475556
80.56,53.04019,0.06716666,141.8187,4.477777,0.06716666,4.477777
80.57,53.04019,0.06716666,141.8187,4.477777,0.06716666,4.477777
80.58,53.05767,0.06716666,141.8654,4.477777,0.06716666,4.477777
80.59,53.08151,0.06716666,141.9292,4.477777,0.06716666,4.477777
80.6,53.10695,0.06716666,141.9972,4.477777,0.06716666,4.477777
80.61,53.12761,0.0672,142.0524,4.48,0.0672,4.48
80.62,53.14668,0.0672,142.1034,4.48,0.0672,4.48
80.63,53.1594,0.0672,142.1374,4.48,0.0672,4.48
80.64,53.15622,0.0672,142.1289,4.48,0.0672,4.48
80.65,53.13556,0.06723333,142.0737,4.482222,0.06723333,4.482222
80.66,53.1133,0.06723333,142.0142,4.482222,0.06723333,4.482222
80.67,53.10695,0.06723333,141.9972,4.482222,0.06723333,4.482222
80.68,53.12284,0.06726667,142.0397,4.484444,0.06726667,4.484444
80.69,53.13873,0.06726667,142.0822,4.484444,0.06726667,4.484444
80.7,53.14191,0.06726667,142.0907,4.484444,0.06726667,4.484444
80.71,53.13873,0.06726667,142.0822,4.484444,0.06726667,4.484444
80.72,53.14986,0.0673,142.1119,4.486667,0.0673,4.486667
80.73,53.17211,0.0673,142.1714,4.486667,0.0673,4.486667
80.74,53.19278,0.0673,142.2267,4.486667,0.0673,4.486667
80.75,53.19595,0.0673,142.2352,4.486667,0.0673,4.486667
80.76,53.19118,0.0673,142.2224,4.486667,0.0673,4.486667
80.77,53.18801,0.06733333,142.2139,4.488889,0.06733333,4.488889
80.78,53.18324,0.06733333,142.2012,4.488889,0.06733333,4.488889
80.79,53.18483,0.06733333,142.2054,4.488889,0.06733333,4.488889
80.8,53.19278,0.06733333,142.2267,4.488889,0.06733333,4.488889
80.81,53.2039,0.06736667,142.2564,4.491111,0.06736667,4.491111
80.82,53.2198,0.06736667,142.2989,4.491111,0.06736667,4.491111
80.83,53.22456,0.06736667,142.3117,4.491111,0.06736667,4.491111
80.84,53.2198,0.06736667,142.2989,4.491111,0.06736667,4.491111
80.85,53.21344,0.0674,142.2819,4.493333,0.0674,4.493333
80.86,53.21344,0.0674,142.2819,4.493333,0.0674,4.493333
80.87,53.21185,0.0674,142.2777,4.493333,0.0674,4.493333
80.88,53.2039,0.06743333,142.2564,4.495556,0.06743333,4.495556
80.89,53.20072,0.06743333,142.2479,4.495556,0.06743333,4.495556
80.9,53.21185,0.06743333,142.2777,4.495556,0.06743333,4.495556
80.91,53.23728,0.06743333,142.3457,4.495556,0.06743333,4.495556
80.92,53.27066,0.06746667,142.4349,4.497778,0.06746667,4.497778
80.93,53.30563,0.06746667,142.5284,4.497778,0.06746667,4.497778
80.94,53.32311,0.06746667,142.5751,4.497778,0.06746667,4.497778
80.95,53.32629,0.06746667,142.5837,4.497778,0.06746667,4.497778
80.96,53.32311,0.06746667,142.5751,4.497778,0.06746667,4.497778
80.97,53.31357,0.0675,142.5497,4.5,0.0675,4.5
80.98,53.29768,0.0675,142.5072,4.5,0.0675,4.5
80.99,53.28655,0.0675,142.4774,4.5,0.0675,4.5
81.0,53.28973,0.0675,142.4859,4.5,0.0675,4.5
81.01,53.2945,0.06753334,142.4987,4.502223,0.06753334,4.502223
81.02,53.29291,0.06753334,142.4944,4.502223,0.06753334,4.502223
81.03,53.28655,0.06753334,142.4774,4.502223,0.06753334,4.502223
81.04,53.28655,0.06753334,142.4774,4.502223,0.06753334,4.502223
81.05,53.29291,0.06756667,142.4944,4.504445,0.06756667,4.504445
81.06,53.30245,0.06756667,142.5199,4.504445,0.06756667,4.504445
81.07,53.31357,0.06756667,142.5497,4.504445,0.06756667,4.504445
81.08,53.31834,0.0676,142.5624,4.506667,0.0676,4.506667
81.09,53.32152,0.0676,142.5709,4.506667,0.0676,4.506667
81.1,53.32311,0.0676,142.5751,4.506667,0.0676,4.506667
81.11,53.32311,0.0676,142.5751,4.506667,0.0676,4.506667
81.12,53.32629,0.06763333,142.5837,4.508889,0.06763333,4.508889
81.13,53.339,0.06763333,142.6177,4.508889,0.06763333,4.508889
81.14,53.3549,0.06763333,142.6602,4.508889,0.06763333,4.508889
81.15,53.36444,0.06763333,142.6857,4.508889,0.06763333,4.508889
81.16,53.36444,0.06766666,142.6857,4.511111,0.06766666,4.511111
81.17,53.36444,0.06766666,142.6857,4.511111,0.06766666,4.511111
81.18,53.36444,0.06766666,142.6857,4.511111,0.06766666,4.511111
81.19,53.36444,0.06766666,142.6857,4.511111,0.06766666,4.511111
81.2,53.37874,0.06766666,142.7239,4.511111,0.06766666,4.511111
81.21,53.40099,0.0677,142.7834,4.513333,0.0677,4.513333
81.22,53.41689,0.0677,142.8259,4.513333,0.0677,4.513333
81.23,53.42166,0.0677,142.8387,4.513333,0.0677,4.513333
81.24,53.41371,0.0677,142.8174,4.513333,0.0677,4.513333
81.25,53.40735,0.06773333,142.8004,4.515555,0.06773333,4.515555
81.26,53.40735,0.06773333,142.8004,4.515555,0.06773333,4.515555
81.27,53.40735,0.06773333,142.8004,4.515555,0.06773333,4.515555
81.28,53.39305,0.06776667,142.7622,4.517778,0.06776667,4.517778
81.29,53.37238,0.06776667,142.7069,4.517778,0.06776667,4.517778
81.3,53.36444,0.06776667,142.6857,4.517778,0.06776667,4.517778
81.31,53.37238,0.06776667,142.7069,4.517778,0.06776667,4.517778
81.32,53.39146,0.0678,142.7579,4.52,0.0678,4.52
81.33,53.40735,0.0678,142.8004,4.52,0.0678,4.52
81.34,53.41212,0.0678,142.8132,4.52,0.0678,4.52
81.35,53.41212,0.0678,142.8132,4.52,0.0678,4.52
81.36,53.41689,0.0678,142.8259,4.52,0.0678,4.52
81.37,53.4296,0.06783333,142.8599,4.522223,0.06783333,4.522223
81.38,53.45027,0.06783333,142.9151,4.522223,0.06783333,4.522223
81.39,53.46616,0.06783333,142.9576,4.522223,0.06783333,4.522223
81.4,53.47093,0.06783333,142.9704,4.522223,0.06783333,4.522223
81.41,53.47093,0.06786667,142.9704,4.524445,0.06786667,4.524445
81.42,53.47411,0.06786667,142.9789,4.524445,0.06786667,4.524445
81.43,53.47729,0.06786667,142.9874,4.524445,0.06786667,4.524445
81.44,53.47411,0.06786667,142.9789,4.524445,0.06786667,4.524445
81.45,53.46934,0.0679,142.9661,4.526667,0.0679,4.526667
81.46,53.47093,0.0679,142.9704,4.526667,0.0679,4.526667
81.47,53.48206,0.0679,143.0001,4.526667,0.0679,4.526667
81.48,53.49318,0.06793334,143.0299,4.528889,0.06793334,4.528889
81.49,53.49954,0.06793334,143.0469,4.528889,0.06793334,4.528889
81.5,53.50272,0.06793334,143.0554,4.528889,0.06793334,4.528889
81.51,53.50272,0.06793334,143.0554,4.528889,0.06793334,4.528889
81.52,53.49954,0.06796667,143.0469,4.531111,0.06796667,4.531111
81.53,53.50272,0.06796667,143.0554,4.531111,0.06796667,4.531111
81.54,53.51067,0.06796667,143.0766,4.531111,0.06796667,4.531111
81.55,53.51543,0.06796667,143.0894,4.531111,0.06796667,4.531111
81.56,53.51067,0.06796667,143.0766,4.531111,0.06796667,4.531111
81.57,53.50272,0.068,143.0554,4.533334,0.068,4.533334
81.58,53.49795,0.068,143.0426,4.533334,0.068,4.533334
81.59,53.5059,0.068,143.0639,4.533334,0.068,4.533334
81.6,53.52179,0.068,143.1064,4.533334,0.068,4.533334
81.61,53.53133,0.06803334,143.1319,4.535556,0.06803334,4.535556
81.62,53.5361,0.06803334,143.1446,4.535556,0.06803334,4.535556
81.63,53.53928,0.06803334,143.1531,4.535556,0.06803334,4.535556
81.64,53.54722,0.06806666,143.1744,4.537777,0.06806666,4.537777
81.65,53.56312,0.06806666,143.2169,4.537777,0.06806666,4.537777
81.66,53.5806,0.06806666,143.2636,4.537777,0.06806666,4.537777
81.67,53.5965,0.06806666,143.3061,4.537777,0.06806666,4.537777
81.68,53.60126,0.0681,143.3189,4.54,0.0681,4.54
81.69,53.59332,0.0681,143.2976,4.54,0.0681,4.54
81.7,53.5806,0.0681,143.2636,4.54,0.0681,4.54
81.71,53.57106,0.0681,143.2381,4.54,0.0681,4.54
81.72,53.57583,0.06813333,143.2509,4.542222,0.06813333,4.542222
81.73,53.5965,0.06813333,143.3061,4.542222,0.06813333,4.542222
81.74,53.61557,0.06813333,143.3571,4.542222,0.06813333,4.542222
81.75,53.62034,0.06813333,143.3699,4.542222,0.06813333,4.542222
81.76,53.61239,0.06813333,143.3486,4.542222,0.06813333,4.542222
81.77,53.60921,0.06816667,143.3401,4.544445,0.06816667,4.544445
81.78,53.61557,0.06816667,143.3571,4.544445,0.06816667,4.544445
81.79,53.62193,0.06816667,143.3741,4.544445,0.06816667,4.544445
81.8,53.62511,0.06816667,143.3826,4.544445,0.06816667,4.544445
81.81,53.62511,0.0682,143.3826,4.546667,0.0682,4.546667
81.82,53.62511,0.0682,143.3826,4.546667,0.0682,4.546667
81.83,53.63623,0.0682,143.4124,4.546667,0.0682,4.546667
81.84,53.64577,0.0682,143.4379,4.546667,0.0682,4.546667
81.85,53.64577,0.06823333,143.4379,4.548889,0.06823333,4.548889
81.86,53.64577,0.06823333,143.4379,4.548889,0.06823333,4.548889
81.87,53.65054,0.06823333,143.4506,4.548889,0.06823333,4.548889
81.88,53.66484,0.06826667,143.4889,4.551111,0.06826667,4.551111
81.89,53.67756,0.06826667,143.5229,4.551111,0.06826667,4.551111
81.9,53.6855,0.06826667,143.5441,4.551111,0.06826667,4.551111
81.91,53.69504,0.06826667,143.5696,4.551111,0.06826667,4.551111
81.92,53.70776,0.06826667,143.6036,4.551111,0.06826667,4.551111
81.93,53.71412,0.0683,143.6206,4.553333,0.0683,4.553333
81.94,53.71094,0.0683,143.6121,4.553333,0.0683,4.553333
81.95,53.7014,0.0683,143.5866,4.553333,0.0683,4.553333
81.96,53.69345,0.0683,143.5654,4.553333,0.0683,4.553333
81.97,53.6871,0.06833334,143.5484,4.555556,0.06833334,4.555556
81.98,53.69345,0.06833334,143.5654,4.555556,0.06833334,4.555556
81.99,53.70617,0.06833334,143.5994,4.555556,0.06833334,4.555556
82.0,53.72206,0.06833334,143.6419,4.555556,0.06833334,4.555556
82.01,53.7316,0.06836667,143.6674,4.557778,0.06836667,4.557778
82.02,53.73955,0.06836667,143.6886,4.557778,0.06836667,4.557778
82.03,53.74432,0.06836667,143.7014,4.557778,0.06836667,4.557778
82.04,53.75226,0.06836667,143.7226,4.557778,0.06836667,4.557778
82.05,53.76021,0.0684,143.7439,4.56,0.0684,4.56
82.06,53.7761,0.0684,143.7864,4.56,0.0684,4.56
82.07,53.8079,0.0684,143.8714,4.56,0.0684,4.56
82.08,53.83015,0.06843334,143.9309,4.562222,0.06843334,4.562222
82.09,53.83015,0.06843334,143.9309,4.562222,0.06843334,4.562222
82.1,53.81266,0.06843334,143.8841,4.562222,0.06843334,4.562222
82.11,53.79359,0.06843334,143.8331,4.562222,0.06843334,4.562222
82.12,53.78723,0.06846667,143.8161,4.564445,0.06846667,4.564445
82.13,53.79359,0.06846667,143.8331,4.564445,0.06846667,4.564445
82.14,53.80471,0.06846667,143.8629,4.564445,0.06846667,4.564445
82.15,53.8079,0.06846667,143.8714,4.564445,0.06846667,4.564445
82.16,53.80154,0.06846667,143.8544,4.564445,0.06846667,4.564445
82.17,53.79995,0.0685,143.8501,4.566667,0.0685,4.566667
82.18,53.80154,0.0685,143.8544,4.566667,0.0685,4.566667
82.19,53.80154,0.0685,143.8544,4.566667,0.0685,4.566667
82.2,53.79359,0.0685,143.8331,4.566667,0.0685,4.566667
82.21,53.792,0.06853333,143.8289,4.568889,0.06853333,4.568889
82.22,53.80471,0.06853333,143.8629,4.568889,0.06853333,4.568889
82.23,53.82538,0.06853333,143.9181,4.568889,0.06853333,4.568889
82.24,53.83809,0.06856667,143.9521,4.571111,0.06856667,4.571111
82.25,53.84922,0.06856667,143.9819,4.571111,0.06856667,4.571111
82.26,53.85399,0.06856667,143.9946,4.571111,0.06856667,4.571111
82.27,53.85876,0.06856667,144.0074,4.571111,0.06856667,4.571111
82.28,53.86512,0.0686,144.0244,4.573333,0.0686,4.573333
82.29,53.87942,0.0686,144.0626,4.573333,0.0686,4.573333
82.3,53.89849,0.0686,144.1136,4.573333,0.0686,4.573333
82.31,53.90644,0.0686,144.1349,4.573333,0.0686,4.573333
82.32,53.90644,0.06863333,144.1349,4.575555,0.06863333,4.575555
82.33,53.90644,0.06863333,144.1349,4.575555,0.06863333,4.575555
82.34,53.91439,0.06863333,144.1561,4.575555,0.06863333,4.575555
82.35,53.92234,0.06863333,144.1774,4.575555,0.06863333,4.575555
82.36,53.93187,0.06866667,144.2029,4.577778,0.06866667,4.577778
82.37,53.93982,0.06866667,144.2241,4.577778,0.06866667,4.577778
82.38,53.93982,0.06866667,144.2241,4.577778,0.06866667,4.577778
82.39,53.943,0.06866667,144.2326,4.577778,0.06866667,4.577778
82.4,53.94777,0.06866667,144.2454,4.577778,0.06866667,4.577778
82.41,53.94777,0.0687,144.2454,4.58,0.0687,4.58
82.42,53.94459,0.0687,144.2369,4.58,0.0687,4.58
82.43,53.93982,0.0687,144.2241,4.58,0.0687,4.58
82.44,53.94459,0.06873333,144.2369,4.582222,0.06873333,4.582222
82.45,53.95572,0.06873333,144.2666,4.582222,0.06873333,4.582222
82.46,53.96366,0.06873333,144.2879,4.582222,0.06873333,4.582222
82.47,53.97161,0.06873333,144.3091,4.582222,0.06873333,4.582222
82.48,53.97956,0.06876667,144.3304,4.584445,0.06876667,4.584445
82.49,53.99386,0.06876667,144.3686,4.584445,0.06876667,4.584445
82.5,54.00499,0.06876667,144.3983,4.584445,0.06876667,4.584445
82.51,54.00817,0.06876667,144.4069,4.584445,0.06876667,4.584445
82.52,54.00499,0.0688,144.3983,4.586667,0.0688,4.586667
82.53,54.00817,0.0688,144.4069,4.586667,0.0688,4.586667
82.54,54.01294,0.0688,144.4196,4.586667,0.0688,4.586667
82.55,54.01294,0.0688,144.4196,4.586667,0.0688,4.586667
82.56,54.00499,0.0688,144.3983,4.586667,0.0688,4.586667
82.57,54.00022,0.06883334,144.3856,4.588889,0.06883334,4.588889
82.58,54.01294,0.06883334,144.4196,4.588889,0.06883334,4.588889
82.59,54.03042,0.06883334,144.4664,4.588889,0.06883334,4.588889
82.6,54.04631,0.06883334,144.5089,4.588889,0.06883334,4.588889
82.61,54.05426,0.06886667,144.5301,4.591111,0.06886667,4.591111
82.62,54.05426,0.06886667,144.5301,4.591111,0.06886667,4.591111
82.63,54.05426,0.06886667,144.5301,4.591111,0.06886667,4.591111
82.64,54.05267,0.0689,144.5258,4.593334,0.0689,4.593334
82.65,54.04472,0.0689,144.5046,4.593334,0.0689,4.593334
82.66,54.0336,0.0689,144.4749,4.593334,0.0689,4.593334
82.67,54.02883,0.0689,144.4621,4.593334,0.0689,4.593334
82.68,54.0336,0.06893333,144.4749,4.595555,0.06893333,4.595555
82.69,54.03836,0.06893333,144.4876,4.595555,0.06893333,4.595555
82.7,54.03678,0.06893333,144.4834,4.595555,0.06893333,4.595555
82.71,54.03042,0.06893333,144.4664,4.595555,0.06893333,4.595555
82.72,54.03678,0.06896666,144.4834,4.597778,0.06896666,4.597778
82.73,54.05267,0.06896666,144.5258,4.597778,0.06896666,4.597778
82.74,54.05903,0.06896666,144.5428,4.597778,0.06896666,4.597778
82.75,54.05903,0.06896666,144.5428,4.597778,0.06896666,4.597778
82.76,54.06221,0.069,144.5513,4.6,0.069,4.6
82.77,54.07016,0.069,144.5726,4.6,0.069,4.6
82.78,54.08605,0.069,144.6151,4.6,0.069,4.6
82.79,54.09558,0.069,144.6406,4.6,0.069,4.6
82.8,54.10671,0.069,144.6703,4.6,0.069,4.6
82.81,54.11943,0.06903333,144.7043,4.602222,0.06903333,4.602222
82.82,54.12738,0.06903333,144.7256,4.602222,0.06903333,4.602222
82.83,54.11943,0.06903333,144.7043,4.602222,0.06903333,4.602222
82.84,54.10989,0.06906667,144.6788,4.604445,0.06906667,4.604445
82.85,54.10989,0.06906667,144.6788,4.604445,0.06906667,4.604445
82.86,54.11943,0.06906667,144.7043,4.604445,0.06906667,4.604445
82.87,54.13214,0.06906667,144.7384,4.604445,0.06906667,4.604445
82.88,54.14486,0.0691,144.7723,4.606667,0.0691,4.606667
82.89,54.16076,0.0691,144.8148,4.606667,0.0691,4.606667
82.9,54.17983,0.0691,144.8658,4.606667,0.0691,4.606667
82.91,54.19731,0.0691,144.9126,4.606667,0.0691,4.606667
82.92,54.20208,0.0691,144.9253,4.606667,0.0691,4.606667
82.93,54.20049,0.06913333,144.9211,4.608889,0.06913333,4.608889
82.94,54.20049,0.06913333,144.9211,4.608889,0.06913333,4.608889
82.95,54.20844,0.06913333,144.9424,4.608889,0.06913333,4.608889
82.96,54.20844,0.06916667,144.9424,4.611111,0.06916667,4.611111
82.97,54.19731,0.06916667,144.9126,4.611111,0.06916667,4.611111
82.98,54.19572,0.06916667,144.9083,4.611111,0.06916667,4.611111
82.99,54.21638,0.06916667,144.9636,4.611111,0.06916667,4.611111
83.0,54.24976,0.06916667,145.0528,4.611111,0.06916667,4.611111
83.01,54.2752,0.0692,145.1208,4.613333,0.0692,4.613333
83.02,54.28314,0.0692,145.1421,4.613333,0.0692,4.613333
83.03,54.28155,0.0692,145.1378,4.613333,0.0692,4.613333
83.04,54.2752,0.06923334,145.1208,4.615556,0.06923334,4.615556
83.05,54.26248,0.06923334,145.0868,4.615556,0.06923334,4.615556
83.06,54.24659,0.06923334,145.0443,4.615556,0.06923334,4.615556
83.07,54.23387,0.06923334,145.0103,4.615556,0.06923334,4.615556
83.08,54.22115,0.06926667,144.9763,4.617778,0.06926667,4.617778
83.09,54.21321,0.06926667,144.9551,4.617778,0.06926667,4.617778
83.1,54.22592,0.06926667,144.9891,4.617778,0.06926667,4.617778
83.11,54.24659,0.06926667,145.0443,4.617778,0.06926667,4.617778
83.12,54.25453,0.0693,145.0656,4.62,0.0693,4.62
83.13,54.2593,0.0693,145.0783,4.62,0.0693,4.62
83.14,54.28155,0.0693,145.1378,4.62,0.0693,4.62
83.15,54.30222,0.0693,145.1931,4.62,0.0693,4.62
83.16,54.30222,0.06933334,145.1931,4.622222,0.06933334,4.622222
83.17,54.29109,0.06933334,145.1633,4.622222,0.06933334,4.622222
83.18,54.29109,0.06933334,145.1633,4.622222,0.06933334,4.622222
83.19,54.30222,0.06933334,145.1931,4.622222,0.06933334,4.622222
83.2,54.3197,0.06933334,145.2398,4.622222,0.06933334,4.622222
83.21,54.34036,0.06936667,145.2951,4.624445,0.06936667,4.624445
83.22,54.35149,0.06936667,145.3248,4.624445,0.06936667,4.624445
83.23,54.34513,0.06936667,145.3078,4.624445,0.06936667,4.624445
83.24,54.33877,0.0694,145.2908,4.626667,0.0694,4.626667
83.25,54.33242,0.0694,145.2738,4.626667,0.0694,4.626667
83.26,54.33242,0.0694,145.2738,4.626667,0.0694,4.626667
83.27,54.33559,0.0694,145.2823,4.626667,0.0694,4.626667
83.28,54.34036,0.06943333,145.2951,4.628889,0.06943333,4.628889
83.29,54.34354,0.06943333,145.3036,4.628889,0.06943333,4.628889
83.3,54.34831,0.06943333,145.3163,4.628889,0.06943333,4.628889
83.31,54.35626,0.06943333,145.3376,4.628889,0.06943333,4.628889
83.32,54.3642,0.06946667,145.3588,4.631111,0.06946667,4.631111
83.33,54.37215,0.06946667,145.3801,4.631111,0.06946667,4.631111
83.34,54.3801,0.06946667,145.4013,4.631111,0.06946667,4.631111
83.35,54.38169,0.06946667,145.4056,4.631111,0.06946667,4.631111
83.36,54.38805,0.06946667,145.4226,4.631111,0.06946667,4.631111
83.37,54.39599,0.0695,145.4438,4.633333,0.0695,4.633333
83.38,54.40871,0.0695,145.4778,4.633333,0.0695,4.633333
83.39,54.41666,0.0695,145.4991,4.633333,0.0695,4.633333
83.4,54.42142,0.0695,145.5118,4.633333,0.0695,4.633333
83.41,54.43414,0.06953333,145.5458,4.635556,0.06953333,4.635556
83.42,54.44686,0.06953333,145.5798,4.635556,0.06953333,4.635556
83.43,54.45004,0.06953333,145.5883,4.635556,0.06953333,4.635556
83.44,54.43414,0.06956667,145.5458,4.637778,0.06956667,4.637778
83.45,54.41825,0.06956667,145.5033,4.637778,0.06956667,4.637778
83.46,54.42142,0.06956667,145.5118,4.637778,0.06956667,4.637778
83.47,54.43732,0.06956667,145.5543,4.637778,0.06956667,4.637778
83.48,54.45957,0.0696,145.6138,4.64,0.0696,4.64
83.49,54.48818,0.0696,145.6903,4.64,0.0696,4.64
83.5,54.50726,0.0696,145.7413,4.64,0.0696,4.64
83.51,54.51202,0.0696,145.7541,4.64,0.0696,4.64
83.52,54.49931,0.06963333,145.7201,4.642222,0.06963333,4.642222
83.53,54.48182,0.06963333,145.6733,4.642222,0.06963333,4.642222
83.54,54.46752,0.06963333,145.6351,4.642222,0.06963333,4.642222
83.55,54.46752,0.06963333,145.6351,4.642222,0.06963333,4.642222
83.56,54.47388,0.06963333,145.6521,4.642222,0.06963333,4.642222
83.57,54.47865,0.06966667,145.6648,4.644444,0.06966667,4.644444
83.58,54.49454,0.06966667,145.7073,4.644444,0.06966667,4.644444
83.59,54.51679,0.06966667,145.7668,4.644444,0.06966667,4.644444
83.6,54.53587,0.06966667,145.8178,4.644444,0.06966667,4.644444
83.61,54.54699,0.0697,145.8476,4.646667,0.0697,4.646667
83.62,54.54858,0.0697,145.8518,4.646667,0.0697,4.646667
83.63,54.54381,0.0697,145.8391,4.646667,0.0697,4.646667
83.64,54.5311,0.06973334,145.8051,4.648889,0.06973334,4.648889
83.65,54.52474,0.06973334,145.7881,4.648889,0.06973334,4.648889
83.66,54.53904,0.06973334,145.8263,4.648889,0.06973334,4.648889
83.67,54.55653,0.06973334,145.8731,4.648889,0.06973334,4.648889
83.68,54.5613,0.06976667,145.8858,4.651112,0.06976667,4.651112
83.69,54.55335,0.06976667,145.8646,4.651112,0.06976667,4.651112
83.7,54.55335,0.06976667,145.8646,4.651112,0.06976667,4.651112
83.71,54.5613,0.06976667,145.8858,4.651112,0.06976667,4.651112
83.72,54.56924,0.06976667,145.9071,4.651112,0.06976667,4.651112
83.73,54.57242,0.0698,145.9156,4.653334,0.0698,4.653334
83.74,54.5756,0.0698,145.9241,4.653334,0.0698,4.653334
83.75,54.58037,0.0698,145.9368,4.653334,0.0698,4.653334
83.76,54.58196,0.06983333,145.9411,4.655555,0.06983333,4.655555
83.77,54.58514,0.06983333,145.9496,4.655555,0.06983333,4.655555
83.78,54.58991,0.06983333,145.9623,4.655555,0.06983333,4.655555
83.79,54.59626,0.06983333,145.9793,4.655555,0.06983333,4.655555
83.8,54.60421,0.06983333,146.0006,4.655555,0.06983333,4.655555
83.81,54.61375,0.06986666,146.0261,4.657778,0.06986666,4.657778
83.82,54.61693,0.06986666,146.0346,4.657778,0.06986666,4.657778
83.83,54.6058,0.06986666,146.0048,4.657778,0.06986666,4.657778
83.84,54.59785,0.0699,145.9836,4.66,0.0699,4.66
83.85,54.59626,0.0699,145.9793,4.66,0.0699,4.66
83.86,54.59626,0.0699,145.9793,4.66,0.0699,4.66
83.87,54.61057,0.0699,146.0176,4.66,0.0699,4.66
83.88,54.63759,0.06993333,146.0898,4.662222,0.06993333,4.662222
83.89,54.65825,0.06993333,146.1451,4.662222,0.06993333,4.662222
83.9,54.66302,0.06993333,146.1578,4.662222,0.06993333,4.662222
83.91,54.66143,0.06993333,146.1536,4.662222,0.06993333,4.662222
83.92,54.66302,0.06996667,146.1578,4.664444,0.06996667,4.664444
83.93,54.66779,0.06996667,146.1705,4.664444,0.06996667,4.664444
83.94,54.6662,0.06996667,146.1663,4.664444,0.06996667,4.664444
83.95,54.66143,0.06996667,146.1536,4.664444,0.06996667,4.664444
83.96,54.66143,0.06996667,146.1536,4.664444,0.06996667,4.664444
83.97,54.6662,0.07,146.1663,4.666667,0.07,4.666667
83.98,54.68209,0.07,146.2088,4.666667,0.07,4.666667
83.99,54.70276,0.07,146.2641,4.666667,0.07,4.666667
84.0,54.72342,0.07,146.3193,4.666667,0.07,4.666667
84.01,54.73932,0.07003333,146.3618,4.668889,0.07003333,4.668889
84.02,54.75362,0.07003333,146.4001,4.668889,0.07003333,4.668889
84.03,54.7568,0.07003333,146.4086,4.668889,0.07003333,4.668889
84.04,54.74091,0.07006667,146.3661,4.671111,0.07006667,4.671111
84.05,54.71547,0.07006667,146.298,4.671111,0.07006667,4.671111
84.06,54.6964,0.07006667,146.2471,4.671111,0.07006667,4.671111
84.07,54.69163,0.07006667,146.2343,4.671111,0.07006667,4.671111
84.08,54.69958,0.0701,146.2556,4.673334,0.0701,4.673334
84.09,54.72024,0.0701,146.3108,4.673334,0.0701,4.673334
84.1,54.73932,0.0701,146.3618,4.673334,0.0701,4.673334
84.11,54.75203,0.0701,146.3958,4.673334,0.0701,4.673334
84.12,54.76475,0.07013334,146.4298,4.675556,0.07013334,4.675556
84.13,54.76952,0.07013334,146.4426,4.675556,0.07013334,4.675556
84.14,54.76475,0.07013334,146.4298,4.675556,0.07013334,4.675556
84.15,54.74726,0.07013334,146.3831,4.675556,0.07013334,4.675556
84.16,54.72819,0.07016667,146.3321,4.677778,0.07016667,4.677778
84.17,54.72501,0.07016667,146.3235,4.677778,0.07016667,4.677778
84.18,54.73296,0.07016667,146.3448,4.677778,0.07016667,4.677778
84.19,54.7568,0.07016667,146.4086,4.677778,0.07016667,4.677778
84.2,54.78541,0.0702,146.485,4.68,0.0702,4.68
84.21,54.80925,0.0702,146.5488,4.68,0.0702,4.68
84.22,54.81402,0.0702,146.5616,4.68,0.0702,4.68
84.23,54.80449,0.0702,146.5361,4.68,0.0702,4.68
84.24,54.80607,0.07023334,146.5403,4.682222,0.07023334,4.682222
84.25,54.8172,0.07023334,146.5701,4.682222,0.07023334,4.682222
84.26,54.81879,0.07023334,146.5743,4.682222,0.07023334,4.682222
84.27,54.81402,0.07023334,146.5616,4.682222,0.07023334,4.682222
84.28,54.8172,0.07026666,146.5701,4.684444,0.07026666,4.684444
84.29,54.82991,0.07026666,146.604,4.684444,0.07026666,4.684444
84.3,54.83945,0.07026666,146.6295,4.684444,0.07026666,4.684444
84.31,54.8474,0.07026666,146.6508,4.684444,0.07026666,4.684444
84.32,54.85376,0.0703,146.6678,4.686666,0.0703,4.686666
84.33,54.85852,0.0703,146.6805,4.686666,0.0703,4.686666
84.34,54.85852,0.0703,146.6805,4.686666,0.0703,4.686666
84.35,54.85852,0.0703,146.6805,4.686666,0.0703,4.686666
84.36,54.86647,0.0703,146.7018,4.686666,0.0703,4.686666
84.37,54.87601,0.07033333,146.7273,4.688889,0.07033333,4.688889
84.38,54.87601,0.07033333,146.7273,4.688889,0.07033333,4.688889
84.39,54.86329,0.07033333,146.6933,4.688889,0.07033333,4.688889
84.4,54.84581,0.07036667,146.6465,4.691111,0.07036667,4.691111
84.41,54.83786,0.07036667,146.6253,4.691111,0.07036667,4.691111
84.42,54.8474,0.07036667,146.6508,4.691111,0.07036667,4.691111
84.43,54.85852,0.07036667,146.6805,4.691111,0.07036667,4.691111
84.44,54.85852,0.0704,146.6805,4.693333,0.0704,4.693333
84.45,54.86171,0.0704,146.689,4.693333,0.0704,4.693333
84.46,54.86806,0.0704,146.706,4.693333,0.0704,4.693333
84.47,54.88396,0.0704,146.7486,4.693333,0.0704,4.693333
84.48,54.90462,0.0704,146.8038,4.693333,0.0704,4.693333
84.49,54.92528,0.07043333,146.859,4.695556,0.07043333,4.695556
84.5,54.94118,0.07043333,146.9015,4.695556,0.07043333,4.695556
84.51,54.94436,0.07043333,146.91,4.695556,0.07043333,4.695556
84.52,54.93959,0.07046667,146.8973,4.697778,0.07046667,4.697778
84.53,54.93641,0.07046667,146.8888,4.697778,0.07046667,4.697778
84.54,54.93323,0.07046667,146.8803,4.697778,0.07046667,4.697778
84.55,54.93323,0.07046667,146.8803,4.697778,0.07046667,4.697778
84.56,54.94118,0.07046667,146.9015,4.697778,0.07046667,4.697778
84.57,54.9523,0.0705,146.9313,4.7,0.0705,4.7
84.58,54.96184,0.0705,146.9568,4.7,0.0705,4.7
84.59,54.96184,0.0705,146.9568,4.7,0.0705,4.7
84.6,54.95707,0.07053334,146.944,4.702222,0.07053334,4.702222
84.61,54.94118,0.07053334,146.9015,4.702222,0.07053334,4.702222
84.62,54.93164,0.07053334,146.876,4.702222,0.07053334,4.702222
84.63,54.93641,0.07053334,146.8888,4.702222,0.07053334,4.702222
84.64,54.94912,0.07056667,146.9228,4.704444,0.07056667,4.704444
84.65,54.95707,0.07056667,146.944,4.704444,0.07056667,4.704444
84.66,54.96025,0.07056667,146.9525,4.704444,0.07056667,4.704444
84.67,54.96025,0.07056667,146.9525,4.704444,0.07056667,4.704444
84.68,54.96502,0.0706,146.9653,4.706667,0.0706,4.706667
84.69,54.97615,0.0706,146.995,4.706667,0.0706,4.706667
84.7,54.99363,0.0706,147.0418,4.706667,0.0706,4.706667
84.71,55.00953,0.0706,147.0843,4.706667,0.0706,4.706667
84.72,55.01111,0.0706,147.0885,4.706667,0.0706,4.706667
84.73,55.00953,0.07063334,147.0843,4.708889,0.07063334,4.708889
84.74,55.01111,0.07063334,147.0885,4.708889,0.07063334,4.708889
84.75,55.01429,0.07063334,147.097,4.708889,0.07063334,4.708889
84.76,55.01429,0.07063334,147.097,4.708889,0.07063334,4.708889
84.77,55.00634,0.07066667,147.0758,4.711112,0.07066667,4.711112
84.78,55.00158,0.07066667,147.063,4.711112,0.07066667,4.711112
84.79,55.00953,0.07066667,147.0843,4.711112,0.07066667,4.711112
84.8,55.03019,0.0707,147.1395,4.713333,0.0707,4.713333
84.81,55.05403,0.0707,147.2033,4.713333,0.0707,4.713333
84.82,55.06992,0.0707,147.2458,4.713333,0.0707,4.713333
84.83,55.06992,0.0707,147.2458,4.713333,0.0707,4.713333
84.84,55.05403,0.07073333,147.2033,4.715555,0.07073333,4.715555
84.85,55.04608,0.07073333,147.182,4.715555,0.07073333,4.715555
84.86,55.05403,0.07073333,147.2033,4.715555,0.07073333,4.715555
84.87,55.06356,0.07073333,147.2288,4.715555,0.07073333,4.715555
84.88,55.06675,0.07073333,147.2373,4.715555,0.07073333,4.715555
84.89,55.06992,0.07076667,147.2458,4.717778,0.07076667,4.717778
84.9,55.06992,0.07076667,147.2458,4.717778,0.07076667,4.717778
84.91,55.06675,0.07076667,147.2373,4.717778,0.07076667,4.717778
84.92,55.06675,0.07076667,147.2373,4.717778,0.07076667,4.717778
84.93,55.07151,0.0708,147.25,4.72,0.0708,4.72
84.94,55.07946,0.0708,147.2713,4.72,0.0708,4.72
84.95,55.09217,0.0708,147.3053,4.72,0.0708,4.72
84.96,55.1033,0.07083333,147.335,4.722222,0.07083333,4.722222
84.97,55.11125,0.07083333,147.3563,4.722222,0.07083333,4.722222
84.98,55.11602,0.07083333,147.369,4.722222,0.07083333,4.722222
84.99,55.12714,0.07083333,147.3988,4.722222,0.07083333,4.722222
85.0,55.1335,0.07086667,147.4158,4.724444,0.07086667,4.724444
85.01,55.13668,0.07086667,147.4243,4.724444,0.07086667,4.724444
85.02,55.14145,0.07086667,147.437,4.724444,0.07086667,4.724444
85.03,55.15575,0.07086667,147.4753,4.724444,0.07086667,4.724444
85.04,55.16529,0.0709,147.5008,4.726667,0.0709,4.726667
85.05,55.16529,0.0709,147.5008,4.726667,0.0709,4.726667
85.06,55.16211,0.0709,147.4923,4.726667,0.0709,4.726667
85.07,55.15734,0.0709,147.4795,4.726667,0.0709,4.726667
85.08,55.15734,0.07093333,147.4795,4.728889,0.07093333,4.728889
85.09,55.16847,0.07093333,147.5093,4.728889,0.07093333,4.728889
85.1,55.1939,0.07093333,147.5773,4.728889,0.07093333,4.728889
85.11,55.21457,0.07093333,147.6325,4.728889,0.07093333,4.728889
85.12,55.2098,0.07093333,147.6198,4.728889,0.07093333,4.728889
85.13,55.19708,0.07096667,147.5858,4.731111,0.07096667,4.731111
85.14,55.19708,0.07096667,147.5858,4.731111,0.07096667,4.731111
85.15,55.2098,0.07096667,147.6198,4.731111,0.07096667,4.731111
85.16,55.21774,0.07096667,147.641,4.731111,0.07096667,4.731111
85.17,55.21297,0.071,147.6283,4.733334,0.071,4.733334
85.18,55.2098,0.071,147.6198,4.733334,0.071,4.733334
85.19,55.2098,0.071,147.6198,4.733334,0.071,4.733334
85.2,55.20662,0.071,147.6113,4.733334,0.071,4.733334
85.21,55.19867,0.07103334,147.59,4.735556,0.07103334,4.735556
85.22,55.18596,0.07103334,147.556,4.735556,0.07103334,4.735556
85.23,55.17801,0.07103334,147.5348,4.735556,0.07103334,4.735556
85.24,55.18596,0.07106667,147.556,4.737778,0.07106667,4.737778
85.25,55.20185,0.07106667,147.5985,4.737778,0.07106667,4.737778
85.26,55.21774,0.07106667,147.641,4.737778,0.07106667,4.737778
85.27,55.22569,0.07106667,147.6623,4.737778,0.07106667,4.737778
85.28,55.22569,0.07106667,147.6623,4.737778,0.07106667,4.737778
85.29,55.23523,0.0711,147.6878,4.74,0.0711,4.74
85.3,55.24635,0.0711,147.7175,4.74,0.0711,4.74
85.31,55.2543,0.0711,147.7388,4.74,0.0711,4.74
85.32,55.25907,0.0711,147.7515,4.74,0.0711,4.74
85.33,55.26702,0.07113333,147.7728,4.742222,0.07113333,4.742222
85.34,55.27973,0.07113333,147.8068,4.742222,0.07113333,4.742222
85.35,55.29563,0.07113333,147.8493,4.742222,0.07113333,4.742222
85.36,55.3004,0.07113333,147.862,4.742222,0.07113333,4.742222
85.37,55.30357,0.07116666,147.8705,4.744444,0.07116666,4.744444
85.38,55.31152,0.07116666,147.8918,4.744444,0.07116666,4.744444
85.39,55.32424,0.07116666,147.9258,4.744444,0.07116666,4.744444
85.4,55.33218,0.0712,147.947,4.746666,0.0712,4.746666
85.41,55.3449,0.0712,147.981,4.746666,0.0712,4.746666
85.42,55.37669,0.0712,148.066,4.746666,0.0712,4.746666
85.43,55.4053,0.0712,148.1425,4.746666,0.0712,4.746666
85.44,55.41325,0.07123333,148.1638,4.748889,0.07123333,4.748889
85.45,55.40689,0.07123333,148.1468,4.748889,0.07123333,4.748889
85.46,55.4053,0.07123333,148.1425,4.748889,0.07123333,4.748889
85.47,55.40689,0.07123333,148.1468,4.748889,0.07123333,4.748889
85.48,55.39735,0.07126667,148.1212,4.751111,0.07126667,4.751111
85.49,55.38623,0.07126667,148.0915,4.751111,0.07126667,4.751111
85.5,55.38623,0.07126667,148.0915,4.751111,0.07126667,4.751111
85.51,55.391,0.07126667,148.1043,4.751111,0.07126667,4.751111
85.52,55.39417,0.07126667,148.1128,4.751111,0.07126667,4.751111
85.53,55.39735,0.0713,148.1212,4.753333,0.0713,4.753333
85.54,55.39894,0.0713,148.1255,4.753333,0.0713,4.753333
85.55,55.39735,0.0713,148.1212,4.753333,0.0713,4.753333
85.56,55.391,0.0713,148.1043,4.753333,0.0713,4.753333
85.57,55.39894,0.07133333,148.1255,4.755556,0.07133333,4.755556
85.58,55.41801,0.07133333,148.1765,4.755556,0.07133333,4.755556
85.59,55.43391,0.07133333,148.219,4.755556,0.07133333,4.755556
85.6,55.44186,0.07136667,148.2402,4.757778,0.07136667,4.757778
85.61,55.44345,0.07136667,148.2445,4.757778,0.07136667,4.757778
85.62,55.43868,0.07136667,148.2318,4.757778,0.07136667,4.757778
85.63,55.42755,0.07136667,148.202,4.757778,0.07136667,4.757778
85.64,55.42755,0.0714,148.202,4.76,0.0714,4.76
85.65,55.44662,0.0714,148.253,4.76,0.0714,4.76
85.66,55.47047,0.0714,148.3168,4.76,0.0714,4.76
85.67,55.48,0.0714,148.3423,4.76,0.0714,4.76
85.68,55.47206,0.0714,148.321,4.76,0.0714,4.76
85.69,55.46252,0.07143334,148.2955,4.762222,0.07143334,4.762222
85.7,55.45616,0.07143334,148.2785,4.762222,0.07143334,4.762222
85.71,55.45616,0.07143334,148.2785,4.762222,0.07143334,4.762222
85.72,55.46252,0.07143334,148.2955,4.762222,0.07143334,4.762222
85.73,55.46729,0.07146667,148.3083,4.764445,0.07146667,4.764445
85.74,55.46729,0.07146667,148.3083,4.764445,0.07146667,4.764445
85.75,55.46729,0.07146667,148.3083,4.764445,0.07146667,4.764445
85.76,55.46729,0.07146667,148.3083,4.764445,0.07146667,4.764445
85.77,55.47523,0.0715,148.3295,4.766667,0.0715,4.766667
85.78,55.47523,0.0715,148.3295,4.766667,0.0715,4.766667
85.79,55.46411,0.0715,148.2997,4.766667,0.0715,4.766667
85.8,55.45616,0.07153334,148.2785,4.768889,0.07153334,4.768889
85.81,55.45934,0.07153334,148.287,4.768889,0.07153334,4.768889
85.82,55.46729,0.07153334,148.3083,4.768889,0.07153334,4.768889
85.83,55.47206,0.07153334,148.321,4.768889,0.07153334,4.768889
85.84,55.48318,0.07156667,148.3508,4.771111,0.07156667,4.771111
85.85,55.49908,0.07156667,148.3932,4.771111,0.07156667,4.771111
85.86,55.51179,0.07156667,148.4272,4.771111,0.07156667,4.771111
85.87,55.51179,0.07156667,148.4272,4.771111,0.07156667,4.771111
85.88,55.51179,0.07156667,148.4272,4.771111,0.07156667,4.771111
85.89,55.52133,0.0716,148.4527,4.773333,0.0716,4.773333
85.9,55.53722,0.0716,148.4952,4.773333,0.0716,4.773333
85.91,55.54517,0.0716,148.5165,4.773333,0.0716,4.773333
85.92,55.54835,0.0716,148.525,4.773333,0.0716,4.773333
85.93,55.56583,0.07163333,148.5717,4.775556,0.07163333,4.775556
85.94,55.59444,0.07163333,148.6482,4.775556,0.07163333,4.775556
85.95,55.61829,0.07163333,148.712,4.775556,0.07163333,4.775556
85.96,55.62305,0.07163333,148.7247,4.775556,0.07163333,4.775556
85.97,55.61034,0.07166667,148.6908,4.777778,0.07166667,4.777778
85.98,55.58968,0.07166667,148.6355,4.777778,0.07166667,4.777778
85.99,55.5706,0.07166667,148.5845,4.777778,0.07166667,4.777778
86.0,55.56424,0.0717,148.5675,4.78,0.0717,4.78
86.01,55.5706,0.0717,148.5845,4.78,0.0717,4.78
86.02,55.5865,0.0717,148.627,4.78,0.0717,4.78
86.03,55.59285,0.0717,148.644,4.78,0.0717,4.78
86.04,55.59285,0.07173333,148.644,4.782222,0.07173333,4.782222
86.05,55.59285,0.07173333,148.644,4.782222,0.07173333,4.782222
86.06,55.60557,0.07173333,148.678,4.782222,0.07173333,4.782222
86.07,55.61511,0.07173333,148.7035,4.782222,0.07173333,4.782222
86.08,55.61829,0.07173333,148.712,4.782222,0.07173333,4.782222
86.09,55.61034,0.07176667,148.6908,4.784444,0.07176667,4.784444
86.1,55.61034,0.07176667,148.6908,4.784444,0.07176667,4.784444
86.11,55.61352,0.07176667,148.6992,4.784444,0.07176667,4.784444
86.12,55.61511,0.07176667,148.7035,4.784444,0.07176667,4.784444
86.13,55.62146,0.0718,148.7205,4.786667,0.0718,4.786667
86.14,55.63577,0.0718,148.7587,4.786667,0.0718,4.786667
86.15,55.65166,0.0718,148.8012,4.786667,0.0718,4.786667
86.16,55.66438,0.0718,148.8352,4.786667,0.0718,4.786667
86.17,55.67233,0.07183333,148.8565,4.788889,0.07183333,4.788889
86.18,55.68822,0.07183333,148.899,4.788889,0.07183333,4.788889
86.19,55.70412,0.07183333,148.9415,4.788889,0.07183333,4.788889
86.2,55.71365,0.07186667,148.967,4.791111,0.07186667,4.791111
86.21,55.70729,0.07186667,148.95,4.791111,0.07186667,4.791111
86.22,55.69935,0.07186667,148.9287,4.791111,0.07186667,4.791111
86.23,55.70412,0.07186667,148.9415,4.791111,0.07186667,4.791111
86.24,55.7216,0.0719,148.9882,4.793334,0.0719,4.793334
86.25,55.72955,0.0719,149.0095,4.793334,0.0719,4.793334
86.26,55.72478,0.0719,148.9967,4.793334,0.0719,4.793334
86.27,55.71206,0.0719,148.9627,4.793334,0.0719,4.793334
86.28,55.70889,0.0719,148.9542,4.793334,0.0719,4.793334
86.29,55.71683,0.07193334,148.9755,4.795556,0.07193334,4.795556
86.3,55.72796,0.07193334,149.0052,4.795556,0.07193334,4.795556
86.31,55.7375,0.07193334,149.0307,4.795556,0.07193334,4.795556
86.32,55.74067,0.07193334,149.0392,4.795556,0.07193334,4.795556
86.33,55.7359,0.07196667,149.0265,4.797778,0.07196667,4.797778
86.34,55.73273,0.07196667,149.018,4.797778,0.07196667,4.797778
86.35,55.7375,0.07196667,149.0307,4.797778,0.07196667,4.797778
86.36,55.75021,0.07196667,149.0647,4.797778,0.07196667,4.797778
86.37,55.75816,0.072,149.086,4.8,0.072,4.8
86.38,55.76134,0.072,149.0945,4.8,0.072,4.8
86.39,55.76611,0.072,149.1072,4.8,0.072,4.8
86.4,55.76928,0.07203333,149.1157,4.802222,0.07203333,4.802222
86.41,55.76928,0.07203333,149.1157,4.802222,0.07203333,4.802222
86.42,55.76134,0.07203333,149.0945,4.802222,0.07203333,4.802222
86.43,55.75816,0.07203333,149.086,4.802222,0.07203333,4.802222
86.44,55.76611,0.07206666,149.1072,4.804444,0.07206666,4.804444
86.45,55.77882,0.07206666,149.1412,4.804444,0.07206666,4.804444
86.46,55.79472,0.07206666,149.1837,4.804444,0.07206666,4.804444
86.47,55.80584,0.07206666,149.2135,4.804444,0.07206666,4.804444
86.48,55.81061,0.07206666,149.2262,4.804444,0.07206666,4.804444
86.49,55.81061,0.0721,149.2262,4.806666,0.0721,4.806666
86.5,55.81061,0.0721,149.2262,4.806666,0.0721,4.806666
86.51,55.81379,0.0721,149.2347,4.806666,0.0721,4.806666
86.52,55.81538,0.0721,149.239,4.806666,0.0721,4.806666
86.53,55.82174,0.07213333,149.256,4.808889,0.07213333,4.808889
86.54,55.8265,0.07213333,149.2687,4.808889,0.07213333,4.808889
86.55,55.83445,0.07213333,149.29,4.808889,0.07213333,4.808889
86.56,55.84399,0.07213333,149.3155,4.808889,0.07213333,4.808889
86.57,55.86306,0.07216667,149.3665,4.811111,0.07216667,4.811111
86.58,55.88531,0.07216667,149.426,4.811111,0.07216667,4.811111
86.59,55.89644,0.07216667,149.4557,4.811111,0.07216667,4.811111
86.6,55.88531,0.0722,149.426,4.813334,0.0722,4.813334
86.61,55.87101,0.0722,149.3877,4.813334,0.0722,4.813334
86.62,55.86306,0.0722,149.3665,4.813334,0.0722,4.813334
86.63,55.86306,0.0722,149.3665,4.813334,0.0722,4.813334
86.64,55.85988,0.07223333,149.358,4.815556,0.07223333,4.815556
86.65,55.84717,0.07223333,149.324,4.815556,0.07223333,4.815556
86.66,55.83127,0.07223333,149.2815,4.815556,0.07223333,4.815556
86.67,55.82809,0.07223333,149.273,4.815556,0.07223333,4.815556
86.68,55.8424,0.07223333,149.3112,4.815556,0.07223333,4.815556
86.69,55.85988,0.07226667,149.358,4.817778,0.07226667,4.817778
86.7,55.87896,0.07226667,149.409,4.817778,0.07226667,4.817778
86.71,55.88849,0.07226667,149.4345,4.817778,0.07226667,4.817778
86.72,55.89644,0.07226667,149.4557,4.817778,0.07226667,4.817778
86.73,55.90439,0.0723,149.477,4.82,0.0723,4.82
86.74,55.92028,0.0723,149.5195,4.82,0.0723,4.82
86.75,55.933,0.0723,149.5535,4.82,0.0723,4.82
86.76,55.94094,0.0723,149.5747,4.82,0.0723,4.82
86.77,55.94094,0.07233334,149.5747,4.822222,0.07233334,4.822222
86.78,55.94254,0.07233334,149.579,4.822222,0.07233334,4.822222
86.79,55.95366,0.07233334,149.6087,4.822222,0.07233334,4.822222
86.8,55.96638,0.07236667,149.6427,4.824445,0.07236667,4.824445
86.81,55.9775,0.07236667,149.6725,4.824445,0.07236667,4.824445
86.82,55.98545,0.07236667,149.6937,4.824445,0.07236667,4.824445
86.83,55.99499,0.07236667,149.7192,4.824445,0.07236667,4.824445
86.84,55.99817,0.07236667,149.7277,4.824445,0.07236667,4.824445
86.85,55.9934,0.0724,149.715,4.826667,0.0724,4.826667
86.86,55.97909,0.0724,149.6767,4.826667,0.0724,4.826667
86.87,55.97115,0.0724,149.6555,4.826667,0.0724,4.826667
86.88,55.97432,0.0724,149.664,4.826667,0.0724,4.826667
86.89,55.97909,0.07243334,149.6767,4.828889,0.07243334,4.828889
86.9,55.98227,0.07243334,149.6852,4.828889,0.07243334,4.828889
86.91,55.98704,0.07243334,149.698,4.828889,0.07243334,4.828889
86.92,56.00293,0.07243334,149.7405,4.828889,0.07243334,4.828889
86.93,56.0236,0.07246666,149.7957,4.831111,0.07246666,4.831111
86.94,56.05062,0.07246666,149.868,4.831111,0.07246666,4.831111
86.95,56.07605,0.07246666,149.936,4.831111,0.07246666,4.831111
86.96,56.09353,0.07246666,149.9827,4.831111,0.07246666,4.831111
86.97,56.10784,0.0725,150.021,4.833333,0.0725,4.833333
86.98,56.10466,0.0725,150.0125,4.833333,0.0725,4.833333
86.99,56.09353,0.0725,149.9827,4.833333,0.0725,4.833333
87.0,56.08876,0.07253333,149.97,4.835556,0.07253333,4.835556
87.01,56.08876,0.07253333,149.97,4.835556,0.07253333,4.835556
87.02,56.08718,0.07253333,149.9657,4.835556,0.07253333,4.835556
87.03,56.07605,0.07253333,149.936,4.835556,0.07253333,4.835556
87.04,56.06334,0.07253333,149.902,4.835556,0.07253333,4.835556
87.05,56.05857,0.07256667,149.8892,4.837778,0.07256667,4.837778
87.06,56.06334,0.07256667,149.902,4.837778,0.07256667,4.837778
87.07,56.07605,0.07256667,149.936,4.837778,0.07256667,4.837778
87.08,56.084,0.07256667,149.9572,4.837778,0.07256667,4.837778
87.09,56.08718,0.0726,149.9657,4.84,0.0726,4.84
87.1,56.09353,0.0726,149.9827,4.84,0.0726,4.84
87.11,56.10784,0.0726,150.021,4.84,0.0726,4.84
87.12,56.11737,0.0726,150.0464,4.84,0.0726,4.84
87.13,56.13009,0.07263333,150.0805,4.842222,0.07263333,4.842222
87.14,56.1444,0.07263333,150.1187,4.842222,0.07263333,4.842222
87.15,56.1587,0.07263333,150.157,4.842222,0.07263333,4.842222
87.16,56.16506,0.07263333,150.174,4.842222,0.07263333,4.842222
87.17,56.16665,0.07266667,150.1782,4.844444,0.07266667,4.844444
87.18,56.16983,0.07266667,150.1867,4.844444,0.07266667,4.844444
87.19,56.17778,0.07266667,150.2079,4.844444,0.07266667,4.844444
87.2,56.18572,0.0727,150.2292,4.846667,0.0727,4.846667
87.21,56.18572,0.0727,150.2292,4.846667,0.0727,4.846667
87.22,56.17459,0.0727,150.1994,4.846667,0.0727,4.846667
87.23,56.16665,0.0727,150.1782,4.846667,0.0727,4.846667
87.24,56.16188,0.0727,150.1655,4.846667,0.0727,4.846667
87.25,56.1587,0.07273334,150.157,4.848889,0.07273334,4.848889
87.26,56.15393,0.07273334,150.1442,4.848889,0.07273334,4.848889
87.27,56.15393,0.07273334,150.1442,4.848889,0.07273334,4.848889
87.28,56.16665,0.07273334,150.1782,4.848889,0.07273334,4.848889
87.29,56.19367,0.07276667,150.2504,4.851111,0.07276667,4.851111
87.3,56.21592,0.07276667,150.31,4.851111,0.07276667,4.851111
87.31,56.21592,0.07276667,150.31,4.851111,0.07276667,4.851111
87.32,56.19844,0.07276667,150.2632,4.851111,0.07276667,4.851111
87.33,56.18731,0.0728,150.2335,4.853333,0.0728,4.853333
87.34,56.20321,0.0728,150.2759,4.853333,0.0728,4.853333
87.35,56.22228,0.0728,150.327,4.853333,0.0728,4.853333
87.36,56.22228,0.0728,150.327,4.853333,0.0728,4.853333
87.37,56.21433,0.07283334,150.3057,4.855556,0.07283334,4.855556
87.38,56.21592,0.07283334,150.31,4.855556,0.07283334,4.855556
87.39,56.22705,0.07283334,150.3397,4.855556,0.07283334,4.855556
87.4,56.24771,0.07286667,150.3949,4.857778,0.07286667,4.857778
87.41,56.27314,0.07286667,150.463,4.857778,0.07286667,4.857778
87.42,56.28745,0.07286667,150.5012,4.857778,0.07286667,4.857778
87.43,56.28745,0.07286667,150.5012,4.857778,0.07286667,4.857778
87.44,56.27632,0.07286667,150.4714,4.857778,0.07286667,4.857778
87.45,56.27632,0.0729,150.4714,4.86,0.0729,4.86
87.46,56.28427,0.0729,150.4927,4.86,0.0729,4.86
87.47,56.29222,0.0729,150.5139,4.86,0.0729,4.86
87.48,56.30016,0.0729,150.5352,4.86,0.0729,4.86
87.49,56.3097,0.07293333,150.5607,4.862222,0.07293333,4.862222
87.5,56.31765,0.07293333,150.5819,4.862222,0.07293333,4.862222
87.51,56.31765,0.07293333,150.5819,4.862222,0.07293333,4.862222
87.52,56.31288,0.07293333,150.5692,4.862222,0.07293333,4.862222
87.53,56.3097,0.07296667,150.5607,4.864444,0.07296667,4.864444
87.54,56.3097,0.07296667,150.5607,4.864444,0.07296667,4.864444
87.55,56.3097,0.07296667,150.5607,4.864444,0.07296667,4.864444
87.56,56.3097,0.07296667,150.5607,4.864444,0.07296667,4.864444
87.57,56.3097,0.073,150.5607,4.866667,0.073,4.866667
87.58,56.31288,0.073,150.5692,4.866667,0.073,4.866667
87.59,56.31288,0.073,150.5692,4.866667,0.073,4.866667
87.6,56.31765,0.07303333,150.5819,4.868889,0.07303333,4.868889
87.61,56.3256,0.07303333,150.6032,4.868889,0.07303333,4.868889
87.62,56.33036,0.07303333,150.6159,4.868889,0.07303333,4.868889
87.63,56.33036,0.07303333,150.6159,4.868889,0.07303333,4.868889
87.64,56.3256,0.07303333,150.6032,4.868889,0.07303333,4.868889
87.65,56.32083,0.07306667,150.5904,4.871111,0.07306667,4.871111
87.66,56.31765,0.07306667,150.5819,4.871111,0.07306667,4.871111
87.67,56.31765,0.07306667,150.5819,4.871111,0.07306667,4.871111
87.68,56.32241,0.07306667,150.5947,4.871111,0.07306667,4.871111
87.69,56.33354,0.0731,150.6244,4.873333,0.0731,4.873333
87.7,56.35102,0.0731,150.6712,4.873333,0.0731,4.873333
87.71,56.37487,0.0731,150.7349,4.873333,0.0731,4.873333
87.72,56.39076,0.0731,150.7774,4.873333,0.0731,4.873333
87.73,56.39553,0.07313333,150.7902,4.875556,0.07313333,4.875556
87.74,56.39394,0.07313333,150.7859,4.875556,0.07313333,4.875556
87.75,56.38599,0.07313333,150.7647,4.875556,0.07313333,4.875556
87.76,56.38282,0.07313333,150.7562,4.875556,0.07313333,4.875556
87.77,56.38758,0.07316667,150.7689,4.877778,0.07316667,4.877778
87.78,56.40666,0.07316667,150.8199,4.877778,0.07316667,4.877778
87.79,56.42414,0.07316667,150.8667,4.877778,0.07316667,4.877778
87.8,56.43527,0.0732,150.8964,4.88,0.0732,4.88
87.81,56.43527,0.0732,150.8964,4.88,0.0732,4.88
87.82,56.43527,0.0732,150.8964,4.88,0.0732,4.88
87.83,56.44004,0.0732,150.9092,4.88,0.0732,4.88
87.84,56.44481,0.0732,150.9219,4.88,0.0732,4.88
87.85,56.43686,0.07323334,150.9007,4.882222,0.07323334,4.882222
87.86,56.43686,0.07323334,150.9007,4.882222,0.07323334,4.882222
87.87,56.45116,0.07323334,150.9389,4.882222,0.07323334,4.882222
87.88,56.45911,0.07323334,150.9602,4.882222,0.07323334,4.882222
87.89,56.45275,0.07326667,150.9432,4.884445,0.07326667,4.884445
87.9,56.44321,0.07326667,150.9177,4.884445,0.07326667,4.884445
87.91,56.43527,0.07326667,150.8964,4.884445,0.07326667,4.884445
87.92,56.42732,0.07326667,150.8752,4.884445,0.07326667,4.884445
87.93,56.41619,0.0733,150.8454,4.886667,0.0733,4.886667
87.94,56.41619,0.0733,150.8454,4.886667,0.0733,4.886667
87.95,56.42255,0.0733,150.8624,4.886667,0.0733,4.886667
87.96,56.4305,0.0733,150.8837,4.886667,0.0733,4.886667
87.97,56.43527,0.07333333,150.8964,4.888889,0.07333333,4.888889
87.98,56.44798,0.07333333,150.9304,4.888889,0.07333333,4.888889
87.99,56.46547,0.07333333,150.9772,4.888889,0.07333333,4.888889
88.0,56.48136,0.07333333,151.0197,4.888889,0.07333333,4.888889
88.01,56.49408,0.07336666,151.0537,4.891111,0.07336666,4.891111
88.02,56.50838,0.07336666,151.0919,4.891111,0.07336666,4.891111
88.03,56.52428,0.07336666,151.1344,4.891111,0.07336666,4.891111
88.04,56.53699,0.07336666,151.1684,4.891111,0.07336666,4.891111
88.05,56.54176,0.0734,151.1812,4.893333,0.0734,4.893333
88.06,56.53858,0.0734,151.1727,4.893333,0.0734,4.893333
88.07,56.53064,0.0734,151.1514,4.893333,0.0734,4.893333
88.08,56.5211,0.0734,151.1259,4.893333,0.0734,4.893333
88.09,56.51792,0.07343333,151.1174,4.895555,0.07343333,4.895555
88.1,56.52587,0.07343333,151.1387,4.895555,0.07343333,4.895555
88.11,56.54176,0.07343333,151.1812,4.895555,0.07343333,4.895555
88.12,56.55448,0.07343333,151.2152,4.895555,0.07343333,4.895555
88.13,56.56242,0.07346667,151.2364,4.897778,0.07346667,4.897778
88.14,56.5656,0.07346667,151.2449,4.897778,0.07346667,4.897778
88.15,56.56242,0.07346667,151.2364,4.897778,0.07346667,4.897778
88.16,56.5656,0.07346667,151.2449,4.897778,0.07346667,4.897778
88.17,56.57832,0.0735,151.2789,4.9,0.0735,4.9
88.18,56.5958,0.0735,151.3257,4.9,0.0735,4.9
88.19,56.60216,0.0735,151.3427,4.9,0.0735,4.9
88.2,56.59898,0.0735,151.3342,4.9,0.0735,4.9
88.21,56.59103,0.07353333,151.3129,4.902222,0.07353333,4.902222
88.22,56.58786,0.07353333,151.3044,4.902222,0.07353333,4.902222
88.23,56.5958,0.07353333,151.3257,4.902222,0.07353333,4.902222
88.24,56.61011,0.07353333,151.3639,4.902222,0.07353333,4.902222
88.25,56.62282,0.07356667,151.3979,4.904445,0.07356667,4.904445
88.26,56.62441,0.07356667,151.4022,4.904445,0.07356667,4.904445
88.27,56.62441,0.07356667,151.4022,4.904445,0.07356667,4.904445
88.28,56.61964,0.07356667,151.3894,4.904445,0.07356667,4.904445
88.29,56.61488,0.0736,151.3767,4.906667,0.0736,4.906667
88.3,56.61011,0.0736,151.3639,4.906667,0.0736,4.906667
88.31,56.61488,0.0736,151.3767,4.906667,0.0736,4.906667
88.32,56.63077,0.0736,151.4192,4.906667,0.0736,4.906667
88.33,56.65143,0.07363334,151.4744,4.908889,0.07363334,4.908889
88.34,56.6721,0.07363334,151.5297,4.908889,0.07363334,4.908889
88.35,56.68799,0.07363334,151.5722,4.908889,0.07363334,4.908889
88.36,56.68958,0.07366667,151.5764,4.911111,0.07366667,4.911111
88.37,56.68004,0.07366667,151.5509,4.911111,0.07366667,4.911111
88.38,56.66097,0.07366667,151.4999,4.911111,0.07366667,4.911111
88.39,56.64825,0.07366667,151.4659,4.911111,0.07366667,4.911111
88.4,56.6562,0.07366667,151.4872,4.911111,0.07366667,4.911111
88.41,56.67369,0.0737,151.5339,4.913333,0.0737,4.913333
88.42,56.68481,0.0737,151.5637,4.913333,0.0737,4.913333
88.43,56.68958,0.0737,151.5764,4.913333,0.0737,4.913333
88.44,56.68958,0.0737,151.5764,4.913333,0.0737,4.913333
88.45,56.69753,0.07373334,151.5977,4.915556,0.07373334,4.915556
88.46,56.70547,0.07373334,151.6189,4.915556,0.07373334,4.915556
88.47,56.71024,0.07373334,151.6317,4.915556,0.07373334,4.915556
88.48,56.72137,0.07373334,151.6614,4.915556,0.07373334,4.915556
88.49,56.72932,0.07376667,151.6827,4.917778,0.07376667,4.917778
88.5,56.73091,0.07376667,151.6869,4.917778,0.07376667,4.917778
88.51,56.73091,0.07376667,151.6869,4.917778,0.07376667,4.917778
88.52,56.74203,0.07376667,151.7167,4.917778,0.07376667,4.917778
88.53,56.75475,0.0738,151.7507,4.92,0.0738,4.92
88.54,56.75952,0.0738,151.7634,4.92,0.0738,4.92
88.55,56.75316,0.0738,151.7464,4.92,0.0738,4.92
88.56,56.74521,0.0738,151.7252,4.92,0.0738,4.92
88.57,56.73885,0.07383333,151.7082,4.922222,0.07383333,4.922222
88.58,56.73885,0.07383333,151.7082,4.922222,0.07383333,4.922222
88.59,56.75316,0.07383333,151.7464,4.922222,0.07383333,4.922222
88.6,56.76587,0.07386667,151.7804,4.924444,0.07386667,4.924444
88.61,56.76587,0.07386667,151.7804,4.924444,0.07386667,4.924444
88.62,56.75316,0.07386667,151.7464,4.924444,0.07386667,4.924444
88.63,56.74203,0.07386667,151.7167,4.924444,0.07386667,4.924444
88.64,56.74521,0.0739,151.7252,4.926667,0.0739,4.926667
88.65,56.75316,0.0739,151.7464,4.926667,0.0739,4.926667
88.66,56.76587,0.0739,151.7804,4.926667,0.0739,4.926667
88.67,56.77859,0.0739,151.8144,4.926667,0.0739,4.926667
88.68,56.79131,0.0739,151.8484,4.926667,0.0739,4.926667
88.69,56.80402,0.07393333,151.8824,4.928889,0.07393333,4.928889
88.7,56.8072,0.07393333,151.8909,4.928889,0.07393333,4.928889
88.71,56.79448,0.07393333,151.8569,4.928889,0.07393333,4.928889
88.72,56.78654,0.07393333,151.8357,4.928889,0.07393333,4.928889
88.73,56.78813,0.07396667,151.8399,4.931111,0.07396667,4.931111
88.74,56.79607,0.07396667,151.8612,4.931111,0.07396667,4.931111
88.75,56.80243,0.07396667,151.8782,4.931111,0.07396667,4.931111
88.76,56.81038,0.074,151.8994,4.933333,0.074,4.933333
88.77,56.82309,0.074,151.9334,4.933333,0.074,4.933333
88.78,56.82468,0.074,151.9377,4.933333,0.074,4.933333
88.79,56.81992,0.074,151.9249,4.933333,0.074,4.933333
88.8,56.81674,0.074,151.9164,4.933333,0.074,4.933333
88.81,56.82468,0.07403333,151.9377,4.935555,0.07403333,4.935555
88.82,56.83581,0.07403333,151.9674,4.935555,0.07403333,4.935555
88.83,56.84058,0.07403333,151.9801,4.935555,0.07403333,4.935555
88.84,56.84058,0.07403333,151.9801,4.935555,0.07403333,4.935555
88.85,56.84535,0.07406667,151.9929,4.937778,0.07406667,4.937778
88.86,56.84853,0.07406667,152.0014,4.937778,0.07406667,4.937778
88.87,56.84535,0.07406667,151.9929,4.937778,0.07406667,4.937778
88.88,56.84058,0.07406667,151.9801,4.937778,0.07406667,4.937778
88.89,56.83899,0.0741,151.9759,4.94,0.0741,4.94
88.9,56.84376,0.0741,151.9886,4.94,0.0741,4.94
88.91,56.8517,0.0741,152.0099,4.94,0.0741,4.94
88.92,56.86442,0.0741,152.0439,4.94,0.0741,4.94
88.93,56.88508,0.07413334,152.0992,4.942223,0.07413334,4.942223
88.94,56.91051,0.07413334,152.1671,4.942223,0.07413334,4.942223
88.95,56.93118,0.07413334,152.2224,4.942223,0.07413334,4.942223
88.96,56.93753,0.07413334,152.2394,4.942223,0.07413334,4.942223
88.97,56.93436,0.07416667,152.2309,4.944445,0.07416667,4.944445
88.98,56.93118,0.07416667,152.2224,4.944445,0.07416667,4.944445
88.99,56.93913,0.07416667,152.2436,4.944445,0.07416667,4.944445
89.0,56.95502,0.07416667,152.2861,4.944445,0.07416667,4.944445
89.01,56.96614,0.0742,152.3159,4.946667,0.0742,4.946667
89.02,56.97409,0.0742,152.3371,4.946667,0.0742,4.946667
89.03,56.97568,0.0742,152.3414,4.946667,0.0742,4.946667
89.04,56.97409,0.0742,152.3371,4.946667,0.0742,4.946667
89.05,56.97409,0.07423333,152.3371,4.948889,0.07423333,4.948889
89.06,56.96774,0.07423333,152.3201,4.948889,0.07423333,4.948889
89.07,56.97091,0.07423333,152.3286,4.948889,0.07423333,4.948889
89.08,56.98363,0.07423333,152.3626,4.948889,0.07423333,4.948889
89.09,57.0027,0.07426666,152.4137,4.951111,0.07426666,4.951111
89.1,57.01224,0.07426666,152.4391,4.951111,0.07426666,4.951111
89.11,57.01065,0.07426666,152.4349,4.951111,0.07426666,4.951111
89.12,56.99635,0.07426666,152.3966,4.951111,0.07426666,4.951111
89.13,56.9884,0.0743,152.3754,4.953333,0.0743,4.953333
89.14,56.98681,0.0743,152.3711,4.953333,0.0743,4.953333
89.15,56.99475,0.0743,152.3924,4.953333,0.0743,4.953333
89.16,57.01065,0.07433333,152.4349,4.955555,0.07433333,4.955555
89.17,57.02813,0.07433333,152.4816,4.955555,0.07433333,4.955555
89.18,57.03926,0.07433333,152.5114,4.955555,0.07433333,4.955555
89.19,57.04721,0.07433333,152.5326,4.955555,0.07433333,4.955555
89.2,57.05198,0.07433333,152.5454,4.955555,0.07433333,4.955555
89.21,57.0488,0.07436667,152.5369,4.957778,0.07436667,4.957778
89.22,57.04085,0.07436667,152.5156,4.957778,0.07436667,4.957778
89.23,57.02813,0.07436667,152.4816,4.957778,0.07436667,4.957778
89.24,57.02019,0.07436667,152.4604,4.957778,0.07436667,4.957778
89.25,57.02019,0.0744,152.4604,4.96,0.0744,4.96
89.26,57.03608,0.0744,152.5029,4.96,0.0744,4.96
89.27,57.04403,0.0744,152.5241,4.96,0.0744,4.96
89.28,57.0329,0.0744,152.4944,4.96,0.0744,4.96
89.29,57.0186,0.07443333,152.4561,4.962222,0.07443333,4.962222
89.3,57.02337,0.07443333,152.4689,4.962222,0.07443333,4.962222
89.31,57.0488,0.07443333,152.5369,4.962222,0.07443333,4.962222
89.32,57.06946,0.07443333,152.5921,4.962222,0.07443333,4.962222
89.33,57.07264,0.07446667,152.6006,4.964445,0.07446667,4.964445
89.34,57.07264,0.07446667,152.6006,4.964445,0.07446667,4.964445
89.35,57.07264,0.07446667,152.6006,4.964445,0.07446667,4.964445
89.36,57.07582,0.0745,152.6091,4.966667,0.0745,4.966667
89.37,57.08218,0.0745,152.6261,4.966667,0.0745,4.966667
89.38,57.09012,0.0745,152.6474,4.966667,0.0745,4.966667
89.39,57.09648,0.0745,152.6644,4.966667,0.0745,4.966667
89.4,57.10125,0.07453334,152.6771,4.968889,0.07453334,4.968889
89.41,57.1092,0.07453334,152.6984,4.968889,0.07453334,4.968889
89.42,57.11079,0.07453334,152.7026,4.968889,0.07453334,4.968889
89.43,57.12191,0.07453334,152.7324,4.968889,0.07453334,4.968889
89.44,57.14576,0.07453334,152.7961,4.968889,0.07453334,4.968889
89.45,57.16801,0.07456667,152.8556,4.971111,0.07456667,4.971111
89.46,57.17118,0.07456667,152.8641,4.971111,0.07456667,4.971111
89.47,57.15529,0.07456667,152.8216,4.971111,0.07456667,4.971111
89.48,57.14576,0.07456667,152.7961,4.971111,0.07456667,4.971111
89.49,57.15052,0.0746,152.8089,4.973333,0.0746,4.973333
89.5,57.16324,0.0746,152.8429,4.973333,0.0746,4.973333
89.51,57.16324,0.0746,152.8429,4.973333,0.0746,4.973333
89.52,57.15847,0.0746,152.8301,4.973333,0.0746,4.973333
89.53,57.15529,0.07463334,152.8216,4.975556,0.07463334,4.975556
89.54,57.15529,0.07463334,152.8216,4.975556,0.07463334,4.975556
89.55,57.15847,0.07463334,152.8301,4.975556,0.07463334,4.975556
89.56,57.16324,0.07466666,152.8429,4.977777,0.07466666,4.977777
89.57,57.17118,0.07466666,152.8641,4.977777,0.07466666,4.977777
89.58,57.17595,0.07466666,152.8769,4.977777,0.07466666,4.977777
89.59,57.17118,0.07466666,152.8641,4.977777,0.07466666,4.977777
89.6,57.16165,0.07466666,152.8386,4.977777,0.07466666,4.977777
89.61,57.15529,0.0747,152.8216,4.98,0.0747,4.98
89.62,57.16642,0.0747,152.8514,4.98,0.0747,4.98
89.63,57.17437,0.0747,152.8726,4.98,0.0747,4.98
89.64,57.17437,0.0747,152.8726,4.98,0.0747,4.98
89.65,57.17595,0.07473333,152.8769,4.982222,0.07473333,4.982222
89.66,57.19185,0.07473333,152.9194,4.982222,0.07473333,4.982222
89.67,57.20456,0.07473333,152.9534,4.982222,0.07473333,4.982222
89.68,57.20774,0.07473333,152.9619,4.982222,0.07473333,4.982222
89.69,57.21092,0.07476667,152.9704,4.984445,0.07476667,4.984445
89.7,57.22046,0.07476667,152.9959,4.984445,0.07476667,4.984445
89.71,57.23953,0.07476667,153.0469,4.984445,0.07476667,4.984445
89.72,57.25384,0.07476667,153.0851,4.984445,0.07476667,4.984445
89.73,57.25702,0.0748,153.0936,4.986667,0.0748,4.986667
89.74,57.25702,0.0748,153.0936,4.986667,0.0748,4.986667
89.75,57.27291,0.0748,153.1361,4.986667,0.0748,4.986667
89.76,57.29834,0.07483333,153.2041,4.988889,0.07483333,4.988889
89.77,57.31424,0.07483333,153.2466,4.988889,0.07483333,4.988889
89.78,57.319,0.07483333,153.2594,4.988889,0.07483333,4.988889
89.79,57.31424,0.07483333,153.2466,4.988889,0.07483333,4.988889
89.8,57.30152,0.07483333,153.2126,4.988889,0.07483333,4.988889
89.81,57.28881,0.07486667,153.1786,4.991111,0.07486667,4.991111
89.82,57.28086,0.07486667,153.1574,4.991111,0.07486667,4.991111
89.83,57.28086,0.07486667,153.1574,4.991111,0.07486667,4.991111
89.84,57.28245,0.07486667,153.1616,4.991111,0.07486667,4.991111
89.85,57.28881,0.0749,153.1786,4.993333,0.0749,4.993333
89.86,57.29675,0.0749,153.1999,4.993333,0.0749,4.993333
89.87,57.30152,0.0749,153.2126,4.993333,0.0749,4.993333
89.88,57.30152,0.0749,153.2126,4.993333,0.0749,4.993333
89.89,57.30152,0.07493334,153.2126,4.995556,0.07493334,4.995556
89.9,57.29834,0.07493334,153.2041,4.995556,0.07493334,4.995556
89.91,57.29358,0.07493334,153.1914,4.995556,0.07493334,4.995556
89.92,57.29039,0.07493334,153.1829,4.995556,0.07493334,4.995556
89.93,57.3047,0.07496667,153.2211,4.997778,0.07496667,4.997778
89.94,57.319,0.07496667,153.2594,4.997778,0.07496667,4.997778
89.95,57.33013,0.07496667,153.2891,4.997778,0.07496667,4.997778
89.96,57.33808,0.07496667,153.3104,4.997778,0.07496667,4.997778
89.97,57.35397,0.075,153.3529,5.0,0.075,5.0
89.98,57.36192,0.075,153.3741,5.0,0.075,5.0
89.99,57.3508,0.075,153.3444,5.0,0.075,5.0
90.0,57.33013,0.075,153.2891,5.0,0.075,5.0
90.01,57.31742,0.07503334,153.2551,5.002223,0.07503334,5.002223
90.02,57.319,0.07503334,153.2594,5.002223,0.07503334,5.002223
90.03,57.319,0.07503334,153.2594,5.002223,0.07503334,5.002223
90.04,57.319,0.07503334,153.2594,5.002223,0.07503334,5.002223
90.05,57.33331,0.07506667,153.2976,5.004445,0.07506667,5.004445
90.06,57.35556,0.07506667,153.3571,5.004445,0.07506667,5.004445
90.07,57.37622,0.07506667,153.4124,5.004445,0.07506667,5.004445
90.08,57.39053,0.07506667,153.4506,5.004445,0.07506667,5.004445
90.09,57.39212,0.0751,153.4549,5.006667,0.0751,5.006667
90.1,57.3953,0.0751,153.4634,5.006667,0.0751,5.006667
90.11,57.3953,0.0751,153.4634,5.006667,0.0751,5.006667
90.12,57.3953,0.0751,153.4634,5.006667,0.0751,5.006667
90.13,57.39212,0.07513333,153.4549,5.008889,0.07513333,5.008889
90.14,57.39053,0.07513333,153.4506,5.008889,0.07513333,5.008889
90.15,57.38735,0.07513333,153.4421,5.008889,0.07513333,5.008889
90.16,57.39212,0.07516667,153.4549,5.011111,0.07516667,5.011111
90.17,57.40325,0.07516667,153.4846,5.011111,0.07516667,5.011111
90.18,57.41596,0.07516667,153.5186,5.011111,0.07516667,5.011111
90.19,57.4255,0.07516667,153.5441,5.011111,0.07516667,5.011111
90.2,57.43186,0.07516667,153.5611,5.011111,0.07516667,5.011111
90.21,57.42391,0.0752,153.5399,5.013333,0.0752,5.013333
90.22,57.41278,0.0752,153.5101,5.013333,0.0752,5.013333
90.23,57.40802,0.0752,153.4974,5.013333,0.0752,5.013333
90.24,57.41596,0.0752,153.5186,5.013333,0.0752,5.013333
90.25,57.4398,0.07523333,153.5824,5.015555,0.07523333,5.015555
90.26,57.46047,0.07523333,153.6376,5.015555,0.07523333,5.015555
90.27,57.47001,0.07523333,153.6631,5.015555,0.07523333,5.015555
90.28,57.47001,0.07523333,153.6631,5.015555,0.07523333,5.015555
90.29,57.46841,0.07526667,153.6589,5.017778,0.07526667,5.017778
90.3,57.48272,0.07526667,153.6971,5.017778,0.07526667,5.017778
90.31,57.50974,0.07526667,153.7693,5.017778,0.07526667,5.017778
90.32,57.5304,0.07526667,153.8246,5.017778,0.07526667,5.017778
90.33,57.54312,0.0753,153.8586,5.02,0.0753,5.02
90.34,57.54789,0.0753,153.8714,5.02,0.0753,5.02
90.35,57.5463,0.0753,153.8671,5.02,0.0753,5.02
90.36,57.52723,0.0753,153.8161,5.02,0.0753,5.02
90.37,57.50656,0.07533333,153.7608,5.022223,0.07533333,5.022223
90.38,57.49702,0.07533333,153.7354,5.022223,0.07533333,5.022223
90.39,57.50179,0.07533333,153.7481,5.022223,0.07533333,5.022223
90.4,57.51928,0.07533333,153.7948,5.022223,0.07533333,5.022223
90.41,57.5463,0.07536667,153.8671,5.024445,0.07536667,5.024445
90.42,57.56219,0.07536667,153.9096,5.024445,0.07536667,5.024445
90.43,57.56696,0.07536667,153.9223,5.024445,0.07536667,5.024445
90.44,57.56378,0.07536667,153.9138,5.024445,0.07536667,5.024445
90.45,57.56378,0.0754,153.9138,5.026667,0.0754,5.026667
90.46,57.56696,0.0754,153.9223,5.026667,0.0754,5.026667
90.47,57.57173,0.0754,153.9351,5.026667,0.0754,5.026667
90.48,57.5765,0.0754,153.9478,5.026667,0.0754,5.026667
90.49,57.58445,0.07543334,153.9691,5.028889,0.07543334,5.028889
90.5,57.58762,0.07543334,153.9776,5.028889,0.07543334,5.028889
90.51,57.58286,0.07543334,153.9648,5.028889,0.07543334,5.028889
90.52,57.57968,0.07543334,153.9563,5.028889,0.07543334,5.028889
90.53,57.58286,0.07546667,153.9648,5.031111,0.07546667,5.031111
90.54,57.58445,0.07546667,153.9691,5.031111,0.07546667,5.031111
90.55,57.58445,0.07546667,153.9691,5.031111,0.07546667,5.031111
90.56,57.59239,0.0755,153.9903,5.033334,0.0755,5.033334
90.57,57.61147,0.0755,154.0414,5.033334,0.0755,5.033334
90.58,57.63213,0.0755,154.0966,5.033334,0.0755,5.033334
90.59,57.64484,0.0755,154.1306,5.033334,0.0755,5.033334
90.6,57.64961,0.0755,154.1433,5.033334,0.0755,5.033334
90.61,57.64802,0.07553334,154.1391,5.035556,0.07553334,5.035556
90.62,57.6369,0.07553334,154.1093,5.035556,0.07553334,5.035556
90.63,57.62736,0.07553334,154.0838,5.035556,0.07553334,5.035556
90.64,57.62736,0.07553334,154.0838,5.035556,0.07553334,5.035556
90.65,57.64167,0.07556666,154.1221,5.037777,0.07556666,5.037777
90.66,57.65597,0.07556666,154.1603,5.037777,0.07556666,5.037777
90.67,57.65279,0.07556666,154.1518,5.037777,0.07556666,5.037777
90.68,57.6369,0.07556666,154.1093,5.037777,0.07556666,5.037777
90.69,57.62895,0.0756,154.0881,5.04,0.0756,5.04
90.7,57.62895,0.0756,154.0881,5.04,0.0756,5.04
90.71,57.63372,0.0756,154.1008,5.04,0.0756,5.04
90.72,57.64008,0.07563333,154.1178,5.042222,0.07563333,5.042222
90.73,57.64802,0.07563333,154.1391,5.042222,0.07563333,5.042222
90.74,57.66074,0.07563333,154.1731,5.042222,0.07563333,5.042222
90.75,57.67028,0.07563333,154.1986,5.042222,0.07563333,5.042222
90.76,57.66233,0.07566667,154.1773,5.044445,0.07566667,5.044445
90.77,57.64484,0.07566667,154.1306,5.044445,0.07566667,5.044445
90.78,57.64008,0.07566667,154.1178,5.044445,0.07566667,5.044445
90.79,57.65756,0.07566667,154.1646,5.044445,0.07566667,5.044445
90.8,57.6814,0.07566667,154.2283,5.044445,0.07566667,5.044445
90.81,57.70524,0.0757,154.2921,5.046667,0.0757,5.046667
90.82,57.71955,0.0757,154.3303,5.046667,0.0757,5.046667
90.83,57.7275,0.0757,154.3516,5.046667,0.0757,5.046667
90.84,57.73385,0.0757,154.3686,5.046667,0.0757,5.046667
90.85,57.73544,0.07573333,154.3728,5.048889,0.07573333,5.048889
90.86,57.73385,0.07573333,154.3686,5.048889,0.07573333,5.048889
90.87,57.73067,0.07573333,154.3601,5.048889,0.07573333,5.048889
90.88,57.73385,0.07573333,154.3686,5.048889,0.07573333,5.048889
90.89,57.74339,0.07576667,154.3941,5.051111,0.07576667,5.051111
90.9,57.76246,0.07576667,154.4451,5.051111,0.07576667,5.051111
90.91,57.77518,0.07576667,154.4791,5.051111,0.07576667,5.051111
90.92,57.77995,0.0758,154.4918,5.053333,0.0758,5.053333
90.93,57.77677,0.0758,154.4833,5.053333,0.0758,5.053333
90.94,57.77518,0.0758,154.4791,5.053333,0.0758,5.053333
90.95,57.77995,0.0758,154.4918,5.053333,0.0758,5.053333
90.96,57.78472,0.0758,154.5046,5.053333,0.0758,5.053333
90.97,57.79107,0.07583334,154.5216,5.055556,0.07583334,5.055556
90.98,57.79266,0.07583334,154.5258,5.055556,0.07583334,5.055556
90.99,57.79266,0.07583334,154.5258,5.055556,0.07583334,5.055556
91.0,57.79266,0.07583334,154.5258,5.055556,0.07583334,5.055556
91.01,57.79902,0.07586667,154.5428,5.057778,0.07586667,5.057778
91.02,57.80538,0.07586667,154.5598,5.057778,0.07586667,5.057778
91.03,57.81651,0.07586667,154.5896,5.057778,0.07586667,5.057778
91.04,57.82763,0.07586667,154.6193,5.057778,0.07586667,5.057778
91.05,57.83399,0.0759,154.6363,5.06,0.0759,5.06
91.06,57.83717,0.0759,154.6448,5.06,0.0759,5.06
91.07,57.82922,0.0759,154.6236,5.06,0.0759,5.06
91.08,57.81968,0.0759,154.5981,5.06,0.0759,5.06
91.09,57.82445,0.07593334,154.6108,5.062222,0.07593334,5.062222
91.1,57.84035,0.07593334,154.6533,5.062222,0.07593334,5.062222
91.11,57.84829,0.07593334,154.6746,5.062222,0.07593334,5.062222
91.12,57.84035,0.07596667,154.6533,5.064445,0.07596667,5.064445
91.13,57.82763,0.07596667,154.6193,5.064445,0.07596667,5.064445
91.14,57.81968,0.07596667,154.5981,5.064445,0.07596667,5.064445
91.15,57.81968,0.07596667,154.5981,5.064445,0.07596667,5.064445
91.16,57.82763,0.07596667,154.6193,5.064445,0.07596667,5.064445
91.17,57.83399,0.076,154.6363,5.066667,0.076,5.066667
91.18,57.83399,0.076,154.6363,5.066667,0.076,5.066667
91.19,57.8324,0.076,154.6321,5.066667,0.076,5.066667
91.2,57.82922,0.076,154.6236,5.066667,0.076,5.066667
91.21,57.84035,0.07603333,154.6533,5.068889,0.07603333,5.068889
91.22,57.85624,0.07603333,154.6958,5.068889,0.07603333,5.068889
91.23,57.87373,0.07603333,154.7426,5.068889,0.07603333,5.068889
91.24,57.88962,0.07603333,154.7851,5.068889,0.07603333,5.068889
91.25,57.90234,0.07606667,154.8191,5.071111,0.07606667,5.071111
91.26,57.91505,0.07606667,154.8531,5.071111,0.07606667,5.071111
91.27,57.92618,0.07606667,154.8828,5.071111,0.07606667,5.071111
91.28,57.93412,0.07606667,154.9041,5.071111,0.07606667,5.071111
91.29,57.94366,0.0761,154.9296,5.073333,0.0761,5.073333
91.3,57.95956,0.0761,154.9721,5.073333,0.0761,5.073333
91.31,57.97227,0.0761,155.0061,5.073333,0.0761,5.073333
91.32,57.96432,0.07613333,154.9848,5.075555,0.07613333,5.075555
91.33,57.94207,0.07613333,154.9253,5.075555,0.07613333,5.075555
91.34,57.92618,0.07613333,154.8828,5.075555,0.07613333,5.075555
91.35,57.92777,0.07613333,154.8871,5.075555,0.07613333,5.075555
91.36,57.93571,0.07613333,154.9083,5.075555,0.07613333,5.075555
91.37,57.94366,0.07616667,154.9296,5.077778,0.07616667,5.077778
91.38,57.95479,0.07616667,154.9593,5.077778,0.07616667,5.077778
91.39,57.95638,0.07616667,154.9636,5.077778,0.07616667,5.077778
91.4,57.95161,0.07616667,154.9508,5.077778,0.07616667,5.077778
91.41,57.94684,0.0762,154.9381,5.08,0.0762,5.08
91.42,57.94843,0.0762,154.9423,5.08,0.0762,5.08
91.43,57.96273,0.0762,154.9806,5.08,0.0762,5.08
91.44,57.9834,0.0762,155.0358,5.08,0.0762,5.08
91.45,57.99929,0.07623333,155.0783,5.082222,0.07623333,5.082222
91.46,58.00406,0.07623333,155.0911,5.082222,0.07623333,5.082222
91.47,58.00724,0.07623333,155.0996,5.082222,0.07623333,5.082222
91.48,58.00406,0.07623333,155.0911,5.082222,0.07623333,5.082222
91.49,58.00406,0.07626667,155.0911,5.084445,0.07626667,5.084445
91.5,58.00883,0.07626667,155.1038,5.084445,0.07626667,5.084445
91.51,58.0136,0.07626667,155.1166,5.084445,0.07626667,5.084445
91.52,58.0136,0.07626667,155.1166,5.084445,0.07626667,5.084445
91.53,58.01678,0.0763,155.1251,5.086667,0.0763,5.086667
91.54,58.02155,0.0763,155.1378,5.086667,0.0763,5.086667
91.55,58.02949,0.0763,155.1591,5.086667,0.0763,5.086667
91.56,58.03744,0.0763,155.1803,5.086667,0.0763,5.086667
91.57,58.04856,0.07633334,155.2101,5.088889,0.07633334,5.088889
91.58,58.05016,0.07633334,155.2143,5.088889,0.07633334,5.088889
91.59,58.04856,0.07633334,155.2101,5.088889,0.07633334,5.088889
91.6,58.04539,0.07633334,155.2016,5.088889,0.07633334,5.088889
91.61,58.04539,0.07636667,155.2016,5.091111,0.07636667,5.091111
91.62,58.04856,0.07636667,155.2101,5.091111,0.07636667,5.091111
91.63,58.05651,0.07636667,155.2313,5.091111,0.07636667,5.091111
91.64,58.06446,0.07636667,155.2526,5.091111,0.07636667,5.091111
91.65,58.06605,0.0764,155.2568,5.093334,0.0764,5.093334
91.66,58.05651,0.0764,155.2313,5.093334,0.0764,5.093334
91.67,58.03744,0.0764,155.1803,5.093334,0.0764,5.093334
91.68,58.02949,0.0764,155.1591,5.093334,0.0764,5.093334
91.69,58.02949,0.07643333,155.1591,5.095555,0.07643333,5.095555
91.7,58.04062,0.07643333,155.1888,5.095555,0.07643333,5.095555
91.71,58.05651,0.07643333,155.2313,5.095555,0.07643333,5.095555
91.72,58.074,0.07646666,155.2781,5.097778,0.07646666,5.097778
91.73,58.08194,0.07646666,155.2993,5.097778,0.07646666,5.097778
91.74,58.07877,0.07646666,155.2908,5.097778,0.07646666,5.097778
91.75,58.08512,0.07646666,155.3078,5.097778,0.07646666,5.097778
91.76,58.10579,0.07646666,155.3631,5.097778,0.07646666,5.097778
91.77,58.12645,0.0765,155.4183,5.1,0.0765,5.1
91.78,58.12645,0.0765,155.4183,5.1,0.0765,5.1
91.79,58.1185,0.0765,155.3971,5.1,0.0765,5.1
91.8,58.11532,0.0765,155.3885,5.1,0.0765,5.1
91.81,58.12645,0.07653333,155.4183,5.102222,0.07653333,5.102222
91.82,58.13599,0.07653333,155.4438,5.102222,0.07653333,5.102222
91.83,58.15188,0.07653333,155.4863,5.102222,0.07653333,5.102222
91.84,58.17096,0.07653333,155.5373,5.102222,0.07653333,5.102222
91.85,58.18526,0.07656667,155.5756,5.104445,0.07656667,5.104445
91.86,58.19162,0.07656667,155.5925,5.104445,0.07656667,5.104445
91.87,58.18049,0.07656667,155.5628,5.104445,0.07656667,5.104445
91.88,58.17096,0.07656667,155.5373,5.104445,0.07656667,5.104445
91.89,58.16777,0.0766,155.5288,5.106667,0.0766,5.106667
91.9,58.17254,0.0766,155.5415,5.106667,0.0766,5.106667
91.91,58.17254,0.0766,155.5415,5.106667,0.0766,5.106667
91.92,58.15983,0.0766,155.5076,5.106667,0.0766,5.106667
91.93,58.13916,0.07663333,155.4523,5.108889,0.07663333,5.108889
91.94,58.13599,0.07663333,155.4438,5.108889,0.07663333,5.108889
91.95,58.15188,0.07663333,155.4863,5.108889,0.07663333,5.108889
91.96,58.16777,0.07663333,155.5288,5.108889,0.07663333,5.108889
91.97,58.1789,0.07666667,155.5585,5.111111,0.07666667,5.111111
91.98,58.18367,0.07666667,155.5713,5.111111,0.07666667,5.111111
91.99,58.18844,0.07666667,155.5841,5.111111,0.07666667,5.111111
92.0,58.19321,0.07666667,155.5968,5.111111,0.07666667,5.111111
92.01,58.20115,0.0767,155.6181,5.113334,0.0767,5.113334
92.02,58.20115,0.0767,155.6181,5.113334,0.0767,5.113334
92.03,58.19957,0.0767,155.6138,5.113334,0.0767,5.113334
92.04,58.19957,0.0767,155.6138,5.113334,0.0767,5.113334
92.05,58.19957,0.07673334,155.6138,5.115556,0.07673334,5.115556
92.06,58.19162,0.07673334,155.5925,5.115556,0.07673334,5.115556
92.07,58.18367,0.07673334,155.5713,5.115556,0.07673334,5.115556
92.08,58.19162,0.07673334,155.5925,5.115556,0.07673334,5.115556
92.09,58.21387,0.07676667,155.6521,5.117778,0.07676667,5.117778
92.1,58.23294,0.07676667,155.703,5.117778,0.07676667,5.117778
92.11,58.24248,0.07676667,155.7286,5.117778,0.07676667,5.117778
92.12,58.24566,0.0768,155.737,5.12,0.0768,5.12
92.13,58.24884,0.0768,155.7455,5.12,0.0768,5.12
92.14,58.2536,0.0768,155.7583,5.12,0.0768,5.12
92.15,58.25679,0.0768,155.7668,5.12,0.0768,5.12
92.16,58.26155,0.0768,155.7796,5.12,0.0768,5.12
92.17,58.27109,0.07683334,155.8051,5.122222,0.07683334,5.122222
92.18,58.2854,0.07683334,155.8433,5.122222,0.07683334,5.122222
92.19,58.29334,0.07683334,155.8645,5.122222,0.07683334,5.122222
92.2,58.29493,0.07683334,155.8688,5.122222,0.07683334,5.122222
92.21,58.28698,0.07686666,155.8475,5.124444,0.07686666,5.124444
92.22,58.27109,0.07686666,155.8051,5.124444,0.07686666,5.124444
92.23,58.26632,0.07686666,155.7923,5.124444,0.07686666,5.124444
92.24,58.28222,0.07686666,155.8348,5.124444,0.07686666,5.124444
92.25,58.30765,0.0769,155.9028,5.126667,0.0769,5.126667
92.26,58.32672,0.0769,155.9538,5.126667,0.0769,5.126667
92.27,58.33149,0.0769,155.9665,5.126667,0.0769,5.126667
92.28,58.33467,0.0769,155.975,5.126667,0.0769,5.126667
92.29,58.32831,0.07693333,155.9581,5.128889,0.07693333,5.128889
92.3,58.32354,0.07693333,155.9453,5.128889,0.07693333,5.128889
92.31,58.32672,0.07693333,155.9538,5.128889,0.07693333,5.128889
92.32,58.33626,0.07693333,155.9793,5.128889,0.07693333,5.128889
92.33,58.34739,0.07696667,156.009,5.131111,0.07696667,5.131111
92.34,58.35692,0.07696667,156.0345,5.131111,0.07696667,5.131111
92.35,58.36487,0.07696667,156.0558,5.131111,0.07696667,5.131111
92.36,58.37123,0.07696667,156.0728,5.131111,0.07696667,5.131111
92.37,58.36805,0.077,156.0643,5.133333,0.077,5.133333
92.38,58.36328,0.077,156.0515,5.133333,0.077,5.133333
92.39,58.36328,0.077,156.0515,5.133333,0.077,5.133333
92.4,58.37281,0.077,156.077,5.133333,0.077,5.133333
92.41,58.39189,0.07703333,156.128,5.135556,0.07703333,5.135556
92.42,58.40461,0.07703333,156.162,5.135556,0.07703333,5.135556
92.43,58.41732,0.07703333,156.196,5.135556,0.07703333,5.135556
92.44,58.42845,0.07703333,156.2258,5.135556,0.07703333,5.135556
92.45,58.43003,0.07706667,156.23,5.137778,0.07706667,5.137778
92.46,58.42527,0.07706667,156.2173,5.137778,0.07706667,5.137778
92.47,58.41414,0.07706667,156.1875,5.137778,0.07706667,5.137778
92.48,58.40778,0.07706667,156.1705,5.137778,0.07706667,5.137778
92.49,58.41255,0.0771,156.1833,5.14,0.0771,5.14
92.5,58.42209,0.0771,156.2088,5.14,0.0771,5.14
92.51,58.43639,0.0771,156.247,5.14,0.0771,5.14
92.52,58.44116,0.07713334,156.2598,5.142222,0.07713334,5.142222
92.53,58.44593,0.07713334,156.2725,5.142222,0.07713334,5.142222
92.54,58.44911,0.07713334,156.281,5.142222,0.07713334,5.142222
92.55,58.44911,0.07713334,156.281,5.142222,0.07713334,5.142222
92.56,58.4507,0.07713334,156.2853,5.142222,0.07713334,5.142222
92.57,58.45864,0.07716667,156.3065,5.144444,0.07716667,5.144444
92.58,58.465,0.07716667,156.3235,5.144444,0.07716667,5.144444
92.59,58.465,0.07716667,156.3235,5.144444,0.07716667,5.144444
92.6,58.46659,0.07716667,156.3278,5.144444,0.07716667,5.144444
92.61,58.47931,0.0772,156.3618,5.146667,0.0772,5.146667
92.62,58.49044,0.0772,156.3915,5.146667,0.0772,5.146667
92.63,58.48726,0.0772,156.383,5.146667,0.0772,5.146667
92.64,58.47931,0.0772,156.3618,5.146667,0.0772,5.146667
92.65,58.48249,0.07723334,156.3703,5.148889,0.07723334,5.148889
92.66,58.48726,0.07723334,156.383,5.148889,0.07723334,5.148889
92.67,58.48726,0.07723334,156.383,5.148889,0.07723334,5.148889
92.68,58.48249,0.07723334,156.3703,5.148889,0.07723334,5.148889
92.69,58.49044,0.07726667,156.3915,5.151112,0.07726667,5.151112
92.7,58.50792,0.07726667,156.4383,5.151112,0.07726667,5.151112
92.71,58.52382,0.07726667,156.4808,5.151112,0.07726667,5.151112
92.72,58.53494,0.0773,156.5105,5.153333,0.0773,5.153333
92.73,58.54448,0.0773,156.536,5.153333,0.0773,5.153333
92.74,58.56037,0.0773,156.5785,5.153333,0.0773,5.153333
92.75,58.56514,0.0773,156.5913,5.153333,0.0773,5.153333
92.76,58.5556,0.0773,156.5658,5.153333,0.0773,5.153333
92.77,58.53971,0.07733333,156.5233,5.155555,0.07733333,5.155555
92.78,58.53176,0.07733333,156.502,5.155555,0.07733333,5.155555
92.79,58.53653,0.07733333,156.5148,5.155555,0.07733333,5.155555
92.8,58.55083,0.07733333,156.553,5.155555,0.07733333,5.155555
92.81,58.56514,0.07736667,156.5913,5.157778,0.07736667,5.157778
92.82,58.57944,0.07736667,156.6295,5.157778,0.07736667,5.157778
92.83,58.57944,0.07736667,156.6295,5.157778,0.07736667,5.157778
92.84,58.56832,0.07736667,156.5998,5.157778,0.07736667,5.157778
92.85,58.56355,0.0774,156.587,5.16,0.0774,5.16
92.86,58.57309,0.0774,156.6125,5.16,0.0774,5.16
92.87,58.58739,0.0774,156.6508,5.16,0.0774,5.16
92.88,58.59375,0.0774,156.6678,5.16,0.0774,5.16
92.89,58.59216,0.07743333,156.6635,5.162222,0.07743333,5.162222
92.9,58.58898,0.07743333,156.655,5.162222,0.07743333,5.162222
92.91,58.59216,0.07743333,156.6635,5.162222,0.07743333,5.162222
92.92,58.59693,0.07743333,156.6763,5.162222,0.07743333,5.162222
92.93,58.60965,0.07746667,156.7103,5.164444,0.07746667,5.164444
92.94,58.63031,0.07746667,156.7655,5.164444,0.07746667,5.164444
92.95,58.65097,0.07746667,156.8208,5.164444,0.07746667,5.164444
92.96,58.65415,0.07746667,156.8293,5.164444,0.07746667,5.164444
92.97,58.65097,0.0775,156.8208,5.166667,0.0775,5.166667
92.98,58.65415,0.0775,156.8293,5.166667,0.0775,5.166667
92.99,58.66528,0.0775,156.859,5.166667,0.0775,5.166667
93.0,58.68594,0.0775,156.9143,5.166667,0.0775,5.166667
93.01,58.69865,0.07753333,156.9483,5.168889,0.07753333,5.168889
93.02,58.68753,0.07753333,156.9185,5.168889,0.07753333,5.168889
93.03,58.67004,0.07753333,156.8718,5.168889,0.07753333,5.168889
93.04,58.66528,0.07753333,156.859,5.168889,0.07753333,5.168889
93.05,58.67481,0.07756667,156.8845,5.171111,0.07756667,5.171111
93.06,58.69389,0.07756667,156.9355,5.171111,0.07756667,5.171111
93.07,58.71137,0.07756667,156.9823,5.171111,0.07756667,5.171111
93.08,58.72409,0.0776,157.0163,5.173334,0.0776,5.173334
93.09,58.73521,0.0776,157.046,5.173334,0.0776,5.173334
93.1,58.74316,0.0776,157.0673,5.173334,0.0776,5.173334
93.11,58.7368,0.0776,157.0503,5.173334,0.0776,5.173334
93.12,58.72726,0.07763334,157.0248,5.175556,0.07763334,5.175556
93.13,58.71614,0.07763334,156.995,5.175556,0.07763334,5.175556
93.14,58.71932,0.07763334,157.0035,5.175556,0.07763334,5.175556
93.15,58.73044,0.07763334,157.0333,5.175556,0.07763334,5.175556
93.16,58.74475,0.07763334,157.0715,5.175556,0.07763334,5.175556
93.17,58.75587,0.07766667,157.1013,5.177778,0.07766667,5.177778
93.18,58.75111,0.07766667,157.0885,5.177778,0.07766667,5.177778
93.19,58.74316,0.07766667,157.0673,5.177778,0.07766667,5.177778
93.2,58.74793,0.07766667,157.08,5.177778,0.07766667,5.177778
93.21,58.75587,0.0777,157.1013,5.18,0.0777,5.18
93.22,58.75905,0.0777,157.1098,5.18,0.0777,5.18
93.23,58.75905,0.0777,157.1098,5.18,0.0777,5.18
93.24,58.75587,0.0777,157.1013,5.18,0.0777,5.18
93.25,58.75587,0.07773334,157.1013,5.182222,0.07773334,5.182222
93.26,58.76382,0.07773334,157.1225,5.182222,0.07773334,5.182222
93.27,58.77654,0.07773334,157.1565,5.182222,0.07773334,5.182222
93.28,58.78766,0.07773334,157.1863,5.182222,0.07773334,5.182222
93.29,58.79402,0.07776666,157.2033,5.184444,0.07776666,5.184444
93.3,58.80038,0.07776666,157.2203,5.184444,0.07776666,5.184444
93.31,58.80038,0.07776666,157.2203,5.184444,0.07776666,5.184444
93.32,58.78925,0.0778,157.1905,5.186666,0.0778,5.186666
93.33,58.78448,0.0778,157.1778,5.186666,0.0778,5.186666
93.34,58.79243,0.0778,157.199,5.186666,0.0778,5.186666
93.35,58.80833,0.0778,157.2415,5.186666,0.0778,5.186666
93.36,58.82104,0.0778,157.2755,5.186666,0.0778,5.186666
93.37,58.82263,0.07783333,157.2798,5.188889,0.07783333,5.188889
93.38,58.82263,0.07783333,157.2798,5.188889,0.07783333,5.188889
93.39,58.82104,0.07783333,157.2755,5.188889,0.07783333,5.188889
93.4,58.81786,0.07783333,157.267,5.188889,0.07783333,5.188889
93.41,58.82104,0.07786667,157.2755,5.191111,0.07786667,5.191111
93.42,58.83376,0.07786667,157.3095,5.191111,0.07786667,5.191111
93.43,58.85442,0.07786667,157.3647,5.191111,0.07786667,5.191111
93.44,58.87349,0.07786667,157.4158,5.191111,0.07786667,5.191111
93.45,58.88303,0.0779,157.4413,5.193333,0.0779,5.193333
93.46,58.88621,0.0779,157.4498,5.193333,0.0779,5.193333
93.47,58.87826,0.0779,157.4285,5.193333,0.0779,5.193333
93.48,58.87032,0.07793333,157.4073,5.195556,0.07793333,5.195556
93.49,58.87032,0.07793333,157.4073,5.195556,0.07793333,5.195556
93.5,58.87826,0.07793333,157.4285,5.195556,0.07793333,5.195556
93.51,58.88621,0.07793333,157.4498,5.195556,0.07793333,5.195556
93.52,58.89416,0.07793333,157.471,5.195556,0.07793333,5.195556
93.53,58.90687,0.07796667,157.505,5.197778,0.07796667,5.197778
93.54,58.92277,0.07796667,157.5475,5.197778,0.07796667,5.197778
93.55,58.9323,0.07796667,157.573,5.197778,0.07796667,5.197778
93.56,58.93707,0.07796667,157.5858,5.197778,0.07796667,5.197778
93.57,58.94502,0.078,157.607,5.2,0.078,5.2
93.58,58.94343,0.078,157.6028,5.2,0.078,5.2
93.59,58.93071,0.078,157.5687,5.2,0.078,5.2
93.6,58.91482,0.078,157.5263,5.2,0.078,5.2
93.61,58.90846,0.07803334,157.5092,5.202222,0.07803334,5.202222
93.62,58.91641,0.07803334,157.5305,5.202222,0.07803334,5.202222
93.63,58.93071,0.07803334,157.5687,5.202222,0.07803334,5.202222
93.64,58.94502,0.07803334,157.607,5.202222,0.07803334,5.202222
93.65,58.95297,0.07806667,157.6283,5.204444,0.07806667,5.204444
93.66,58.9482,0.07806667,157.6155,5.204444,0.07806667,5.204444
93.67,58.93707,0.07806667,157.5858,5.204444,0.07806667,5.204444
93.68,58.93548,0.07806667,157.5815,5.204444,0.07806667,5.204444
93.69,58.94502,0.0781,157.607,5.206667,0.0781,5.206667
93.7,58.96091,0.0781,157.6495,5.206667,0.0781,5.206667
93.71,58.97204,0.0781,157.6792,5.206667,0.0781,5.206667
93.72,58.97363,0.0781,157.6835,5.206667,0.0781,5.206667
93.73,58.97999,0.07813334,157.7005,5.208889,0.07813334,5.208889
93.74,58.98476,0.07813334,157.7132,5.208889,0.07813334,5.208889
93.75,58.98476,0.07813334,157.7132,5.208889,0.07813334,5.208889
93.76,58.98952,0.07813334,157.726,5.208889,0.07813334,5.208889
93.77,59.00542,0.07816667,157.7685,5.211112,0.07816667,5.211112
93.78,59.02449,0.07816667,157.8195,5.211112,0.07816667,5.211112
93.79,59.03085,0.07816667,157.8365,5.211112,0.07816667,5.211112
93.8,59.03085,0.07816667,157.8365,5.211112,0.07816667,5.211112
93.81,59.02608,0.0782,157.8237,5.213333,0.0782,5.213333
93.82,59.02608,0.0782,157.8237,5.213333,0.0782,5.213333
93.83,59.0388,0.0782,157.8577,5.213333,0.0782,5.213333
93.84,59.06264,0.0782,157.9215,5.213333,0.0782,5.213333
93.85,59.07853,0.07823333,157.964,5.215555,0.07823333,5.215555
93.86,59.07853,0.07823333,157.964,5.215555,0.07823333,5.215555
93.87,59.07059,0.07823333,157.9427,5.215555,0.07823333,5.215555
93.88,59.05787,0.07823333,157.9088,5.215555,0.07823333,5.215555
93.89,59.0531,0.07826667,157.896,5.217778,0.07826667,5.217778
93.9,59.0531,0.07826667,157.896,5.217778,0.07826667,5.217778
93.91,59.05787,0.07826667,157.9088,5.217778,0.07826667,5.217778
93.92,59.06741,0.07826667,157.9342,5.217778,0.07826667,5.217778
93.93,59.0833,0.0783,157.9767,5.22,0.0783,5.22
93.94,59.0992,0.0783,158.0192,5.22,0.0783,5.22
93.95,59.10238,0.0783,158.0277,5.22,0.0783,5.22
93.96,59.09125,0.0783,157.998,5.22,0.0783,5.22
93.97,59.0833,0.07833333,157.9767,5.222222,0.07833333,5.222222
93.98,59.0833,0.07833333,157.9767,5.222222,0.07833333,5.222222
93.99,59.09443,0.07833333,158.0065,5.222222,0.07833333,5.222222
94.0,59.10714,0.07833333,158.0405,5.222222,0.07833333,5.222222
94.01,59.11191,0.07836667,158.0532,5.224444,0.07836667,5.224444
94.02,59.09602,0.07836667,158.0107,5.224444,0.07836667,5.224444
94.03,59.07536,0.07836667,157.9555,5.224444,0.07836667,5.224444
94.04,59.06582,0.07836667,157.93,5.224444,0.07836667,5.224444
94.05,59.07059,0.0784,157.9427,5.226667,0.0784,5.226667
94.06,59.0833,0.0784,157.9767,5.226667,0.0784,5.226667
94.07,59.09443,0.0784,158.0065,5.226667,0.0784,5.226667
94.08,59.11191,0.0784,158.0532,5.226667,0.0784,5.226667
94.09,59.13575,0.07843333,158.117,5.228889,0.07843333,5.228889
94.1,59.1596,0.07843333,158.1807,5.228889,0.07843333,5.228889
94.11,59.16913,0.07843333,158.2062,5.228889,0.07843333,5.228889
94.12,59.16436,0.07843333,158.1935,5.228889,0.07843333,5.228889
94.13,59.14529,0.07846667,158.1425,5.231111,0.07846667,5.231111
94.14,59.13575,0.07846667,158.117,5.231111,0.07846667,5.231111
94.15,59.13575,0.07846667,158.117,5.231111,0.07846667,5.231111
94.16,59.15165,0.07846667,158.1595,5.231111,0.07846667,5.231111
94.17,59.16436,0.0785,158.1935,5.233334,0.0785,5.233334
94.18,59.16436,0.0785,158.1935,5.233334,0.0785,5.233334
94.19,59.15642,0.0785,158.1722,5.233334,0.0785,5.233334
94.2,59.16119,0.0785,158.185,5.233334,0.0785,5.233334
94.21,59.1739,0.07853334,158.219,5.235556,0.07853334,5.235556
94.22,59.18185,0.07853334,158.2402,5.235556,0.07853334,5.235556
94.23,59.17231,0.07853334,158.2147,5.235556,0.07853334,5.235556
94.24,59.16119,0.07853334,158.185,5.235556,0.07853334,5.235556
94.25,59.16436,0.07856667,158.1935,5.237778,0.07856667,5.237778
94.26,59.17708,0.07856667,158.2275,5.237778,0.07856667,5.237778
94.27,59.18503,0.07856667,158.2487,5.237778,0.07856667,5.237778
94.28,59.1898,0.0786,158.2615,5.24,0.0786,5.24
94.29,59.19616,0.0786,158.2785,5.24,0.0786,5.24
94.3,59.20092,0.0786,158.2912,5.24,0.0786,5.24
94.31,59.20092,0.0786,158.2912,5.24,0.0786,5.24
94.32,59.20092,0.0786,158.2912,5.24,0.0786,5.24
94.33,59.20887,0.07863333,158.3125,5.242222,0.07863333,5.242222
94.34,59.21682,0.07863333,158.3337,5.242222,0.07863333,5.242222
94.35,59.22158,0.07863333,158.3465,5.242222,0.07863333,5.242222
94.36,59.22477,0.07863333,158.355,5.242222,0.07863333,5.242222
94.37,59.23112,0.07866666,158.372,5.244444,0.07866666,5.244444
94.38,59.24225,0.07866666,158.4017,5.244444,0.07866666,5.244444
94.39,59.24543,0.07866666,158.4102,5.244444,0.07866666,5.244444
94.4,59.24225,0.07866666,158.4017,5.244444,0.07866666,5.244444
94.41,59.24225,0.0787,158.4017,5.246666,0.0787,5.246666
94.42,59.24225,0.0787,158.4017,5.246666,0.0787,5.246666
94.43,59.24543,0.0787,158.4102,5.246666,0.0787,5.246666
94.44,59.25019,0.0787,158.423,5.246666,0.0787,5.246666
94.45,59.25496,0.07873333,158.4357,5.248889,0.07873333,5.248889
94.46,59.25973,0.07873333,158.4485,5.248889,0.07873333,5.248889
94.47,59.26609,0.07873333,158.4655,5.248889,0.07873333,5.248889
94.48,59.27563,0.07876667,158.491,5.251111,0.07876667,5.251111
94.49,59.2947,0.07876667,158.542,5.251111,0.07876667,5.251111
94.5,59.31218,0.07876667,158.5887,5.251111,0.07876667,5.251111
94.51,59.3249,0.07876667,158.6227,5.251111,0.07876667,5.251111
94.52,59.32808,0.07876667,158.6312,5.251111,0.07876667,5.251111
94.53,59.32331,0.0788,158.6185,5.253334,0.0788,5.253334
94.54,59.31536,0.0788,158.5972,5.253334,0.0788,5.253334
94.55,59.32013,0.0788,158.61,5.253334,0.0788,5.253334
94.56,59.33285,0.0788,158.644,5.253334,0.0788,5.253334
94.57,59.34079,0.07883333,158.6652,5.255556,0.07883333,5.255556
94.58,59.33921,0.07883333,158.661,5.255556,0.07883333,5.255556
94.59,59.3249,0.07883333,158.6227,5.255556,0.07883333,5.255556
94.6,59.31695,0.07883333,158.6015,5.255556,0.07883333,5.255556
94.61,59.32013,0.07886667,158.61,5.257778,0.07886667,5.257778
94.62,59.32808,0.07886667,158.6312,5.257778,0.07886667,5.257778
94.63,59.33126,0.07886667,158.6397,5.257778,0.07886667,5.257778
94.64,59.33126,0.07886667,158.6397,5.257778,0.07886667,5.257778
94.65,59.34079,0.0789,158.6652,5.26,0.0789,5.26
94.66,59.36464,0.0789,158.729,5.26,0.0789,5.26
94.67,59.38848,0.0789,158.7927,5.26,0.0789,5.26
94.68,59.39643,0.0789,158.814,5.26,0.0789,5.26
94.69,59.38848,0.07893334,158.7927,5.262222,0.07893334,5.262222
94.7,59.38053,0.07893334,158.7715,5.262222,0.07893334,5.262222
94.71,59.38053,0.07893334,158.7715,5.262222,0.07893334,5.262222
94.72,59.38848,0.07893334,158.7927,5.262222,0.07893334,5.262222
94.73,59.40278,0.07896667,158.831,5.264445,0.07896667,5.264445
94.74,59.41391,0.07896667,158.8607,5.264445,0.07896667,5.264445
94.75,59.41391,0.07896667,158.8607,5.264445,0.07896667,5.264445
94.76,59.40596,0.07896667,158.8395,5.264445,0.07896667,5.264445
94.77,59.41073,0.079,158.8522,5.266667,0.079,5.266667
94.78,59.42981,0.079,158.9032,5.266667,0.079,5.266667
94.79,59.4457,0.079,158.9457,5.266667,0.079,5.266667
94.8,59.45523,0.079,158.9712,5.266667,0.079,5.266667
94.81,59.45842,0.07903334,158.9797,5.268889,0.07903334,5.268889
94.82,59.45047,0.07903334,158.9585,5.268889,0.07903334,5.268889
94.83,59.43934,0.07903334,158.9287,5.268889,0.07903334,5.268889
94.84,59.43457,0.07903334,158.916,5.268889,0.07903334,5.268889
94.85,59.43775,0.07906666,158.9245,5.271111,0.07906666,5.271111
94.86,59.44252,0.07906666,158.9372,5.271111,0.07906666,5.271111
94.87,59.45365,0.07906666,158.967,5.271111,0.07906666,5.271111
94.88,59.46795,0.0791,159.0052,5.273333,0.0791,5.273333
94.89,59.48226,0.0791,159.0435,5.273333,0.0791,5.273333
94.9,59.49179,0.0791,159.069,5.273333,0.0791,5.273333
94.91,59.49179,0.0791,159.069,5.273333,0.0791,5.273333
94.92,59.49179,0.0791,159.069,5.273333,0.0791,5.273333
94.93,59.49497,0.07913333,159.0775,5.275556,0.07913333,5.275556
94.94,59.49656,0.07913333,159.0817,5.275556,0.07913333,5.275556
94.95,59.49656,0.07913333,159.0817,5.275556,0.07913333,5.275556
94.96,59.49656,0.07913333,159.0817,5.275556,0.07913333,5.275556
94.97,59.50451,0.07916667,159.103,5.277778,0.07916667,5.277778
94.98,59.51564,0.07916667,159.1327,5.277778,0.07916667,5.277778
94.99,59.53153,0.07916667,159.1752,5.277778,0.07916667,5.277778
95.0,59.54107,0.07916667,159.2007,5.277778,0.07916667,5.277778
95.01,59.54425,0.0792,159.2092,5.28,0.0792,5.28
95.02,59.53948,0.0792,159.1965,5.28,0.0792,5.28
95.03,59.53312,0.0792,159.1795,5.28,0.0792,5.28
95.04,59.53153,0.0792,159.1752,5.28,0.0792,5.28
95.05,59.52358,0.07923333,159.154,5.282222,0.07923333,5.282222
95.06,59.51245,0.07923333,159.1242,5.282222,0.07923333,5.282222
95.07,59.51564,0.07923333,159.1327,5.282222,0.07923333,5.282222
95.08,59.53948,0.07926667,159.1965,5.284444,0.07926667,5.284444
95.09,59.56809,0.07926667,159.273,5.284444,0.07926667,5.284444
95.1,59.5808,0.07926667,159.307,5.284444,0.07926667,5.284444
95.11,59.56968,0.07926667,159.2772,5.284444,0.07926667,5.284444
95.12,59.55696,0.07926667,159.2432,5.284444,0.07926667,5.284444
95.13,59.55696,0.0793,159.2432,5.286667,0.0793,5.286667
95.14,59.56491,0.0793,159.2645,5.286667,0.0793,5.286667
95.15,59.56491,0.0793,159.2645,5.286667,0.0793,5.286667
95.16,59.56014,0.0793,159.2517,5.286667,0.0793,5.286667
95.17,59.55378,0.07933334,159.2347,5.288889,0.07933334,5.288889
95.18,59.56014,0.07933334,159.2517,5.288889,0.07933334,5.288889
95.19,59.57286,0.07933334,159.2857,5.288889,0.07933334,5.288889
95.2,59.58239,0.07933334,159.3112,5.288889,0.07933334,5.288889
95.21,59.58557,0.07936667,159.3197,5.291111,0.07936667,5.291111
95.22,59.58875,0.07936667,159.3282,5.291111,0.07936667,5.291111
95.23,59.5967,0.07936667,159.3495,5.291111,0.07936667,5.291111
95.24,59.60624,0.0794,159.375,5.293334,0.0794,5.293334
95.25,59.611,0.0794,159.3877,5.293334,0.0794,5.293334
95.26,59.61736,0.0794,159.4047,5.293334,0.0794,5.293334
95.27,59.62531,0.0794,159.4259,5.293334,0.0794,5.293334
95.28,59.62531,0.07943334,159.4259,5.295556,0.07943334,5.295556
95.29,59.60941,0.07943334,159.3835,5.295556,0.07943334,5.295556
95.3,59.5967,0.07943334,159.3495,5.295556,0.07943334,5.295556
95.31,59.5967,0.07943334,159.3495,5.295556,0.07943334,5.295556
95.32,59.59829,0.07943334,159.3537,5.295556,0.07943334,5.295556
95.33,59.5967,0.07946667,159.3495,5.297778,0.07946667,5.297778
95.34,59.5967,0.07946667,159.3495,5.297778,0.07946667,5.297778
95.35,59.60941,0.07946667,159.3835,5.297778,0.07946667,5.297778
95.36,59.61895,0.07946667,159.409,5.297778,0.07946667,5.297778
95.37,59.62213,0.0795,159.4174,5.3,0.0795,5.3
95.38,59.62531,0.0795,159.4259,5.3,0.0795,5.3
95.39,59.63961,0.0795,159.4642,5.3,0.0795,5.3
95.4,59.65869,0.0795,159.5152,5.3,0.0795,5.3
95.41,59.66822,0.07953333,159.5407,5.302222,0.07953333,5.302222
95.42,59.67617,0.07953333,159.562,5.302222,0.07953333,5.302222
95.43,59.67935,0.07953333,159.5704,5.302222,0.07953333,5.302222
95.44,59.67617,0.07956666,159.562,5.304444,0.07956666,5.304444
95.45,59.67617,0.07956666,159.562,5.304444,0.07956666,5.304444
95.46,59.69207,0.07956666,159.6044,5.304444,0.07956666,5.304444
95.47,59.71273,0.07956666,159.6597,5.304444,0.07956666,5.304444
95.48,59.72068,0.07956666,159.681,5.304444,0.07956666,5.304444
95.49,59.71909,0.0796,159.6767,5.306666,0.0796,5.306666
95.5,59.71273,0.0796,159.6597,5.306666,0.0796,5.306666
95.51,59.70796,0.0796,159.6469,5.306666,0.0796,5.306666
95.52,59.71114,0.0796,159.6554,5.306666,0.0796,5.306666
95.53,59.71591,0.07963333,159.6682,5.308889,0.07963333,5.308889
95.54,59.71114,0.07963333,159.6554,5.308889,0.07963333,5.308889
95.55,59.70001,0.07963333,159.6257,5.308889,0.07963333,5.308889
95.56,59.69524,0.07966667,159.6129,5.311111,0.07966667,5.311111
95.57,59.70319,0.07966667,159.6342,5.311111,0.07966667,5.311111
95.58,59.70796,0.07966667,159.6469,5.311111,0.07966667,5.311111
95.59,59.70319,0.07966667,159.6342,5.311111,0.07966667,5.311111
95.6,59.69524,0.07966667,159.6129,5.311111,0.07966667,5.311111
95.61,59.69207,0.0797,159.6044,5.313334,0.0797,5.313334
95.62,59.70478,0.0797,159.6384,5.313334,0.0797,5.313334
95.63,59.72385,0.0797,159.6894,5.313334,0.0797,5.313334
95.64,59.73975,0.07973333,159.7319,5.315556,0.07973333,5.315556
95.65,59.74452,0.07973333,159.7447,5.315556,0.07973333,5.315556
95.66,59.7477,0.07973333,159.7532,5.315556,0.07973333,5.315556
95.67,59.73975,0.07973333,159.7319,5.315556,0.07973333,5.315556
95.68,59.72862,0.07973333,159.7022,5.315556,0.07973333,5.315556
95.69,59.72385,0.07976667,159.6894,5.317778,0.07976667,5.317778
95.7,59.72385,0.07976667,159.6894,5.317778,0.07976667,5.317778
95.71,59.72862,0.07976667,159.7022,5.317778,0.07976667,5.317778
95.72,59.73339,0.07976667,159.715,5.317778,0.07976667,5.317778
95.73,59.7477,0.0798,159.7532,5.32,0.0798,5.32
95.74,59.76836,0.0798,159.8084,5.32,0.0798,5.32
95.75,59.79697,0.0798,159.8849,5.32,0.0798,5.32
95.76,59.81763,0.0798,159.9402,5.32,0.0798,5.32
95.77,59.83035,0.07983334,159.9742,5.322222,0.07983334,5.322222
95.78,59.83512,0.07983334,159.9869,5.322222,0.07983334,5.322222
95.79,59.82717,0.07983334,159.9657,5.322222,0.07983334,5.322222
95.8,59.81128,0.07983334,159.9232,5.322222,0.07983334,5.322222
95.81,59.80492,0.07986667,159.9062,5.324445,0.07986667,5.324445
95.82,59.80968,0.07986667,159.9189,5.324445,0.07986667,5.324445
95.83,59.8224,0.07986667,159.9529,5.324445,0.07986667,5.324445
95.84,59.82558,0.0799,159.9614,5.326667,0.0799,5.326667
95.85,59.81445,0.0799,159.9317,5.326667,0.0799,5.326667
95.86,59.80651,0.0799,159.9104,5.326667,0.0799,5.326667
95.87,59.81128,0.0799,159.9232,5.326667,0.0799,5.326667
95.88,59.83035,0.0799,159.9742,5.326667,0.0799,5.326667
95.89,59.84783,0.07993334,160.0209,5.328889,0.07993334,5.328889
95.9,59.86373,0.07993334,160.0634,5.328889,0.07993334,5.328889
95.91,59.87485,0.07993334,160.0932,5.328889,0.07993334,5.328889
95.92,59.87962,0.07993334,160.1059,5.328889,0.07993334,5.328889
95.93,59.88439,0.07996666,160.1187,5.331111,0.07996666,5.331111
95.94,59.89075,0.07996666,160.1357,5.331111,0.07996666,5.331111
95.95,59.88439,0.07996666,160.1187,5.331111,0.07996666,5.331111
95.96,59.8685,0.07996666,160.0762,5.331111,0.07996666,5.331111
95.97,59.85896,0.08,160.0507,5.333333,0.08,5.333333
95.98,59.86214,0.08,160.0592,5.333333,0.08,5.333333
95.99,59.87167,0.08,160.0847,5.333333,0.08,5.333333
96.0,59.87962,0.08,160.1059,5.333333,0.08,5.333333
96.01,59.88757,0.08003333,160.1272,5.335556,0.08003333,5.335556
96.02,59.89711,0.08003333,160.1527,5.335556,0.08003333,5.335556
96.03,59.90823,0.08003333,160.1824,5.335556,0.08003333,5.335556
96.04,59.91618,0.08006667,160.2037,5.337778,0.08006667,5.337778
96.05,59.91141,0.08006667,160.1909,5.337778,0.08006667,5.337778
96.06,59.89234,0.08006667,160.1399,5.337778,0.08006667,5.337778
96.07,59.87485,0.08006667,160.0932,5.337778,0.08006667,5.337778
96.08,59.8828,0.08006667,160.1144,5.337778,0.08006667,5.337778
96.09,59.90823,0.0801,160.1824,5.34,0.0801,5.34
96.1,59.93366,0.0801,160.2504,5.34,0.0801,5.34
96.11,59.95274,0.0801,160.3014,5.34,0.0801,5.34
96.12,59.96545,0.0801,160.3354,5.34,0.0801,5.34
96.13,59.97817,0.08013333,160.3694,5.342222,0.08013333,5.342222
96.14,59.98611,0.08013333,160.3907,5.342222,0.08013333,5.342222
96.15,59.98135,0.08013333,160.3779,5.342222,0.08013333,5.342222
96.16,59.96545,0.08013333,160.3354,5.342222,0.08013333,5.342222
96.17,59.9575,0.08016667,160.3142,5.344444,0.08016667,5.344444
96.18,59.96545,0.08016667,160.3354,5.344444,0.08016667,5.344444
96.19,59.97658,0.08016667,160.3652,5.344444,0.08016667,5.344444
96.2,59.97817,0.08016667,160.3694,5.344444,0.08016667,5.344444
96.21,59.9734,0.0802,160.3567,5.346667,0.0802,5.346667
96.22,59.97022,0.0802,160.3482,5.346667,0.0802,5.346667
96.23,59.97658,0.0802,160.3652,5.346667,0.0802,5.346667
96.24,59.99088,0.08023334,160.4034,5.348889,0.08023334,5.348889
96.25,60.00519,0.08023334,160.4417,5.348889,0.08023334,5.348889
96.26,60.00996,0.08023334,160.4544,5.348889,0.08023334,5.348889
96.27,59.99406,0.08023334,160.4119,5.348889,0.08023334,5.348889
96.28,59.9734,0.08023334,160.3567,5.348889,0.08023334,5.348889
96.29,59.96227,0.08026667,160.3269,5.351111,0.08026667,5.351111
96.3,59.96545,0.08026667,160.3354,5.351111,0.08026667,5.351111
96.31,59.97658,0.08026667,160.3652,5.351111,0.08026667,5.351111
96.32,59.98929,0.08026667,160.3992,5.351111,0.08026667,5.351111
96.33,60.00678,0.0803,160.4459,5.353333,0.0803,5.353333
96.34,60.0179,0.0803,160.4757,5.353333,0.0803,5.353333
96.35,60.01313,0.0803,160.4629,5.353333,0.0803,5.353333
96.36,60.00678,0.0803,160.4459,5.353333,0.0803,5.353333
96.37,60.01949,0.08033334,160.4799,5.355556,0.08033334,5.355556
96.38,60.04174,0.08033334,160.5394,5.355556,0.08033334,5.355556
96.39,60.05605,0.08033334,160.5777,5.355556,0.08033334,5.355556
96.4,60.06241,0.08033334,160.5947,5.355556,0.08033334,5.355556
96.41,60.06718,0.08036667,160.6074,5.357778,0.08036667,5.357778
96.42,60.07671,0.08036667,160.6329,5.357778,0.08036667,5.357778
96.43,60.09579,0.08036667,160.6839,5.357778,0.08036667,5.357778
96.44,60.11168,0.0804,160.7264,5.36,0.0804,5.36
96.45,60.11168,0.0804,160.7264,5.36,0.0804,5.36
96.46,60.10373,0.0804,160.7052,5.36,0.0804,5.36
96.47,60.10056,0.0804,160.6967,5.36,0.0804,5.36
96.48,60.10373,0.0804,160.7052,5.36,0.0804,5.36
96.49,60.10532,0.08043333,160.7094,5.362222,0.08043333,5.362222
96.5,60.10373,0.08043333,160.7052,5.362222,0.08043333,5.362222
96.51,60.09896,0.08043333,160.6924,5.362222,0.08043333,5.362222
96.52,60.07989,0.08043333,160.6414,5.362222,0.08043333,5.362222
96.53,60.05923,0.08046667,160.5862,5.364444,0.08046667,5.364444
96.54,60.05605,0.08046667,160.5777,5.364444,0.08046667,5.364444
96.55,60.07195,0.08046667,160.6202,5.364444,0.08046667,5.364444
96.56,60.09896,0.08046667,160.6924,5.364444,0.08046667,5.364444
96.57,60.1244,0.0805,160.7604,5.366667,0.0805,5.366667
96.58,60.14029,0.0805,160.8029,5.366667,0.0805,5.366667
96.59,60.15301,0.0805,160.8369,5.366667,0.0805,5.366667
96.6,60.1689,0.0805,160.8794,5.366667,0.0805,5.366667
96.61,60.18162,0.08053333,160.9134,5.368889,0.08053333,5.368889
96.62,60.18162,0.08053333,160.9134,5.368889,0.08053333,5.368889
96.63,60.1689,0.08053333,160.8794,5.368889,0.08053333,5.368889
96.64,60.15619,0.08056667,160.8454,5.371111,0.08056667,5.371111
96.65,60.14824,0.08056667,160.8242,5.371111,0.08056667,5.371111
96.66,60.15301,0.08056667,160.8369,5.371111,0.08056667,5.371111
96.67,60.1689,0.08056667,160.8794,5.371111,0.08056667,5.371111
96.68,60.18162,0.08056667,160.9134,5.371111,0.08056667,5.371111
96.69,60.18956,0.0806,160.9347,5.373333,0.0806,5.373333
96.7,60.19115,0.0806,160.9389,5.373333,0.0806,5.373333
96.71,60.19751,0.0806,160.9559,5.373333,0.0806,5.373333
96.72,60.1991,0.0806,160.9602,5.373333,0.0806,5.373333
96.73,60.20228,0.08063333,160.9687,5.375556,0.08063333,5.375556
96.74,60.20546,0.08063333,160.9772,5.375556,0.08063333,5.375556
96.75,60.20546,0.08063333,160.9772,5.375556,0.08063333,5.375556
96.76,60.20228,0.08063333,160.9687,5.375556,0.08063333,5.375556
96.77,60.1991,0.08066667,160.9602,5.377778,0.08066667,5.377778
96.78,60.19751,0.08066667,160.9559,5.377778,0.08066667,5.377778
96.79,60.19751,0.08066667,160.9559,5.377778,0.08066667,5.377778
96.8,60.19433,0.08066667,160.9474,5.377778,0.08066667,5.377778
96.81,60.19433,0.0807,160.9474,5.38,0.0807,5.38
96.82,60.20705,0.0807,160.9814,5.38,0.0807,5.38
96.83,60.22612,0.0807,161.0324,5.38,0.0807,5.38
96.84,60.23407,0.08073334,161.0536,5.382223,0.08073334,5.382223
96.85,60.23566,0.08073334,161.0579,5.382223,0.08073334,5.382223
96.86,60.23566,0.08073334,161.0579,5.382223,0.08073334,5.382223
96.87,60.23566,0.08073334,161.0579,5.382223,0.08073334,5.382223
96.88,60.23089,0.08073334,161.0452,5.382223,0.08073334,5.382223
96.89,60.22612,0.08076667,161.0324,5.384445,0.08076667,5.384445
96.9,60.22294,0.08076667,161.0239,5.384445,0.08076667,5.384445
96.91,60.22771,0.08076667,161.0367,5.384445,0.08076667,5.384445
96.92,60.24202,0.08076667,161.0749,5.384445,0.08076667,5.384445
96.93,60.25473,0.0808,161.1089,5.386667,0.0808,5.386667
96.94,60.25632,0.0808,161.1132,5.386667,0.0808,5.386667
96.95,60.24361,0.0808,161.0792,5.386667,0.0808,5.386667
96.96,60.23089,0.0808,161.0452,5.386667,0.0808,5.386667
96.97,60.23566,0.08083333,161.0579,5.388889,0.08083333,5.388889
96.98,60.24678,0.08083333,161.0876,5.388889,0.08083333,5.388889
96.99,60.24837,0.08083333,161.0919,5.388889,0.08083333,5.388889
97.0,60.24678,0.08083333,161.0876,5.388889,0.08083333,5.388889
97.01,60.25155,0.08086666,161.1004,5.391111,0.08086666,5.391111
97.02,60.26427,0.08086666,161.1344,5.391111,0.08086666,5.391111
97.03,60.26745,0.08086666,161.1429,5.391111,0.08086666,5.391111
97.04,60.2595,0.08086666,161.1217,5.391111,0.08086666,5.391111
97.05,60.25473,0.0809,161.1089,5.393333,0.0809,5.393333
97.06,60.25632,0.0809,161.1132,5.393333,0.0809,5.393333
97.07,60.26268,0.0809,161.1302,5.393333,0.0809,5.393333
97.08,60.26745,0.0809,161.1429,5.393333,0.0809,5.393333
97.09,60.27539,0.08093333,161.1642,5.395555,0.08093333,5.395555
97.1,60.29129,0.08093333,161.2066,5.395555,0.08093333,5.395555
97.11,60.30877,0.08093333,161.2534,5.395555,0.08093333,5.395555
97.12,60.31672,0.08093333,161.2747,5.395555,0.08093333,5.395555
97.13,60.31354,0.08096667,161.2661,5.397778,0.08096667,5.397778
97.14,60.30877,0.08096667,161.2534,5.397778,0.08096667,5.397778
97.15,60.304,0.08096667,161.2406,5.397778,0.08096667,5.397778
97.16,60.30083,0.08096667,161.2321,5.397778,0.08096667,5.397778
97.17,60.30083,0.081,161.2321,5.4,0.081,5.4
97.18,60.3056,0.081,161.2449,5.4,0.081,5.4
97.19,60.3199,0.081,161.2832,5.4,0.081,5.4
97.2,60.33261,0.081,161.3172,5.4,0.081,5.4
97.21,60.34533,0.08103333,161.3512,5.402222,0.08103333,5.402222
97.22,60.35646,0.08103333,161.3809,5.402222,0.08103333,5.402222
97.23,60.36123,0.08103333,161.3936,5.402222,0.08103333,5.402222
97.24,60.36599,0.08106667,161.4064,5.404445,0.08106667,5.404445
97.25,60.37076,0.08106667,161.4191,5.404445,0.08106667,5.404445
97.26,60.37076,0.08106667,161.4191,5.404445,0.08106667,5.404445
97.27,60.36599,0.08106667,161.4064,5.404445,0.08106667,5.404445
97.28,60.36282,0.08106667,161.3979,5.404445,0.08106667,5.404445
97.29,60.37871,0.0811,161.4404,5.406667,0.0811,5.406667
97.3,60.39779,0.0811,161.4914,5.406667,0.0811,5.406667
97.31,60.40732,0.0811,161.5169,5.406667,0.0811,5.406667
97.32,60.40255,0.0811,161.5042,5.406667,0.0811,5.406667
97.33,60.3946,0.08113334,161.4829,5.408889,0.08113334,5.408889
97.34,60.39779,0.08113334,161.4914,5.408889,0.08113334,5.408889
97.35,60.41368,0.08113334,161.5339,5.408889,0.08113334,5.408889
97.36,60.42798,0.08113334,161.5721,5.408889,0.08113334,5.408889
97.37,60.42798,0.08116667,161.5721,5.411111,0.08116667,5.411111
97.38,60.41845,0.08116667,161.5466,5.411111,0.08116667,5.411111
97.39,60.41527,0.08116667,161.5381,5.411111,0.08116667,5.411111
97.4,60.42321,0.0812,161.5594,5.413333,0.0812,5.413333
97.41,60.42321,0.0812,161.5594,5.413333,0.0812,5.413333
97.42,60.41527,0.0812,161.5381,5.413333,0.0812,5.413333
97.43,60.40732,0.0812,161.5169,5.413333,0.0812,5.413333
97.44,60.4105,0.0812,161.5254,5.413333,0.0812,5.413333
97.45,60.42004,0.08123334,161.5509,5.415556,0.08123334,5.415556
97.46,60.4264,0.08123334,161.5679,5.415556,0.08123334,5.415556
97.47,60.4264,0.08123334,161.5679,5.415556,0.08123334,5.415556
97.48,60.42004,0.08123334,161.5509,5.415556,0.08123334,5.415556
97.49,60.41527,0.08126666,161.5381,5.417778,0.08126666,5.417778
97.5,60.42004,0.08126666,161.5509,5.417778,0.08126666,5.417778
97.51,60.42798,0.08126666,161.5721,5.417778,0.08126666,5.417778
97.52,60.44229,0.08126666,161.6104,5.417778,0.08126666,5.417778
97.53,60.45501,0.0813,161.6444,5.42,0.0813,5.42
97.54,60.46772,0.0813,161.6784,5.42,0.0813,5.42
97.55,60.48043,0.0813,161.7124,5.42,0.0813,5.42
97.56,60.48362,0.0813,161.7209,5.42,0.0813,5.42
97.57,60.47567,0.08133333,161.6996,5.422222,0.08133333,5.422222
97.58,60.46772,0.08133333,161.6784,5.422222,0.08133333,5.422222
97.59,60.47567,0.08133333,161.6996,5.422222,0.08133333,5.422222
97.6,60.5011,0.08136667,161.7676,5.424444,0.08136667,5.424444
97.61,60.52176,0.08136667,161.8229,5.424444,0.08136667,5.424444
97.62,60.52812,0.08136667,161.8399,5.424444,0.08136667,5.424444
97.63,60.52971,0.08136667,161.8441,5.424444,0.08136667,5.424444
97.64,60.53765,0.08136667,161.8654,5.424444,0.08136667,5.424444
97.65,60.5456,0.0814,161.8866,5.426667,0.0814,5.426667
97.66,60.54084,0.0814,161.8739,5.426667,0.0814,5.426667
97.67,60.52971,0.0814,161.8441,5.426667,0.0814,5.426667
97.68,60.53289,0.0814,161.8526,5.426667,0.0814,5.426667
97.69,60.5456,0.08143333,161.8866,5.428889,0.08143333,5.428889
97.7,60.55355,0.08143333,161.9079,5.428889,0.08143333,5.428889
97.71,60.54878,0.08143333,161.8951,5.428889,0.08143333,5.428889
97.72,60.54084,0.08143333,161.8739,5.428889,0.08143333,5.428889
97.73,60.54084,0.08146667,161.8739,5.431111,0.08146667,5.431111
97.74,60.5456,0.08146667,161.8866,5.431111,0.08146667,5.431111
97.75,60.5456,0.08146667,161.8866,5.431111,0.08146667,5.431111
97.76,60.53289,0.08146667,161.8526,5.431111,0.08146667,5.431111
97.77,60.52494,0.0815,161.8314,5.433333,0.0815,5.433333
97.78,60.53607,0.0815,161.8611,5.433333,0.0815,5.433333
97.79,60.55355,0.0815,161.9079,5.433333,0.0815,5.433333
97.8,60.56945,0.08153334,161.9504,5.435555,0.08153334,5.435555
97.81,60.57898,0.08153334,161.9759,5.435555,0.08153334,5.435555
97.82,60.57739,0.08153334,161.9716,5.435555,0.08153334,5.435555
97.83,60.57421,0.08153334,161.9631,5.435555,0.08153334,5.435555
97.84,60.57421,0.08153334,161.9631,5.435555,0.08153334,5.435555
97.85,60.58534,0.08156667,161.9929,5.437778,0.08156667,5.437778
97.86,60.59488,0.08156667,162.0184,5.437778,0.08156667,5.437778
97.87,60.59964,0.08156667,162.0311,5.437778,0.08156667,5.437778
97.88,60.59806,0.08156667,162.0269,5.437778,0.08156667,5.437778
97.89,60.59329,0.0816,162.0141,5.44,0.0816,5.44
97.9,60.58693,0.0816,161.9971,5.44,0.0816,5.44
97.91,60.59329,0.0816,162.0141,5.44,0.0816,5.44
97.92,60.60759,0.0816,162.0524,5.44,0.0816,5.44
97.93,60.63461,0.08163334,162.1246,5.442223,0.08163334,5.442223
97.94,60.65528,0.08163334,162.1799,5.442223,0.08163334,5.442223
97.95,60.66481,0.08163334,162.2054,5.442223,0.08163334,5.442223
97.96,60.67117,0.08163334,162.2224,5.442223,0.08163334,5.442223
97.97,60.67594,0.08166667,162.2351,5.444445,0.08166667,5.444445
97.98,60.67276,0.08166667,162.2266,5.444445,0.08166667,5.444445
97.99,60.66481,0.08166667,162.2054,5.444445,0.08166667,5.444445
98.0,60.6521,0.0817,162.1714,5.446667,0.0817,5.446667
98.01,60.64733,0.0817,162.1586,5.446667,0.0817,5.446667
98.02,60.64733,0.0817,162.1586,5.446667,0.0817,5.446667
98.03,60.65051,0.0817,162.1671,5.446667,0.0817,5.446667
98.04,60.64415,0.0817,162.1501,5.446667,0.0817,5.446667
98.05,60.63938,0.08173333,162.1374,5.448889,0.08173333,5.448889
98.06,60.63461,0.08173333,162.1246,5.448889,0.08173333,5.448889
98.07,60.6362,0.08173333,162.1289,5.448889,0.08173333,5.448889
98.08,60.63938,0.08173333,162.1374,5.448889,0.08173333,5.448889
98.09,60.64415,0.08176666,162.1501,5.451111,0.08176666,5.451111
98.1,60.65686,0.08176666,162.1841,5.451111,0.08176666,5.451111
98.11,60.67912,0.08176666,162.2436,5.451111,0.08176666,5.451111
98.12,60.69978,0.08176666,162.2989,5.451111,0.08176666,5.451111
98.13,60.71408,0.0818,162.3371,5.453333,0.0818,5.453333
98.14,60.73634,0.0818,162.3966,5.453333,0.0818,5.453333
98.15,60.76972,0.0818,162.4859,5.453333,0.0818,5.453333
98.16,60.79356,0.0818,162.5496,5.453333,0.0818,5.453333
98.17,60.78561,0.08183333,162.5284,5.455555,0.08183333,5.455555
98.18,60.757,0.08183333,162.4519,5.455555,0.08183333,5.455555
98.19,60.73793,0.08183333,162.4009,5.455555,0.08183333,5.455555
98.2,60.75064,0.08186667,162.4349,5.457778,0.08186667,5.457778
98.21,60.77925,0.08186667,162.5114,5.457778,0.08186667,5.457778
98.22,60.79356,0.08186667,162.5496,5.457778,0.08186667,5.457778
98.23,60.77925,0.08186667,162.5114,5.457778,0.08186667,5.457778
98.24,60.76177,0.08186667,162.4646,5.457778,0.08186667,5.457778
98.25,60.76177,0.0819,162.4646,5.46,0.0819,5.46
98.26,60.76654,0.0819,162.4774,5.46,0.0819,5.46
98.27,60.76495,0.0819,162.4731,5.46,0.0819,5.46
98.28,60.757,0.0819,162.4519,5.46,0.0819,5.46
98.29,60.757,0.08193333,162.4519,5.462222,0.08193333,5.462222
98.3,60.76177,0.08193333,162.4646,5.462222,0.08193333,5.462222
98.31,60.76177,0.08193333,162.4646,5.462222,0.08193333,5.462222
98.32,60.75382,0.08193333,162.4434,5.462222,0.08193333,5.462222
98.33,60.75064,0.08196667,162.4349,5.464445,0.08196667,5.464445
98.34,60.757,0.08196667,162.4519,5.464445,0.08196667,5.464445
98.35,60.76177,0.08196667,162.4646,5.464445,0.08196667,5.464445
98.36,60.76495,0.08196667,162.4731,5.464445,0.08196667,5.464445
98.37,60.76495,0.082,162.4731,5.466667,0.082,5.466667
98.38,60.76495,0.082,162.4731,5.466667,0.082,5.466667
98.39,60.76495,0.082,162.4731,5.466667,0.082,5.466667
98.4,60.77131,0.08203334,162.4901,5.468889,0.08203334,5.468889
98.41,60.79038,0.08203334,162.5411,5.468889,0.08203334,5.468889
98.42,60.81422,0.08203334,162.6049,5.468889,0.08203334,5.468889
98.43,60.82694,0.08203334,162.6389,5.468889,0.08203334,5.468889
98.44,60.82853,0.08203334,162.6431,5.468889,0.08203334,5.468889
98.45,60.82694,0.08206667,162.6389,5.471111,0.08206667,5.471111
98.46,60.82694,0.08206667,162.6389,5.471111,0.08206667,5.471111
98.47,60.83488,0.08206667,162.6601,5.471111,0.08206667,5.471111
98.48,60.85078,0.08206667,162.7026,5.471111,0.08206667,5.471111
98.49,60.86826,0.0821,162.7494,5.473333,0.0821,5.473333
98.5,60.87303,0.0821,162.7621,5.473333,0.0821,5.473333
98.51,60.87303,0.0821,162.7621,5.473333,0.0821,5.473333
98.52,60.86826,0.0821,162.7494,5.473333,0.0821,5.473333
98.53,60.85714,0.08213334,162.7196,5.475556,0.08213334,5.475556
98.54,60.84283,0.08213334,162.6814,5.475556,0.08213334,5.475556
98.55,60.82853,0.08213334,162.6431,5.475556,0.08213334,5.475556
98.56,60.83648,0.08213334,162.6644,5.475556,0.08213334,5.475556
98.57,60.86032,0.08216666,162.7281,5.477777,0.08216666,5.477777
98.58,60.88893,0.08216666,162.8046,5.477777,0.08216666,5.477777
98.59,60.89687,0.08216666,162.8259,5.477777,0.08216666,5.477777
98.6,60.8937,0.0822,162.8174,5.48,0.0822,5.48
98.61,60.89211,0.0822,162.8131,5.48,0.0822,5.48
98.62,60.89687,0.0822,162.8259,5.48,0.0822,5.48
98.63,60.89687,0.0822,162.8259,5.48,0.0822,5.48
98.64,60.88575,0.0822,162.7961,5.48,0.0822,5.48
98.65,60.87621,0.08223333,162.7706,5.482222,0.08223333,5.482222
98.66,60.87621,0.08223333,162.7706,5.482222,0.08223333,5.482222
98.67,60.88575,0.08223333,162.7961,5.482222,0.08223333,5.482222
98.68,60.90164,0.08223333,162.8386,5.482222,0.08223333,5.482222
98.69,60.91754,0.08226667,162.8811,5.484445,0.08226667,5.484445
98.7,60.93343,0.08226667,162.9236,5.484445,0.08226667,5.484445
98.71,60.94933,0.08226667,162.9661,5.484445,0.08226667,5.484445
98.72,60.96204,0.08226667,163.0001,5.484445,0.08226667,5.484445
98.73,60.96999,0.0823,163.0214,5.486667,0.0823,5.486667
98.74,60.97317,0.0823,163.0298,5.486667,0.0823,5.486667
98.75,60.96522,0.0823,163.0086,5.486667,0.0823,5.486667
98.76,60.95409,0.0823,162.9789,5.486667,0.0823,5.486667
98.77,60.94933,0.08233333,162.9661,5.488889,0.08233333,5.488889
98.78,60.96204,0.08233333,163.0001,5.488889,0.08233333,5.488889
98.79,60.98588,0.08233333,163.0638,5.488889,0.08233333,5.488889
98.8,61.00337,0.08236667,163.1106,5.491111,0.08236667,5.491111
98.81,61.01131,0.08236667,163.1319,5.491111,0.08236667,5.491111
98.82,61.02244,0.08236667,163.1616,5.491111,0.08236667,5.491111
98.83,61.02403,0.08236667,163.1658,5.491111,0.08236667,5.491111
98.84,61.01131,0.08236667,163.1319,5.491111,0.08236667,5.491111
98.85,60.99065,0.0824,163.0766,5.493333,0.0824,5.493333
98.86,60.97794,0.0824,163.0426,5.493333,0.0824,5.493333
98.87,60.97317,0.0824,163.0298,5.493333,0.0824,5.493333
98.88,60.97317,0.0824,163.0298,5.493333,0.0824,5.493333
98.89,60.99065,0.08243334,163.0766,5.495556,0.08243334,5.495556
98.9,61.01608,0.08243334,163.1446,5.495556,0.08243334,5.495556
98.91,61.03675,0.08243334,163.1999,5.495556,0.08243334,5.495556
98.92,61.05105,0.08243334,163.2381,5.495556,0.08243334,5.495556
98.93,61.05582,0.08246667,163.2509,5.497778,0.08246667,5.497778
98.94,61.05582,0.08246667,163.2509,5.497778,0.08246667,5.497778
98.95,61.05105,0.08246667,163.2381,5.497778,0.08246667,5.497778
98.96,61.04469,0.08246667,163.2211,5.497778,0.08246667,5.497778
98.97,61.0431,0.0825,163.2168,5.5,0.0825,5.5
98.98,61.05105,0.0825,163.2381,5.5,0.0825,5.5
98.99,61.059,0.0825,163.2594,5.5,0.0825,5.5
99.0,61.06536,0.08253334,163.2764,5.502223,0.08253334,5.502223
99.01,61.07966,0.08253334,163.3146,5.502223,0.08253334,5.502223
99.02,61.0892,0.08253334,163.3401,5.502223,0.08253334,5.502223
99.03,61.08443,0.08253334,163.3273,5.502223,0.08253334,5.502223
99.04,61.07966,0.08253334,163.3146,5.502223,0.08253334,5.502223
99.05,61.09397,0.08256667,163.3528,5.504445,0.08256667,5.504445
99.06,61.12099,0.08256667,163.4251,5.504445,0.08256667,5.504445
99.07,61.12893,0.08256667,163.4463,5.504445,0.08256667,5.504445
99.08,61.12893,0.08256667,163.4463,5.504445,0.08256667,5.504445
99.09,61.12893,0.0826,163.4463,5.506667,0.0826,5.506667
99.1,61.12893,0.0826,163.4463,5.506667,0.0826,5.506667
99.11,61.12893,0.0826,163.4463,5.506667,0.0826,5.506667
99.12,61.13052,0.0826,163.4506,5.506667,0.0826,5.506667
99.13,61.14165,0.08263333,163.4803,5.508889,0.08263333,5.508889
99.14,61.1496,0.08263333,163.5016,5.508889,0.08263333,5.508889
99.15,61.14483,0.08263333,163.4888,5.508889,0.08263333,5.508889
99.16,61.13052,0.08266667,163.4506,5.511111,0.08266667,5.511111
99.17,61.12576,0.08266667,163.4378,5.511111,0.08266667,5.511111
99.18,61.13847,0.08266667,163.4718,5.511111,0.08266667,5.511111
99.19,61.16231,0.08266667,163.5356,5.511111,0.08266667,5.511111
99.2,61.19092,0.08266667,163.6121,5.511111,0.08266667,5.511111
99.21,61.20682,0.0827,163.6546,5.513333,0.0827,5.513333
99.22,61.20841,0.0827,163.6588,5.513333,0.0827,5.513333
99.23,61.19887,0.0827,163.6333,5.513333,0.0827,5.513333
99.24,61.1941,0.0827,163.6206,5.513333,0.0827,5.513333
99.25,61.18774,0.08273333,163.6036,5.515555,0.08273333,5.515555
99.26,61.18298,0.08273333,163.5908,5.515555,0.08273333,5.515555
99.27,61.17821,0.08273333,163.5781,5.515555,0.08273333,5.515555
99.28,61.1798,0.08273333,163.5823,5.515555,0.08273333,5.515555
99.29,61.18298,0.08276667,163.5908,5.517778,0.08276667,5.517778
99.3,61.17503,0.08276667,163.5696,5.517778,0.08276667,5.517778
99.31,61.16549,0.08276667,163.5441,5.517778,0.08276667,5.517778
99.32,61.16549,0.08276667,163.5441,5.517778,0.08276667,5.517778
99.33,61.18298,0.0828,163.5908,5.52,0.0828,5.52
99.34,61.20364,0.0828,163.6461,5.52,0.0828,5.52
99.35,61.22271,0.0828,163.6971,5.52,0.0828,5.52
99.36,61.2243,0.08283333,163.7013,5.522223,0.08283333,5.522223
99.37,61.22271,0.08283333,163.6971,5.522223,0.08283333,5.522223
99.38,61.2243,0.08283333,163.7013,5.522223,0.08283333,5.522223
99.39,61.22748,0.08283333,163.7098,5.522223,0.08283333,5.522223
99.4,61.22748,0.08283333,163.7098,5.522223,0.08283333,5.522223
99.41,61.22748,0.08286667,163.7098,5.524445,0.08286667,5.524445
99.42,61.23225,0.08286667,163.7226,5.524445,0.08286667,5.524445
99.43,61.23543,0.08286667,163.7311,5.524445,0.08286667,5.524445
99.44,61.23702,0.08286667,163.7353,5.524445,0.08286667,5.524445
99.45,61.24337,0.0829,163.7523,5.526667,0.0829,5.526667
99.46,61.24496,0.0829,163.7566,5.526667,0.0829,5.526667
99.47,61.24814,0.0829,163.7651,5.526667,0.0829,5.526667
99.48,61.25609,0.0829,163.7863,5.526667,0.0829,5.526667
99.49,61.26086,0.08293334,163.7991,5.528889,0.08293334,5.528889
99.5,61.26086,0.08293334,163.7991,5.528889,0.08293334,5.528889
99.51,61.26881,0.08293334,163.8203,5.528889,0.08293334,5.528889
99.52,61.29265,0.08293334,163.8841,5.528889,0.08293334,5.528889
99.53,61.31331,0.08296667,163.9393,5.531111,0.08296667,5.531111
99.54,61.31013,0.08296667,163.9308,5.531111,0.08296667,5.531111
99.55,61.29424,0.08296667,163.8883,5.531111,0.08296667,5.531111
99.56,61.27675,0.08296667,163.8416,5.531111,0.08296667,5.531111
99.57,61.26404,0.083,163.8076,5.533334,0.083,5.533334
99.58,61.26404,0.083,163.8076,5.533334,0.083,5.533334
99.59,61.27993,0.083,163.8501,5.533334,0.083,5.533334
99.6,61.29742,0.08303333,163.8968,5.535555,0.08303333,5.535555
99.61,61.30059,0.08303333,163.9053,5.535555,0.08303333,5.535555
99.62,61.30059,0.08303333,163.9053,5.535555,0.08303333,5.535555
99.63,61.31331,0.08303333,163.9393,5.535555,0.08303333,5.535555
99.64,61.3292,0.08303333,163.9818,5.535555,0.08303333,5.535555
99.65,61.32603,0.08306666,163.9733,5.537777,0.08306666,5.537777
99.66,61.31808,0.08306666,163.9521,5.537777,0.08306666,5.537777
99.67,61.31649,0.08306666,163.9478,5.537777,0.08306666,5.537777
99.68,61.31808,0.08306666,163.9521,5.537777,0.08306666,5.537777
99.69,61.31013,0.0831,163.9308,5.54,0.0831,5.54
99.7,61.30059,0.0831,163.9053,5.54,0.0831,5.54
99.71,61.30854,0.0831,163.9266,5.54,0.0831,5.54
99.72,61.3292,0.0831,163.9818,5.54,0.0831,5.54
99.73,61.34669,0.08313333,164.0286,5.542222,0.08313333,5.542222
99.74,61.35781,0.08313333,164.0583,5.542222,0.08313333,5.542222
99.75,61.35941,0.08313333,164.0626,5.542222,0.08313333,5.542222
99.76,61.35781,0.08316667,164.0583,5.544445,0.08316667,5.544445
99.77,61.35146,0.08316667,164.0413,5.544445,0.08316667,5.544445
99.78,61.35464,0.08316667,164.0498,5.544445,0.08316667,5.544445
99.79,61.36576,0.08316667,164.0796,5.544445,0.08316667,5.544445
99.8,61.3753,0.08316667,164.1051,5.544445,0.08316667,5.544445
99.81,61.36735,0.0832,164.0838,5.546667,0.0832,5.546667
99.82,61.35146,0.0832,164.0413,5.546667,0.0832,5.546667
99.83,61.34192,0.0832,164.0158,5.546667,0.0832,5.546667
99.84,61.34987,0.0832,164.0371,5.546667,0.0832,5.546667
99.85,61.36258,0.08323333,164.0711,5.548889,0.08323333,5.548889
99.86,61.37053,0.08323333,164.0923,5.548889,0.08323333,5.548889
99.87,61.37371,0.08323333,164.1008,5.548889,0.08323333,5.548889
99.88,61.37053,0.08323333,164.0923,5.548889,0.08323333,5.548889
99.89,61.37053,0.08326667,164.0923,5.551111,0.08326667,5.551111
99.9,61.39437,0.08326667,164.1561,5.551111,0.08326667,5.551111
99.91,61.42457,0.08326667,164.2368,5.551111,0.08326667,5.551111
99.92,61.43252,0.08326667,164.2581,5.551111,0.08326667,5.551111
99.93,61.4198,0.0833,164.2241,5.553333,0.0833,5.553333
99.94,61.40709,0.0833,164.1901,5.553333,0.0833,5.553333
99.95,61.40868,0.0833,164.1943,5.553333,0.0833,5.553333
99.96,61.41504,0.08333334,164.2113,5.555556,0.08333334,5.555556
99.97,61.42299,0.08333334,164.2326,5.555556,0.08333334,5.555556
99.98,61.43729,0.08333334,164.2708,5.555556,0.08333334,5.555556
99.99,61.45318,0.08333334,164.3133,5.555556,0.08333334,5.555556
100.0,61.45636,0.08333334,164.3218,5.555556,0.08333334,5.555556
100.01,61.44365,0.08336667,164.2878,5.557778,0.08336667,5.557778
100.02,61.43093,0.08336667,164.2538,5.557778,0.08336667,5.557778
100.03,61.43093,0.08336667,164.2538,5.557778,0.08336667,5.557778
100.04,61.43252,0.08336667,164.2581,5.557778,0.08336667,5.557778
100.05,61.42775,0.0834,164.2453,5.56,0.0834,5.56
100.06,61.42775,0.0834,164.2453,5.56,0.0834,5.56
100.07,61.4357,0.0834,164.2666,5.56,0.0834,5.56
100.08,61.44047,0.0834,164.2793,5.56,0.0834,5.56
100.09,61.44524,0.08343334,164.2921,5.562222,0.08343334,5.562222
100.1,61.45318,0.08343334,164.3133,5.562222,0.08343334,5.562222
100.11,61.45636,0.08343334,164.3218,5.562222,0.08343334,5.562222
100.12,61.44365,0.08343334,164.2878,5.562222,0.08343334,5.562222
100.13,61.43252,0.08346666,164.2581,5.564444,0.08346666,5.564444
100.14,61.43093,0.08346666,164.2538,5.564444,0.08346666,5.564444
100.15,61.43093,0.08346666,164.2538,5.564444,0.08346666,5.564444
100.16,61.4357,0.0835,164.2666,5.566667,0.0835,5.566667
100.17,61.44841,0.0835,164.3006,5.566667,0.0835,5.566667
100.18,61.46113,0.0835,164.3346,5.566667,0.0835,5.566667
100.19,61.46749,0.0835,164.3516,5.566667,0.0835,5.566667
100.2,61.45636,0.0835,164.3218,5.566667,0.0835,5.566667
100.21,61.4516,0.08353333,164.3091,5.568889,0.08353333,5.568889
100.22,61.45318,0.08353333,164.3133,5.568889,0.08353333,5.568889
100.23,61.46431,0.08353333,164.3431,5.568889,0.08353333,5.568889
100.24,61.48021,0.08353333,164.3856,5.568889,0.08353333,5.568889
100.25,61.48974,0.08356667,164.4111,5.571111,0.08356667,5.571111
100.26,61.49292,0.08356667,164.4196,5.571111,0.08356667,5.571111
100.27,61.48497,0.08356667,164.3983,5.571111,0.08356667,5.571111
100.28,61.48021,0.08356667,164.3856,5.571111,0.08356667,5.571111
100.29,61.48021,0.0836,164.3856,5.573333,0.0836,5.573333
100.3,61.47702,0.0836,164.3771,5.573333,0.0836,5.573333
100.31,61.47702,0.0836,164.3771,5.573333,0.0836,5.573333
100.32,61.47385,0.0836,164.3686,5.573333,0.0836,5.573333
100.33,61.48021,0.08363333,164.3856,5.575556,0.08363333,5.575556
100.34,61.48815,0.08363333,164.4068,5.575556,0.08363333,5.575556
100.35,61.50087,0.08363333,164.4408,5.575556,0.08363333,5.575556
100.36,61.52471,0.08366667,164.5046,5.577778,0.08366667,5.577778
100.37,61.53901,0.08366667,164.5428,5.577778,0.08366667,5.577778
100.38,61.54537,0.08366667,164.5598,5.577778,0.08366667,5.577778
100.39,61.53901,0.08366667,164.5428,5.577778,0.08366667,5.577778
100.4,61.53424,0.08366667,164.5301,5.577778,0.08366667,5.577778
100.41,61.53107,0.0837,164.5216,5.58,0.0837,5.58
100.42,61.53424,0.0837,164.5301,5.58,0.0837,5.58
100.43,61.53743,0.0837,164.5386,5.58,0.0837,5.58
100.44,61.53901,0.0837,164.5428,5.58,0.0837,5.58
100.45,61.54219,0.08373334,164.5513,5.582222,0.08373334,5.582222
100.46,61.54219,0.08373334,164.5513,5.582222,0.08373334,5.582222
100.47,61.54219,0.08373334,164.5513,5.582222,0.08373334,5.582222
100.48,61.53901,0.08373334,164.5428,5.582222,0.08373334,5.582222
100.49,61.54219,0.08376667,164.5513,5.584445,0.08376667,5.584445
100.5,61.55332,0.08376667,164.5811,5.584445,0.08376667,5.584445
100.51,61.55809,0.08376667,164.5938,5.584445,0.08376667,5.584445
100.52,61.56285,0.08376667,164.6066,5.584445,0.08376667,5.584445
100.53,61.57557,0.0838,164.6406,5.586667,0.0838,5.586667
100.54,61.59941,0.0838,164.7043,5.586667,0.0838,5.586667
100.55,61.61531,0.0838,164.7468,5.586667,0.0838,5.586667
100.56,61.62326,0.08383334,164.7681,5.588889,0.08383334,5.588889
100.57,61.61531,0.08383334,164.7468,5.588889,0.08383334,5.588889
100.58,61.59623,0.08383334,164.6958,5.588889,0.08383334,5.588889
100.59,61.58193,0.08383334,164.6576,5.588889,0.08383334,5.588889
100.6,61.57875,0.08383334,164.6491,5.588889,0.08383334,5.588889
100.61,61.58829,0.08386667,164.6746,5.591111,0.08386667,5.591111
100.62,61.60259,0.08386667,164.7128,5.591111,0.08386667,5.591111
100.63,61.6169,0.08386667,164.7511,5.591111,0.08386667,5.591111
100.64,61.62803,0.08386667,164.7808,5.591111,0.08386667,5.591111
100.65,61.6312,0.0839,164.7893,5.593334,0.0839,5.593334
100.66,61.6312,0.0839,164.7893,5.593334,0.0839,5.593334
100.67,61.63915,0.0839,164.8105,5.593334,0.0839,5.593334
100.68,61.65664,0.0839,164.8573,5.593334,0.0839,5.593334
100.69,61.67253,0.08393333,164.8998,5.595555,0.08393333,5.595555
100.7,61.67253,0.08393333,164.8998,5.595555,0.08393333,5.595555
100.71,61.65981,0.08393333,164.8658,5.595555,0.08393333,5.595555
100.72,61.64074,0.08393333,164.8148,5.595555,0.08393333,5.595555
100.73,61.63279,0.08396666,164.7936,5.597778,0.08396666,5.597778
100.74,61.63597,0.08396666,164.8021,5.597778,0.08396666,5.597778
100.75,61.64869,0.08396666,164.836,5.597778,0.08396666,5.597778
100.76,61.66458,0.084,164.8786,5.6,0.084,5.6
100.77,61.6773,0.084,164.9126,5.6,0.084,5.6
100.78,61.68206,0.084,164.9253,5.6,0.084,5.6
100.79,61.67412,0.084,164.9041,5.6,0.084,5.6
100.8,61.67253,0.084,164.8998,5.6,0.084,5.6
100.81,61.68525,0.08403333,164.9338,5.602222,0.08403333,5.602222
100.82,61.71067,0.08403333,165.0018,5.602222,0.08403333,5.602222
100.83,61.73134,0.08403333,165.0571,5.602222,0.08403333,5.602222
100.84,61.74564,0.08403333,165.0953,5.602222,0.08403333,5.602222
100.85,61.74723,0.08406667,165.0995,5.604445,0.08406667,5.604445
100.86,61.74723,0.08406667,165.0995,5.604445,0.08406667,5.604445
100.87,61.74723,0.08406667,165.0995,5.604445,0.08406667,5.604445
100.88,61.74247,0.08406667,165.0868,5.604445,0.08406667,5.604445
100.89,61.73452,0.0841,165.0656,5.606667,0.0841,5.606667
100.9,61.72498,0.0841,165.04,5.606667,0.0841,5.606667
100.91,61.71862,0.0841,165.0231,5.606667,0.0841,5.606667
100.92,61.7218,0.0841,165.0316,5.606667,0.0841,5.606667
100.93,61.7377,0.08413333,165.0741,5.608889,0.08413333,5.608889
100.94,61.75359,0.08413333,165.1165,5.608889,0.08413333,5.608889
100.95,61.76631,0.08413333,165.1505,5.608889,0.08413333,5.608889
100.96,61.77108,0.08416667,165.1633,5.611111,0.08416667,5.611111
100.97,61.77902,0.08416667,165.1845,5.611111,0.08416667,5.611111
100.98,61.78697,0.08416667,165.2058,5.611111,0.08416667,5.611111
100.99,61.7822,0.08416667,165.193,5.611111,0.08416667,5.611111
101.0,61.77108,0.08416667,165.1633,5.611111,0.08416667,5.611111
101.01,61.77425,0.0842,165.1718,5.613334,0.0842,5.613334
101.02,61.78856,0.0842,165.2101,5.613334,0.0842,5.613334
101.03,61.81081,0.0842,165.2695,5.613334,0.0842,5.613334
101.04,61.83147,0.0842,165.3248,5.613334,0.0842,5.613334
101.05,61.84101,0.08423334,165.3503,5.615556,0.08423334,5.615556
101.06,61.84101,0.08423334,165.3503,5.615556,0.08423334,5.615556
101.07,61.83942,0.08423334,165.346,5.615556,0.08423334,5.615556
101.08,61.83147,0.08423334,165.3248,5.615556,0.08423334,5.615556
101.09,61.82353,0.08426667,165.3035,5.617778,0.08426667,5.617778
101.1,61.82035,0.08426667,165.295,5.617778,0.08426667,5.617778
101.11,61.82035,0.08426667,165.295,5.617778,0.08426667,5.617778
101.12,61.82353,0.0843,165.3035,5.62,0.0843,5.62
101.13,61.8283,0.0843,165.3163,5.62,0.0843,5.62
101.14,61.83307,0.0843,165.329,5.62,0.0843,5.62
101.15,61.83624,0.0843,165.3375,5.62,0.0843,5.62
101.16,61.83307,0.08433334,165.329,5.622222,0.08433334,5.622222
101.17,61.82353,0.08433334,165.3035,5.622222,0.08433334,5.622222
101.18,61.8124,0.08433334,165.2738,5.622222,0.08433334,5.622222
101.19,61.80763,0.08433334,165.261,5.622222,0.08433334,5.622222
101.2,61.81717,0.08433334,165.2865,5.622222,0.08433334,5.622222
101.21,61.83147,0.08436666,165.3248,5.624444,0.08436666,5.624444
101.22,61.84419,0.08436666,165.3588,5.624444,0.08436666,5.624444
101.23,61.84896,0.08436666,165.3715,5.624444,0.08436666,5.624444
101.24,61.84896,0.08436666,165.3715,5.624444,0.08436666,5.624444
101.25,61.84896,0.0844,165.3715,5.626667,0.0844,5.626667
101.26,61.85373,0.0844,165.3843,5.626667,0.0844,5.626667
101.27,61.85691,0.0844,165.3928,5.626667,0.0844,5.626667
101.28,61.86008,0.0844,165.4013,5.626667,0.0844,5.626667
101.29,61.86168,0.08443333,165.4055,5.628889,0.08443333,5.628889
101.3,61.85691,0.08443333,165.3928,5.628889,0.08443333,5.628889
101.31,61.84578,0.08443333,165.363,5.628889,0.08443333,5.628889
101.32,61.83624,0.08446667,165.3375,5.631111,0.08446667,5.631111
101.33,61.84101,0.08446667,165.3503,5.631111,0.08446667,5.631111
101.34,61.86168,0.08446667,165.4055,5.631111,0.08446667,5.631111
101.35,61.88552,0.08446667,165.4693,5.631111,0.08446667,5.631111
101.36,61.89823,0.0845,165.5033,5.633333,0.0845,5.633333
101.37,61.903,0.0845,165.516,5.633333,0.0845,5.633333
101.38,61.90618,0.0845,165.5245,5.633333,0.0845,5.633333
101.39,61.91413,0.0845,165.5458,5.633333,0.0845,5.633333
101.4,61.92207,0.0845,165.567,5.633333,0.0845,5.633333
101.41,61.93002,0.08453333,165.5883,5.635556,0.08453333,5.635556
101.42,61.93797,0.08453333,165.6095,5.635556,0.08453333,5.635556
101.43,61.93161,0.08453333,165.5925,5.635556,0.08453333,5.635556
101.44,61.92525,0.08453333,165.5755,5.635556,0.08453333,5.635556
101.45,61.9173,0.08456667,165.5543,5.637778,0.08456667,5.637778
101.46,61.9173,0.08456667,165.5543,5.637778,0.08456667,5.637778
101.47,61.92684,0.08456667,165.5798,5.637778,0.08456667,5.637778
101.48,61.94751,0.08456667,165.635,5.637778,0.08456667,5.637778
101.49,61.97135,0.0846,165.6988,5.64,0.0846,5.64
101.5,61.98247,0.0846,165.7285,5.64,0.0846,5.64
101.51,61.97453,0.0846,165.7073,5.64,0.0846,5.64
101.52,61.96658,0.08463334,165.686,5.642222,0.08463334,5.642222
101.53,61.96181,0.08463334,165.6733,5.642222,0.08463334,5.642222
101.54,61.95545,0.08463334,165.6563,5.642222,0.08463334,5.642222
101.55,61.94751,0.08463334,165.635,5.642222,0.08463334,5.642222
101.56,61.94592,0.08466667,165.6308,5.644444,0.08466667,5.644444
101.57,61.94592,0.08466667,165.6308,5.644444,0.08466667,5.644444
101.58,61.94274,0.08466667,165.6223,5.644444,0.08466667,5.644444
101.59,61.93797,0.08466667,165.6095,5.644444,0.08466667,5.644444
101.6,61.93956,0.08466667,165.6138,5.644444,0.08466667,5.644444
101.61,61.95545,0.0847,165.6563,5.646667,0.0847,5.646667
101.62,61.97929,0.0847,165.72,5.646667,0.0847,5.646667
101.63,61.99996,0.0847,165.7753,5.646667,0.0847,5.646667
101.64,62.01903,0.0847,165.8263,5.646667,0.0847,5.646667
101.65,62.02857,0.08473334,165.8518,5.648889,0.08473334,5.648889
101.66,62.02857,0.08473334,165.8518,5.648889,0.08473334,5.648889
101.67,62.02539,0.08473334,165.8433,5.648889,0.08473334,5.648889
101.68,62.02062,0.08473334,165.8305,5.648889,0.08473334,5.648889
101.69,62.01108,0.08476667,165.805,5.651112,0.08476667,5.651112
101.7,62.01267,0.08476667,165.8093,5.651112,0.08476667,5.651112
101.71,62.02857,0.08476667,165.8518,5.651112,0.08476667,5.651112
101.72,62.04128,0.0848,165.8858,5.653333,0.0848,5.653333
101.73,62.03651,0.0848,165.873,5.653333,0.0848,5.653333
101.74,62.0238,0.0848,165.839,5.653333,0.0848,5.653333
101.75,62.0238,0.0848,165.839,5.653333,0.0848,5.653333
101.76,62.04128,0.0848,165.8858,5.653333,0.0848,5.653333
101.77,62.07307,0.08483333,165.9708,5.655555,0.08483333,5.655555
101.78,62.09691,0.08483333,166.0345,5.655555,0.08483333,5.655555
101.79,62.0985,0.08483333,166.0388,5.655555,0.08483333,5.655555
101.8,62.08261,0.08483333,165.9963,5.655555,0.08483333,5.655555
101.81,62.06195,0.08486667,165.941,5.657778,0.08486667,5.657778
101.82,62.05241,0.08486667,165.9155,5.657778,0.08486667,5.657778
101.83,62.05241,0.08486667,165.9155,5.657778,0.08486667,5.657778
101.84,62.05718,0.08486667,165.9283,5.657778,0.08486667,5.657778
101.85,62.06036,0.0849,165.9368,5.66,0.0849,5.66
101.86,62.0683,0.0849,165.958,5.66,0.0849,5.66
101.87,62.08897,0.0849,166.0133,5.66,0.0849,5.66
101.88,62.11122,0.0849,166.0728,5.66,0.0849,5.66
101.89,62.13029,0.08493333,166.1238,5.662222,0.08493333,5.662222
101.9,62.13347,0.08493333,166.1323,5.662222,0.08493333,5.662222
101.91,62.11917,0.08493333,166.094,5.662222,0.08493333,5.662222
101.92,62.10645,0.08496667,166.06,5.664444,0.08496667,5.664444
101.93,62.10963,0.08496667,166.0685,5.664444,0.08496667,5.664444
101.94,62.11758,0.08496667,166.0898,5.664444,0.08496667,5.664444
101.95,62.12234,0.08496667,166.1025,5.664444,0.08496667,5.664444
101.96,62.11758,0.08496667,166.0898,5.664444,0.08496667,5.664444
101.97,62.1144,0.085,166.0813,5.666667,0.085,5.666667
101.98,62.11758,0.085,166.0898,5.666667,0.085,5.666667
101.99,62.12234,0.085,166.1025,5.666667,0.085,5.666667
102.0,62.11917,0.085,166.094,5.666667,0.085,5.666667
102.01,62.1144,0.08503333,166.0813,5.668889,0.08503333,5.668889
102.02,62.11917,0.08503333,166.094,5.668889,0.08503333,5.668889
102.03,62.12711,0.08503333,166.1153,5.668889,0.08503333,5.668889
102.04,62.13347,0.08503333,166.1323,5.668889,0.08503333,5.668889
102.05,62.13824,0.08506667,166.145,5.671111,0.08506667,5.671111
102.06,62.14619,0.08506667,166.1663,5.671111,0.08506667,5.671111
102.07,62.13983,0.08506667,166.1493,5.671111,0.08506667,5.671111
102.08,62.12711,0.08506667,166.1153,5.671111,0.08506667,5.671111
102.09,62.13347,0.0851,166.1323,5.673334,0.0851,5.673334
102.1,62.16367,0.0851,166.213,5.673334,0.0851,5.673334
102.11,62.19228,0.0851,166.2895,5.673334,0.0851,5.673334
102.12,62.19546,0.08513334,166.298,5.675556,0.08513334,5.675556
102.13,62.18274,0.08513334,166.264,5.675556,0.08513334,5.675556
102.14,62.17639,0.08513334,166.247,5.675556,0.08513334,5.675556
102.15,62.17957,0.08513334,166.2555,5.675556,0.08513334,5.675556
102.16,62.18751,0.08513334,166.2768,5.675556,0.08513334,5.675556
102.17,62.20341,0.08516667,166.3193,5.677778,0.08516667,5.677778
102.18,62.21294,0.08516667,166.3448,5.677778,0.08516667,5.677778
102.19,62.21135,0.08516667,166.3405,5.677778,0.08516667,5.677778
102.2,62.20341,0.08516667,166.3193,5.677778,0.08516667,5.677778
102.21,62.21135,0.0852,166.3405,5.68,0.0852,5.68
102.22,62.22407,0.0852,166.3745,5.68,0.0852,5.68
102.23,62.23202,0.0852,166.3958,5.68,0.0852,5.68
102.24,62.23361,0.0852,166.4,5.68,0.0852,5.68
102.25,62.23996,0.08523333,166.417,5.682222,0.08523333,5.682222
102.26,62.2495,0.08523333,166.4425,5.682222,0.08523333,5.682222
102.27,62.25745,0.08523333,166.4638,5.682222,0.08523333,5.682222
102.28,62.26222,0.08523333,166.4765,5.682222,0.08523333,5.682222
102.29,62.25745,0.08526666,166.4638,5.684444,0.08526666,5.684444
102.3,62.25427,0.08526666,166.4553,5.684444,0.08526666,5.684444
102.31,62.25745,0.08526666,166.4638,5.684444,0.08526666,5.684444
102.32,62.27334,0.0853,166.5063,5.686666,0.0853,5.686666
102.33,62.29401,0.0853,166.5615,5.686666,0.0853,5.686666
102.34,62.30672,0.0853,166.5955,5.686666,0.0853,5.686666
102.35,62.29877,0.0853,166.5743,5.686666,0.0853,5.686666
102.36,62.27811,0.0853,166.519,5.686666,0.0853,5.686666
102.37,62.27016,0.08533333,166.4978,5.688889,0.08533333,5.688889
102.38,62.28924,0.08533333,166.5488,5.688889,0.08533333,5.688889
102.39,62.30672,0.08533333,166.5955,5.688889,0.08533333,5.688889
102.4,62.30513,0.08533333,166.5913,5.688889,0.08533333,5.688889
102.41,62.29083,0.08536667,166.553,5.691111,0.08536667,5.691111
102.42,62.29401,0.08536667,166.5615,5.691111,0.08536667,5.691111
102.43,62.31149,0.08536667,166.6083,5.691111,0.08536667,5.691111
102.44,62.32579,0.08536667,166.6465,5.691111,0.08536667,5.691111
102.45,62.32262,0.0854,166.638,5.693333,0.0854,5.693333
102.46,62.31785,0.0854,166.6253,5.693333,0.0854,5.693333
102.47,62.31944,0.0854,166.6295,5.693333,0.0854,5.693333
102.48,62.32738,0.0854,166.6508,5.693333,0.0854,5.693333
102.49,62.33374,0.08543333,166.6678,5.695556,0.08543333,5.695556
102.5,62.33533,0.08543333,166.672,5.695556,0.08543333,5.695556
102.51,62.33374,0.08543333,166.6678,5.695556,0.08543333,5.695556
102.52,62.33374,0.08546667,166.6678,5.697778,0.08546667,5.697778
102.53,62.3401,0.08546667,166.6848,5.697778,0.08546667,5.697778
102.54,62.36235,0.08546667,166.7443,5.697778,0.08546667,5.697778
102.55,62.38301,0.08546667,166.7995,5.697778,0.08546667,5.697778
102.56,62.39096,0.08546667,166.8208,5.697778,0.08546667,5.697778
102.57,62.38778,0.0855,166.8123,5.7,0.0855,5.7
102.58,62.38301,0.0855,166.7995,5.7,0.0855,5.7
102.59,62.37984,0.0855,166.791,5.7,0.0855,5.7
102.6,62.37984,0.0855,166.791,5.7,0.0855,5.7
102.61,62.38461,0.08553334,166.8038,5.702222,0.08553334,5.702222
102.62,62.39573,0.08553334,166.8335,5.702222,0.08553334,5.702222
102.63,62.41322,0.08553334,166.8802,5.702222,0.08553334,5.702222
102.64,62.42593,0.08553334,166.9142,5.702222,0.08553334,5.702222
102.65,62.42911,0.08556667,166.9227,5.704445,0.08556667,5.704445
102.66,62.41957,0.08556667,166.8972,5.704445,0.08556667,5.704445
102.67,62.40527,0.08556667,166.859,5.704445,0.08556667,5.704445
102.68,62.40368,0.08556667,166.8548,5.704445,0.08556667,5.704445
102.69,62.40845,0.0856,166.8675,5.706667,0.0856,5.706667
102.7,62.41322,0.0856,166.8802,5.706667,0.0856,5.706667
102.71,62.41957,0.0856,166.8972,5.706667,0.0856,5.706667
102.72,62.41639,0.08563334,166.8887,5.708889,0.08563334,5.708889
102.73,62.40527,0.08563334,166.859,5.708889,0.08563334,5.708889
102.74,62.40527,0.08563334,166.859,5.708889,0.08563334,5.708889
102.75,62.42116,0.08563334,166.9015,5.708889,0.08563334,5.708889
102.76,62.44024,0.08563334,166.9525,5.708889,0.08563334,5.708889
102.77,62.44977,0.08566666,166.978,5.711111,0.08566666,5.711111
102.78,62.44977,0.08566666,166.978,5.711111,0.08566666,5.711111
102.79,62.445,0.08566666,166.9652,5.711111,0.08566666,5.711111
102.8,62.43388,0.08566666,166.9355,5.711111,0.08566666,5.711111
102.81,62.41639,0.0857,166.8887,5.713333,0.0857,5.713333
102.82,62.40368,0.0857,166.8548,5.713333,0.0857,5.713333
102.83,62.40527,0.0857,166.859,5.713333,0.0857,5.713333
102.84,62.41957,0.0857,166.8972,5.713333,0.0857,5.713333
102.85,62.43388,0.08573333,166.9355,5.715556,0.08573333,5.715556
102.86,62.44818,0.08573333,166.9738,5.715556,0.08573333,5.715556
102.87,62.4609,0.08573333,167.0078,5.715556,0.08573333,5.715556
102.88,62.47044,0.08576667,167.0332,5.717778,0.08576667,5.717778
102.89,62.4768,0.08576667,167.0502,5.717778,0.08576667,5.717778
102.9,62.47044,0.08576667,167.0332,5.717778,0.08576667,5.717778
102.91,62.46249,0.08576667,167.012,5.717778,0.08576667,5.717778
102.92,62.45613,0.0858,166.995,5.72,0.0858,5.72
102.93,62.45772,0.0858,166.9993,5.72,0.0858,5.72
102.94,62.46885,0.0858,167.029,5.72,0.0858,5.72
102.95,62.47838,0.0858,167.0545,5.72,0.0858,5.72
102.96,62.48474,0.08583333,167.0715,5.722222,0.08583333,5.722222
102.97,62.4911,0.08583333,167.0885,5.722222,0.08583333,5.722222
102.98,62.49905,0.08583333,167.1097,5.722222,0.08583333,5.722222
102.99,62.49905,0.08583333,167.1097,5.722222,0.08583333,5.722222
103.0,62.50541,0.08583333,167.1267,5.722222,0.08583333,5.722222
103.01,62.51812,0.08586667,167.1607,5.724444,0.08586667,5.724444
103.02,62.53402,0.08586667,167.2032,5.724444,0.08586667,5.724444
103.03,62.53878,0.08586667,167.216,5.724444,0.08586667,5.724444
103.04,62.5356,0.08586667,167.2075,5.724444,0.08586667,5.724444
103.05,62.53402,0.0859,167.2032,5.726667,0.0859,5.726667
103.06,62.53083,0.0859,167.1947,5.726667,0.0859,5.726667
103.07,62.52766,0.0859,167.1862,5.726667,0.0859,5.726667
103.08,62.53402,0.08593334,167.2032,5.728889,0.08593334,5.728889
103.09,62.54673,0.08593334,167.2372,5.728889,0.08593334,5.728889
103.1,62.56421,0.08593334,167.284,5.728889,0.08593334,5.728889
103.11,62.57693,0.08593334,167.318,5.728889,0.08593334,5.728889
103.12,62.58488,0.08593334,167.3392,5.728889,0.08593334,5.728889
103.13,62.58488,0.08596667,167.3392,5.731111,0.08596667,5.731111
103.14,62.58805,0.08596667,167.3477,5.731111,0.08596667,5.731111
103.15,62.596,0.08596667,167.369,5.731111,0.08596667,5.731111
103.16,62.60872,0.08596667,167.403,5.731111,0.08596667,5.731111
103.17,62.62143,0.086,167.437,5.733334,0.086,5.733334
103.18,62.62938,0.086,167.4582,5.733334,0.086,5.733334
103.19,62.62779,0.086,167.454,5.733334,0.086,5.733334
103.2,62.62143,0.086,167.437,5.733334,0.086,5.733334
103.21,62.62143,0.08603334,167.437,5.735556,0.08603334,5.735556
103.22,62.63256,0.08603334,167.4667,5.735556,0.08603334,5.735556
103.23,62.6421,0.08603334,167.4922,5.735556,0.08603334,5.735556
103.24,62.6421,0.08603334,167.4922,5.735556,0.08603334,5.735556
103.25,62.63256,0.08606667,167.4667,5.737778,0.08606667,5.737778
103.26,62.62143,0.08606667,167.437,5.737778,0.08606667,5.737778
103.27,62.61985,0.08606667,167.4327,5.737778,0.08606667,5.737778
103.28,62.62143,0.0861,167.437,5.74,0.0861,5.74
103.29,62.62779,0.0861,167.454,5.74,0.0861,5.74
103.3,62.63415,0.0861,167.471,5.74,0.0861,5.74
103.31,62.6421,0.0861,167.4922,5.74,0.0861,5.74
103.32,62.6421,0.08613333,167.4922,5.742222,0.08613333,5.742222
103.33,62.63415,0.08613333,167.471,5.742222,0.08613333,5.742222
103.34,62.62461,0.08613333,167.4455,5.742222,0.08613333,5.742222
103.35,62.62143,0.08613333,167.437,5.742222,0.08613333,5.742222
103.36,62.62143,0.08613333,167.437,5.742222,0.08613333,5.742222
103.37,62.62938,0.08616666,167.4582,5.744444,0.08616666,5.744444
103.38,62.65004,0.08616666,167.5135,5.744444,0.08616666,5.744444
103.39,62.67707,0.08616666,167.5857,5.744444,0.08616666,5.744444
103.4,62.7025,0.08616666,167.6537,5.744444,0.08616666,5.744444
103.41,62.71362,0.0862,167.6835,5.746666,0.0862,5.746666
103.42,62.70726,0.0862,167.6665,5.746666,0.0862,5.746666
103.43,62.69137,0.0862,167.624,5.746666,0.0862,5.746666
103.44,62.67865,0.0862,167.59,5.746666,0.0862,5.746666
103.45,62.67707,0.08623333,167.5857,5.748889,0.08623333,5.748889
103.46,62.67389,0.08623333,167.5772,5.748889,0.08623333,5.748889
103.47,62.66912,0.08623333,167.5645,5.748889,0.08623333,5.748889
103.48,62.67389,0.08626667,167.5772,5.751111,0.08626667,5.751111
103.49,62.69932,0.08626667,167.6452,5.751111,0.08626667,5.751111
103.5,62.73111,0.08626667,167.7302,5.751111,0.08626667,5.751111
103.51,62.747,0.08626667,167.7727,5.751111,0.08626667,5.751111
103.52,62.73906,0.0863,167.7515,5.753334,0.0863,5.753334
103.53,62.72634,0.0863,167.7175,5.753334,0.0863,5.753334
103.54,62.71839,0.0863,167.6962,5.753334,0.0863,5.753334
103.55,62.70568,0.0863,167.6622,5.753334,0.0863,5.753334
103.56,62.6866,0.0863,167.6112,5.753334,0.0863,5.753334
103.57,62.67707,0.08633333,167.5857,5.755556,0.08633333,5.755556
103.58,62.68978,0.08633333,167.6197,5.755556,0.08633333,5.755556
103.59,62.70726,0.08633333,167.6665,5.755556,0.08633333,5.755556
103.6,62.71362,0.08633333,167.6835,5.755556,0.08633333,5.755556
103.61,62.70568,0.08636667,167.6622,5.757778,0.08636667,5.757778
103.62,62.69455,0.08636667,167.6325,5.757778,0.08636667,5.757778
103.63,62.69773,0.08636667,167.641,5.757778,0.08636667,5.757778
103.64,62.71045,0.08636667,167.675,5.757778,0.08636667,5.757778
103.65,62.72793,0.0864,167.7217,5.76,0.0864,5.76
103.66,62.73587,0.0864,167.743,5.76,0.0864,5.76
103.67,62.73111,0.0864,167.7302,5.76,0.0864,5.76
103.68,62.71998,0.08643334,167.7005,5.762222,0.08643334,5.762222
103.69,62.71998,0.08643334,167.7005,5.762222,0.08643334,5.762222
103.7,62.73111,0.08643334,167.7302,5.762222,0.08643334,5.762222
103.71,62.73587,0.08643334,167.743,5.762222,0.08643334,5.762222
103.72,62.73587,0.08643334,167.743,5.762222,0.08643334,5.762222
103.73,62.73587,0.08646667,167.743,5.764445,0.08646667,5.764445
103.74,62.75495,0.08646667,167.794,5.764445,0.08646667,5.764445
103.75,62.78038,0.08646667,167.862,5.764445,0.08646667,5.764445
103.76,62.79309,0.08646667,167.896,5.764445,0.08646667,5.764445
103.77,62.78515,0.0865,167.8747,5.766667,0.0865,5.766667
103.78,62.77243,0.0865,167.8407,5.766667,0.0865,5.766667
103.79,62.76448,0.0865,167.8195,5.766667,0.0865,5.766667
103.8,62.76767,0.0865,167.828,5.766667,0.0865,5.766667
103.81,62.77561,0.08653334,167.8492,5.768889,0.08653334,5.768889
103.82,62.78038,0.08653334,167.862,5.768889,0.08653334,5.768889
103.83,62.78356,0.08653334,167.8705,5.768889,0.08653334,5.768889
103.84,62.7772,0.08653334,167.8535,5.768889,0.08653334,5.768889
103.85,62.7772,0.08656666,167.8535,5.771111,0.08656666,5.771111
103.86,62.78833,0.08656666,167.8832,5.771111,0.08656666,5.771111
103.87,62.79945,0.08656666,167.913,5.771111,0.08656666,5.771111
103.88,62.80104,0.0866,167.9172,5.773333,0.0866,5.773333
103.89,62.79945,0.0866,167.913,5.773333,0.0866,5.773333
103.9,62.79628,0.0866,167.9045,5.773333,0.0866,5.773333
103.91,62.79309,0.0866,167.896,5.773333,0.0866,5.773333
103.92,62.79945,0.0866,167.913,5.773333,0.0866,5.773333
103.93,62.81376,0.08663333,167.9512,5.775556,0.08663333,5.775556
103.94,62.83442,0.08663333,168.0065,5.775556,0.08663333,5.775556
103.95,62.84873,0.08663333,168.0447,5.775556,0.08663333,5.775556
103.96,62.84873,0.08663333,168.0447,5.775556,0.08663333,5.775556
103.97,62.85032,0.08666667,168.049,5.777778,0.08666667,5.777778
103.98,62.85826,0.08666667,168.0702,5.777778,0.08666667,5.777778
103.99,62.86303,0.08666667,168.083,5.777778,0.08666667,5.777778
104.0,62.86144,0.08666667,168.0787,5.777778,0.08666667,5.777778
104.01,62.85826,0.0867,168.0702,5.78,0.0867,5.78
104.02,62.86144,0.0867,168.0787,5.78,0.0867,5.78
104.03,62.86144,0.0867,168.0787,5.78,0.0867,5.78
104.04,62.85826,0.0867,168.0702,5.78,0.0867,5.78
104.05,62.86303,0.08673333,168.083,5.782222,0.08673333,5.782222
104.06,62.87893,0.08673333,168.1255,5.782222,0.08673333,5.782222
104.07,62.89482,0.08673333,168.168,5.782222,0.08673333,5.782222
104.08,62.898,0.08676667,168.1765,5.784444,0.08676667,5.784444
104.09,62.89164,0.08676667,168.1595,5.784444,0.08676667,5.784444
104.1,62.89005,0.08676667,168.1552,5.784444,0.08676667,5.784444
104.11,62.89482,0.08676667,168.168,5.784444,0.08676667,5.784444
104.12,62.898,0.08676667,168.1765,5.784444,0.08676667,5.784444
104.13,62.89482,0.0868,168.168,5.786667,0.0868,5.786667
104.14,62.89482,0.0868,168.168,5.786667,0.0868,5.786667
104.15,62.90277,0.0868,168.1892,5.786667,0.0868,5.786667
104.16,62.91866,0.0868,168.2317,5.786667,0.0868,5.786667
104.17,62.92025,0.08683334,168.236,5.788889,0.08683334,5.788889
104.18,62.91549,0.08683334,168.2232,5.788889,0.08683334,5.788889
104.19,62.91072,0.08683334,168.2105,5.788889,0.08683334,5.788889
104.2,62.90595,0.08683334,168.1977,5.788889,0.08683334,5.788889
104.21,62.91389,0.08686667,168.219,5.791111,0.08686667,5.791111
104.22,62.92661,0.08686667,168.253,5.791111,0.08686667,5.791111
104.23,62.9425,0.08686667,168.2955,5.791111,0.08686667,5.791111
104.24,62.94727,0.0869,168.3082,5.793334,0.0869,5.793334
104.25,62.95045,0.0869,168.3167,5.793334,0.0869,5.793334
104.26,62.96317,0.0869,168.3507,5.793334,0.0869,5.793334
104.27,62.97906,0.0869,168.3932,5.793334,0.0869,5.793334
104.28,62.9886,0.08693334,168.4187,5.795556,0.08693334,5.795556
104.29,62.99337,0.08693334,168.4315,5.795556,0.08693334,5.795556
104.3,62.99655,0.08693334,168.44,5.795556,0.08693334,5.795556
104.31,62.99178,0.08693334,168.4272,5.795556,0.08693334,5.795556
104.32,62.98065,0.08693334,168.3975,5.795556,0.08693334,5.795556
104.33,62.97588,0.08696667,168.3847,5.797778,0.08696667,5.797778
104.34,62.97906,0.08696667,168.3932,5.797778,0.08696667,5.797778
104.35,62.98542,0.08696667,168.4102,5.797778,0.08696667,5.797778
104.36,63.01244,0.08696667,168.4825,5.797778,0.08696667,5.797778
104.37,63.03787,0.087,168.5505,5.8,0.087,5.8
104.38,63.03787,0.087,168.5505,5.8,0.087,5.8
104.39,63.00767,0.087,168.4697,5.8,0.087,5.8
104.4,62.98383,0.087,168.406,5.8,0.087,5.8
104.41,62.9886,0.08703333,168.4187,5.802222,0.08703333,5.802222
104.42,63.01403,0.08703333,168.4867,5.802222,0.08703333,5.802222
104.43,63.03628,0.08703333,168.5462,5.802222,0.08703333,5.802222
104.44,63.04105,0.08706667,168.5589,5.804444,0.08706667,5.804444
104.45,63.04105,0.08706667,168.5589,5.804444,0.08706667,5.804444
104.46,63.04582,0.08706667,168.5717,5.804444,0.08706667,5.804444
104.47,63.05059,0.08706667,168.5845,5.804444,0.08706667,5.804444
104.48,63.049,0.0871,168.5802,5.806666,0.0871,5.806666
104.49,63.02993,0.0871,168.5292,5.806666,0.0871,5.806666
104.5,63.01403,0.0871,168.4867,5.806666,0.0871,5.806666
104.51,63.01721,0.0871,168.4952,5.806666,0.0871,5.806666
104.52,63.02834,0.0871,168.5249,5.806666,0.0871,5.806666
104.53,63.0331,0.08713333,168.5377,5.808889,0.08713333,5.808889
104.54,63.02834,0.08713333,168.5249,5.808889,0.08713333,5.808889
104.55,63.02039,0.08713333,168.5037,5.808889,0.08713333,5.808889
104.56,63.01721,0.08713333,168.4952,5.808889,0.08713333,5.808889
104.57,63.02039,0.08716667,168.5037,5.811111,0.08716667,5.811111
104.58,63.02516,0.08716667,168.5165,5.811111,0.08716667,5.811111
104.59,63.03787,0.08716667,168.5505,5.811111,0.08716667,5.811111
104.6,63.05377,0.08716667,168.593,5.811111,0.08716667,5.811111
104.61,63.06171,0.0872,168.6142,5.813334,0.0872,5.813334
104.62,63.049,0.0872,168.5802,5.813334,0.0872,5.813334
104.63,63.03628,0.0872,168.5462,5.813334,0.0872,5.813334
104.64,63.04264,0.08723333,168.5632,5.815556,0.08723333,5.815556
104.65,63.06648,0.08723333,168.627,5.815556,0.08723333,5.815556
104.66,63.09032,0.08723333,168.6907,5.815556,0.08723333,5.815556
104.67,63.10622,0.08723333,168.7332,5.815556,0.08723333,5.815556
104.68,63.11576,0.08726667,168.7587,5.817778,0.08726667,5.817778
104.69,63.1237,0.08726667,168.78,5.817778,0.08726667,5.817778
104.7,63.13642,0.08726667,168.8139,5.817778,0.08726667,5.817778
104.71,63.14278,0.08726667,168.8309,5.817778,0.08726667,5.817778
104.72,63.13483,0.08726667,168.8097,5.817778,0.08726667,5.817778
104.73,63.12211,0.0873,168.7757,5.82,0.0873,5.82
104.74,63.11576,0.0873,168.7587,5.82,0.0873,5.82
104.75,63.11893,0.0873,168.7672,5.82,0.0873,5.82
104.76,63.12847,0.0873,168.7927,5.82,0.0873,5.82
104.77,63.13483,0.08733334,168.8097,5.822222,0.08733334,5.822222
104.78,63.13483,0.08733334,168.8097,5.822222,0.08733334,5.822222
104.79,63.13642,0.08733334,168.8139,5.822222,0.08733334,5.822222
104.8,63.14278,0.08733334,168.8309,5.822222,0.08733334,5.822222
104.81,63.15072,0.08736667,168.8522,5.824445,0.08736667,5.824445
104.82,63.15708,0.08736667,168.8692,5.824445,0.08736667,5.824445
104.83,63.15549,0.08736667,168.8649,5.824445,0.08736667,5.824445
104.84,63.14754,0.0874,168.8437,5.826667,0.0874,5.826667
104.85,63.13483,0.0874,168.8097,5.826667,0.0874,5.826667
104.86,63.1237,0.0874,168.78,5.826667,0.0874,5.826667
104.87,63.11893,0.0874,168.7672,5.826667,0.0874,5.826667
104.88,63.12688,0.08743333,168.7885,5.828889,0.08743333,5.828889
104.89,63.1396,0.08743333,168.8224,5.828889,0.08743333,5.828889
104.9,63.14754,0.08743333,168.8437,5.828889,0.08743333,5.828889
104.91,63.14437,0.08743333,168.8352,5.828889,0.08743333,5.828889
104.92,63.14278,0.08743333,168.8309,5.828889,0.08743333,5.828889
104.93,63.14437,0.08746666,168.8352,5.831111,0.08746666,5.831111
104.94,63.15072,0.08746666,168.8522,5.831111,0.08746666,5.831111
104.95,63.15231,0.08746666,168.8564,5.831111,0.08746666,5.831111
104.96,63.15708,0.08746666,168.8692,5.831111,0.08746666,5.831111
104.97,63.16503,0.0875,168.8904,5.833333,0.0875,5.833333
104.98,63.17298,0.0875,168.9117,5.833333,0.0875,5.833333
104.99,63.18569,0.0875,168.9457,5.833333,0.0875,5.833333
105.0,63.19364,0.0875,168.9669,5.833333,0.0875,5.833333
105.01,63.19682,0.08753333,168.9754,5.835556,0.08753333,5.835556
105.02,63.19682,0.08753333,168.9754,5.835556,0.08753333,5.835556
105.03,63.20159,0.08753333,168.9882,5.835556,0.08753333,5.835556
105.04,63.20794,0.08756667,169.0052,5.837778,0.08756667,5.837778
105.05,63.20953,0.08756667,169.0094,5.837778,0.08756667,5.837778
105.06,63.21271,0.08756667,169.0179,5.837778,0.08756667,5.837778
105.07,63.21748,0.08756667,169.0307,5.837778,0.08756667,5.837778
105.08,63.22066,0.0876,169.0392,5.84,0.0876,5.84
105.09,63.22225,0.0876,169.0434,5.84,0.0876,5.84
105.1,63.22543,0.0876,169.0519,5.84,0.0876,5.84
105.11,63.22861,0.0876,169.0604,5.84,0.0876,5.84
105.12,63.22543,0.0876,169.0519,5.84,0.0876,5.84
105.13,63.22225,0.08763333,169.0434,5.842222,0.08763333,5.842222
105.14,63.22543,0.08763333,169.0519,5.842222,0.08763333,5.842222
105.15,63.23655,0.08763333,169.0817,5.842222,0.08763333,5.842222
105.16,63.25086,0.08763333,169.1199,5.842222,0.08763333,5.842222
105.17,63.27152,0.08766667,169.1752,5.844445,0.08766667,5.844445
105.18,63.28742,0.08766667,169.2177,5.844445,0.08766667,5.844445
105.19,63.28742,0.08766667,169.2177,5.844445,0.08766667,5.844445
105.2,63.2747,0.08766667,169.1837,5.844445,0.08766667,5.844445
105.21,63.26199,0.0877,169.1497,5.846667,0.0877,5.846667
105.22,63.25881,0.0877,169.1412,5.846667,0.0877,5.846667
105.23,63.26993,0.0877,169.1709,5.846667,0.0877,5.846667
105.24,63.28583,0.08773334,169.2134,5.848889,0.08773334,5.848889
105.25,63.2906,0.08773334,169.2262,5.848889,0.08773334,5.848889
105.26,63.28583,0.08773334,169.2134,5.848889,0.08773334,5.848889
105.27,63.28265,0.08773334,169.2049,5.848889,0.08773334,5.848889
105.28,63.28742,0.08773334,169.2177,5.848889,0.08773334,5.848889
105.29,63.29854,0.08776667,169.2474,5.851111,0.08776667,5.851111
105.3,63.31126,0.08776667,169.2814,5.851111,0.08776667,5.851111
105.31,63.31921,0.08776667,169.3027,5.851111,0.08776667,5.851111
105.32,63.32397,0.08776667,169.3154,5.851111,0.08776667,5.851111
105.33,63.32397,0.0878,169.3154,5.853333,0.0878,5.853333
105.34,63.32715,0.0878,169.3239,5.853333,0.0878,5.853333
105.35,63.32715,0.0878,169.3239,5.853333,0.0878,5.853333
105.36,63.32874,0.0878,169.3282,5.853333,0.0878,5.853333
105.37,63.33669,0.08783334,169.3494,5.855556,0.08783334,5.855556
105.38,63.35099,0.08783334,169.3877,5.855556,0.08783334,5.855556
105.39,63.35735,0.08783334,169.4047,5.855556,0.08783334,5.855556
105.4,63.35735,0.08783334,169.4047,5.855556,0.08783334,5.855556
105.41,63.34782,0.08786666,169.3792,5.857778,0.08786666,5.857778
105.42,63.3351,0.08786666,169.3452,5.857778,0.08786666,5.857778
105.43,63.32397,0.08786666,169.3154,5.857778,0.08786666,5.857778
105.44,63.3351,0.0879,169.3452,5.86,0.0879,5.86
105.45,63.35258,0.0879,169.3919,5.86,0.0879,5.86
105.46,63.3653,0.0879,169.4259,5.86,0.0879,5.86
105.47,63.36371,0.0879,169.4217,5.86,0.0879,5.86
105.48,63.3653,0.0879,169.4259,5.86,0.0879,5.86
105.49,63.3812,0.08793333,169.4684,5.862222,0.08793333,5.862222
105.5,63.39391,0.08793333,169.5024,5.862222,0.08793333,5.862222
105.51,63.39709,0.08793333,169.5109,5.862222,0.08793333,5.862222
105.52,63.39232,0.08793333,169.4982,5.862222,0.08793333,5.862222
105.53,63.38437,0.08796667,169.4769,5.864444,0.08796667,5.864444
105.54,63.3812,0.08796667,169.4684,5.864444,0.08796667,5.864444
105.55,63.38596,0.08796667,169.4812,5.864444,0.08796667,5.864444
105.56,63.39709,0.08796667,169.5109,5.864444,0.08796667,5.864444
105.57,63.40504,0.088,169.5322,5.866667,0.088,5.866667
105.58,63.40821,0.088,169.5407,5.866667,0.088,5.866667
105.59,63.40821,0.088,169.5407,5.866667,0.088,5.866667
105.6,63.41298,0.088,169.5534,5.866667,0.088,5.866667
105.61,63.4257,0.08803333,169.5874,5.868889,0.08803333,5.868889
105.62,63.43842,0.08803333,169.6214,5.868889,0.08803333,5.868889
105.63,63.43682,0.08803333,169.6172,5.868889,0.08803333,5.868889
105.64,63.4257,0.08806667,169.5874,5.871111,0.08806667,5.871111
105.65,63.42093,0.08806667,169.5747,5.871111,0.08806667,5.871111
105.66,63.4257,0.08806667,169.5874,5.871111,0.08806667,5.871111
105.67,63.43047,0.08806667,169.6002,5.871111,0.08806667,5.871111
105.68,63.42888,0.08806667,169.5959,5.871111,0.08806667,5.871111
105.69,63.42093,0.0881,169.5747,5.873333,0.0881,5.873333
105.7,63.42093,0.0881,169.5747,5.873333,0.0881,5.873333
105.71,63.4257,0.0881,169.5874,5.873333,0.0881,5.873333
105.72,63.43842,0.0881,169.6214,5.873333,0.0881,5.873333
105.73,63.44636,0.08813334,169.6427,5.875556,0.08813334,5.875556
105.74,63.44954,0.08813334,169.6512,5.875556,0.08813334,5.875556
105.75,63.44477,0.08813334,169.6384,5.875556,0.08813334,5.875556
105.76,63.44159,0.08813334,169.6299,5.875556,0.08813334,5.875556
105.77,63.44954,0.08816667,169.6512,5.877778,0.08816667,5.877778
105.78,63.46703,0.08816667,169.6979,5.877778,0.08816667,5.877778
105.79,63.4861,0.08816667,169.7489,5.877778,0.08816667,5.877778
105.8,63.49405,0.08816667,169.7702,5.877778,0.08816667,5.877778
105.81,63.48769,0.0882,169.7532,5.88,0.0882,5.88
105.82,63.4861,0.0882,169.7489,5.88,0.0882,5.88
105.83,63.48769,0.0882,169.7532,5.88,0.0882,5.88
105.84,63.49405,0.08823334,169.7702,5.882223,0.08823334,5.882223
105.85,63.48769,0.08823334,169.7532,5.882223,0.08823334,5.882223
105.86,63.47815,0.08823334,169.7277,5.882223,0.08823334,5.882223
105.87,63.47497,0.08823334,169.7192,5.882223,0.08823334,5.882223
105.88,63.47974,0.08823334,169.7319,5.882223,0.08823334,5.882223
105.89,63.48769,0.08826667,169.7532,5.884445,0.08826667,5.884445
105.9,63.49087,0.08826667,169.7617,5.884445,0.08826667,5.884445
105.91,63.502,0.08826667,169.7914,5.884445,0.08826667,5.884445
105.92,63.51153,0.08826667,169.8169,5.884445,0.08826667,5.884445
105.93,63.51153,0.0883,169.8169,5.886667,0.0883,5.886667
105.94,63.50676,0.0883,169.8042,5.886667,0.0883,5.886667
105.95,63.50358,0.0883,169.7957,5.886667,0.0883,5.886667
105.96,63.50358,0.0883,169.7957,5.886667,0.0883,5.886667
105.97,63.50835,0.08833333,169.8084,5.888889,0.08833333,5.888889
105.98,63.51948,0.08833333,169.8382,5.888889,0.08833333,5.888889
105.99,63.53537,0.08833333,169.8807,5.888889,0.08833333,5.888889
106.0,63.54809,0.08833333,169.9147,5.888889,0.08833333,5.888889
106.01,63.54809,0.08836666,169.9147,5.891111,0.08836666,5.891111
106.02,63.54332,0.08836666,169.9019,5.891111,0.08836666,5.891111
106.03,63.53696,0.08836666,169.8849,5.891111,0.08836666,5.891111
106.04,63.52266,0.0884,169.8467,5.893333,0.0884,5.893333
106.05,63.5163,0.0884,169.8297,5.893333,0.0884,5.893333
106.06,63.53537,0.0884,169.8807,5.893333,0.0884,5.893333
106.07,63.56557,0.0884,169.9614,5.893333,0.0884,5.893333
106.08,63.58147,0.0884,170.0039,5.893333,0.0884,5.893333
106.09,63.5767,0.08843333,169.9912,5.895555,0.08843333,5.895555
106.1,63.55922,0.08843333,169.9444,5.895555,0.08843333,5.895555
106.11,63.54809,0.08843333,169.9147,5.895555,0.08843333,5.895555
106.12,63.54332,0.08843333,169.9019,5.895555,0.08843333,5.895555
106.13,63.54014,0.08846667,169.8934,5.897778,0.08846667,5.897778
106.14,63.54014,0.08846667,169.8934,5.897778,0.08846667,5.897778
106.15,63.55127,0.08846667,169.9232,5.897778,0.08846667,5.897778
106.16,63.56875,0.08846667,169.9699,5.897778,0.08846667,5.897778
106.17,63.58464,0.0885,170.0124,5.9,0.0885,5.9
106.18,63.60531,0.0885,170.0677,5.9,0.0885,5.9
106.19,63.62279,0.0885,170.1144,5.9,0.0885,5.9
106.2,63.62279,0.0885,170.1144,5.9,0.0885,5.9
106.21,63.61325,0.08853333,170.0889,5.902222,0.08853333,5.902222
106.22,63.60849,0.08853333,170.0762,5.902222,0.08853333,5.902222
106.23,63.61325,0.08853333,170.0889,5.902222,0.08853333,5.902222
106.24,63.6212,0.08856667,170.1102,5.904445,0.08856667,5.904445
106.25,63.62597,0.08856667,170.1229,5.904445,0.08856667,5.904445
106.26,63.62915,0.08856667,170.1314,5.904445,0.08856667,5.904445
106.27,63.62915,0.08856667,170.1314,5.904445,0.08856667,5.904445
106.28,63.62279,0.08856667,170.1144,5.904445,0.08856667,5.904445
106.29,63.61008,0.0886,170.0804,5.906667,0.0886,5.906667
106.3,63.60531,0.0886,170.0677,5.906667,0.0886,5.906667
106.31,63.61008,0.0886,170.0804,5.906667,0.0886,5.906667
106.32,63.62279,0.0886,170.1144,5.906667,0.0886,5.906667
106.33,63.62597,0.08863334,170.1229,5.908889,0.08863334,5.908889
106.34,63.6212,0.08863334,170.1102,5.908889,0.08863334,5.908889
106.35,63.61008,0.08863334,170.0804,5.908889,0.08863334,5.908889
106.36,63.60849,0.08863334,170.0762,5.908889,0.08863334,5.908889
106.37,63.61325,0.08866667,170.0889,5.911111,0.08866667,5.911111
106.38,63.6212,0.08866667,170.1102,5.911111,0.08866667,5.911111
106.39,63.62915,0.08866667,170.1314,5.911111,0.08866667,5.911111
106.4,63.63074,0.08866667,170.1357,5.911111,0.08866667,5.911111
106.41,63.63074,0.0887,170.1357,5.913333,0.0887,5.913333
106.42,63.62915,0.0887,170.1314,5.913333,0.0887,5.913333
106.43,63.62597,0.0887,170.1229,5.913333,0.0887,5.913333
106.44,63.62915,0.0887,170.1314,5.913333,0.0887,5.913333
106.45,63.6371,0.08873334,170.1527,5.915556,0.08873334,5.915556
106.46,63.64663,0.08873334,170.1782,5.915556,0.08873334,5.915556
106.47,63.64981,0.08873334,170.1867,5.915556,0.08873334,5.915556
106.48,63.64981,0.08873334,170.1867,5.915556,0.08873334,5.915556
106.49,63.65458,0.08876666,170.1994,5.917778,0.08876666,5.917778
106.5,63.65776,0.08876666,170.2079,5.917778,0.08876666,5.917778
106.51,63.65458,0.08876666,170.1994,5.917778,0.08876666,5.917778
106.52,63.6514,0.08876666,170.1909,5.917778,0.08876666,5.917778
106.53,63.65935,0.0888,170.2122,5.92,0.0888,5.92
106.54,63.67524,0.0888,170.2547,5.92,0.0888,5.92
106.55,63.69114,0.0888,170.2972,5.92,0.0888,5.92
106.56,63.70385,0.0888,170.3311,5.92,0.0888,5.92
106.57,63.70704,0.08883333,170.3397,5.922222,0.08883333,5.922222
106.58,63.70385,0.08883333,170.3311,5.922222,0.08883333,5.922222
106.59,63.69591,0.08883333,170.3099,5.922222,0.08883333,5.922222
106.6,63.69909,0.08886667,170.3184,5.924444,0.08886667,5.924444
106.61,63.70704,0.08886667,170.3397,5.924444,0.08886667,5.924444
106.62,63.70862,0.08886667,170.3439,5.924444,0.08886667,5.924444
106.63,63.70704,0.08886667,170.3397,5.924444,0.08886667,5.924444
106.64,63.70704,0.08886667,170.3397,5.924444,0.08886667,5.924444
106.65,63.7118,0.0889,170.3524,5.926667,0.0889,5.926667
106.66,63.72452,0.0889,170.3864,5.926667,0.0889,5.926667
106.67,63.74359,0.0889,170.4374,5.926667,0.0889,5.926667
106.68,63.75313,0.0889,170.4629,5.926667,0.0889,5.926667
106.69,63.76107,0.08893333,170.4841,5.928889,0.08893333,5.928889
106.7,63.7722,0.08893333,170.5139,5.928889,0.08893333,5.928889
106.71,63.78015,0.08893333,170.5351,5.928889,0.08893333,5.928889
106.72,63.7722,0.08893333,170.5139,5.928889,0.08893333,5.928889
106.73,63.75631,0.08896667,170.4714,5.931111,0.08896667,5.931111
106.74,63.74836,0.08896667,170.4501,5.931111,0.08896667,5.931111
106.75,63.75154,0.08896667,170.4586,5.931111,0.08896667,5.931111
106.76,63.76107,0.08896667,170.4841,5.931111,0.08896667,5.931111
106.77,63.76902,0.089,170.5054,5.933333,0.089,5.933333
106.78,63.76902,0.089,170.5054,5.933333,0.089,5.933333
106.79,63.75631,0.089,170.4714,5.933333,0.089,5.933333
106.8,63.74518,0.08903334,170.4417,5.935555,0.08903334,5.935555
106.81,63.74836,0.08903334,170.4501,5.935555,0.08903334,5.935555
106.82,63.76584,0.08903334,170.4969,5.935555,0.08903334,5.935555
106.83,63.78968,0.08903334,170.5607,5.935555,0.08903334,5.935555
106.84,63.81035,0.08906667,170.6159,5.937778,0.08906667,5.937778
106.85,63.82306,0.08906667,170.6499,5.937778,0.08906667,5.937778
106.86,63.82624,0.08906667,170.6584,5.937778,0.08906667,5.937778
106.87,63.81671,0.08906667,170.6329,5.937778,0.08906667,5.937778
106.88,63.80876,0.08906667,170.6116,5.937778,0.08906667,5.937778
106.89,63.80876,0.0891,170.6116,5.94,0.0891,5.94
106.9,63.81353,0.0891,170.6244,5.94,0.0891,5.94
106.91,63.81035,0.0891,170.6159,5.94,0.0891,5.94
106.92,63.80081,0.0891,170.5904,5.94,0.0891,5.94
106.93,63.79763,0.08913334,170.5819,5.942223,0.08913334,5.942223
106.94,63.80876,0.08913334,170.6116,5.942223,0.08913334,5.942223
106.95,63.82148,0.08913334,170.6456,5.942223,0.08913334,5.942223
106.96,63.82942,0.08913334,170.6669,5.942223,0.08913334,5.942223
106.97,63.83419,0.08916667,170.6796,5.944445,0.08916667,5.944445
106.98,63.83419,0.08916667,170.6796,5.944445,0.08916667,5.944445
106.99,63.83101,0.08916667,170.6712,5.944445,0.08916667,5.944445
107.0,63.83737,0.0892,170.6881,5.946667,0.0892,5.946667
107.01,63.85485,0.0892,170.7349,5.946667,0.0892,5.946667
107.02,63.86757,0.0892,170.7689,5.946667,0.0892,5.946667
107.03,63.8628,0.0892,170.7561,5.946667,0.0892,5.946667
107.04,63.8469,0.0892,170.7136,5.946667,0.0892,5.946667
107.05,63.8469,0.08923333,170.7136,5.948889,0.08923333,5.948889
107.06,63.85485,0.08923333,170.7349,5.948889,0.08923333,5.948889
107.07,63.8628,0.08923333,170.7561,5.948889,0.08923333,5.948889
107.08,63.87551,0.08923333,170.7901,5.948889,0.08923333,5.948889
107.09,63.89141,0.08926667,170.8326,5.951111,0.08926667,5.951111
107.1,63.89936,0.08926667,170.8539,5.951111,0.08926667,5.951111
107.11,63.89618,0.08926667,170.8454,5.951111,0.08926667,5.951111
107.12,63.88028,0.0893,170.8029,5.953333,0.0893,5.953333
107.13,63.86757,0.0893,170.7689,5.953333,0.0893,5.953333
107.14,63.85962,0.0893,170.7477,5.953333,0.0893,5.953333
107.15,63.85009,0.0893,170.7222,5.953333,0.0893,5.953333
107.16,63.85009,0.0893,170.7222,5.953333,0.0893,5.953333
107.17,63.86757,0.08933333,170.7689,5.955555,0.08933333,5.955555
107.18,63.89141,0.08933333,170.8326,5.955555,0.08933333,5.955555
107.19,63.90254,0.08933333,170.8624,5.955555,0.08933333,5.955555
107.2,63.90254,0.08936667,170.8624,5.957778,0.08936667,5.957778
107.21,63.89936,0.08936667,170.8539,5.957778,0.08936667,5.957778
107.22,63.90731,0.08936667,170.8752,5.957778,0.08936667,5.957778
107.23,63.92797,0.08936667,170.9304,5.957778,0.08936667,5.957778
107.24,63.95181,0.0894,170.9941,5.96,0.0894,5.96
107.25,63.96135,0.0894,171.0196,5.96,0.0894,5.96
107.26,63.95181,0.0894,170.9941,5.96,0.0894,5.96
107.27,63.93115,0.0894,170.9389,5.96,0.0894,5.96
107.28,63.92002,0.0894,170.9091,5.96,0.0894,5.96
107.29,63.9232,0.08943333,170.9176,5.962222,0.08943333,5.962222
107.3,63.93115,0.08943333,170.9389,5.962222,0.08943333,5.962222
107.31,63.93592,0.08943333,170.9516,5.962222,0.08943333,5.962222
107.32,63.93592,0.08943333,170.9516,5.962222,0.08943333,5.962222
107.33,63.93909,0.08946667,170.9601,5.964445,0.08946667,5.964445
107.34,63.94545,0.08946667,170.9771,5.964445,0.08946667,5.964445
107.35,63.95181,0.08946667,170.9941,5.964445,0.08946667,5.964445
107.36,63.9534,0.08946667,170.9984,5.964445,0.08946667,5.964445
107.37,63.95976,0.0895,171.0154,5.966667,0.0895,5.966667
107.38,63.97247,0.0895,171.0494,5.966667,0.0895,5.966667
107.39,63.98837,0.0895,171.0919,5.966667,0.0895,5.966667
107.4,63.99632,0.08953334,171.1131,5.968889,0.08953334,5.968889
107.41,63.98996,0.08953334,171.0961,5.968889,0.08953334,5.968889
107.42,63.97724,0.08953334,171.0621,5.968889,0.08953334,5.968889
107.43,63.96453,0.08953334,171.0281,5.968889,0.08953334,5.968889
107.44,63.9677,0.08953334,171.0366,5.968889,0.08953334,5.968889
107.45,63.98042,0.08956667,171.0706,5.971111,0.08956667,5.971111
107.46,63.98996,0.08956667,171.0961,5.971111,0.08956667,5.971111
107.47,63.99791,0.08956667,171.1174,5.971111,0.08956667,5.971111
107.48,64.00585,0.08956667,171.1386,5.971111,0.08956667,5.971111
107.49,64.0138,0.0896,171.1599,5.973334,0.0896,5.973334
107.5,64.01698,0.0896,171.1684,5.973334,0.0896,5.973334
107.51,64.0138,0.0896,171.1599,5.973334,0.0896,5.973334
107.52,64.00903,0.0896,171.1471,5.973334,0.0896,5.973334
107.53,64.00903,0.08963333,171.1471,5.975555,0.08963333,5.975555
107.54,64.02174,0.08963333,171.1811,5.975555,0.08963333,5.975555
107.55,64.05035,0.08963333,171.2576,5.975555,0.08963333,5.975555
107.56,64.08215,0.08963333,171.3426,5.975555,0.08963333,5.975555
107.57,64.09645,0.08966666,171.3809,5.977777,0.08966666,5.977777
107.58,64.09486,0.08966666,171.3766,5.977777,0.08966666,5.977777
107.59,64.08691,0.08966666,171.3554,5.977777,0.08966666,5.977777
107.6,64.07896,0.0897,171.3341,5.98,0.0897,5.98
107.61,64.07102,0.0897,171.3129,5.98,0.0897,5.98
107.62,64.06307,0.0897,171.2916,5.98,0.0897,5.98
107.63,64.0583,0.0897,171.2789,5.98,0.0897,5.98
107.64,64.05512,0.0897,171.2704,5.98,0.0897,5.98
107.65,64.05035,0.08973333,171.2576,5.982222,0.08973333,5.982222
107.66,64.04718,0.08973333,171.2491,5.982222,0.08973333,5.982222
107.67,64.05512,0.08973333,171.2704,5.982222,0.08973333,5.982222
107.68,64.06625,0.08973333,171.3001,5.982222,0.08973333,5.982222
107.69,64.07579,0.08976667,171.3256,5.984445,0.08976667,5.984445
107.7,64.08373,0.08976667,171.3469,5.984445,0.08976667,5.984445
107.71,64.08373,0.08976667,171.3469,5.984445,0.08976667,5.984445
107.72,64.0742,0.08976667,171.3214,5.984445,0.08976667,5.984445
107.73,64.0583,0.0898,171.2789,5.986667,0.0898,5.986667
107.74,64.04718,0.0898,171.2491,5.986667,0.0898,5.986667
107.75,64.05512,0.0898,171.2704,5.986667,0.0898,5.986667
107.76,64.07579,0.0898,171.3256,5.986667,0.0898,5.986667
107.77,64.09963,0.08983333,171.3894,5.988889,0.08983333,5.988889
107.78,64.11552,0.08983333,171.4319,5.988889,0.08983333,5.988889
107.79,64.12347,0.08983333,171.4531,5.988889,0.08983333,5.988889
107.8,64.12506,0.08986667,171.4574,5.991111,0.08986667,5.991111
107.81,64.12824,0.08986667,171.4659,5.991111,0.08986667,5.991111
107.82,64.13142,0.08986667,171.4744,5.991111,0.08986667,5.991111
107.83,64.12824,0.08986667,171.4659,5.991111,0.08986667,5.991111
107.84,64.12029,0.08986667,171.4446,5.991111,0.08986667,5.991111
107.85,64.11711,0.0899,171.4361,5.993333,0.0899,5.993333
107.86,64.11234,0.0899,171.4234,5.993333,0.0899,5.993333
107.87,64.10757,0.0899,171.4106,5.993333,0.0899,5.993333
107.88,64.1044,0.0899,171.4021,5.993333,0.0899,5.993333
107.89,64.11711,0.08993334,171.4361,5.995556,0.08993334,5.995556
107.9,64.13937,0.08993334,171.4956,5.995556,0.08993334,5.995556
107.91,64.1489,0.08993334,171.5211,5.995556,0.08993334,5.995556
107.92,64.15208,0.08993334,171.5296,5.995556,0.08993334,5.995556
107.93,64.16003,0.08996667,171.5509,5.997778,0.08996667,5.997778
107.94,64.17274,0.08996667,171.5849,5.997778,0.08996667,5.997778
107.95,64.18069,0.08996667,171.6061,5.997778,0.08996667,5.997778
107.96,64.18546,0.08996667,171.6189,5.997778,0.08996667,5.997778
107.97,64.19341,0.09,171.6401,6.0,0.09,6.0
107.98,64.19817,0.09,171.6529,6.0,0.09,6.0
107.99,64.19659,0.09,171.6486,6.0,0.09,6.0
108.0,64.18864,0.09,171.6274,6.0,0.09,6.0
108.01,64.19023,0.09003334,171.6316,6.002223,0.09003334,6.002223
108.02,64.19659,0.09003334,171.6486,6.002223,0.09003334,6.002223
108.03,64.20612,0.09003334,171.6741,6.002223,0.09003334,6.002223
108.04,64.21089,0.09003334,171.6869,6.002223,0.09003334,6.002223
108.05,64.2093,0.09006667,171.6826,6.004445,0.09006667,6.004445
108.06,64.20294,0.09006667,171.6656,6.004445,0.09006667,6.004445
108.07,64.20135,0.09006667,171.6614,6.004445,0.09006667,6.004445
108.08,64.19817,0.09006667,171.6529,6.004445,0.09006667,6.004445
108.09,64.18864,0.0901,171.6274,6.006667,0.0901,6.006667
108.1,64.18546,0.0901,171.6189,6.006667,0.0901,6.006667
108.11,64.19023,0.0901,171.6316,6.006667,0.0901,6.006667
108.12,64.19659,0.0901,171.6486,6.006667,0.0901,6.006667
108.13,64.20612,0.09013333,171.6741,6.008889,0.09013333,6.008889
108.14,64.2252,0.09013333,171.7251,6.008889,0.09013333,6.008889
108.15,64.23792,0.09013333,171.7591,6.008889,0.09013333,6.008889
108.16,64.24268,0.09013333,171.7719,6.008889,0.09013333,6.008889
108.17,64.24586,0.09016667,171.7804,6.011111,0.09016667,6.011111
108.18,64.2395,0.09016667,171.7634,6.011111,0.09016667,6.011111
108.19,64.23473,0.09016667,171.7506,6.011111,0.09016667,6.011111
108.2,64.23473,0.0902,171.7506,6.013333,0.0902,6.013333
108.21,64.23792,0.0902,171.7591,6.013333,0.0902,6.013333
108.22,64.24268,0.0902,171.7719,6.013333,0.0902,6.013333
108.23,64.24745,0.0902,171.7846,6.013333,0.0902,6.013333
108.24,64.24745,0.0902,171.7846,6.013333,0.0902,6.013333
108.25,64.24586,0.09023333,171.7804,6.015555,0.09023333,6.015555
108.26,64.25063,0.09023333,171.7931,6.015555,0.09023333,6.015555
108.27,64.25539,0.09023333,171.8059,6.015555,0.09023333,6.015555
108.28,64.25539,0.09023333,171.8059,6.015555,0.09023333,6.015555
108.29,64.25539,0.09026667,171.8059,6.017778,0.09026667,6.017778
108.3,64.25539,0.09026667,171.8059,6.017778,0.09026667,6.017778
108.31,64.26016,0.09026667,171.8186,6.017778,0.09026667,6.017778
108.32,64.26811,0.09026667,171.8399,6.017778,0.09026667,6.017778
108.33,64.27447,0.0903,171.8569,6.02,0.0903,6.02
108.34,64.28242,0.0903,171.8781,6.02,0.0903,6.02
108.35,64.28877,0.0903,171.8951,6.02,0.0903,6.02
108.36,64.29195,0.0903,171.9036,6.02,0.0903,6.02
108.37,64.28719,0.09033334,171.8909,6.022223,0.09033334,6.022223
108.38,64.28242,0.09033334,171.8781,6.022223,0.09033334,6.022223
108.39,64.28242,0.09033334,171.8781,6.022223,0.09033334,6.022223
108.4,64.29514,0.09036667,171.9121,6.024445,0.09036667,6.024445
108.41,64.30467,0.09036667,171.9376,6.024445,0.09036667,6.024445
108.42,64.30308,0.09036667,171.9333,6.024445,0.09036667,6.024445
108.43,64.28719,0.09036667,171.8909,6.024445,0.09036667,6.024445
108.44,64.27924,0.09036667,171.8696,6.024445,0.09036667,6.024445
108.45,64.27606,0.0904,171.8611,6.026667,0.0904,6.026667
108.46,64.27924,0.0904,171.8696,6.026667,0.0904,6.026667
108.47,64.28242,0.0904,171.8781,6.026667,0.0904,6.026667
108.48,64.29195,0.0904,171.9036,6.026667,0.0904,6.026667
108.49,64.30467,0.09043334,171.9376,6.028889,0.09043334,6.028889
108.5,64.31738,0.09043334,171.9716,6.028889,0.09043334,6.028889
108.51,64.32056,0.09043334,171.9801,6.028889,0.09043334,6.028889
108.52,64.32056,0.09043334,171.9801,6.028889,0.09043334,6.028889
108.53,64.32375,0.09046667,171.9886,6.031111,0.09046667,6.031111
108.54,64.33328,0.09046667,172.0141,6.031111,0.09046667,6.031111
108.55,64.34599,0.09046667,172.0481,6.031111,0.09046667,6.031111
108.56,64.35712,0.09046667,172.0779,6.031111,0.09046667,6.031111
108.57,64.36189,0.0905,172.0906,6.033334,0.0905,6.033334
108.58,64.36983,0.0905,172.1118,6.033334,0.0905,6.033334
108.59,64.3746,0.0905,172.1246,6.033334,0.0905,6.033334
108.6,64.38891,0.0905,172.1629,6.033334,0.0905,6.033334
108.61,64.40321,0.09053333,172.2011,6.035555,0.09053333,6.035555
108.62,64.40639,0.09053333,172.2096,6.035555,0.09053333,6.035555
108.63,64.39368,0.09053333,172.1756,6.035555,0.09053333,6.035555
108.64,64.38255,0.09053333,172.1459,6.035555,0.09053333,6.035555
108.65,64.38097,0.09056666,172.1416,6.037778,0.09056666,6.037778
108.66,64.37778,0.09056666,172.1331,6.037778,0.09056666,6.037778
108.67,64.36825,0.09056666,172.1076,6.037778,0.09056666,6.037778
108.68,64.35394,0.09056666,172.0694,6.037778,0.09056666,6.037778
108.69,64.34441,0.0906,172.0439,6.04,0.0906,6.04
108.7,64.34441,0.0906,172.0439,6.04,0.0906,6.04
108.71,64.35394,0.0906,172.0694,6.04,0.0906,6.04
108.72,64.36507,0.0906,172.0991,6.04,0.0906,6.04
108.73,64.3746,0.09063333,172.1246,6.042222,0.09063333,6.042222
108.74,64.3905,0.09063333,172.1671,6.042222,0.09063333,6.042222
108.75,64.40163,0.09063333,172.1969,6.042222,0.09063333,6.042222
108.76,64.40321,0.09063333,172.2011,6.042222,0.09063333,6.042222
108.77,64.40639,0.09066667,172.2096,6.044445,0.09066667,6.044445
108.78,64.41434,0.09066667,172.2309,6.044445,0.09066667,6.044445
108.79,64.41911,0.09066667,172.2436,6.044445,0.09066667,6.044445
108.8,64.42547,0.09066667,172.2606,6.044445,0.09066667,6.044445
108.81,64.43182,0.0907,172.2776,6.046667,0.0907,6.046667
108.82,64.44296,0.0907,172.3074,6.046667,0.0907,6.046667
108.83,64.45567,0.0907,172.3413,6.046667,0.0907,6.046667
108.84,64.46203,0.0907,172.3584,6.046667,0.0907,6.046667
108.85,64.46203,0.09073333,172.3584,6.048889,0.09073333,6.048889
108.86,64.46203,0.09073333,172.3584,6.048889,0.09073333,6.048889
108.87,64.4668,0.09073333,172.3711,6.048889,0.09073333,6.048889
108.88,64.47474,0.09073333,172.3923,6.048889,0.09073333,6.048889
108.89,64.47951,0.09076667,172.4051,6.051111,0.09076667,6.051111
108.9,64.47951,0.09076667,172.4051,6.051111,0.09076667,6.051111
108.91,64.47951,0.09076667,172.4051,6.051111,0.09076667,6.051111
108.92,64.47951,0.09076667,172.4051,6.051111,0.09076667,6.051111
108.93,64.47633,0.0908,172.3966,6.053333,0.0908,6.053333
108.94,64.47474,0.0908,172.3923,6.053333,0.0908,6.053333
108.95,64.4668,0.0908,172.3711,6.053333,0.0908,6.053333
108.96,64.45567,0.0908,172.3413,6.053333,0.0908,6.053333
108.97,64.44772,0.09083334,172.3201,6.055556,0.09083334,6.055556
108.98,64.44772,0.09083334,172.3201,6.055556,0.09083334,6.055556
108.99,64.4509,0.09083334,172.3286,6.055556,0.09083334,6.055556
109.0,64.45567,0.09083334,172.3413,6.055556,0.09083334,6.055556
109.01,64.47157,0.09086667,172.3839,6.057778,0.09086667,6.057778
109.02,64.49064,0.09086667,172.4349,6.057778,0.09086667,6.057778
109.03,64.49699,0.09086667,172.4518,6.057778,0.09086667,6.057778
109.04,64.49064,0.09086667,172.4349,6.057778,0.09086667,6.057778
109.05,64.48269,0.0909,172.4136,6.06,0.0909,6.06
109.06,64.48428,0.0909,172.4178,6.06,0.0909,6.06
109.07,64.50018,0.0909,172.4604,6.06,0.0909,6.06
109.08,64.52084,0.0909,172.5156,6.06,0.0909,6.06
109.09,64.53673,0.09093334,172.5581,6.062222,0.09093334,6.062222
109.1,64.54468,0.09093334,172.5793,6.062222,0.09093334,6.062222
109.11,64.54945,0.09093334,172.5921,6.062222,0.09093334,6.062222
109.12,64.55263,0.09093334,172.6006,6.062222,0.09093334,6.062222
109.13,64.54786,0.09096666,172.5879,6.064444,0.09096666,6.064444
109.14,64.53991,0.09096666,172.5666,6.064444,0.09096666,6.064444
109.15,64.53355,0.09096666,172.5496,6.064444,0.09096666,6.064444
109.16,64.5415,0.09096666,172.5708,6.064444,0.09096666,6.064444
109.17,64.55421,0.091,172.6048,6.066667,0.091,6.066667
109.18,64.56216,0.091,172.6261,6.066667,0.091,6.066667
109.19,64.56852,0.091,172.6431,6.066667,0.091,6.066667
109.2,64.56852,0.091,172.6431,6.066667,0.091,6.066667
109.21,64.5574,0.09103333,172.6134,6.068889,0.09103333,6.068889
109.22,64.5415,0.09103333,172.5708,6.068889,0.09103333,6.068889
109.23,64.53991,0.09103333,172.5666,6.068889,0.09103333,6.068889
109.24,64.55421,0.09103333,172.6048,6.068889,0.09103333,6.068889
109.25,64.57329,0.09106667,172.6558,6.071111,0.09106667,6.071111
109.26,64.58282,0.09106667,172.6814,6.071111,0.09106667,6.071111
109.27,64.58601,0.09106667,172.6898,6.071111,0.09106667,6.071111
109.28,64.59077,0.09106667,172.7026,6.071111,0.09106667,6.071111
109.29,64.59872,0.0911,172.7238,6.073333,0.0911,6.073333
109.3,64.60667,0.0911,172.7451,6.073333,0.0911,6.073333
109.31,64.60508,0.0911,172.7408,6.073333,0.0911,6.073333
109.32,64.6019,0.0911,172.7323,6.073333,0.0911,6.073333
109.33,64.6019,0.09113333,172.7323,6.075556,0.09113333,6.075556
109.34,64.6019,0.09113333,172.7323,6.075556,0.09113333,6.075556
109.35,64.59395,0.09113333,172.7111,6.075556,0.09113333,6.075556
109.36,64.58601,0.09113333,172.6898,6.075556,0.09113333,6.075556
109.37,64.59077,0.09116667,172.7026,6.077778,0.09116667,6.077778
109.38,64.60985,0.09116667,172.7536,6.077778,0.09116667,6.077778
109.39,64.63051,0.09116667,172.8088,6.077778,0.09116667,6.077778
109.4,64.63846,0.09116667,172.8301,6.077778,0.09116667,6.077778
109.41,64.63051,0.0912,172.8088,6.08,0.0912,6.08
109.42,64.61779,0.0912,172.7748,6.08,0.0912,6.08
109.43,64.60667,0.0912,172.7451,6.08,0.0912,6.08
109.44,64.60985,0.0912,172.7536,6.08,0.0912,6.08
109.45,64.61462,0.09123334,172.7663,6.082222,0.09123334,6.082222
109.46,64.61462,0.09123334,172.7663,6.082222,0.09123334,6.082222
109.47,64.60667,0.09123334,172.7451,6.082222,0.09123334,6.082222
109.48,64.60667,0.09123334,172.7451,6.082222,0.09123334,6.082222
109.49,64.61938,0.09126667,172.7791,6.084445,0.09126667,6.084445
109.5,64.64005,0.09126667,172.8343,6.084445,0.09126667,6.084445
109.51,64.65912,0.09126667,172.8853,6.084445,0.09126667,6.084445
109.52,64.67501,0.09126667,172.9278,6.084445,0.09126667,6.084445
109.53,64.68455,0.0913,172.9533,6.086667,0.0913,6.086667
109.54,64.68455,0.0913,172.9533,6.086667,0.0913,6.086667
109.55,64.67184,0.0913,172.9193,6.086667,0.0913,6.086667
109.56,64.6623,0.09133334,172.8938,6.088889,0.09133334,6.088889
109.57,64.66707,0.09133334,172.9066,6.088889,0.09133334,6.088889
109.58,64.68455,0.09133334,172.9533,6.088889,0.09133334,6.088889
109.59,64.69568,0.09133334,172.9831,6.088889,0.09133334,6.088889
109.6,64.69568,0.09133334,172.9831,6.088889,0.09133334,6.088889
109.61,64.6925,0.09136667,172.9746,6.091111,0.09136667,6.091111
109.62,64.69091,0.09136667,172.9703,6.091111,0.09136667,6.091111
109.63,64.69091,0.09136667,172.9703,6.091111,0.09136667,6.091111
109.64,64.69568,0.09136667,172.9831,6.091111,0.09136667,6.091111
109.65,64.70362,0.0914,173.0043,6.093333,0.0914,6.093333
109.66,64.70362,0.0914,173.0043,6.093333,0.0914,6.093333
109.67,64.69091,0.0914,172.9703,6.093333,0.0914,6.093333
109.68,64.67184,0.0914,172.9193,6.093333,0.0914,6.093333
109.69,64.65912,0.09143333,172.8853,6.095555,0.09143333,6.095555
109.7,64.65435,0.09143333,172.8726,6.095555,0.09143333,6.095555
109.71,64.65117,0.09143333,172.8641,6.095555,0.09143333,6.095555
109.72,64.65912,0.09143333,172.8853,6.095555,0.09143333,6.095555
109.73,64.67661,0.09146667,172.9321,6.097778,0.09146667,6.097778
109.74,64.70045,0.09146667,172.9958,6.097778,0.09146667,6.097778
109.75,64.71952,0.09146667,173.0468,6.097778,0.09146667,6.097778
109.76,64.73383,0.0915,173.0851,6.1,0.0915,6.1
109.77,64.74177,0.0915,173.1063,6.1,0.0915,6.1
109.78,64.74813,0.0915,173.1233,6.1,0.0915,6.1
109.79,64.74813,0.0915,173.1233,6.1,0.0915,6.1
109.8,64.737,0.0915,173.0936,6.1,0.0915,6.1
109.81,64.72111,0.09153333,173.0511,6.102222,0.09153333,6.102222
109.82,64.71157,0.09153333,173.0256,6.102222,0.09153333,6.102222
109.83,64.71634,0.09153333,173.0383,6.102222,0.09153333,6.102222
109.84,64.73223,0.09153333,173.0808,6.102222,0.09153333,6.102222
109.85,64.74495,0.09156667,173.1148,6.104445,0.09156667,6.104445
109.86,64.75449,0.09156667,173.1403,6.104445,0.09156667,6.104445
109.87,64.7529,0.09156667,173.1361,6.104445,0.09156667,6.104445
109.88,64.75449,0.09156667,173.1403,6.104445,0.09156667,6.104445
109.89,64.76561,0.0916,173.1701,6.106667,0.0916,6.106667
109.9,64.7831,0.0916,173.2168,6.106667,0.0916,6.106667
109.91,64.79899,0.0916,173.2593,6.106667,0.0916,6.106667
109.92,64.80694,0.0916,173.2806,6.106667,0.0916,6.106667
109.93,64.79899,0.09163333,173.2593,6.108889,0.09163333,6.108889
109.94,64.78628,0.09163333,173.2253,6.108889,0.09163333,6.108889
109.95,64.7831,0.09163333,173.2168,6.108889,0.09163333,6.108889
109.96,64.79105,0.09163333,173.2381,6.108889,0.09163333,6.108889
109.97,64.79899,0.09166667,173.2593,6.111111,0.09166667,6.111111
109.98,64.79899,0.09166667,173.2593,6.111111,0.09166667,6.111111
109.99,64.79899,0.09166667,173.2593,6.111111,0.09166667,6.111111
110.0,64.79422,0.09166667,173.2466,6.111111,0.09166667,6.111111
110.01,64.78945,0.0917,173.2338,6.113334,0.0917,6.113334
110.02,64.78628,0.0917,173.2253,6.113334,0.0917,6.113334
110.03,64.79105,0.0917,173.2381,6.113334,0.0917,6.113334
110.04,64.80694,0.0917,173.2806,6.113334,0.0917,6.113334
110.05,64.82601,0.09173334,173.3316,6.115556,0.09173334,6.115556
110.06,64.84032,0.09173334,173.3698,6.115556,0.09173334,6.115556
110.07,64.84827,0.09173334,173.3911,6.115556,0.09173334,6.115556
110.08,64.85462,0.09173334,173.4081,6.115556,0.09173334,6.115556
110.09,64.86416,0.09176667,173.4336,6.117778,0.09176667,6.117778
110.1,64.86893,0.09176667,173.4463,6.117778,0.09176667,6.117778
110.11,64.87211,0.09176667,173.4548,6.117778,0.09176667,6.117778
110.12,64.87528,0.09176667,173.4633,6.117778,0.09176667,6.117778
110.13,64.88482,0.0918,173.4888,6.12,0.0918,6.12
110.14,64.89595,0.0918,173.5186,6.12,0.0918,6.12
110.15,64.89277,0.0918,173.5101,6.12,0.0918,6.12
110.16,64.88323,0.0918,173.4846,6.12,0.0918,6.12
110.17,64.88323,0.09183333,173.4846,6.122222,0.09183333,6.122222
110.18,64.89595,0.09183333,173.5186,6.122222,0.09183333,6.122222
110.19,64.90072,0.09183333,173.5313,6.122222,0.09183333,6.122222
110.2,64.888,0.09183333,173.4973,6.122222,0.09183333,6.122222
110.21,64.87211,0.09186666,173.4548,6.124444,0.09186666,6.124444
110.22,64.87211,0.09186666,173.4548,6.124444,0.09186666,6.124444
110.23,64.88482,0.09186666,173.4888,6.124444,0.09186666,6.124444
110.24,64.90072,0.09186666,173.5313,6.124444,0.09186666,6.124444
110.25,64.90866,0.0919,173.5526,6.126667,0.0919,6.126667
110.26,64.90549,0.0919,173.5441,6.126667,0.0919,6.126667
110.27,64.89754,0.0919,173.5228,6.126667,0.0919,6.126667
110.28,64.90072,0.0919,173.5313,6.126667,0.0919,6.126667
110.29,64.91343,0.09193333,173.5653,6.128889,0.09193333,6.128889
110.3,64.92933,0.09193333,173.6078,6.128889,0.09193333,6.128889
110.31,64.9325,0.09193333,173.6163,6.128889,0.09193333,6.128889
110.32,64.92456,0.09193333,173.5951,6.128889,0.09193333,6.128889
110.33,64.91343,0.09196667,173.5653,6.131111,0.09196667,6.131111
110.34,64.90549,0.09196667,173.5441,6.131111,0.09196667,6.131111
110.35,64.90072,0.09196667,173.5313,6.131111,0.09196667,6.131111
110.36,64.89754,0.09196667,173.5228,6.131111,0.09196667,6.131111
110.37,64.89754,0.092,173.5228,6.133333,0.092,6.133333
110.38,64.91184,0.092,173.5611,6.133333,0.092,6.133333
110.39,64.92615,0.092,173.5993,6.133333,0.092,6.133333
110.4,64.94045,0.092,173.6376,6.133333,0.092,6.133333
110.41,64.9484,0.09203333,173.6588,6.135556,0.09203333,6.135556
110.42,64.9484,0.09203333,173.6588,6.135556,0.09203333,6.135556
110.43,64.94522,0.09203333,173.6503,6.135556,0.09203333,6.135556
110.44,64.94204,0.09203333,173.6418,6.135556,0.09203333,6.135556
110.45,64.9484,0.09206667,173.6588,6.137778,0.09206667,6.137778
110.46,64.94999,0.09206667,173.6631,6.137778,0.09206667,6.137778
110.47,64.94522,0.09206667,173.6503,6.137778,0.09206667,6.137778
110.48,64.94204,0.09206667,173.6418,6.137778,0.09206667,6.137778
110.49,64.94204,0.0921,173.6418,6.14,0.0921,6.14
110.5,64.94522,0.0921,173.6503,6.14,0.0921,6.14
110.51,64.95634,0.0921,173.6801,6.14,0.0921,6.14
110.52,64.96588,0.0921,173.7056,6.14,0.0921,6.14
110.53,64.98178,0.09213334,173.7481,6.142222,0.09213334,6.142222
110.54,64.99767,0.09213334,173.7906,6.142222,0.09213334,6.142222
110.55,65.00721,0.09213334,173.8161,6.142222,0.09213334,6.142222
110.56,65.00562,0.09213334,173.8118,6.142222,0.09213334,6.142222
110.57,64.99926,0.09216667,173.7948,6.144444,0.09216667,6.144444
110.58,64.99132,0.09216667,173.7736,6.144444,0.09216667,6.144444
110.59,64.9786,0.09216667,173.7396,6.144444,0.09216667,6.144444
110.6,64.96906,0.09216667,173.7141,6.144444,0.09216667,6.144444
110.61,64.96588,0.0922,173.7056,6.146667,0.0922,6.146667
110.62,64.97383,0.0922,173.7268,6.146667,0.0922,6.146667
110.63,64.98495,0.0922,173.7566,6.146667,0.0922,6.146667
110.64,64.98972,0.0922,173.7693,6.146667,0.0922,6.146667
110.65,64.99767,0.09223334,173.7906,6.148889,0.09223334,6.148889
110.66,65.01039,0.09223334,173.8246,6.148889,0.09223334,6.148889
110.67,65.01516,0.09223334,173.8373,6.148889,0.09223334,6.148889
110.68,65.00721,0.09223334,173.8161,6.148889,0.09223334,6.148889
110.69,65.01039,0.09226667,173.8246,6.151112,0.09226667,6.151112
110.7,65.02787,0.09226667,173.8713,6.151112,0.09226667,6.151112
110.71,65.05171,0.09226667,173.9351,6.151112,0.09226667,6.151112
110.72,65.06761,0.09226667,173.9776,6.151112,0.09226667,6.151112
110.73,65.07555,0.0923,173.9988,6.153333,0.0923,6.153333
110.74,65.07238,0.0923,173.9903,6.153333,0.0923,6.153333
110.75,65.06761,0.0923,173.9776,6.153333,0.0923,6.153333
110.76,65.07079,0.0923,173.9861,6.153333,0.0923,6.153333
110.77,65.08032,0.09233333,174.0116,6.155555,0.09233333,6.155555
110.78,65.08827,0.09233333,174.0328,6.155555,0.09233333,6.155555
110.79,65.08509,0.09233333,174.0243,6.155555,0.09233333,6.155555
110.8,65.07555,0.09233333,173.9988,6.155555,0.09233333,6.155555
110.81,65.05966,0.09236667,173.9563,6.157778,0.09236667,6.157778
110.82,65.04694,0.09236667,173.9223,6.157778,0.09236667,6.157778
110.83,65.04377,0.09236667,173.9138,6.157778,0.09236667,6.157778
110.84,65.04854,0.09236667,173.9266,6.157778,0.09236667,6.157778
110.85,65.05489,0.0924,173.9436,6.16,0.0924,6.16
110.86,65.06443,0.0924,173.9691,6.16,0.0924,6.16
110.87,65.08032,0.0924,174.0116,6.16,0.0924,6.16
110.88,65.09622,0.0924,174.0541,6.16,0.0924,6.16
110.89,65.10576,0.09243333,174.0796,6.162222,0.09243333,6.162222
110.9,65.1137,0.09243333,174.1008,6.162222,0.09243333,6.162222
110.91,65.1137,0.09243333,174.1008,6.162222,0.09243333,6.162222
110.92,65.10893,0.09243333,174.088,6.162222,0.09243333,6.162222
110.93,65.10576,0.09246667,174.0796,6.164444,0.09246667,6.164444
110.94,65.11688,0.09246667,174.1093,6.164444,0.09246667,6.164444
110.95,65.13437,0.09246667,174.1561,6.164444,0.09246667,6.164444
110.96,65.14867,0.09246667,174.1943,6.164444,0.09246667,6.164444
110.97,65.15026,0.0925,174.1985,6.166667,0.0925,6.166667
110.98,65.15821,0.0925,174.2198,6.166667,0.0925,6.166667
110.99,65.17092,0.0925,174.2538,6.166667,0.0925,6.166667
111.0,65.18205,0.0925,174.2836,6.166667,0.0925,6.166667
111.01,65.18523,0.09253334,174.292,6.168889,0.09253334,6.168889
111.02,65.18523,0.09253334,174.292,6.168889,0.09253334,6.168889
111.03,65.19159,0.09253334,174.3091,6.168889,0.09253334,6.168889
111.04,65.20271,0.09253334,174.3388,6.168889,0.09253334,6.168889
111.05,65.20748,0.09256667,174.3515,6.171111,0.09256667,6.171111
111.06,65.20748,0.09256667,174.3515,6.171111,0.09256667,6.171111
111.07,65.20589,0.09256667,174.3473,6.171111,0.09256667,6.171111
111.08,65.19953,0.09256667,174.3303,6.171111,0.09256667,6.171111
111.09,65.19159,0.0926,174.3091,6.173334,0.0926,6.173334
111.1,65.18682,0.0926,174.2963,6.173334,0.0926,6.173334
111.11,65.18682,0.0926,174.2963,6.173334,0.0926,6.173334
111.12,65.19159,0.0926,174.3091,6.173334,0.0926,6.173334
111.13,65.20589,0.09263334,174.3473,6.175556,0.09263334,6.175556
111.14,65.21384,0.09263334,174.3685,6.175556,0.09263334,6.175556
111.15,65.21384,0.09263334,174.3685,6.175556,0.09263334,6.175556
111.16,65.20748,0.09263334,174.3515,6.175556,0.09263334,6.175556
111.17,65.20748,0.09266667,174.3515,6.177778,0.09266667,6.177778
111.18,65.20748,0.09266667,174.3515,6.177778,0.09266667,6.177778
111.19,65.20748,0.09266667,174.3515,6.177778,0.09266667,6.177778
111.2,65.20748,0.09266667,174.3515,6.177778,0.09266667,6.177778
111.21,65.20589,0.0927,174.3473,6.18,0.0927,6.18
111.22,65.20271,0.0927,174.3388,6.18,0.0927,6.18
111.23,65.20271,0.0927,174.3388,6.18,0.0927,6.18
111.24,65.20589,0.0927,174.3473,6.18,0.0927,6.18
111.25,65.20748,0.09273333,174.3515,6.182222,0.09273333,6.182222
111.26,65.21861,0.09273333,174.3813,6.182222,0.09273333,6.182222
111.27,65.23609,0.09273333,174.428,6.182222,0.09273333,6.182222
111.28,65.25198,0.09273333,174.4705,6.182222,0.09273333,6.182222
111.29,65.25993,0.09276666,174.4918,6.184444,0.09276666,6.184444
111.3,65.2647,0.09276666,174.5045,6.184444,0.09276666,6.184444
111.31,65.27106,0.09276666,174.5215,6.184444,0.09276666,6.184444
111.32,65.27106,0.09276666,174.5215,6.184444,0.09276666,6.184444
111.33,65.2647,0.0928,174.5045,6.186666,0.0928,6.186666
111.34,65.25517,0.0928,174.479,6.186666,0.0928,6.186666
111.35,65.24404,0.0928,174.4493,6.186666,0.0928,6.186666
111.36,65.24245,0.0928,174.445,6.186666,0.0928,6.186666
111.37,65.24245,0.09283333,174.445,6.188889,0.09283333,6.188889
111.38,65.23609,0.09283333,174.428,6.188889,0.09283333,6.188889
111.39,65.23132,0.09283333,174.4153,6.188889,0.09283333,6.188889
111.4,65.2345,0.09283333,174.4238,6.188889,0.09283333,6.188889
111.41,65.24722,0.09286667,174.4578,6.191111,0.09286667,6.191111
111.42,65.25993,0.09286667,174.4918,6.191111,0.09286667,6.191111
111.43,65.27265,0.09286667,174.5258,6.191111,0.09286667,6.191111
111.44,65.28854,0.09286667,174.5683,6.191111,0.09286667,6.191111
111.45,65.30126,0.0929,174.6023,6.193333,0.0929,6.193333
111.46,65.31397,0.0929,174.6363,6.193333,0.0929,6.193333
111.47,65.32192,0.0929,174.6575,6.193333,0.0929,6.193333
111.48,65.32828,0.0929,174.6745,6.193333,0.0929,6.193333
111.49,65.32034,0.09293333,174.6533,6.195556,0.09293333,6.195556
111.5,65.31397,0.09293333,174.6363,6.195556,0.09293333,6.195556
111.51,65.30603,0.09293333,174.6151,6.195556,0.09293333,6.195556
111.52,65.30444,0.09293333,174.6108,6.195556,0.09293333,6.195556
111.53,65.30603,0.09296667,174.6151,6.197778,0.09296667,6.197778
111.54,65.31239,0.09296667,174.632,6.197778,0.09296667,6.197778
111.55,65.32034,0.09296667,174.6533,6.197778,0.09296667,6.197778
111.56,65.3251,0.093,174.666,6.2,0.093,6.2
111.57,65.32987,0.093,174.6788,6.2,0.093,6.2
111.58,65.33781,0.093,174.7,6.2,0.093,6.2
111.59,65.33781,0.093,174.7,6.2,0.093,6.2
111.6,65.32828,0.093,174.6745,6.2,0.093,6.2
111.61,65.31715,0.09303334,174.6448,6.202222,0.09303334,6.202222
111.62,65.31715,0.09303334,174.6448,6.202222,0.09303334,6.202222
111.63,65.32192,0.09303334,174.6575,6.202222,0.09303334,6.202222
111.64,65.32987,0.09303334,174.6788,6.202222,0.09303334,6.202222
111.65,65.32987,0.09306667,174.6788,6.204445,0.09306667,6.204445
111.66,65.32192,0.09306667,174.6575,6.204445,0.09306667,6.204445
111.67,65.32034,0.09306667,174.6533,6.204445,0.09306667,6.204445
111.68,65.32192,0.09306667,174.6575,6.204445,0.09306667,6.204445
111.69,65.33464,0.0931,174.6915,6.206667,0.0931,6.206667
111.7,65.35848,0.0931,174.7553,6.206667,0.0931,6.206667
111.71,65.37914,0.0931,174.8105,6.206667,0.0931,6.206667
111.72,65.39186,0.0931,174.8445,6.206667,0.0931,6.206667
111.73,65.39503,0.09313334,174.853,6.208889,0.09313334,6.208889
111.74,65.39822,0.09313334,174.8615,6.208889,0.09313334,6.208889
111.75,65.40298,0.09313334,174.8743,6.208889,0.09313334,6.208889
111.76,65.40298,0.09313334,174.8743,6.208889,0.09313334,6.208889
111.77,65.38709,0.09316666,174.8318,6.211111,0.09316666,6.211111
111.78,65.36642,0.09316666,174.7765,6.211111,0.09316666,6.211111
111.79,65.35689,0.09316666,174.751,6.211111,0.09316666,6.211111
111.8,65.36325,0.09316666,174.7681,6.211111,0.09316666,6.211111
111.81,65.37756,0.0932,174.8063,6.213333,0.0932,6.213333
111.82,65.38709,0.0932,174.8318,6.213333,0.0932,6.213333
111.83,65.39503,0.0932,174.853,6.213333,0.0932,6.213333
111.84,65.3998,0.0932,174.8658,6.213333,0.0932,6.213333
111.85,65.3998,0.09323333,174.8658,6.215556,0.09323333,6.215556
111.86,65.3998,0.09323333,174.8658,6.215556,0.09323333,6.215556
111.87,65.3998,0.09323333,174.8658,6.215556,0.09323333,6.215556
111.88,65.39186,0.09323333,174.8445,6.215556,0.09323333,6.215556
111.89,65.3855,0.09326667,174.8275,6.217778,0.09326667,6.217778
111.9,65.38709,0.09326667,174.8318,6.217778,0.09326667,6.217778
111.91,65.39503,0.09326667,174.853,6.217778,0.09326667,6.217778
111.92,65.39503,0.09326667,174.853,6.217778,0.09326667,6.217778
111.93,65.39503,0.0933,174.853,6.22,0.0933,6.22
111.94,65.40617,0.0933,174.8828,6.22,0.0933,6.22
111.95,65.42047,0.0933,174.921,6.22,0.0933,6.22
111.96,65.42683,0.0933,174.938,6.22,0.0933,6.22
111.97,65.42365,0.09333333,174.9295,6.222222,0.09333333,6.222222
111.98,65.41888,0.09333333,174.9168,6.222222,0.09333333,6.222222
111.99,65.41888,0.09333333,174.9168,6.222222,0.09333333,6.222222
112.0,65.42365,0.09333333,174.9295,6.222222,0.09333333,6.222222
112.01,65.42841,0.09336667,174.9423,6.224444,0.09336667,6.224444
112.02,65.43636,0.09336667,174.9635,6.224444,0.09336667,6.224444
112.03,65.43954,0.09336667,174.972,6.224444,0.09336667,6.224444
112.04,65.43636,0.09336667,174.9635,6.224444,0.09336667,6.224444
112.05,65.43954,0.0934,174.972,6.226667,0.0934,6.226667
112.06,65.45544,0.0934,175.0145,6.226667,0.0934,6.226667
112.07,65.47928,0.0934,175.0783,6.226667,0.0934,6.226667
112.08,65.49358,0.0934,175.1165,6.226667,0.0934,6.226667
112.09,65.49358,0.09343334,175.1165,6.228889,0.09343334,6.228889
112.1,65.48563,0.09343334,175.0953,6.228889,0.09343334,6.228889
112.11,65.48087,0.09343334,175.0825,6.228889,0.09343334,6.228889
112.12,65.48563,0.09343334,175.0953,6.228889,0.09343334,6.228889
112.13,65.49994,0.09346667,175.1335,6.231112,0.09346667,6.231112
112.14,65.50789,0.09346667,175.1548,6.231112,0.09346667,6.231112
112.15,65.50153,0.09346667,175.1378,6.231112,0.09346667,6.231112
112.16,65.492,0.09346667,175.1123,6.231112,0.09346667,6.231112
112.17,65.49677,0.0935,175.125,6.233334,0.0935,6.233334
112.18,65.50789,0.0935,175.1548,6.233334,0.0935,6.233334
112.19,65.51266,0.0935,175.1675,6.233334,0.0935,6.233334
112.2,65.52219,0.0935,175.193,6.233334,0.0935,6.233334
112.21,65.52855,0.09353334,175.21,6.235556,0.09353334,6.235556
112.22,65.52855,0.09353334,175.21,6.235556,0.09353334,6.235556
112.23,65.52538,0.09353334,175.2015,6.235556,0.09353334,6.235556
112.24,65.52219,0.09353334,175.193,6.235556,0.09353334,6.235556
112.25,65.52061,0.09356667,175.1888,6.237778,0.09356667,6.237778
112.26,65.52219,0.09356667,175.193,6.237778,0.09356667,6.237778
112.27,65.53014,0.09356667,175.2143,6.237778,0.09356667,6.237778
112.28,65.54922,0.09356667,175.2653,6.237778,0.09356667,6.237778
112.29,65.56988,0.0936,175.3205,6.24,0.0936,6.24
112.3,65.5826,0.0936,175.3545,6.24,0.0936,6.24
112.31,65.5826,0.0936,175.3545,6.24,0.0936,6.24
112.32,65.57783,0.09363333,175.3418,6.242222,0.09363333,6.242222
112.33,65.57941,0.09363333,175.346,6.242222,0.09363333,6.242222
112.34,65.58577,0.09363333,175.363,6.242222,0.09363333,6.242222
112.35,65.5826,0.09363333,175.3545,6.242222,0.09363333,6.242222
112.36,65.56988,0.09363333,175.3205,6.242222,0.09363333,6.242222
112.37,65.55399,0.09366667,175.278,6.244444,0.09366667,6.244444
112.38,65.5508,0.09366667,175.2695,6.244444,0.09366667,6.244444
112.39,65.56193,0.09366667,175.2993,6.244444,0.09366667,6.244444
112.4,65.57146,0.09366667,175.3248,6.244444,0.09366667,6.244444
112.41,65.56988,0.0937,175.3205,6.246666,0.0937,6.246666
112.42,65.56193,0.0937,175.2993,6.246666,0.0937,6.246666
112.43,65.56193,0.0937,175.2993,6.246666,0.0937,6.246666
112.44,65.56193,0.0937,175.2993,6.246666,0.0937,6.246666
112.45,65.55875,0.09373333,175.2908,6.248889,0.09373333,6.248889
112.46,65.56511,0.09373333,175.3078,6.248889,0.09373333,6.248889
112.47,65.57465,0.09373333,175.3333,6.248889,0.09373333,6.248889
112.48,65.58736,0.09373333,175.3673,6.248889,0.09373333,6.248889
112.49,65.59054,0.09376667,175.3758,6.251111,0.09376667,6.251111
112.5,65.5826,0.09376667,175.3545,6.251111,0.09376667,6.251111
112.51,65.5667,0.09376667,175.312,6.251111,0.09376667,6.251111
112.52,65.55716,0.09376667,175.2865,6.251111,0.09376667,6.251111
112.53,65.56193,0.0938,175.2993,6.253334,0.0938,6.253334
112.54,65.57465,0.0938,175.3333,6.253334,0.0938,6.253334
112.55,65.58736,0.0938,175.3673,6.253334,0.0938,6.253334
112.56,65.59531,0.0938,175.3885,6.253334,0.0938,6.253334
112.57,65.59372,0.09383333,175.3843,6.255556,0.09383333,6.255556
112.58,65.5826,0.09383333,175.3545,6.255556,0.09383333,6.255556
112.59,65.57465,0.09383333,175.3333,6.255556,0.09383333,6.255556
112.6,65.58736,0.09383333,175.3673,6.255556,0.09383333,6.255556
112.61,65.60644,0.09386667,175.4183,6.257778,0.09386667,6.257778
112.62,65.61121,0.09386667,175.431,6.257778,0.09386667,6.257778
112.63,65.60326,0.09386667,175.4098,6.257778,0.09386667,6.257778
112.64,65.59849,0.09386667,175.397,6.257778,0.09386667,6.257778
112.65,65.60326,0.0939,175.4098,6.26,0.0939,6.26
112.66,65.60802,0.0939,175.4225,6.26,0.0939,6.26
112.67,65.61121,0.0939,175.431,6.26,0.0939,6.26
112.68,65.60802,0.0939,175.4225,6.26,0.0939,6.26
112.69,65.60802,0.09393334,175.4225,6.262222,0.09393334,6.262222
112.7,65.60326,0.09393334,175.4098,6.262222,0.09393334,6.262222
112.71,65.60007,0.09393334,175.4013,6.262222,0.09393334,6.262222
112.72,65.61438,0.09393334,175.4395,6.262222,0.09393334,6.262222
112.73,65.62868,0.09396667,175.4778,6.264445,0.09396667,6.264445
112.74,65.63982,0.09396667,175.5075,6.264445,0.09396667,6.264445
112.75,65.64299,0.09396667,175.516,6.264445,0.09396667,6.264445
112.76,65.64776,0.09396667,175.5288,6.264445,0.09396667,6.264445
112.77,65.65571,0.094,175.55,6.266667,0.094,6.266667
112.78,65.66048,0.094,175.5628,6.266667,0.094,6.266667
112.79,65.6716,0.094,175.5925,6.266667,0.094,6.266667
112.8,65.68591,0.094,175.6308,6.266667,0.094,6.266667
112.81,65.69704,0.09403333,175.6605,6.268888,0.09403333,6.268888
112.82,65.69227,0.09403333,175.6478,6.268888,0.09403333,6.268888
112.83,65.67955,0.09403333,175.6138,6.268888,0.09403333,6.268888
112.84,65.67319,0.09403333,175.5968,6.268888,0.09403333,6.268888
112.85,65.6716,0.09406666,175.5925,6.271111,0.09406666,6.271111
112.86,65.66366,0.09406666,175.5713,6.271111,0.09406666,6.271111
112.87,65.66048,0.09406666,175.5628,6.271111,0.09406666,6.271111
112.88,65.66843,0.09406666,175.584,6.271111,0.09406666,6.271111
112.89,65.68432,0.0941,175.6265,6.273333,0.0941,6.273333
112.9,65.69704,0.0941,175.6605,6.273333,0.0941,6.273333
112.91,65.70975,0.0941,175.6945,6.273333,0.0941,6.273333
112.92,65.7177,0.0941,175.7158,6.273333,0.0941,6.273333
112.93,65.71452,0.09413333,175.7073,6.275556,0.09413333,6.275556
112.94,65.70021,0.09413333,175.669,6.275556,0.09413333,6.275556
112.95,65.67955,0.09413333,175.6138,6.275556,0.09413333,6.275556
112.96,65.66525,0.09413333,175.5755,6.275556,0.09413333,6.275556
112.97,65.66843,0.09416667,175.584,6.277778,0.09416667,6.277778
112.98,65.67637,0.09416667,175.6053,6.277778,0.09416667,6.277778
112.99,65.68591,0.09416667,175.6308,6.277778,0.09416667,6.277778
113.0,65.70021,0.09416667,175.669,6.277778,0.09416667,6.277778
113.01,65.71293,0.0942,175.703,6.28,0.0942,6.28
113.02,65.72088,0.0942,175.7243,6.28,0.0942,6.28
113.03,65.72565,0.0942,175.737,6.28,0.0942,6.28
113.04,65.73359,0.0942,175.7583,6.28,0.0942,6.28
113.05,65.73836,0.09423333,175.771,6.282222,0.09423333,6.282222
113.06,65.74313,0.09423333,175.7838,6.282222,0.09423333,6.282222
113.07,65.75426,0.09423333,175.8135,6.282222,0.09423333,6.282222
113.08,65.7622,0.09423333,175.8347,6.282222,0.09423333,6.282222
113.09,65.7622,0.09426667,175.8347,6.284444,0.09426667,6.284444
113.1,65.75108,0.09426667,175.805,6.284444,0.09426667,6.284444
113.11,65.74313,0.09426667,175.7838,6.284444,0.09426667,6.284444
113.12,65.74313,0.09426667,175.7838,6.284444,0.09426667,6.284444
113.13,65.74313,0.0943,175.7838,6.286667,0.0943,6.286667
113.14,65.74154,0.0943,175.7795,6.286667,0.0943,6.286667
113.15,65.74154,0.0943,175.7795,6.286667,0.0943,6.286667
113.16,65.75108,0.0943,175.805,6.286667,0.0943,6.286667
113.17,65.7622,0.09433334,175.8347,6.288889,0.09433334,6.288889
113.18,65.76538,0.09433334,175.8433,6.288889,0.09433334,6.288889
113.19,65.77174,0.09433334,175.8602,6.288889,0.09433334,6.288889
113.2,65.79399,0.09433334,175.9198,6.288889,0.09433334,6.288889
113.21,65.81465,0.09436667,175.975,6.291111,0.09436667,6.291111
113.22,65.82737,0.09436667,176.009,6.291111,0.09436667,6.291111
113.23,65.83691,0.09436667,176.0345,6.291111,0.09436667,6.291111
113.24,65.83691,0.09436667,176.0345,6.291111,0.09436667,6.291111
113.25,65.8226,0.0944,175.9963,6.293334,0.0944,6.293334
113.26,65.8083,0.0944,175.958,6.293334,0.0944,6.293334
113.27,65.81148,0.0944,175.9665,6.293334,0.0944,6.293334
113.28,65.82419,0.0944,176.0005,6.293334,0.0944,6.293334
113.29,65.83532,0.09443334,176.0303,6.295556,0.09443334,6.295556
113.3,65.83691,0.09443334,176.0345,6.295556,0.09443334,6.295556
113.31,65.84326,0.09443334,176.0515,6.295556,0.09443334,6.295556
113.32,65.85121,0.09443334,176.0728,6.295556,0.09443334,6.295556
113.33,65.86075,0.09446667,176.0983,6.297778,0.09446667,6.297778
113.34,65.8687,0.09446667,176.1195,6.297778,0.09446667,6.297778
113.35,65.8687,0.09446667,176.1195,6.297778,0.09446667,6.297778
113.36,65.86393,0.09446667,176.1068,6.297778,0.09446667,6.297778
113.37,65.8687,0.0945,176.1195,6.3,0.0945,6.3
113.38,65.87187,0.0945,176.128,6.3,0.0945,6.3
113.39,65.86075,0.0945,176.0983,6.3,0.0945,6.3
113.4,65.84486,0.0945,176.0558,6.3,0.0945,6.3
113.41,65.84326,0.09453333,176.0515,6.302222,0.09453333,6.302222
113.42,65.86075,0.09453333,176.0983,6.302222,0.09453333,6.302222
113.43,65.88141,0.09453333,176.1535,6.302222,0.09453333,6.302222
113.44,65.88936,0.09453333,176.1747,6.302222,0.09453333,6.302222
113.45,65.88459,0.09456667,176.162,6.304444,0.09456667,6.304444
113.46,65.88141,0.09456667,176.1535,6.304444,0.09456667,6.304444
113.47,65.89254,0.09456667,176.1833,6.304444,0.09456667,6.304444
113.48,65.90525,0.09456667,176.2172,6.304444,0.09456667,6.304444
113.49,65.91797,0.0946,176.2513,6.306667,0.0946,6.306667
113.5,65.93704,0.0946,176.3022,6.306667,0.0946,6.306667
113.51,65.94181,0.0946,176.315,6.306667,0.0946,6.306667
113.52,65.93069,0.0946,176.2852,6.306667,0.0946,6.306667
113.53,65.91479,0.09463333,176.2427,6.308889,0.09463333,6.308889
113.54,65.91479,0.09463333,176.2427,6.308889,0.09463333,6.308889
113.55,65.91797,0.09463333,176.2513,6.308889,0.09463333,6.308889
113.56,65.91797,0.09463333,176.2513,6.308889,0.09463333,6.308889
113.57,65.91479,0.09466667,176.2427,6.311111,0.09466667,6.311111
113.58,65.91479,0.09466667,176.2427,6.311111,0.09466667,6.311111
113.59,65.92115,0.09466667,176.2598,6.311111,0.09466667,6.311111
113.6,65.92274,0.09466667,176.264,6.311111,0.09466667,6.311111
113.61,65.92592,0.0947,176.2725,6.313334,0.0947,6.313334
113.62,65.93069,0.0947,176.2852,6.313334,0.0947,6.313334
113.63,65.92909,0.0947,176.281,6.313334,0.0947,6.313334
113.64,65.92909,0.0947,176.281,6.313334,0.0947,6.313334
113.65,65.93863,0.09473334,176.3065,6.315556,0.09473334,6.315556
113.66,65.9593,0.09473334,176.3618,6.315556,0.09473334,6.315556
113.67,65.97042,0.09473334,176.3915,6.315556,0.09473334,6.315556
113.68,65.97042,0.09473334,176.3915,6.315556,0.09473334,6.315556
113.69,65.96565,0.09476667,176.3787,6.317778,0.09476667,6.317778
113.7,65.9593,0.09476667,176.3618,6.317778,0.09476667,6.317778
113.71,65.95453,0.09476667,176.349,6.317778,0.09476667,6.317778
113.72,65.94976,0.09476667,176.3363,6.317778,0.09476667,6.317778
113.73,65.94181,0.0948,176.315,6.32,0.0948,6.32
113.74,65.94181,0.0948,176.315,6.32,0.0948,6.32
113.75,65.94658,0.0948,176.3277,6.32,0.0948,6.32
113.76,65.96247,0.0948,176.3702,6.32,0.0948,6.32
113.77,65.98314,0.09483334,176.4255,6.322222,0.09483334,6.322222
113.78,65.99903,0.09483334,176.468,6.322222,0.09483334,6.322222
113.79,66.0038,0.09483334,176.4807,6.322222,0.09483334,6.322222
113.8,65.99903,0.09483334,176.468,6.322222,0.09483334,6.322222
113.81,65.98791,0.09486667,176.4382,6.324445,0.09486667,6.324445
113.82,65.97837,0.09486667,176.4128,6.324445,0.09486667,6.324445
113.83,65.9736,0.09486667,176.4,6.324445,0.09486667,6.324445
113.84,65.97519,0.09486667,176.4042,6.324445,0.09486667,6.324445
113.85,65.98631,0.0949,176.434,6.326667,0.0949,6.326667
113.86,65.99585,0.0949,176.4595,6.326667,0.0949,6.326667
113.87,65.99903,0.0949,176.468,6.326667,0.0949,6.326667
113.88,65.99426,0.0949,176.4552,6.326667,0.0949,6.326667
113.89,65.99585,0.09493333,176.4595,6.328889,0.09493333,6.328889
113.9,66.01175,0.09493333,176.502,6.328889,0.09493333,6.328889
113.91,66.02764,0.09493333,176.5445,6.328889,0.09493333,6.328889
113.92,66.03082,0.09493333,176.553,6.328889,0.09493333,6.328889
113.93,66.03082,0.09496666,176.553,6.331111,0.09496666,6.331111
113.94,66.04353,0.09496666,176.587,6.331111,0.09496666,6.331111
113.95,66.06102,0.09496666,176.6337,6.331111,0.09496666,6.331111
113.96,66.06579,0.09496666,176.6465,6.331111,0.09496666,6.331111
113.97,66.06897,0.095,176.655,6.333333,0.095,6.333333
113.98,66.06897,0.095,176.655,6.333333,0.095,6.333333
113.99,66.07374,0.095,176.6677,6.333333,0.095,6.333333
114.0,66.08009,0.095,176.6847,6.333333,0.095,6.333333
114.01,66.08486,0.09503333,176.6975,6.335556,0.09503333,6.335556
114.02,66.08486,0.09503333,176.6975,6.335556,0.09503333,6.335556
114.03,66.08486,0.09503333,176.6975,6.335556,0.09503333,6.335556
114.04,66.09758,0.09503333,176.7315,6.335556,0.09503333,6.335556
114.05,66.11347,0.09506667,176.774,6.337778,0.09506667,6.337778
114.06,66.11824,0.09506667,176.7867,6.337778,0.09506667,6.337778
114.07,66.10235,0.09506667,176.7442,6.337778,0.09506667,6.337778
114.08,66.08168,0.09506667,176.689,6.337778,0.09506667,6.337778
114.09,66.06897,0.0951,176.655,6.34,0.0951,6.34
114.1,66.06579,0.0951,176.6465,6.34,0.0951,6.34
114.11,66.07374,0.0951,176.6677,6.34,0.0951,6.34
114.12,66.08804,0.0951,176.706,6.34,0.0951,6.34
114.13,66.10075,0.09513333,176.74,6.342222,0.09513333,6.342222
114.14,66.11665,0.09513333,176.7825,6.342222,0.09513333,6.342222
114.15,66.12301,0.09513333,176.7995,6.342222,0.09513333,6.342222
114.16,66.12301,0.09513333,176.7995,6.342222,0.09513333,6.342222
114.17,66.11347,0.09516667,176.774,6.344445,0.09516667,6.344445
114.18,66.10075,0.09516667,176.74,6.344445,0.09516667,6.344445
114.19,66.08804,0.09516667,176.706,6.344445,0.09516667,6.344445
114.2,66.08168,0.09516667,176.689,6.344445,0.09516667,6.344445
114.21,66.08804,0.0952,176.706,6.346667,0.0952,6.346667
114.22,66.0944,0.0952,176.723,6.346667,0.0952,6.346667
114.23,66.09758,0.0952,176.7315,6.346667,0.0952,6.346667
114.24,66.09758,0.0952,176.7315,6.346667,0.0952,6.346667
114.25,66.10075,0.09523334,176.74,6.348889,0.09523334,6.348889
114.26,66.10552,0.09523334,176.7527,6.348889,0.09523334,6.348889
114.27,66.1087,0.09523334,176.7612,6.348889,0.09523334,6.348889
114.28,66.12142,0.09523334,176.7952,6.348889,0.09523334,6.348889
114.29,66.14526,0.09526667,176.859,6.351111,0.09526667,6.351111
114.3,66.17387,0.09526667,176.9355,6.351111,0.09526667,6.351111
114.31,66.17864,0.09526667,176.9482,6.351111,0.09526667,6.351111
114.32,66.1548,0.09526667,176.8845,6.351111,0.09526667,6.351111
114.33,66.13096,0.0953,176.8207,6.353333,0.0953,6.353333
114.34,66.12936,0.0953,176.8165,6.353333,0.0953,6.353333
114.35,66.13413,0.0953,176.8292,6.353333,0.0953,6.353333
114.36,66.13731,0.0953,176.8377,6.353333,0.0953,6.353333
114.37,66.13731,0.09533334,176.8377,6.355556,0.09533334,6.355556
114.38,66.1389,0.09533334,176.842,6.355556,0.09533334,6.355556
114.39,66.1548,0.09533334,176.8845,6.355556,0.09533334,6.355556
114.4,66.17546,0.09533334,176.9397,6.355556,0.09533334,6.355556
114.41,66.19612,0.09536666,176.995,6.357778,0.09536666,6.357778
114.42,66.20407,0.09536666,177.0162,6.357778,0.09536666,6.357778
114.43,66.19135,0.09536666,176.9822,6.357778,0.09536666,6.357778
114.44,66.17069,0.09536666,176.927,6.357778,0.09536666,6.357778
114.45,66.15957,0.0954,176.8972,6.36,0.0954,6.36
114.46,66.16751,0.0954,176.9185,6.36,0.0954,6.36
114.47,66.18658,0.0954,176.9695,6.36,0.0954,6.36
114.48,66.20407,0.0954,177.0162,6.36,0.0954,6.36
114.49,66.21519,0.09543333,177.046,6.362222,0.09543333,6.362222
114.5,66.22791,0.09543333,177.08,6.362222,0.09543333,6.362222
114.51,66.24063,0.09543333,177.114,6.362222,0.09543333,6.362222
114.52,66.23745,0.09543333,177.1055,6.362222,0.09543333,6.362222
114.53,66.22791,0.09546667,177.08,6.364444,0.09546667,6.364444
114.54,66.22314,0.09546667,177.0672,6.364444,0.09546667,6.364444
114.55,66.22314,0.09546667,177.0672,6.364444,0.09546667,6.364444
114.56,66.22314,0.09546667,177.0672,6.364444,0.09546667,6.364444
114.57,66.22473,0.0955,177.0715,6.366667,0.0955,6.366667
114.58,66.23586,0.0955,177.1012,6.366667,0.0955,6.366667
114.59,66.2454,0.0955,177.1267,6.366667,0.0955,6.366667
114.6,66.24857,0.0955,177.1352,6.366667,0.0955,6.366667
114.61,66.24857,0.09553333,177.1352,6.368889,0.09553333,6.368889
114.62,66.24857,0.09553333,177.1352,6.368889,0.09553333,6.368889
114.63,66.24857,0.09553333,177.1352,6.368889,0.09553333,6.368889
114.64,66.25652,0.09553333,177.1565,6.368889,0.09553333,6.368889
114.65,66.26924,0.09556667,177.1905,6.371111,0.09556667,6.371111
114.66,66.28036,0.09556667,177.2202,6.371111,0.09556667,6.371111
114.67,66.28036,0.09556667,177.2202,6.371111,0.09556667,6.371111
114.68,66.27401,0.09556667,177.2032,6.371111,0.09556667,6.371111
114.69,66.26447,0.0956,177.1777,6.373333,0.0956,6.373333
114.7,66.26447,0.0956,177.1777,6.373333,0.0956,6.373333
114.71,66.26606,0.0956,177.182,6.373333,0.0956,6.373333
114.72,66.2597,0.0956,177.165,6.373333,0.0956,6.373333
114.73,66.2438,0.09563334,177.1225,6.375556,0.09563334,6.375556
114.74,66.23109,0.09563334,177.0885,6.375556,0.09563334,6.375556
114.75,66.22473,0.09563334,177.0715,6.375556,0.09563334,6.375556
114.76,66.22473,0.09563334,177.0715,6.375556,0.09563334,6.375556
114.77,66.23109,0.09566667,177.0885,6.377778,0.09566667,6.377778
114.78,66.2454,0.09566667,177.1267,6.377778,0.09566667,6.377778
114.79,66.2597,0.09566667,177.165,6.377778,0.09566667,6.377778
114.8,66.26924,0.09566667,177.1905,6.377778,0.09566667,6.377778
114.81,66.26924,0.0957,177.1905,6.38,0.0957,6.38
114.82,66.26924,0.0957,177.1905,6.38,0.0957,6.38
114.83,66.26924,0.0957,177.1905,6.38,0.0957,6.38
114.84,66.26924,0.0957,177.1905,6.38,0.0957,6.38
114.85,66.27242,0.09573334,177.199,6.382223,0.09573334,6.382223
114.86,66.27401,0.09573334,177.2032,6.382223,0.09573334,6.382223
114.87,66.28195,0.09573334,177.2245,6.382223,0.09573334,6.382223
114.88,66.29467,0.09573334,177.2585,6.382223,0.09573334,6.382223
114.89,66.30579,0.09576667,177.2882,6.384445,0.09576667,6.384445
114.9,66.31056,0.09576667,177.301,6.384445,0.09576667,6.384445
114.91,66.31056,0.09576667,177.301,6.384445,0.09576667,6.384445
114.92,66.31374,0.09576667,177.3095,6.384445,0.09576667,6.384445
114.93,66.31851,0.0958,177.3222,6.386666,0.0958,6.386666
114.94,66.3344,0.0958,177.3647,6.386666,0.0958,6.386666
114.95,66.35189,0.0958,177.4115,6.386666,0.0958,6.386666
114.96,66.35825,0.0958,177.4285,6.386666,0.0958,6.386666
114.97,66.34554,0.09583333,177.3945,6.388889,0.09583333,6.388889
114.98,66.32646,0.09583333,177.3435,6.388889,0.09583333,6.388889
114.99,66.32169,0.09583333,177.3307,6.388889,0.09583333,6.388889
115.0,66.32646,0.09583333,177.3435,6.388889,0.09583333,6.388889
115.01,66.32646,0.09586667,177.3435,6.391111,0.09586667,6.391111
115.02,66.31693,0.09586667,177.318,6.391111,0.09586667,6.391111
115.03,66.30898,0.09586667,177.2967,6.391111,0.09586667,6.391111
115.04,66.31693,0.09586667,177.318,6.391111,0.09586667,6.391111
115.05,66.32646,0.0959,177.3435,6.393333,0.0959,6.393333
115.06,66.33123,0.0959,177.3562,6.393333,0.0959,6.393333
115.07,66.3344,0.0959,177.3647,6.393333,0.0959,6.393333
115.08,66.34554,0.0959,177.3945,6.393333,0.0959,6.393333
115.09,66.36301,0.09593333,177.4412,6.395555,0.09593333,6.395555
115.1,66.37573,0.09593333,177.4752,6.395555,0.09593333,6.395555
115.11,66.37573,0.09593333,177.4752,6.395555,0.09593333,6.395555
115.12,66.37573,0.09593333,177.4752,6.395555,0.09593333,6.395555
115.13,66.3805,0.09596667,177.488,6.397778,0.09596667,6.397778
115.14,66.39162,0.09596667,177.5177,6.397778,0.09596667,6.397778
115.15,66.39957,0.09596667,177.539,6.397778,0.09596667,6.397778
115.16,66.39481,0.09596667,177.5262,6.397778,0.09596667,6.397778
115.17,66.3805,0.096,177.488,6.4,0.096,6.4
115.18,66.37573,0.096,177.4752,6.4,0.096,6.4
115.19,66.3805,0.096,177.488,6.4,0.096,6.4
115.2,66.39481,0.096,177.5262,6.4,0.096,6.4
115.21,66.39639,0.09603333,177.5305,6.402222,0.09603333,6.402222
115.22,66.38845,0.09603333,177.5092,6.402222,0.09603333,6.402222
115.23,66.37573,0.09603333,177.4752,6.402222,0.09603333,6.402222
115.24,66.37096,0.09603333,177.4625,6.402222,0.09603333,6.402222
115.25,66.37096,0.09606667,177.4625,6.404445,0.09606667,6.404445
115.26,66.37415,0.09606667,177.471,6.404445,0.09606667,6.404445
115.27,66.37891,0.09606667,177.4837,6.404445,0.09606667,6.404445
115.28,66.38845,0.09606667,177.5092,6.404445,0.09606667,6.404445
115.29,66.40276,0.0961,177.5475,6.406667,0.0961,6.406667
115.3,66.41229,0.0961,177.573,6.406667,0.0961,6.406667
115.31,66.41706,0.0961,177.5857,6.406667,0.0961,6.406667
115.32,66.41229,0.0961,177.573,6.406667,0.0961,6.406667
115.33,66.39957,0.09613334,177.539,6.408889,0.09613334,6.408889
115.34,66.38686,0.09613334,177.505,6.408889,0.09613334,6.408889
115.35,66.39162,0.09613334,177.5177,6.408889,0.09613334,6.408889
115.36,66.40276,0.09613334,177.5475,6.408889,0.09613334,6.408889
115.37,66.40434,0.09616667,177.5517,6.411111,0.09616667,6.411111
115.38,66.39957,0.09616667,177.539,6.411111,0.09616667,6.411111
115.39,66.39639,0.09616667,177.5305,6.411111,0.09616667,6.411111
115.4,66.40276,0.09616667,177.5475,6.411111,0.09616667,6.411111
115.41,66.41229,0.0962,177.573,6.413333,0.0962,6.413333
115.42,66.42023,0.0962,177.5942,6.413333,0.0962,6.413333
115.43,66.42818,0.0962,177.6155,6.413333,0.0962,6.413333
115.44,66.43931,0.0962,177.6452,6.413333,0.0962,6.413333
115.45,66.44567,0.09623334,177.6622,6.415556,0.09623334,6.415556
115.46,66.44884,0.09623334,177.6707,6.415556,0.09623334,6.415556
115.47,66.44884,0.09623334,177.6707,6.415556,0.09623334,6.415556
115.48,66.44567,0.09623334,177.6622,6.415556,0.09623334,6.415556
115.49,66.44567,0.09626666,177.6622,6.417778,0.09626666,6.417778
115.5,66.43931,0.09626666,177.6452,6.417778,0.09626666,6.417778
115.51,66.42818,0.09626666,177.6155,6.417778,0.09626666,6.417778
115.52,66.42818,0.09626666,177.6155,6.417778,0.09626666,6.417778
115.53,66.43613,0.0963,177.6367,6.42,0.0963,6.42
115.54,66.44884,0.0963,177.6707,6.42,0.0963,6.42
115.55,66.45203,0.0963,177.6792,6.42,0.0963,6.42
115.56,66.45679,0.0963,177.692,6.42,0.0963,6.42
115.57,66.46792,0.09633333,177.7217,6.422222,0.09633333,6.422222
115.58,66.4854,0.09633333,177.7685,6.422222,0.09633333,6.422222
115.59,66.50607,0.09633333,177.8237,6.422222,0.09633333,6.422222
115.6,66.51402,0.09633333,177.845,6.422222,0.09633333,6.422222
115.61,66.50925,0.09636667,177.8322,6.424444,0.09636667,6.424444
115.62,66.49653,0.09636667,177.7982,6.424444,0.09636667,6.424444
115.63,66.49335,0.09636667,177.7897,6.424444,0.09636667,6.424444
115.64,66.50289,0.09636667,177.8152,6.424444,0.09636667,6.424444
115.65,66.51083,0.0964,177.8364,6.426667,0.0964,6.426667
115.66,66.50289,0.0964,177.8152,6.426667,0.0964,6.426667
115.67,66.4854,0.0964,177.7685,6.426667,0.0964,6.426667
115.68,66.47269,0.0964,177.7345,6.426667,0.0964,6.426667
115.69,66.47746,0.09643333,177.7472,6.428889,0.09643333,6.428889
115.7,66.49653,0.09643333,177.7982,6.428889,0.09643333,6.428889
115.71,66.50607,0.09643333,177.8237,6.428889,0.09643333,6.428889
115.72,66.51402,0.09643333,177.845,6.428889,0.09643333,6.428889
115.73,66.52197,0.09646667,177.8662,6.431111,0.09646667,6.431111
115.74,66.52673,0.09646667,177.879,6.431111,0.09646667,6.431111
115.75,66.52197,0.09646667,177.8662,6.431111,0.09646667,6.431111
115.76,66.50607,0.09646667,177.8237,6.431111,0.09646667,6.431111
115.77,66.49017,0.0965,177.7812,6.433333,0.0965,6.433333
115.78,66.48859,0.0965,177.777,6.433333,0.0965,6.433333
115.79,66.49812,0.0965,177.8025,6.433333,0.0965,6.433333
115.8,66.51402,0.0965,177.845,6.433333,0.0965,6.433333
115.81,66.51878,0.09653334,177.8577,6.435556,0.09653334,6.435556
115.82,66.50925,0.09653334,177.8322,6.435556,0.09653334,6.435556
115.83,66.50289,0.09653334,177.8152,6.435556,0.09653334,6.435556
115.84,66.51878,0.09653334,177.8577,6.435556,0.09653334,6.435556
115.85,66.53944,0.09656667,177.9129,6.437778,0.09656667,6.437778
115.86,66.53944,0.09656667,177.9129,6.437778,0.09656667,6.437778
115.87,66.52514,0.09656667,177.8747,6.437778,0.09656667,6.437778
115.88,66.5172,0.09656667,177.8535,6.437778,0.09656667,6.437778
115.89,66.52673,0.0966,177.879,6.44,0.0966,6.44
115.9,66.54263,0.0966,177.9214,6.44,0.0966,6.44
115.91,66.55375,0.0966,177.9512,6.44,0.0966,6.44
115.92,66.55852,0.0966,177.9639,6.44,0.0966,6.44
115.93,66.56011,0.09663334,177.9682,6.442223,0.09663334,6.442223
115.94,66.55534,0.09663334,177.9555,6.442223,0.09663334,6.442223
115.95,66.55375,0.09663334,177.9512,6.442223,0.09663334,6.442223
115.96,66.55534,0.09663334,177.9555,6.442223,0.09663334,6.442223
115.97,66.56011,0.09666667,177.9682,6.444445,0.09666667,6.444445
115.98,66.56805,0.09666667,177.9894,6.444445,0.09666667,6.444445
115.99,66.576,0.09666667,178.0107,6.444445,0.09666667,6.444445
116.0,66.57442,0.09666667,178.0065,6.444445,0.09666667,6.444445
116.01,66.576,0.0967,178.0107,6.446667,0.0967,6.446667
116.02,66.58395,0.0967,178.032,6.446667,0.0967,6.446667
116.03,66.59666,0.0967,178.0659,6.446667,0.0967,6.446667
116.04,66.59985,0.0967,178.0744,6.446667,0.0967,6.446667
116.05,66.58713,0.09673333,178.0404,6.448889,0.09673333,6.448889
116.06,66.56647,0.09673333,177.9852,6.448889,0.09673333,6.448889
116.07,66.55852,0.09673333,177.9639,6.448889,0.09673333,6.448889
116.08,66.56329,0.09673333,177.9767,6.448889,0.09673333,6.448889
116.09,66.56805,0.09676667,177.9894,6.451111,0.09676667,6.451111
116.1,66.56647,0.09676667,177.9852,6.451111,0.09676667,6.451111
116.11,66.55852,0.09676667,177.9639,6.451111,0.09676667,6.451111
116.12,66.55058,0.09676667,177.9427,6.451111,0.09676667,6.451111
116.13,66.55375,0.0968,177.9512,6.453333,0.0968,6.453333
116.14,66.56329,0.0968,177.9767,6.453333,0.0968,6.453333
116.15,66.57124,0.0968,177.998,6.453333,0.0968,6.453333
116.16,66.57124,0.0968,177.998,6.453333,0.0968,6.453333
116.17,66.57124,0.09683333,177.998,6.455555,0.09683333,6.455555
116.18,66.576,0.09683333,178.0107,6.455555,0.09683333,6.455555
116.19,66.5919,0.09683333,178.0532,6.455555,0.09683333,6.455555
116.2,66.61256,0.09683333,178.1085,6.455555,0.09683333,6.455555
116.21,66.63641,0.09686667,178.1722,6.457778,0.09686667,6.457778
116.22,66.6523,0.09686667,178.2147,6.457778,0.09686667,6.457778
116.23,66.65388,0.09686667,178.2189,6.457778,0.09686667,6.457778
116.24,66.64594,0.09686667,178.1977,6.457778,0.09686667,6.457778
116.25,66.63322,0.0969,178.1637,6.46,0.0969,6.46
116.26,66.62527,0.0969,178.1424,6.46,0.0969,6.46
116.27,66.63164,0.0969,178.1595,6.46,0.0969,6.46
116.28,66.63641,0.0969,178.1722,6.46,0.0969,6.46
116.29,66.63322,0.09693334,178.1637,6.462222,0.09693334,6.462222
116.3,66.63322,0.09693334,178.1637,6.462222,0.09693334,6.462222
116.31,66.64594,0.09693334,178.1977,6.462222,0.09693334,6.462222
116.32,66.66025,0.09693334,178.2359,6.462222,0.09693334,6.462222
116.33,66.66025,0.09696667,178.2359,6.464445,0.09696667,6.464445
116.34,66.65707,0.09696667,178.2274,6.464445,0.09696667,6.464445
116.35,66.66183,0.09696667,178.2402,6.464445,0.09696667,6.464445
116.36,66.67296,0.09696667,178.2699,6.464445,0.09696667,6.464445
116.37,66.67773,0.097,178.2827,6.466667,0.097,6.466667
116.38,66.67773,0.097,178.2827,6.466667,0.097,6.466667
116.39,66.67455,0.097,178.2742,6.466667,0.097,6.466667
116.4,66.66819,0.097,178.2572,6.466667,0.097,6.466667
116.41,66.66025,0.09703334,178.2359,6.468889,0.09703334,6.468889
116.42,66.66025,0.09703334,178.2359,6.468889,0.09703334,6.468889
116.43,66.66978,0.09703334,178.2614,6.468889,0.09703334,6.468889
116.44,66.68886,0.09703334,178.3125,6.468889,0.09703334,6.468889
116.45,66.70316,0.09706667,178.3507,6.471111,0.09706667,6.471111
116.46,66.71111,0.09706667,178.3719,6.471111,0.09706667,6.471111
116.47,66.70634,0.09706667,178.3592,6.471111,0.09706667,6.471111
116.48,66.68886,0.0971,178.3125,6.473334,0.0971,6.473334
116.49,66.67455,0.0971,178.2742,6.473334,0.0971,6.473334
116.5,66.67455,0.0971,178.2742,6.473334,0.0971,6.473334
116.51,66.68886,0.0971,178.3125,6.473334,0.0971,6.473334
116.52,66.70634,0.0971,178.3592,6.473334,0.0971,6.473334
116.53,66.71906,0.09713333,178.3932,6.475555,0.09713333,6.475555
116.54,66.72541,0.09713333,178.4102,6.475555,0.09713333,6.475555
116.55,66.72224,0.09713333,178.4017,6.475555,0.09713333,6.475555
116.56,66.71906,0.09713333,178.3932,6.475555,0.09713333,6.475555
116.57,66.72224,0.09716666,178.4017,6.477777,0.09716666,6.477777
116.58,66.72541,0.09716666,178.4102,6.477777,0.09716666,6.477777
116.59,66.71906,0.09716666,178.3932,6.477777,0.09716666,6.477777
116.6,66.71429,0.09716666,178.3804,6.477777,0.09716666,6.477777
116.61,66.71747,0.0972,178.3889,6.48,0.0972,6.48
116.62,66.73495,0.0972,178.4357,6.48,0.0972,6.48
116.63,66.74767,0.0972,178.4697,6.48,0.0972,6.48
116.64,66.74608,0.0972,178.4654,6.48,0.0972,6.48
116.65,66.72701,0.09723333,178.4144,6.482222,0.09723333,6.482222
116.66,66.71429,0.09723333,178.3804,6.482222,0.09723333,6.482222
116.67,66.71111,0.09723333,178.3719,6.482222,0.09723333,6.482222
116.68,66.71906,0.09726667,178.3932,6.484445,0.09726667,6.484445
116.69,66.73177,0.09726667,178.4272,6.484445,0.09726667,6.484445
116.7,66.74767,0.09726667,178.4697,6.484445,0.09726667,6.484445
116.71,66.75402,0.09726667,178.4867,6.484445,0.09726667,6.484445
116.72,66.74767,0.09726667,178.4697,6.484445,0.09726667,6.484445
116.73,66.7429,0.0973,178.4569,6.486667,0.0973,6.486667
116.74,66.7429,0.0973,178.4569,6.486667,0.0973,6.486667
116.75,66.73813,0.0973,178.4442,6.486667,0.0973,6.486667
116.76,66.72224,0.0973,178.4017,6.486667,0.0973,6.486667
116.77,66.71429,0.09733333,178.3804,6.488889,0.09733333,6.488889
116.78,66.72224,0.09733333,178.4017,6.488889,0.09733333,6.488889
116.79,66.73813,0.09733333,178.4442,6.488889,0.09733333,6.488889
116.8,66.75402,0.09733333,178.4867,6.488889,0.09733333,6.488889
116.81,66.75879,0.09736667,178.4994,6.491111,0.09736667,6.491111
116.82,66.75562,0.09736667,178.4909,6.491111,0.09736667,6.491111
116.83,66.75402,0.09736667,178.4867,6.491111,0.09736667,6.491111
116.84,66.76038,0.09736667,178.5037,6.491111,0.09736667,6.491111
116.85,66.77469,0.0974,178.5419,6.493333,0.0974,6.493333
116.86,66.78423,0.0974,178.5674,6.493333,0.0974,6.493333
116.87,66.79217,0.0974,178.5887,6.493333,0.0974,6.493333
116.88,66.8033,0.0974,178.6184,6.493333,0.0974,6.493333
116.89,66.80807,0.09743334,178.6312,6.495556,0.09743334,6.495556
116.9,66.80807,0.09743334,178.6312,6.495556,0.09743334,6.495556
116.91,66.81124,0.09743334,178.6397,6.495556,0.09743334,6.495556
116.92,66.81284,0.09743334,178.6439,6.495556,0.09743334,6.495556
116.93,66.81284,0.09746667,178.6439,6.497778,0.09746667,6.497778
116.94,66.80807,0.09746667,178.6312,6.497778,0.09746667,6.497778
116.95,66.8033,0.09746667,178.6184,6.497778,0.09746667,6.497778
116.96,66.81124,0.09746667,178.6397,6.497778,0.09746667,6.497778
116.97,66.83191,0.0975,178.6949,6.5,0.0975,6.5
116.98,66.84939,0.0975,178.7417,6.5,0.0975,6.5
116.99,66.85734,0.0975,178.7629,6.5,0.0975,6.5
117.0,66.86052,0.0975,178.7714,6.5,0.0975,6.5
117.01,66.85416,0.09753334,178.7544,6.502223,0.09753334,6.502223
117.02,66.84462,0.09753334,178.7289,6.502223,0.09753334,6.502223
117.03,66.8335,0.09753334,178.6992,6.502223,0.09753334,6.502223
117.04,66.83985,0.09753334,178.7162,6.502223,0.09753334,6.502223
117.05,66.84939,0.09756666,178.7417,6.504444,0.09756666,6.504444
117.06,66.85734,0.09756666,178.7629,6.504444,0.09756666,6.504444
117.07,66.86211,0.09756666,178.7757,6.504444,0.09756666,6.504444
117.08,66.86529,0.09756666,178.7842,6.504444,0.09756666,6.504444
117.09,66.87006,0.0976,178.7969,6.506667,0.0976,6.506667
117.1,66.86846,0.0976,178.7927,6.506667,0.0976,6.506667
117.11,66.86529,0.0976,178.7842,6.506667,0.0976,6.506667
117.12,66.86529,0.0976,178.7842,6.506667,0.0976,6.506667
117.13,66.86846,0.09763333,178.7927,6.508889,0.09763333,6.508889
117.14,66.86846,0.09763333,178.7927,6.508889,0.09763333,6.508889
117.15,66.87323,0.09763333,178.8054,6.508889,0.09763333,6.508889
117.16,66.88277,0.09763333,178.8309,6.508889,0.09763333,6.508889
117.17,66.8939,0.09766667,178.8607,6.511111,0.09766667,6.511111
117.18,66.89072,0.09766667,178.8522,6.511111,0.09766667,6.511111
117.19,66.88118,0.09766667,178.8267,6.511111,0.09766667,6.511111
117.2,66.878,0.09766667,178.8182,6.511111,0.09766667,6.511111
117.21,66.87482,0.0977,178.8097,6.513333,0.0977,6.513333
117.22,66.86846,0.0977,178.7927,6.513333,0.0977,6.513333
117.23,66.86052,0.0977,178.7714,6.513333,0.0977,6.513333
117.24,66.87323,0.0977,178.8054,6.513333,0.0977,6.513333
117.25,66.89707,0.09773333,178.8692,6.515555,0.09773333,6.515555
117.26,66.91456,0.09773333,178.9159,6.515555,0.09773333,6.515555
117.27,66.92251,0.09773333,178.9372,6.515555,0.09773333,6.515555
117.28,66.92251,0.09773333,178.9372,6.515555,0.09773333,6.515555
117.29,66.92251,0.09776667,178.9372,6.517778,0.09776667,6.517778
117.3,66.92568,0.09776667,178.9457,6.517778,0.09776667,6.517778
117.31,66.93363,0.09776667,178.9669,6.517778,0.09776667,6.517778
117.32,66.9384,0.09776667,178.9797,6.517778,0.09776667,6.517778
117.33,66.94317,0.0978,178.9924,6.52,0.0978,6.52
117.34,66.93999,0.0978,178.9839,6.52,0.0978,6.52
117.35,66.93045,0.0978,178.9584,6.52,0.0978,6.52
117.36,66.91933,0.0978,178.9287,6.52,0.0978,6.52
117.37,66.92251,0.09783334,178.9372,6.522223,0.09783334,6.522223
117.38,66.93363,0.09783334,178.9669,6.522223,0.09783334,6.522223
117.39,66.93999,0.09783334,178.9839,6.522223,0.09783334,6.522223
117.4,66.94317,0.09783334,178.9924,6.522223,0.09783334,6.522223
117.41,66.94635,0.09786667,179.0009,6.524445,0.09786667,6.524445
117.42,66.94635,0.09786667,179.0009,6.524445,0.09786667,6.524445
117.43,66.94794,0.09786667,179.0052,6.524445,0.09786667,6.524445
117.44,66.95589,0.09786667,179.0264,6.524445,0.09786667,6.524445
117.45,66.96701,0.0979,179.0562,6.526667,0.0979,6.526667
117.46,66.97178,0.0979,179.0689,6.526667,0.0979,6.526667
117.47,66.96701,0.0979,179.0562,6.526667,0.0979,6.526667
117.48,66.9686,0.0979,179.0604,6.526667,0.0979,6.526667
117.49,66.97655,0.09793334,179.0817,6.528889,0.09793334,6.528889
117.5,66.9845,0.09793334,179.1029,6.528889,0.09793334,6.528889
117.51,66.9845,0.09793334,179.1029,6.528889,0.09793334,6.528889
117.52,66.97973,0.09793334,179.0902,6.528889,0.09793334,6.528889
117.53,66.97655,0.09796667,179.0817,6.531111,0.09796667,6.531111
117.54,66.9845,0.09796667,179.1029,6.531111,0.09796667,6.531111
117.55,66.99244,0.09796667,179.1242,6.531111,0.09796667,6.531111
117.56,66.99721,0.09796667,179.1369,6.531111,0.09796667,6.531111
117.57,66.99721,0.098,179.1369,6.533333,0.098,6.533333
117.58,66.99244,0.098,179.1242,6.533333,0.098,6.533333
117.59,66.9845,0.098,179.1029,6.533333,0.098,6.533333
117.6,66.97178,0.098,179.0689,6.533333,0.098,6.533333
117.61,66.96701,0.09803333,179.0562,6.535555,0.09803333,6.535555
117.62,66.97973,0.09803333,179.0902,6.535555,0.09803333,6.535555
117.63,67.00357,0.09803333,179.1539,6.535555,0.09803333,6.535555
117.64,67.01311,0.09803333,179.1794,6.535555,0.09803333,6.535555
117.65,67.00516,0.09806667,179.1582,6.537778,0.09806667,6.537778
117.66,67.00039,0.09806667,179.1454,6.537778,0.09806667,6.537778
117.67,67.00516,0.09806667,179.1582,6.537778,0.09806667,6.537778
117.68,67.02105,0.09806667,179.2007,6.537778,0.09806667,6.537778
117.69,67.02582,0.0981,179.2134,6.54,0.0981,6.54
117.7,67.01946,0.0981,179.1964,6.54,0.0981,6.54
117.71,67.00357,0.0981,179.1539,6.54,0.0981,6.54
117.72,66.99721,0.0981,179.1369,6.54,0.0981,6.54
117.73,67.00357,0.09813333,179.1539,6.542222,0.09813333,6.542222
117.74,67.01311,0.09813333,179.1794,6.542222,0.09813333,6.542222
117.75,67.01151,0.09813333,179.1752,6.542222,0.09813333,6.542222
117.76,66.99721,0.09813333,179.1369,6.542222,0.09813333,6.542222
117.77,66.9845,0.09816667,179.1029,6.544445,0.09816667,6.544445
117.78,66.99244,0.09816667,179.1242,6.544445,0.09816667,6.544445
117.79,67.01311,0.09816667,179.1794,6.544445,0.09816667,6.544445
117.8,67.029,0.09816667,179.2219,6.544445,0.09816667,6.544445
117.81,67.03695,0.0982,179.2432,6.546667,0.0982,6.546667
117.82,67.03695,0.0982,179.2432,6.546667,0.0982,6.546667
117.83,67.04172,0.0982,179.2559,6.546667,0.0982,6.546667
117.84,67.04966,0.0982,179.2772,6.546667,0.0982,6.546667
117.85,67.05443,0.09823333,179.2899,6.548889,0.09823333,6.548889
117.86,67.04807,0.09823333,179.2729,6.548889,0.09823333,6.548889
117.87,67.03218,0.09823333,179.2304,6.548889,0.09823333,6.548889
117.88,67.029,0.09823333,179.2219,6.548889,0.09823333,6.548889
117.89,67.04012,0.09826667,179.2517,6.551111,0.09826667,6.551111
117.9,67.04966,0.09826667,179.2772,6.551111,0.09826667,6.551111
117.91,67.05761,0.09826667,179.2984,6.551111,0.09826667,6.551111
117.92,67.06238,0.09826667,179.3112,6.551111,0.09826667,6.551111
117.93,67.06556,0.0983,179.3197,6.553333,0.0983,6.553333
117.94,67.06079,0.0983,179.3069,6.553333,0.0983,6.553333
117.95,67.04172,0.0983,179.2559,6.553333,0.0983,6.553333
117.96,67.02582,0.0983,179.2134,6.553333,0.0983,6.553333
117.97,67.02105,0.09833334,179.2007,6.555556,0.09833334,6.555556
117.98,67.03695,0.09833334,179.2432,6.555556,0.09833334,6.555556
117.99,67.06238,0.09833334,179.3112,6.555556,0.09833334,6.555556
118.0,67.08622,0.09833334,179.3749,6.555556,0.09833334,6.555556
118.01,67.09417,0.09836667,179.3962,6.557778,0.09836667,6.557778
118.02,67.09099,0.09836667,179.3877,6.557778,0.09836667,6.557778
118.03,67.09099,0.09836667,179.3877,6.557778,0.09836667,6.557778
118.04,67.0894,0.09836667,179.3834,6.557778,0.09836667,6.557778
118.05,67.07827,0.0984,179.3537,6.56,0.0984,6.56
118.06,67.06556,0.0984,179.3197,6.56,0.0984,6.56
118.07,67.05443,0.0984,179.2899,6.56,0.0984,6.56
118.08,67.05284,0.0984,179.2857,6.56,0.0984,6.56
118.09,67.05761,0.09843334,179.2984,6.562222,0.09843334,6.562222
118.1,67.05761,0.09843334,179.2984,6.562222,0.09843334,6.562222
118.11,67.05761,0.09843334,179.2984,6.562222,0.09843334,6.562222
118.12,67.06238,0.09843334,179.3112,6.562222,0.09843334,6.562222
118.13,67.07668,0.09846666,179.3494,6.564445,0.09846666,6.564445
118.14,67.08304,0.09846666,179.3664,6.564445,0.09846666,6.564445
118.15,67.07827,0.09846666,179.3537,6.564445,0.09846666,6.564445
118.16,67.06873,0.09846666,179.3282,6.564445,0.09846666,6.564445
118.17,67.0735,0.0985,179.3409,6.566667,0.0985,6.566667
118.18,67.09734,0.0985,179.4046,6.566667,0.0985,6.566667
118.19,67.11801,0.0985,179.4599,6.566667,0.0985,6.566667
118.2,67.12755,0.0985,179.4854,6.566667,0.0985,6.566667
118.21,67.12755,0.09853333,179.4854,6.568889,0.09853333,6.568889
118.22,67.13072,0.09853333,179.4939,6.568889,0.09853333,6.568889
118.23,67.1339,0.09853333,179.5024,6.568889,0.09853333,6.568889
118.24,67.1339,0.09853333,179.5024,6.568889,0.09853333,6.568889
118.25,67.12755,0.09856667,179.4854,6.571111,0.09856667,6.571111
118.26,67.12278,0.09856667,179.4727,6.571111,0.09856667,6.571111
118.27,67.12595,0.09856667,179.4812,6.571111,0.09856667,6.571111
118.28,67.13867,0.09856667,179.5152,6.571111,0.09856667,6.571111
118.29,67.15139,0.0986,179.5492,6.573333,0.0986,6.573333
118.3,67.14821,0.0986,179.5407,6.573333,0.0986,6.573333
118.31,67.1339,0.0986,179.5024,6.573333,0.0986,6.573333
118.32,67.1196,0.0986,179.4642,6.573333,0.0986,6.573333
118.33,67.1196,0.09863333,179.4642,6.575556,0.09863333,6.575556
118.34,67.12278,0.09863333,179.4727,6.575556,0.09863333,6.575556
118.35,67.1196,0.09863333,179.4642,6.575556,0.09863333,6.575556
118.36,67.10688,0.09863333,179.4302,6.575556,0.09863333,6.575556
118.37,67.0894,0.09866667,179.3834,6.577778,0.09866667,6.577778
118.38,67.08145,0.09866667,179.3622,6.577778,0.09866667,6.577778
118.39,67.08622,0.09866667,179.3749,6.577778,0.09866667,6.577778
118.4,67.10529,0.09866667,179.4259,6.577778,0.09866667,6.577778
118.41,67.12278,0.0987,179.4727,6.58,0.0987,6.58
118.42,67.13072,0.0987,179.4939,6.58,0.0987,6.58
118.43,67.13549,0.0987,179.5067,6.58,0.0987,6.58
118.44,67.14662,0.0987,179.5364,6.58,0.0987,6.58
118.45,67.15139,0.09873334,179.5492,6.582222,0.09873334,6.582222
118.46,67.14821,0.09873334,179.5407,6.582222,0.09873334,6.582222
118.47,67.13867,0.09873334,179.5152,6.582222,0.09873334,6.582222
118.48,67.13072,0.09873334,179.4939,6.582222,0.09873334,6.582222
118.49,67.12755,0.09876667,179.4854,6.584445,0.09876667,6.584445
118.5,67.12755,0.09876667,179.4854,6.584445,0.09876667,6.584445
118.51,67.13549,0.09876667,179.5067,6.584445,0.09876667,6.584445
118.52,67.14344,0.09876667,179.5279,6.584445,0.09876667,6.584445
118.53,67.15139,0.0988,179.5492,6.586667,0.0988,6.586667
118.54,67.15456,0.0988,179.5576,6.586667,0.0988,6.586667
118.55,67.16251,0.0988,179.5789,6.586667,0.0988,6.586667
118.56,67.17205,0.0988,179.6044,6.586667,0.0988,6.586667
118.57,67.17682,0.09883334,179.6172,6.588889,0.09883334,6.588889
118.58,67.16887,0.09883334,179.5959,6.588889,0.09883334,6.588889
118.59,67.15933,0.09883334,179.5704,6.588889,0.09883334,6.588889
118.6,67.15933,0.09883334,179.5704,6.588889,0.09883334,6.588889
118.61,67.16728,0.09886667,179.5917,6.591111,0.09886667,6.591111
118.62,67.17682,0.09886667,179.6172,6.591111,0.09886667,6.591111
118.63,67.18477,0.09886667,179.6384,6.591111,0.09886667,6.591111
118.64,67.19748,0.0989,179.6724,6.593333,0.0989,6.593333
118.65,67.21338,0.0989,179.7149,6.593333,0.0989,6.593333
118.66,67.22609,0.0989,179.7489,6.593333,0.0989,6.593333
118.67,67.23245,0.0989,179.7659,6.593333,0.0989,6.593333
118.68,67.22609,0.0989,179.7489,6.593333,0.0989,6.593333
118.69,67.20861,0.09893333,179.7022,6.595555,0.09893333,6.595555
118.7,67.19112,0.09893333,179.6554,6.595555,0.09893333,6.595555
118.71,67.18317,0.09893333,179.6342,6.595555,0.09893333,6.595555
118.72,67.19112,0.09893333,179.6554,6.595555,0.09893333,6.595555
118.73,67.19748,0.09896667,179.6724,6.597778,0.09896667,6.597778
118.74,67.20384,0.09896667,179.6894,6.597778,0.09896667,6.597778
118.75,67.19589,0.09896667,179.6682,6.597778,0.09896667,6.597778
118.76,67.17682,0.09896667,179.6172,6.597778,0.09896667,6.597778
118.77,67.1641,0.099,179.5831,6.6,0.099,6.6
118.78,67.16887,0.099,179.5959,6.6,0.099,6.6
118.79,67.18,0.099,179.6257,6.6,0.099,6.6
118.8,67.18,0.099,179.6257,6.6,0.099,6.6
118.81,67.18477,0.09903333,179.6384,6.602222,0.09903333,6.602222
118.82,67.19748,0.09903333,179.6724,6.602222,0.09903333,6.602222
118.83,67.20066,0.09903333,179.6809,6.602222,0.09903333,6.602222
118.84,67.18794,0.09903333,179.6469,6.602222,0.09903333,6.602222
118.85,67.16887,0.09906667,179.5959,6.604445,0.09906667,6.604445
118.86,67.1641,0.09906667,179.5831,6.604445,0.09906667,6.604445
118.87,67.17682,0.09906667,179.6172,6.604445,0.09906667,6.604445
118.88,67.20066,0.09906667,179.6809,6.604445,0.09906667,6.604445
118.89,67.21973,0.0991,179.7319,6.606667,0.0991,6.606667
118.9,67.21973,0.0991,179.7319,6.606667,0.0991,6.606667
118.91,67.20543,0.0991,179.6936,6.606667,0.0991,6.606667
118.92,67.19748,0.0991,179.6724,6.606667,0.0991,6.606667
118.93,67.19748,0.09913334,179.6724,6.608889,0.09913334,6.608889
118.94,67.20543,0.09913334,179.6936,6.608889,0.09913334,6.608889
118.95,67.21178,0.09913334,179.7106,6.608889,0.09913334,6.608889
118.96,67.21973,0.09913334,179.7319,6.608889,0.09913334,6.608889
118.97,67.21973,0.09916667,179.7319,6.611111,0.09916667,6.611111
118.98,67.21655,0.09916667,179.7234,6.611111,0.09916667,6.611111
118.99,67.21655,0.09916667,179.7234,6.611111,0.09916667,6.611111
119.0,67.21338,0.09916667,179.7149,6.611111,0.09916667,6.611111
119.01,67.21178,0.0992,179.7106,6.613334,0.0992,6.613334
119.02,67.20384,0.0992,179.6894,6.613334,0.0992,6.613334
119.03,67.19748,0.0992,179.6724,6.613334,0.0992,6.613334
119.04,67.20384,0.0992,179.6894,6.613334,0.0992,6.613334
119.05,67.21655,0.09923334,179.7234,6.615556,0.09923334,6.615556
119.06,67.23245,0.09923334,179.7659,6.615556,0.09923334,6.615556
119.07,67.23245,0.09923334,179.7659,6.615556,0.09923334,6.615556
119.08,67.2245,0.09923334,179.7447,6.615556,0.09923334,6.615556
119.09,67.21338,0.09926667,179.7149,6.617778,0.09926667,6.617778
119.1,67.20384,0.09926667,179.6894,6.617778,0.09926667,6.617778
119.11,67.20066,0.09926667,179.6809,6.617778,0.09926667,6.617778
119.12,67.21178,0.09926667,179.7106,6.617778,0.09926667,6.617778
119.13,67.2245,0.0993,179.7447,6.62,0.0993,6.62
119.14,67.2245,0.0993,179.7447,6.62,0.0993,6.62
119.15,67.20543,0.0993,179.6936,6.62,0.0993,6.62
119.16,67.18,0.0993,179.6257,6.62,0.0993,6.62
119.17,67.1641,0.09933333,179.5831,6.622222,0.09933333,6.622222
119.18,67.15933,0.09933333,179.5704,6.622222,0.09933333,6.622222
119.19,67.1641,0.09933333,179.5831,6.622222,0.09933333,6.622222
119.2,67.18794,0.09933333,179.6469,6.622222,0.09933333,6.622222
119.21,67.21655,0.09936666,179.7234,6.624444,0.09936666,6.624444
119.22,67.22927,0.09936666,179.7574,6.624444,0.09936666,6.624444
119.23,67.22609,0.09936666,179.7489,6.624444,0.09936666,6.624444
119.24,67.21655,0.0994,179.7234,6.626667,0.0994,6.626667
119.25,67.20543,0.0994,179.6936,6.626667,0.0994,6.626667
119.26,67.19271,0.0994,179.6597,6.626667,0.0994,6.626667
119.27,67.19112,0.0994,179.6554,6.626667,0.0994,6.626667
119.28,67.20066,0.0994,179.6809,6.626667,0.0994,6.626667
119.29,67.21338,0.09943333,179.7149,6.628889,0.09943333,6.628889
119.3,67.21338,0.09943333,179.7149,6.628889,0.09943333,6.628889
119.31,67.19271,0.09943333,179.6597,6.628889,0.09943333,6.628889
119.32,67.17205,0.09943333,179.6044,6.628889,0.09943333,6.628889
119.33,67.1641,0.09946667,179.5831,6.631111,0.09946667,6.631111
119.34,67.18,0.09946667,179.6257,6.631111,0.09946667,6.631111
119.35,67.20543,0.09946667,179.6936,6.631111,0.09946667,6.631111
119.36,67.2245,0.09946667,179.7447,6.631111,0.09946667,6.631111
119.37,67.2245,0.0995,179.7447,6.633333,0.0995,6.633333
119.38,67.21338,0.0995,179.7149,6.633333,0.0995,6.633333
119.39,67.21178,0.0995,179.7106,6.633333,0.0995,6.633333
119.4,67.21178,0.0995,179.7106,6.633333,0.0995,6.633333
119.41,67.20861,0.09953333,179.7022,6.635556,0.09953333,6.635556
119.42,67.19748,0.09953333,179.6724,6.635556,0.09953333,6.635556
119.43,67.18794,0.09953333,179.6469,6.635556,0.09953333,6.635556
119.44,67.18,0.09953333,179.6257,6.635556,0.09953333,6.635556
119.45,67.16887,0.09956667,179.5959,6.637778,0.09956667,6.637778
119.46,67.16251,0.09956667,179.5789,6.637778,0.09956667,6.637778
119.47,67.16251,0.09956667,179.5789,6.637778,0.09956667,6.637778
119.48,67.17523,0.09956667,179.6129,6.637778,0.09956667,6.637778
119.49,67.19112,0.0996,179.6554,6.64,0.0996,6.64
119.5,67.19112,0.0996,179.6554,6.64,0.0996,6.64
119.51,67.18,0.0996,179.6257,6.64,0.0996,6.64
119.52,67.16887,0.0996,179.5959,6.64,0.0996,6.64
119.53,67.16251,0.09963334,179.5789,6.642222,0.09963334,6.642222
119.54,67.16251,0.09963334,179.5789,6.642222,0.09963334,6.642222
119.55,67.15933,0.09963334,179.5704,6.642222,0.09963334,6.642222
119.56,67.15139,0.09963334,179.5492,6.642222,0.09963334,6.642222
119.57,67.1339,0.09966667,179.5024,6.644444,0.09966667,6.644444
119.58,67.11801,0.09966667,179.4599,6.644444,0.09966667,6.644444
119.59,67.11801,0.09966667,179.4599,6.644444,0.09966667,6.644444
119.6,67.13072,0.09966667,179.4939,6.644444,0.09966667,6.644444
119.61,67.14026,0.0997,179.5194,6.646667,0.0997,6.646667
119.62,67.14662,0.0997,179.5364,6.646667,0.0997,6.646667
119.63,67.14662,0.0997,179.5364,6.646667,0.0997,6.646667
119.64,67.14662,0.0997,179.5364,6.646667,0.0997,6.646667
119.65,67.15616,0.09973334,179.5619,6.648889,0.09973334,6.648889
119.66,67.17682,0.09973334,179.6172,6.648889,0.09973334,6.648889
119.67,67.19589,0.09973334,179.6682,6.648889,0.09973334,6.648889
119.68,67.19748,0.09973334,179.6724,6.648889,0.09973334,6.648889
119.69,67.19271,0.09976666,179.6597,6.651111,0.09976666,6.651111
119.7,67.18477,0.09976666,179.6384,6.651111,0.09976666,6.651111
119.71,67.18477,0.09976666,179.6384,6.651111,0.09976666,6.651111
119.72,67.18794,0.09976666,179.6469,6.651111,0.09976666,6.651111
119.73,67.18317,0.0998,179.6342,6.653333,0.0998,6.653333
119.74,67.17205,0.0998,179.6044,6.653333,0.0998,6.653333
119.75,67.1641,0.0998,179.5831,6.653333,0.0998,6.653333
119.76,67.15616,0.0998,179.5619,6.653333,0.0998,6.653333
119.77,67.14662,0.09983333,179.5364,6.655555,0.09983333,6.655555
119.78,67.13867,0.09983333,179.5152,6.655555,0.09983333,6.655555
119.79,67.13549,0.09983333,179.5067,6.655555,0.09983333,6.655555
119.8,67.1339,0.09983333,179.5024,6.655555,0.09983333,6.655555
119.81,67.12595,0.09986667,179.4812,6.657778,0.09986667,6.657778
119.82,67.11801,0.09986667,179.4599,6.657778,0.09986667,6.657778
119.83,67.11165,0.09986667,179.4429,6.657778,0.09986667,6.657778
119.84,67.11801,0.09986667,179.4599,6.657778,0.09986667,6.657778
119.85,67.1339,0.0999,179.5024,6.66,0.0999,6.66
119.86,67.14821,0.0999,179.5407,6.66,0.0999,6.66
119.87,67.15456,0.0999,179.5576,6.66,0.0999,6.66
119.88,67.14821,0.0999,179.5407,6.66,0.0999,6.66
119.89,67.14026,0.09993333,179.5194,6.662222,0.09993333,6.662222
119.9,67.1339,0.09993333,179.5024,6.662222,0.09993333,6.662222
119.91,67.13072,0.09993333,179.4939,6.662222,0.09993333,6.662222
119.92,67.12755,0.09993333,179.4854,6.662222,0.09993333,6.662222
119.93,67.11801,0.09996667,179.4599,6.664444,0.09996667,6.664444
119.94,67.10688,0.09996667,179.4302,6.664444,0.09996667,6.664444
119.95,67.09734,0.09996667,179.4046,6.664444,0.09996667,6.664444
119.96,67.0894,0.09996667,179.3834,6.664444,0.09996667,6.664444
119.97,67.08145,0.1,179.3622,6.666667,0.1,6.666667
119.98,67.08622,0.1,179.3749,6.666667,0.1,6.666667
119.99,67.09894,0.1,179.4089,6.666667,0.1,6.666667
120.0,67.11483,0.1000333,179.4514,6.668889,0.1000333,6.668889
120.01,67.12595,0.1000333,179.4812,6.668889,0.1000333,6.668889
120.02,67.12595,0.1000333,179.4812,6.668889,0.1000333,6.668889
120.03,67.12278,0.1000333,179.4727,6.668889,0.1000333,6.668889
120.04,67.11483,0.1000333,179.4514,6.668889,0.1000333,6.668889
120.05,67.10529,0.1000667,179.4259,6.671111,0.1000667,6.671111
120.06,67.09417,0.1000667,179.3962,6.671111,0.1000667,6.671111
120.07,67.0894,0.1000667,179.3834,6.671111,0.1000667,6.671111
120.08,67.0894,0.1000667,179.3834,6.671111,0.1000667,6.671111
120.09,67.08622,0.1001,179.3749,6.673334,0.1001,6.673334
120.1,67.07668,0.1001,179.3494,6.673334,0.1001,6.673334
120.11,67.06079,0.1001,179.3069,6.673334,0.1001,6.673334
120.12,67.04012,0.1001,179.2517,6.673334,0.1001,6.673334
120.13,66.96224,0.1001333,179.0434,6.675556,0.1001333,6.675556
120.14,65.68114,0.1001333,175.618,6.675556,0.1001333,6.675556
120.15,58.91641,0.1001333,157.5305,6.675556,0.1001333,6.675556
120.16,41.9728,0.1001333,112.2267,6.675556,0.1001333,6.675556
120.17,18.4679,0.1001667,49.37942,6.677778,0.1001667,6.677778
120.18,-0.4227956,0.1001667,-1.13047,6.677778,0.1001667,6.677778
120.19,-8.978844,0.1001667,-24.0076,6.677778,0.1001667,6.677778
120.2,-10.8703,0.1002,-29.06497,6.68,0.1002,6.68
120.21,-10.99586,0.1002,-29.40071,6.68,0.1002,6.68
120.22,-11.00381,0.1002,-29.42196,6.68,0.1002,6.68
120.23,-11.0054,0.1002,-29.42621,6.68,0.1002,6.68
120.24,-11.01335,0.1002,-29.44745,6.68,0.1002,6.68
120.25,-11.03401,0.1002333,-29.5027,6.682222,0.1002333,6.682222
120.26,-11.05468,0.1002333,-29.55795,6.682222,0.1002333,6.682222
120.27,-11.06898,0.1002333,-29.5962,6.682222,0.1002333,6.682222
120.28,-11.07852,0.1002333,-29.6217,6.682222,0.1002333,6.682222
120.29,-11.08646,0.1002667,-29.64295,6.684444,0.1002667,6.684444
120.3,-11.08964,0.1002667,-29.65145,6.684444,0.1002667,6.684444
120.31,-11.0817,0.1002667,-29.6302,6.684444,0.1002667,6.684444
120.32,-11.07375,0.1002667,-29.60895,6.684444,0.1002667,6.684444
120.33,-11.05785,0.1003,-29.56645,6.686666,0.1003,6.686666
120.34,-11.04514,0.1003,-29.53245,6.686666,0.1003,6.686666
120.35,-11.03719,0.1003,-29.5112,6.686666,0.1003,6.686666
120.36,-11.04196,0.1003,-29.52395,6.686666,0.1003,6.686666
120.37,-11.05785,0.1003333,-29.56645,6.688889,0.1003333,6.688889
120.38,-11.0658,0.1003333,-29.5877,6.688889,0.1003333,6.688889
120.39,-11.06262,0.1003333,-29.5792,6.688889,0.1003333,6.688889
120.4,-11.06262,0.1003667,-29.5792,6.691111,0.1003667,6.691111
120.41,-11.07375,0.1003667,-29.60895,6.691111,0.1003667,6.691111
120.42,-11.07852,0.1003667,-29.6217,6.691111,0.1003667,6.691111
120.43,-11.07375,0.1003667,-29.60895,6.691111,0.1003667,6.691111
120.44,-11.0658,0.1003667,-29.5877,6.691111,0.1003667,6.691111
120.45,-11.05785,0.1004,-29.56645,6.693334,0.1004,6.693334
120.46,-11.05468,0.1004,-29.55795,6.693334,0.1004,6.693334
120.47,-11.0658,0.1004,-29.5877,6.693334,0.1004,6.693334
120.48,-11.10554,0.1004,-29.69395,6.693334,0.1004,6.693334
120.49,-11.1564,0.1004333,-29.82994,6.695556,0.1004333,6.695556
120.5,-11.16912,0.1004333,-29.86395,6.695556,0.1004333,6.695556
120.51,-11.13097,0.1004333,-29.76195,6.695556,0.1004333,6.695556
120.52,-11.09759,0.1004333,-29.6727,6.695556,0.1004333,6.695556
120.53,-11.10713,0.1004667,-29.6982,6.697778,0.1004667,6.697778
120.54,-11.13097,0.1004667,-29.76195,6.697778,0.1004667,6.697778
120.55,-11.13892,0.1004667,-29.7832,6.697778,0.1004667,6.697778
120.56,-11.14686,0.1004667,-29.80445,6.697778,0.1004667,6.697778
120.57,-11.1564,0.1005,-29.82994,6.7,0.1005,6.7
120.58,-11.15958,0.1005,-29.83845,6.7,0.1005,6.7
120.59,-11.14845,0.1005,-29.8087,6.7,0.1005,6.7
120.6,-11.13574,0.1005333,-29.7747,6.702222,0.1005333,6.702222
120.61,-11.11984,0.1005333,-29.7322,6.702222,0.1005333,6.702222
120.62,-11.11031,0.1005333,-29.7067,6.702222,0.1005333,6.702222
120.63,-11.1119,0.1005333,-29.71095,6.702222,0.1005333,6.702222
120.64,-11.14051,0.1005333,-29.78745,6.702222,0.1005333,6.702222
120.65,-11.17547,0.1005667,-29.88094,6.704445,0.1005667,6.704445
120.66,-11.19137,0.1005667,-29.92344,6.704445,0.1005667,6.704445
120.67,-11.2009,0.1005667,-29.94894,6.704445,0.1005667,6.704445
120.68,-11.20885,0.1005667,-29.97019,6.704445,0.1005667,6.704445
120.69,-11.2168,0.1006,-29.99144,6.706667,0.1006,6.706667
120.7,-11.21998,0.1006,-29.99994,6.706667,0.1006,6.706667
120.71,-11.21203,0.1006,-29.97869,6.706667,0.1006,6.706667
120.72,-11.19773,0.1006,-29.94044,6.706667,0.1006,6.706667
120.73,-11.18501,0.1006333,-29.90644,6.708889,0.1006333,6.708889
120.74,-11.18024,0.1006333,-29.89369,6.708889,0.1006333,6.708889
120.75,-11.17547,0.1006333,-29.88094,6.708889,0.1006333,6.708889
120.76,-11.17229,0.1006333,-29.87244,6.708889,0.1006333,6.708889
120.77,-11.17229,0.1006667,-29.87244,6.711111,0.1006667,6.711111
120.78,-11.16912,0.1006667,-29.86395,6.711111,0.1006667,6.711111
120.79,-11.15481,0.1006667,-29.8257,6.711111,0.1006667,6.711111
120.8,-11.13574,0.1007,-29.7747,6.713333,0.1007,6.713333
120.81,-11.13097,0.1007,-29.76195,6.713333,0.1007,6.713333
120.82,-11.14368,0.1007,-29.79595,6.713333,0.1007,6.713333
120.83,-11.16276,0.1007,-29.84694,6.713333,0.1007,6.713333
120.84,-11.17229,0.1007333,-29.87244,6.715556,0.1007333,6.715556
120.85,-11.16912,0.1007333,-29.86395,6.715556,0.1007333,6.715556
120.86,-11.16276,0.1007333,-29.84694,6.715556,0.1007333,6.715556
120.87,-11.1564,0.1007333,-29.82994,6.715556,0.1007333,6.715556
120.88,-11.16276,0.1007333,-29.84694,6.715556,0.1007333,6.715556
120.89,-11.17706,0.1007667,-29.88519,6.717778,0.1007667,6.717778
120.9,-11.19296,0.1007667,-29.92769,6.717778,0.1007667,6.717778
120.91,-11.2009,0.1007667,-29.94894,6.717778,0.1007667,6.717778
120.92,-11.2009,0.1007667,-29.94894,6.717778,0.1007667,6.717778
120.93,-11.19137,0.1008,-29.92344,6.72,0.1008,6.72
120.94,-11.18342,0.1008,-29.90219,6.72,0.1008,6.72
120.95,-11.18024,0.1008,-29.89369,6.72,0.1008,6.72
120.96,-11.18024,0.1008,-29.89369,6.72,0.1008,6.72
120.97,-11.17706,0.1008333,-29.88519,6.722222,0.1008333,6.722222
120.98,-11.18342,0.1008333,-29.90219,6.722222,0.1008333,6.722222
120.99,-11.18819,0.1008333,-29.91494,6.722222,0.1008333,6.722222
121.0,-11.18024,0.1008667,-29.89369,6.724444,0.1008667,6.724444
121.01,-11.16912,0.1008667,-29.86395,6.724444,0.1008667,6.724444
121.02,-11.16435,0.1008667,-29.8512,6.724444,0.1008667,6.724444
121.03,-11.16276,0.1008667,-29.84694,6.724444,0.1008667,6.724444
121.04,-11.15481,0.1008667,-29.8257,6.724444,0.1008667,6.724444
121.05,-11.14845,0.1009,-29.8087,6.726667,0.1009,6.726667
121.06,-11.15481,0.1009,-29.8257,6.726667,0.1009,6.726667
121.07,-11.15958,0.1009,-29.83845,6.726667,0.1009,6.726667
121.08,-11.1564,0.1009,-29.82994,6.726667,0.1009,6.726667
121.09,-11.14368,0.1009333,-29.79595,6.728889,0.1009333,6.728889
121.1,-11.1262,0.1009333,-29.7492,6.728889,0.1009333,6.728889
121.11,-11.11507,0.1009333,-29.71945,6.728889,0.1009333,6.728889
121.12,-11.11984,0.1009333,-29.7322,6.728889,0.1009333,6.728889
121.13,-11.13574,0.1009667,-29.7747,6.731112,0.1009667,6.731112
121.14,-11.14686,0.1009667,-29.80445,6.731112,0.1009667,6.731112
121.15,-11.14368,0.1009667,-29.79595,6.731112,0.1009667,6.731112
121.16,-11.13892,0.1009667,-29.7832,6.731112,0.1009667,6.731112
121.17,-11.14051,0.101,-29.78745,6.733334,0.101,6.733334
121.18,-11.15958,0.101,-29.83845,6.733334,0.101,6.733334
121.19,-11.17706,0.101,-29.88519,6.733334,0.101,6.733334
121.2,-11.18819,0.1010333,-29.91494,6.735556,0.1010333,6.735556
121.21,-11.18501,0.1010333,-29.90644,6.735556,0.1010333,6.735556
121.22,-11.17547,0.1010333,-29.88094,6.735556,0.1010333,6.735556
121.23,-11.16435,0.1010333,-29.8512,6.735556,0.1010333,6.735556
121.24,-11.16435,0.1010333,-29.8512,6.735556,0.1010333,6.735556
121.25,-11.16912,0.1010667,-29.86395,6.737778,0.1010667,6.737778
121.26,-11.17229,0.1010667,-29.87244,6.737778,0.1010667,6.737778
121.27,-11.17229,0.1010667,-29.87244,6.737778,0.1010667,6.737778
121.28,-11.16276,0.1010667,-29.84694,6.737778,0.1010667,6.737778
121.29,-11.14686,0.1011,-29.80445,6.74,0.1011,6.74
121.3,-11.13574,0.1011,-29.7747,6.74,0.1011,6.74
121.31,-11.13415,0.1011,-29.77045,6.74,0.1011,6.74
121.32,-11.13415,0.1011,-29.77045,6.74,0.1011,6.74
121.33,-11.11984,0.1011333,-29.7322,6.742222,0.1011333,6.742222
121.34,-11.11031,0.1011333,-29.7067,6.742222,0.1011333,6.742222
121.35,-11.1119,0.1011333,-29.71095,6.742222,0.1011333,6.742222
121.36,-11.12779,0.1011333,-29.75345,6.742222,0.1011333,6.742222
121.37,-11.13892,0.1011667,-29.7832,6.744444,0.1011667,6.744444
121.38,-11.13574,0.1011667,-29.7747,6.744444,0.1011667,6.744444
121.39,-11.1262,0.1011667,-29.7492,6.744444,0.1011667,6.744444
121.4,-11.11984,0.1012,-29.7322,6.746666,0.1012,6.746666
121.41,-11.12302,0.1012,-29.7407,6.746666,0.1012,6.746666
121.42,-11.1262,0.1012,-29.7492,6.746666,0.1012,6.746666
121.43,-11.12779,0.1012,-29.75345,6.746666,0.1012,6.746666
121.44,-11.13892,0.1012,-29.7832,6.746666,0.1012,6.746666
121.45,-11.15163,0.1012333,-29.8172,6.748889,0.1012333,6.748889
121.46,-11.16276,0.1012333,-29.84694,6.748889,0.1012333,6.748889
121.47,-11.17229,0.1012333,-29.87244,6.748889,0.1012333,6.748889
121.48,-11.18342,0.1012333,-29.90219,6.748889,0.1012333,6.748889
121.49,-11.18024,0.1012667,-29.89369,6.751111,0.1012667,6.751111
121.5,-11.16753,0.1012667,-29.8597,6.751111,0.1012667,6.751111
121.51,-11.15163,0.1012667,-29.8172,6.751111,0.1012667,6.751111
121.52,-11.14051,0.1012667,-29.78745,6.751111,0.1012667,6.751111
121.53,-11.13892,0.1013,-29.7832,6.753334,0.1013,6.753334
121.54,-11.13415,0.1013,-29.77045,6.753334,0.1013,6.753334
121.55,-11.11825,0.1013,-29.72795,6.753334,0.1013,6.753334
121.56,-11.11031,0.1013333,-29.7067,6.755556,0.1013333,6.755556
121.57,-11.11507,0.1013333,-29.71945,6.755556,0.1013333,6.755556
121.58,-11.13415,0.1013333,-29.77045,6.755556,0.1013333,6.755556
121.59,-11.15163,0.1013333,-29.8172,6.755556,0.1013333,6.755556
121.6,-11.1564,0.1013667,-29.82994,6.757778,0.1013667,6.757778
121.61,-11.14845,0.1013667,-29.8087,6.757778,0.1013667,6.757778
121.62,-11.14368,0.1013667,-29.79595,6.757778,0.1013667,6.757778
121.63,-11.15163,0.1013667,-29.8172,6.757778,0.1013667,6.757778
121.64,-11.16276,0.1013667,-29.84694,6.757778,0.1013667,6.757778
121.65,-11.15958,0.1014,-29.83845,6.76,0.1014,6.76
121.66,-11.14368,0.1014,-29.79595,6.76,0.1014,6.76
121.67,-11.13574,0.1014,-29.7747,6.76,0.1014,6.76
121.68,-11.13892,0.1014,-29.7832,6.76,0.1014,6.76
121.69,-11.13892,0.1014333,-29.7832,6.762222,0.1014333,6.762222
121.7,-11.13097,0.1014333,-29.76195,6.762222,0.1014333,6.762222
121.71,-11.12302,0.1014333,-29.7407,6.762222,0.1014333,6.762222
121.72,-11.13574,0.1014333,-29.7747,6.762222,0.1014333,6.762222
121.73,-11.14686,0.1014667,-29.80445,6.764445,0.1014667,6.764445
121.74,-11.14368,0.1014667,-29.79595,6.764445,0.1014667,6.764445
121.75,-11.12302,0.1014667,-29.7407,6.764445,0.1014667,6.764445
121.76,-11.10236,0.1014667,-29.68545,6.764445,0.1014667,6.764445
121.77,-11.09441,0.1015,-29.6642,6.766667,0.1015,6.766667
121.78,-11.09759,0.1015,-29.6727,6.766667,0.1015,6.766667
121.79,-11.10554,0.1015,-29.69395,6.766667,0.1015,6.766667
121.8,-11.10713,0.1015,-29.6982,6.766667,0.1015,6.766667
121.81,-11.11031,0.1015333,-29.7067,6.768889,0.1015333,6.768889
121.82,-11.11507,0.1015333,-29.71945,6.768889,0.1015333,6.768889
121.83,-11.12302,0.1015333,-29.7407,6.768889,0.1015333,6.768889
121.84,-11.1262,0.1015333,-29.7492,6.768889,0.1015333,6.768889
121.85,-11.1262,0.1015667,-29.7492,6.771111,0.1015667,6.771111
121.86,-11.11825,0.1015667,-29.72795,6.771111,0.1015667,6.771111
121.87,-11.10554,0.1015667,-29.69395,6.771111,0.1015667,6.771111
121.88,-11.09759,0.1015667,-29.6727,6.771111,0.1015667,6.771111
121.89,-11.10713,0.1016,-29.6982,6.773333,0.1016,6.773333
121.9,-11.12302,0.1016,-29.7407,6.773333,0.1016,6.773333
121.91,-11.13097,0.1016,-29.76195,6.773333,0.1016,6.773333
121.92,-11.12302,0.1016,-29.7407,6.773333,0.1016,6.773333
121.93,-11.11507,0.1016333,-29.71945,6.775556,0.1016333,6.775556
121.94,-11.11507,0.1016333,-29.71945,6.775556,0.1016333,6.775556
121.95,-11.12302,0.1016333,-29.7407,6.775556,0.1016333,6.775556
121.96,-11.13415,0.1016667,-29.77045,6.777778,0.1016667,6.777778
121.97,-11.13892,0.1016667,-29.7832,6.777778,0.1016667,6.777778
121.98,-11.13574,0.1016667,-29.7747,6.777778,0.1016667,6.777778
121.99,-11.13415,0.1016667,-29.77045,6.777778,0.1016667,6.777778
122.0,-11.14051,0.1017,-29.78745,6.78,0.1017,6.78
122.01,-11.14686,0.1017,-29.80445,6.78,0.1017,6.78
122.02,-11.13415,0.1017,-29.77045,6.78,0.1017,6.78
122.03,-11.10554,0.1017,-29.69395,6.78,0.1017,6.78
122.04,-11.08646,0.1017,-29.64295,6.78,0.1017,6.78
122.05,-11.0817,0.1017333,-29.6302,6.782222,0.1017333,6.782222
122.06,-11.07852,0.1017333,-29.6217,6.782222,0.1017333,6.782222
122.07,-11.07852,0.1017333,-29.6217,6.782222,0.1017333,6.782222
122.08,-11.08964,0.1017333,-29.65145,6.782222,0.1017333,6.782222
122.09,-11.10554,0.1017667,-29.69395,6.784444,0.1017667,6.784444
122.1,-11.12302,0.1017667,-29.7407,6.784444,0.1017667,6.784444
122.11,-11.13574,0.1017667,-29.7747,6.784444,0.1017667,6.784444
122.12,-11.14368,0.1017667,-29.79595,6.784444,0.1017667,6.784444
122.13,-11.14686,0.1018,-29.80445,6.786667,0.1018,6.786667
122.14,-11.13574,0.1018,-29.7747,6.786667,0.1018,6.786667
122.15,-11.11825,0.1018,-29.72795,6.786667,0.1018,6.786667
122.16,-11.1119,0.1018333,-29.71095,6.788889,0.1018333,6.788889
122.17,-11.11825,0.1018333,-29.72795,6.788889,0.1018333,6.788889
122.18,-11.12779,0.1018333,-29.75345,6.788889,0.1018333,6.788889
122.19,-11.1262,0.1018333,-29.7492,6.788889,0.1018333,6.788889
122.2,-11.1119,0.1018333,-29.71095,6.788889,0.1018333,6.788889
122.21,-11.10554,0.1018667,-29.69395,6.791111,0.1018667,6.791111
122.22,-11.11507,0.1018667,-29.71945,6.791111,0.1018667,6.791111
122.23,-11.1262,0.1018667,-29.7492,6.791111,0.1018667,6.791111
122.24,-11.12779,0.1018667,-29.75345,6.791111,0.1018667,6.791111
122.25,-11.13415,0.1019,-29.77045,6.793334,0.1019,6.793334
122.26,-11.13415,0.1019,-29.77045,6.793334,0.1019,6.793334
122.27,-11.11507,0.1019,-29.71945,6.793334,0.1019,6.793334
122.28,-11.08964,0.1019,-29.65145,6.793334,0.1019,6.793334
122.29,-11.0817,0.1019333,-29.6302,6.795556,0.1019333,6.795556
122.3,-11.0817,0.1019333,-29.6302,6.795556,0.1019333,6.795556
122.31,-11.07057,0.1019333,-29.60045,6.795556,0.1019333,6.795556
122.32,-11.06103,0.1019333,-29.57495,6.795556,0.1019333,6.795556
122.33,-11.07057,0.1019667,-29.60045,6.797778,0.1019667,6.797778
122.34,-11.09123,0.1019667,-29.6557,6.797778,0.1019667,6.797778
122.35,-11.10236,0.1019667,-29.68545,6.797778,0.1019667,6.797778
122.36,-11.09123,0.102,-29.6557,6.8,0.102,6.8
122.37,-11.07852,0.102,-29.6217,6.8,0.102,6.8
122.38,-11.0658,0.102,-29.5877,6.8,0.102,6.8
122.39,-11.0658,0.102,-29.5877,6.8,0.102,6.8
122.4,-11.0817,0.1020333,-29.6302,6.802222,0.1020333,6.802222
122.41,-11.09759,0.1020333,-29.6727,6.802222,0.1020333,6.802222
122.42,-11.09759,0.1020333,-29.6727,6.802222,0.1020333,6.802222
122.43,-11.08329,0.1020333,-29.63445,6.802222,0.1020333,6.802222
122.44,-11.0817,0.1020333,-29.6302,6.802222,0.1020333,6.802222
122.45,-11.08964,0.1020667,-29.65145,6.804444,0.1020667,6.804444
122.46,-11.10236,0.1020667,-29.68545,6.804444,0.1020667,6.804444
122.47,-11.11825,0.1020667,-29.72795,6.804444,0.1020667,6.804444
122.48,-11.14686,0.1020667,-29.80445,6.804444,0.1020667,6.804444
122.49,-11.16435,0.1021,-29.8512,6.806667,0.1021,6.806667
122.5,-11.16435,0.1021,-29.8512,6.806667,0.1021,6.806667
122.51,-11.14845,0.1021,-29.8087,6.806667,0.1021,6.806667
122.52,-11.12779,0.1021,-29.75345,6.806667,0.1021,6.806667
122.53,-11.1119,0.1021333,-29.71095,6.808889,0.1021333,6.808889
122.54,-11.11031,0.1021333,-29.7067,6.808889,0.1021333,6.808889
122.55,-11.11031,0.1021333,-29.7067,6.808889,0.1021333,6.808889
122.56,-11.11031,0.1021667,-29.7067,6.811111,0.1021667,6.811111
122.57,-11.1119,0.1021667,-29.71095,6.811111,0.1021667,6.811111
122.58,-11.11984,0.1021667,-29.7322,6.811111,0.1021667,6.811111
122.59,-11.1262,0.1021667,-29.7492,6.811111,0.1021667,6.811111
122.6,-11.1262,0.1021667,-29.7492,6.811111,0.1021667,6.811111
122.61,-11.12779,0.1022,-29.75345,6.813334,0.1022,6.813334
122.62,-11.13415,0.1022,-29.77045,6.813334,0.1022,6.813334
122.63,-11.12779,0.1022,-29.75345,6.813334,0.1022,6.813334
122.64,-11.11825,0.1022,-29.72795,6.813334,0.1022,6.813334
122.65,-11.11507,0.1022333,-29.71945,6.815556,0.1022333,6.815556
122.66,-11.10713,0.1022333,-29.6982,6.815556,0.1022333,6.815556
122.67,-11.09759,0.1022333,-29.6727,6.815556,0.1022333,6.815556
122.68,-11.08646,0.1022333,-29.64295,6.815556,0.1022333,6.815556
122.69,-11.07693,0.1022667,-29.61745,6.817778,0.1022667,6.817778
122.7,-11.07375,0.1022667,-29.60895,6.817778,0.1022667,6.817778
122.71,-11.07693,0.1022667,-29.61745,6.817778,0.1022667,6.817778
122.72,-11.07375,0.1022667,-29.60895,6.817778,0.1022667,6.817778
122.73,-11.06898,0.1023,-29.5962,6.82,0.1023,6.82
122.74,-11.0658,0.1023,-29.5877,6.82,0.1023,6.82
122.75,-11.07057,0.1023,-29.60045,6.82,0.1023,6.82
122.76,-11.07693,0.1023333,-29.61745,6.822223,0.1023333,6.822223
122.77,-11.07057,0.1023333,-29.60045,6.822223,0.1023333,6.822223
122.78,-11.0658,0.1023333,-29.5877,6.822223,0.1023333,6.822223
122.79,-11.06898,0.1023333,-29.5962,6.822223,0.1023333,6.822223
122.8,-11.0817,0.1023333,-29.6302,6.822223,0.1023333,6.822223
122.81,-11.08646,0.1023667,-29.64295,6.824445,0.1023667,6.824445
122.82,-11.0817,0.1023667,-29.6302,6.824445,0.1023667,6.824445
122.83,-11.07693,0.1023667,-29.61745,6.824445,0.1023667,6.824445
122.84,-11.07852,0.1023667,-29.6217,6.824445,0.1023667,6.824445
122.85,-11.09123,0.1024,-29.6557,6.826667,0.1024,6.826667
122.86,-11.10554,0.1024,-29.69395,6.826667,0.1024,6.826667
122.87,-11.10713,0.1024,-29.6982,6.826667,0.1024,6.826667
122.88,-11.10713,0.1024,-29.6982,6.826667,0.1024,6.826667
122.89,-11.09918,0.1024333,-29.67695,6.828889,0.1024333,6.828889
122.9,-11.08964,0.1024333,-29.65145,6.828889,0.1024333,6.828889
122.91,-11.07693,0.1024333,-29.61745,6.828889,0.1024333,6.828889
122.92,-11.0658,0.1024333,-29.5877,6.828889,0.1024333,6.828889
122.93,-11.06898,0.1024667,-29.5962,6.831111,0.1024667,6.831111
122.94,-11.08329,0.1024667,-29.63445,6.831111,0.1024667,6.831111
122.95,-11.10236,0.1024667,-29.68545,6.831111,0.1024667,6.831111
122.96,-11.11825,0.1025,-29.72795,6.833333,0.1025,6.833333
122.97,-11.11825,0.1025,-29.72795,6.833333,0.1025,6.833333
122.98,-11.11031,0.1025,-29.7067,6.833333,0.1025,6.833333
122.99,-11.10236,0.1025,-29.68545,6.833333,0.1025,6.833333
123.0,-11.09441,0.1025,-29.6642,6.833333,0.1025,6.833333
123.01,-11.08964,0.1025333,-29.65145,6.835556,0.1025333,6.835556
123.02,-11.08964,0.1025333,-29.65145,6.835556,0.1025333,6.835556
123.03,-11.09441,0.1025333,-29.6642,6.835556,0.1025333,6.835556
123.04,-11.09918,0.1025333,-29.67695,6.835556,0.1025333,6.835556
123.05,-11.10236,0.1025667,-29.68545,6.837778,0.1025667,6.837778
123.06,-11.09759,0.1025667,-29.6727,6.837778,0.1025667,6.837778
123.07,-11.08646,0.1025667,-29.64295,6.837778,0.1025667,6.837778
123.08,-11.0817,0.1025667,-29.6302,6.837778,0.1025667,6.837778
123.09,-11.08646,0.1026,-29.64295,6.84,0.1026,6.84
123.1,-11.08646,0.1026,-29.64295,6.84,0.1026,6.84
123.11,-11.07852,0.1026,-29.6217,6.84,0.1026,6.84
123.12,-11.0817,0.1026,-29.6302,6.84,0.1026,6.84
123.13,-11.09441,0.1026333,-29.6642,6.842222,0.1026333,6.842222
123.14,-11.10713,0.1026333,-29.6982,6.842222,0.1026333,6.842222
123.15,-11.10713,0.1026333,-29.6982,6.842222,0.1026333,6.842222
123.16,-11.09918,0.1026667,-29.67695,6.844445,0.1026667,6.844445
123.17,-11.09918,0.1026667,-29.67695,6.844445,0.1026667,6.844445
123.18,-11.09918,0.1026667,-29.67695,6.844445,0.1026667,6.844445
123.19,-11.10554,0.1026667,-29.69395,6.844445,0.1026667,6.844445
123.2,-11.11031,0.1026667,-29.7067,6.844445,0.1026667,6.844445
123.21,-11.11984,0.1027,-29.7322,6.846667,0.1027,6.846667
123.22,-11.1262,0.1027,-29.7492,6.846667,0.1027,6.846667
123.23,-11.11825,0.1027,-29.72795,6.846667,0.1027,6.846667
123.24,-11.09759,0.1027,-29.6727,6.846667,0.1027,6.846667
123.25,-11.07057,0.1027333,-29.60045,6.848889,0.1027333,6.848889
123.26,-11.05309,0.1027333,-29.5537,6.848889,0.1027333,6.848889
123.27,-11.04991,0.1027333,-29.5452,6.848889,0.1027333,6.848889
123.28,-11.06103,0.1027333,-29.57495,6.848889,0.1027333,6.848889
123.29,-11.06898,0.1027667,-29.5962,6.851111,0.1027667,6.851111
123.3,-11.07852,0.1027667,-29.6217,6.851111,0.1027667,6.851111
123.31,-11.08646,0.1027667,-29.64295,6.851111,0.1027667,6.851111
123.32,-11.09123,0.1027667,-29.6557,6.851111,0.1027667,6.851111
123.33,-11.09123,0.1028,-29.6557,6.853333,0.1028,6.853333
123.34,-11.09123,0.1028,-29.6557,6.853333,0.1028,6.853333
123.35,-11.08646,0.1028,-29.64295,6.853333,0.1028,6.853333
123.36,-11.08646,0.1028333,-29.64295,6.855556,0.1028333,6.855556
123.37,-11.09123,0.1028333,-29.6557,6.855556,0.1028333,6.855556
123.38,-11.09759,0.1028333,-29.6727,6.855556,0.1028333,6.855556
123.39,-11.10236,0.1028333,-29.68545,6.855556,0.1028333,6.855556
123.4,-11.11825,0.1028333,-29.72795,6.855556,0.1028333,6.855556
123.41,-11.14368,0.1028667,-29.79595,6.857778,0.1028667,6.857778
123.42,-11.15481,0.1028667,-29.8257,6.857778,0.1028667,6.857778
123.43,-11.15163,0.1028667,-29.8172,6.857778,0.1028667,6.857778
123.44,-11.14368,0.1028667,-29.79595,6.857778,0.1028667,6.857778
123.45,-11.13574,0.1029,-29.7747,6.86,0.1029,6.86
123.46,-11.1262,0.1029,-29.7492,6.86,0.1029,6.86
123.47,-11.11031,0.1029,-29.7067,6.86,0.1029,6.86
123.48,-11.09918,0.1029,-29.67695,6.86,0.1029,6.86
123.49,-11.09759,0.1029333,-29.6727,6.862222,0.1029333,6.862222
123.5,-11.11031,0.1029333,-29.7067,6.862222,0.1029333,6.862222
123.51,-11.11825,0.1029333,-29.72795,6.862222,0.1029333,6.862222
123.52,-11.11507,0.1029667,-29.71945,6.864444,0.1029667,6.864444
123.53,-11.11031,0.1029667,-29.7067,6.864444,0.1029667,6.864444
123.54,-11.10713,0.1029667,-29.6982,6.864444,0.1029667,6.864444
123.55,-11.10236,0.1029667,-29.68545,6.864444,0.1029667,6.864444
123.56,-11.10554,0.103,-29.69395,6.866667,0.103,6.866667
123.57,-11.1119,0.103,-29.71095,6.866667,0.103,6.866667
123.58,-11.12302,0.103,-29.7407,6.866667,0.103,6.866667
123.59,-11.12779,0.103,-29.75345,6.866667,0.103,6.866667
123.6,-11.12779,0.103,-29.75345,6.866667,0.103,6.866667
123.61,-11.1119,0.1030333,-29.71095,6.868889,0.1030333,6.868889
123.62,-11.09441,0.1030333,-29.6642,6.868889,0.1030333,6.868889
123.63,-11.0817,0.1030333,-29.6302,6.868889,0.1030333,6.868889
123.64,-11.06898,0.1030333,-29.5962,6.868889,0.1030333,6.868889
123.65,-11.06103,0.1030667,-29.57495,6.871111,0.1030667,6.871111
123.66,-11.0658,0.1030667,-29.5877,6.871111,0.1030667,6.871111
123.67,-11.08329,0.1030667,-29.63445,6.871111,0.1030667,6.871111
123.68,-11.09918,0.1030667,-29.67695,6.871111,0.1030667,6.871111
123.69,-11.10713,0.1031,-29.6982,6.873333,0.1031,6.873333
123.7,-11.11031,0.1031,-29.7067,6.873333,0.1031,6.873333
123.71,-11.11031,0.1031,-29.7067,6.873333,0.1031,6.873333
123.72,-11.1119,0.1031333,-29.71095,6.875556,0.1031333,6.875556
123.73,-11.11825,0.1031333,-29.72795,6.875556,0.1031333,6.875556
123.74,-11.11984,0.1031333,-29.7322,6.875556,0.1031333,6.875556
123.75,-11.11984,0.1031333,-29.7322,6.875556,0.1031333,6.875556
123.76,-11.11507,0.1031333,-29.71945,6.875556,0.1031333,6.875556
123.77,-11.10713,0.1031667,-29.6982,6.877778,0.1031667,6.877778
123.78,-11.10554,0.1031667,-29.69395,6.877778,0.1031667,6.877778
123.79,-11.10554,0.1031667,-29.69395,6.877778,0.1031667,6.877778
123.8,-11.10236,0.1031667,-29.68545,6.877778,0.1031667,6.877778
123.81,-11.10554,0.1032,-29.69395,6.88,0.1032,6.88
123.82,-11.10554,0.1032,-29.69395,6.88,0.1032,6.88
123.83,-11.09918,0.1032,-29.67695,6.88,0.1032,6.88
123.84,-11.09918,0.1032,-29.67695,6.88,0.1032,6.88
123.85,-11.1119,0.1032333,-29.71095,6.882223,0.1032333,6.882223
123.86,-11.11984,0.1032333,-29.7322,6.882223,0.1032333,6.882223
123.87,-11.11984,0.1032333,-29.7322,6.882223,0.1032333,6.882223
123.88,-11.11984,0.1032333,-29.7322,6.882223,0.1032333,6.882223
123.89,-11.11984,0.1032667,-29.7322,6.884445,0.1032667,6.884445
123.9,-11.11825,0.1032667,-29.72795,6.884445,0.1032667,6.884445
123.91,-11.11031,0.1032667,-29.7067,6.884445,0.1032667,6.884445
123.92,-11.10236,0.1033,-29.68545,6.886666,0.1033,6.886666
123.93,-11.09441,0.1033,-29.6642,6.886666,0.1033,6.886666
123.94,-11.08964,0.1033,-29.65145,6.886666,0.1033,6.886666
123.95,-11.09441,0.1033,-29.6642,6.886666,0.1033,6.886666
123.96,-11.11507,0.1033,-29.71945,6.886666,0.1033,6.886666
123.97,-11.13415,0.1033333,-29.77045,6.888889,0.1033333,6.888889
123.98,-11.13574,0.1033333,-29.7747,6.888889,0.1033333,6.888889
123.99,-11.13097,0.1033333,-29.76195,6.888889,0.1033333,6.888889
124.0,-11.1262,0.1033333,-29.7492,6.888889,0.1033333,6.888889
124.01,-11.12779,0.1033667,-29.75345,6.891111,0.1033667,6.891111
124.02,-11.14686,0.1033667,-29.80445,6.891111,0.1033667,6.891111
124.03,-11.16435,0.1033667,-29.8512,6.891111,0.1033667,6.891111
124.04,-11.16753,0.1033667,-29.8597,6.891111,0.1033667,6.891111
124.05,-11.15163,0.1034,-29.8172,6.893333,0.1034,6.893333
124.06,-11.13097,0.1034,-29.76195,6.893333,0.1034,6.893333
124.07,-11.1262,0.1034,-29.7492,6.893333,0.1034,6.893333
124.08,-11.13574,0.1034,-29.7747,6.893333,0.1034,6.893333
124.09,-11.1564,0.1034333,-29.82994,6.895555,0.1034333,6.895555
124.1,-11.16753,0.1034333,-29.8597,6.895555,0.1034333,6.895555
124.11,-11.15163,0.1034333,-29.8172,6.895555,0.1034333,6.895555
124.12,-11.12779,0.1034667,-29.75345,6.897778,0.1034667,6.897778
124.13,-11.11507,0.1034667,-29.71945,6.897778,0.1034667,6.897778
124.14,-11.11507,0.1034667,-29.71945,6.897778,0.1034667,6.897778
124.15,-11.10713,0.1034667,-29.6982,6.897778,0.1034667,6.897778
124.16,-11.09123,0.1034667,-29.6557,6.897778,0.1034667,6.897778
124.17,-11.0817,0.1035,-29.6302,6.9,0.1035,6.9
124.18,-11.0817,0.1035,-29.6302,6.9,0.1035,6.9
124.19,-11.09441,0.1035,-29.6642,6.9,0.1035,6.9
124.2,-11.1119,0.1035,-29.71095,6.9,0.1035,6.9
124.21,-11.11984,0.1035333,-29.7322,6.902222,0.1035333,6.902222
124.22,-11.11507,0.1035333,-29.71945,6.902222,0.1035333,6.902222
124.23,-11.11031,0.1035333,-29.7067,6.902222,0.1035333,6.902222
124.24,-11.1119,0.1035333,-29.71095,6.902222,0.1035333,6.902222
124.25,-11.11984,0.1035667,-29.7322,6.904445,0.1035667,6.904445
124.26,-11.12779,0.1035667,-29.75345,6.904445,0.1035667,6.904445
124.27,-11.11984,0.1035667,-29.7322,6.904445,0.1035667,6.904445
124.28,-11.10554,0.1035667,-29.69395,6.904445,0.1035667,6.904445
124.29,-11.09759,0.1036,-29.6727,6.906667,0.1036,6.906667
124.3,-11.1119,0.1036,-29.71095,6.906667,0.1036,6.906667
124.31,-11.12779,0.1036,-29.75345,6.906667,0.1036,6.906667
124.32,-11.13097,0.1036333,-29.76195,6.908889,0.1036333,6.908889
124.33,-11.1262,0.1036333,-29.7492,6.908889,0.1036333,6.908889
124.34,-11.11984,0.1036333,-29.7322,6.908889,0.1036333,6.908889
124.35,-11.11825,0.1036333,-29.72795,6.908889,0.1036333,6.908889
124.36,-11.12302,0.1036333,-29.7407,6.908889,0.1036333,6.908889
124.37,-11.13097,0.1036667,-29.76195,6.911111,0.1036667,6.911111
124.38,-11.12779,0.1036667,-29.75345,6.911111,0.1036667,6.911111
124.39,-11.1262,0.1036667,-29.7492,6.911111,0.1036667,6.911111
124.4,-11.12779,0.1036667,-29.75345,6.911111,0.1036667,6.911111
124.41,-11.13415,0.1037,-29.77045,6.913333,0.1037,6.913333
124.42,-11.13574,0.1037,-29.7747,6.913333,0.1037,6.913333
124.43,-11.12779,0.1037,-29.75345,6.913333,0.1037,6.913333
124.44,-11.11825,0.1037,-29.72795,6.913333,0.1037,6.913333
124.45,-11.10554,0.1037333,-29.69395,6.915555,0.1037333,6.915555
124.46,-11.09759,0.1037333,-29.6727,6.915555,0.1037333,6.915555
124.47,-11.09123,0.1037333,-29.6557,6.915555,0.1037333,6.915555
124.48,-11.08646,0.1037333,-29.64295,6.915555,0.1037333,6.915555
124.49,-11.0817,0.1037667,-29.6302,6.917778,0.1037667,6.917778
124.5,-11.07693,0.1037667,-29.61745,6.917778,0.1037667,6.917778
124.51,-11.07693,0.1037667,-29.61745,6.917778,0.1037667,6.917778
124.52,-11.07852,0.1038,-29.6217,6.92,0.1038,6.92
124.53,-11.08329,0.1038,-29.63445,6.92,0.1038,6.92
124.54,-11.08964,0.1038,-29.65145,6.92,0.1038,6.92
124.55,-11.08964,0.1038,-29.65145,6.92,0.1038,6.92
124.56,-11.10236,0.1038,-29.68545,6.92,0.1038,6.92
124.57,-11.13097,0.1038333,-29.76195,6.922222,0.1038333,6.922222
124.58,-11.15481,0.1038333,-29.8257,6.922222,0.1038333,6.922222
124.59,-11.16753,0.1038333,-29.8597,6.922222,0.1038333,6.922222
124.6,-11.17547,0.1038333,-29.88094,6.922222,0.1038333,6.922222
124.61,-11.17229,0.1038667,-29.87244,6.924444,0.1038667,6.924444
124.62,-11.15481,0.1038667,-29.8257,6.924444,0.1038667,6.924444
124.63,-11.12779,0.1038667,-29.75345,6.924444,0.1038667,6.924444
124.64,-11.11825,0.1038667,-29.72795,6.924444,0.1038667,6.924444
124.65,-11.1262,0.1039,-29.7492,6.926667,0.1039,6.926667
124.66,-11.13415,0.1039,-29.77045,6.926667,0.1039,6.926667
124.67,-11.1262,0.1039,-29.7492,6.926667,0.1039,6.926667
124.68,-11.11507,0.1039,-29.71945,6.926667,0.1039,6.926667
124.69,-11.11825,0.1039333,-29.72795,6.928889,0.1039333,6.928889
124.7,-11.1262,0.1039333,-29.7492,6.928889,0.1039333,6.928889
124.71,-11.1262,0.1039333,-29.7492,6.928889,0.1039333,6.928889
124.72,-11.11825,0.1039667,-29.72795,6.931111,0.1039667,6.931111
124.73,-11.10554,0.1039667,-29.69395,6.931111,0.1039667,6.931111
124.74,-11.09441,0.1039667,-29.6642,6.931111,0.1039667,6.931111
124.75,-11.09123,0.1039667,-29.6557,6.931111,0.1039667,6.931111
124.76,-11.10554,0.1039667,-29.69395,6.931111,0.1039667,6.931111
124.77,-11.11507,0.104,-29.71945,6.933333,0.104,6.933333
124.78,-11.12302,0.104,-29.7407,6.933333,0.104,6.933333
124.79,-11.1262,0.104,-29.7492,6.933333,0.104,6.933333
124.8,-11.1262,0.104,-29.7492,6.933333,0.104,6.933333
124.81,-11.12302,0.1040333,-29.7407,6.935556,0.1040333,6.935556
124.82,-11.11507,0.1040333,-29.71945,6.935556,0.1040333,6.935556
124.83,-11.10713,0.1040333,-29.6982,6.935556,0.1040333,6.935556
124.84,-11.09759,0.1040333,-29.6727,6.935556,0.1040333,6.935556
124.85,-11.08964,0.1040667,-29.65145,6.937778,0.1040667,6.937778
124.86,-11.08646,0.1040667,-29.64295,6.937778,0.1040667,6.937778
124.87,-11.09759,0.1040667,-29.6727,6.937778,0.1040667,6.937778
124.88,-11.10554,0.1040667,-29.69395,6.937778,0.1040667,6.937778
124.89,-11.11507,0.1041,-29.71945,6.94,0.1041,6.94
124.9,-11.12779,0.1041,-29.75345,6.94,0.1041,6.94
124.91,-11.13574,0.1041,-29.7747,6.94,0.1041,6.94
124.92,-11.12302,0.1041333,-29.7407,6.942223,0.1041333,6.942223
124.93,-11.09918,0.1041333,-29.67695,6.942223,0.1041333,6.942223
124.94,-11.08646,0.1041333,-29.64295,6.942223,0.1041333,6.942223
124.95,-11.09123,0.1041333,-29.6557,6.942223,0.1041333,6.942223
124.96,-11.10713,0.1041333,-29.6982,6.942223,0.1041333,6.942223
124.97,-11.1262,0.1041667,-29.7492,6.944444,0.1041667,6.944444
124.98,-11.13415,0.1041667,-29.77045,6.944444,0.1041667,6.944444
124.99,-11.13574,0.1041667,-29.7747,6.944444,0.1041667,6.944444
125.0,-11.13892,0.1041667,-29.7832,6.944444,0.1041667,6.944444
125.01,-11.13574,0.1042,-29.7747,6.946667,0.1042,6.946667
125.02,-11.12779,0.1042,-29.75345,6.946667,0.1042,6.946667
125.03,-11.1262,0.1042,-29.7492,6.946667,0.1042,6.946667
125.04,-11.12302,0.1042,-29.7407,6.946667,0.1042,6.946667
125.05,-11.11031,0.1042333,-29.7067,6.948889,0.1042333,6.948889
125.06,-11.09123,0.1042333,-29.6557,6.948889,0.1042333,6.948889
125.07,-11.0817,0.1042333,-29.6302,6.948889,0.1042333,6.948889
125.08,-11.08646,0.1042333,-29.64295,6.948889,0.1042333,6.948889
125.09,-11.09918,0.1042667,-29.67695,6.951111,0.1042667,6.951111
125.1,-11.1119,0.1042667,-29.71095,6.951111,0.1042667,6.951111
125.11,-11.12302,0.1042667,-29.7407,6.951111,0.1042667,6.951111
125.12,-11.13574,0.1043,-29.7747,6.953333,0.1043,6.953333
125.13,-11.14845,0.1043,-29.8087,6.953333,0.1043,6.953333
125.14,-11.15163,0.1043,-29.8172,6.953333,0.1043,6.953333
125.15,-11.14051,0.1043,-29.78745,6.953333,0.1043,6.953333
125.16,-11.13574,0.1043,-29.7747,6.953333,0.1043,6.953333
125.17,-11.13574,0.1043333,-29.7747,6.955555,0.1043333,6.955555
125.18,-11.13574,0.1043333,-29.7747,6.955555,0.1043333,6.955555
125.19,-11.12779,0.1043333,-29.75345,6.955555,0.1043333,6.955555
125.2,-11.11984,0.1043333,-29.7322,6.955555,0.1043333,6.955555
125.21,-11.11984,0.1043667,-29.7322,6.957778,0.1043667,6.957778
125.22,-11.13892,0.1043667,-29.7832,6.957778,0.1043667,6.957778
125.23,-11.15163,0.1043667,-29.8172,6.957778,0.1043667,6.957778
125.24,-11.14845,0.1043667,-29.8087,6.957778,0.1043667,6.957778
125.25,-11.13574,0.1044,-29.7747,6.96,0.1044,6.96
125.26,-11.11984,0.1044,-29.7322,6.96,0.1044,6.96
125.27,-11.1119,0.1044,-29.71095,6.96,0.1044,6.96
125.28,-11.12302,0.1044,-29.7407,6.96,0.1044,6.96
125.29,-11.14686,0.1044333,-29.80445,6.962223,0.1044333,6.962223
125.3,-11.16276,0.1044333,-29.84694,6.962223,0.1044333,6.962223
125.31,-11.15163,0.1044333,-29.8172,6.962223,0.1044333,6.962223
125.32,-11.13574,0.1044333,-29.7747,6.962223,0.1044333,6.962223
125.33,-11.12302,0.1044667,-29.7407,6.964445,0.1044667,6.964445
125.34,-11.1119,0.1044667,-29.71095,6.964445,0.1044667,6.964445
125.35,-11.10236,0.1044667,-29.68545,6.964445,0.1044667,6.964445
125.36,-11.09441,0.1044667,-29.6642,6.964445,0.1044667,6.964445
125.37,-11.09441,0.1045,-29.6642,6.966667,0.1045,6.966667
125.38,-11.10554,0.1045,-29.69395,6.966667,0.1045,6.966667
125.39,-11.11984,0.1045,-29.7322,6.966667,0.1045,6.966667
125.4,-11.12779,0.1045,-29.75345,6.966667,0.1045,6.966667
125.41,-11.12302,0.1045333,-29.7407,6.968889,0.1045333,6.968889
125.42,-11.10713,0.1045333,-29.6982,6.968889,0.1045333,6.968889
125.43,-11.09123,0.1045333,-29.6557,6.968889,0.1045333,6.968889
125.44,-11.0817,0.1045333,-29.6302,6.968889,0.1045333,6.968889
125.45,-11.07693,0.1045667,-29.61745,6.971111,0.1045667,6.971111
125.46,-11.08646,0.1045667,-29.64295,6.971111,0.1045667,6.971111
125.47,-11.10713,0.1045667,-29.6982,6.971111,0.1045667,6.971111
125.48,-11.12302,0.1046,-29.7407,6.973334,0.1046,6.973334
125.49,-11.12302,0.1046,-29.7407,6.973334,0.1046,6.973334
125.5,-11.11507,0.1046,-29.71945,6.973334,0.1046,6.973334
125.51,-11.1119,0.1046,-29.71095,6.973334,0.1046,6.973334
125.52,-11.11507,0.1046,-29.71945,6.973334,0.1046,6.973334
125.53,-11.12302,0.1046333,-29.7407,6.975555,0.1046333,6.975555
125.54,-11.1262,0.1046333,-29.7492,6.975555,0.1046333,6.975555
125.55,-11.12302,0.1046333,-29.7407,6.975555,0.1046333,6.975555
125.56,-11.11507,0.1046333,-29.71945,6.975555,0.1046333,6.975555
125.57,-11.1119,0.1046667,-29.71095,6.977777,0.1046667,6.977777
125.58,-11.11984,0.1046667,-29.7322,6.977777,0.1046667,6.977777
125.59,-11.14686,0.1046667,-29.80445,6.977777,0.1046667,6.977777
125.6,-11.16435,0.1046667,-29.8512,6.977777,0.1046667,6.977777
125.61,-11.1564,0.1047,-29.82994,6.98,0.1047,6.98
125.62,-11.13097,0.1047,-29.76195,6.98,0.1047,6.98
125.63,-11.10554,0.1047,-29.69395,6.98,0.1047,6.98
125.64,-11.09441,0.1047,-29.6642,6.98,0.1047,6.98
125.65,-11.09441,0.1047333,-29.6642,6.982222,0.1047333,6.982222
125.66,-11.09759,0.1047333,-29.6727,6.982222,0.1047333,6.982222
125.67,-11.09759,0.1047333,-29.6727,6.982222,0.1047333,6.982222
125.68,-11.09918,0.1047667,-29.67695,6.984445,0.1047667,6.984445
125.69,-11.11031,0.1047667,-29.7067,6.984445,0.1047667,6.984445
125.7,-11.12302,0.1047667,-29.7407,6.984445,0.1047667,6.984445
125.71,-11.13574,0.1047667,-29.7747,6.984445,0.1047667,6.984445
125.72,-11.14051,0.1047667,-29.78745,6.984445,0.1047667,6.984445
125.73,-11.14686,0.1048,-29.80445,6.986667,0.1048,6.986667
125.74,-11.15481,0.1048,-29.8257,6.986667,0.1048,6.986667
125.75,-11.15481,0.1048,-29.8257,6.986667,0.1048,6.986667
125.76,-11.14368,0.1048,-29.79595,6.986667,0.1048,6.986667
125.77,-11.13574,0.1048333,-29.7747,6.988889,0.1048333,6.988889
125.78,-11.13097,0.1048333,-29.76195,6.988889,0.1048333,6.988889
125.79,-11.1262,0.1048333,-29.7492,6.988889,0.1048333,6.988889
125.8,-11.12302,0.1048333,-29.7407,6.988889,0.1048333,6.988889
125.81,-11.1262,0.1048667,-29.7492,6.991111,0.1048667,6.991111
125.82,-11.11507,0.1048667,-29.71945,6.991111,0.1048667,6.991111
125.83,-11.09441,0.1048667,-29.6642,6.991111,0.1048667,6.991111
125.84,-11.07693,0.1048667,-29.61745,6.991111,0.1048667,6.991111
125.85,-11.08646,0.1049,-29.64295,6.993333,0.1049,6.993333
125.86,-11.11031,0.1049,-29.7067,6.993333,0.1049,6.993333
125.87,-11.12302,0.1049,-29.7407,6.993333,0.1049,6.993333
125.88,-11.1119,0.1049333,-29.71095,6.995556,0.1049333,6.995556
125.89,-11.09123,0.1049333,-29.6557,6.995556,0.1049333,6.995556
125.9,-11.07852,0.1049333,-29.6217,6.995556,0.1049333,6.995556
125.91,-11.0817,0.1049333,-29.6302,6.995556,0.1049333,6.995556
125.92,-11.08646,0.1049333,-29.64295,6.995556,0.1049333,6.995556
125.93,-11.09123,0.1049667,-29.6557,6.997778,0.1049667,6.997778
125.94,-11.09123,0.1049667,-29.6557,6.997778,0.1049667,6.997778
125.95,-11.08964,0.1049667,-29.65145,6.997778,0.1049667,6.997778
125.96,-11.09123,0.1049667,-29.6557,6.997778,0.1049667,6.997778
125.97,-11.09759,0.105,-29.6727,7.0,0.105,7.0
125.98,-11.09441,0.105,-29.6642,7.0,0.105,7.0
125.99,-11.08964,0.105,-29.65145,7.0,0.105,7.0
126.0,-11.08329,0.105,-29.63445,7.0,0.105,7.0
126.01,-11.08646,0.1050333,-29.64295,7.002223,0.1050333,7.002223
126.02,-11.08964,0.1050333,-29.65145,7.002223,0.1050333,7.002223
126.03,-11.08964,0.1050333,-29.65145,7.002223,0.1050333,7.002223
126.04,-11.09123,0.1050333,-29.6557,7.002223,0.1050333,7.002223
126.05,-11.09918,0.1050667,-29.67695,7.004444,0.1050667,7.004444
126.06,-11.10236,0.1050667,-29.68545,7.004444,0.1050667,7.004444
126.07,-11.09441,0.1050667,-29.6642,7.004444,0.1050667,7.004444
126.08,-11.08329,0.1051,-29.63445,7.006667,0.1051,7.006667
126.09,-11.0817,0.1051,-29.6302,7.006667,0.1051,7.006667
126.1,-11.07852,0.1051,-29.6217,7.006667,0.1051,7.006667
126.11,-11.07693,0.1051,-29.61745,7.006667,0.1051,7.006667
126.12,-11.07375,0.1051,-29.60895,7.006667,0.1051,7.006667
126.13,-11.07057,0.1051333,-29.60045,7.008889,0.1051333,7.008889
126.14,-11.0817,0.1051333,-29.6302,7.008889,0.1051333,7.008889
126.15,-11.09441,0.1051333,-29.6642,7.008889,0.1051333,7.008889
126.16,-11.09759,0.1051333,-29.6727,7.008889,0.1051333,7.008889
126.17,-11.08329,0.1051667,-29.63445,7.011111,0.1051667,7.011111
126.18,-11.06898,0.1051667,-29.5962,7.011111,0.1051667,7.011111
126.19,-11.07057,0.1051667,-29.60045,7.011111,0.1051667,7.011111
126.2,-11.08646,0.1051667,-29.64295,7.011111,0.1051667,7.011111
126.21,-11.09918,0.1052,-29.67695,7.013333,0.1052,7.013333
126.22,-11.10713,0.1052,-29.6982,7.013333,0.1052,7.013333
126.23,-11.12302,0.1052,-29.7407,7.013333,0.1052,7.013333
126.24,-11.14368,0.1052,-29.79595,7.013333,0.1052,7.013333
126.25,-11.14686,0.1052333,-29.80445,7.015555,0.1052333,7.015555
126.26,-11.13097,0.1052333,-29.76195,7.015555,0.1052333,7.015555
126.27,-11.1119,0.1052333,-29.71095,7.015555,0.1052333,7.015555
126.28,-11.10713,0.1052667,-29.6982,7.017778,0.1052667,7.017778
126.29,-11.1119,0.1052667,-29.71095,7.017778,0.1052667,7.017778
126.3,-11.12779,0.1052667,-29.75345,7.017778,0.1052667,7.017778
126.31,-11.14051,0.1052667,-29.78745,7.017778,0.1052667,7.017778
126.32,-11.13415,0.1052667,-29.77045,7.017778,0.1052667,7.017778
126.33,-11.10236,0.1053,-29.68545,7.02,0.1053,7.02
126.34,-11.08329,0.1053,-29.63445,7.02,0.1053,7.02
126.35,-11.09441,0.1053,-29.6642,7.02,0.1053,7.02
126.36,-11.11507,0.1053,-29.71945,7.02,0.1053,7.02
126.37,-11.11825,0.1053333,-29.72795,7.022223,0.1053333,7.022223
126.38,-11.11031,0.1053333,-29.7067,7.022223,0.1053333,7.022223
126.39,-11.09759,0.1053333,-29.6727,7.022223,0.1053333,7.022223
126.4,-11.07852,0.1053333,-29.6217,7.022223,0.1053333,7.022223
126.41,-11.0658,0.1053667,-29.5877,7.024445,0.1053667,7.024445
126.42,-11.07375,0.1053667,-29.60895,7.024445,0.1053667,7.024445
126.43,-11.08329,0.1053667,-29.63445,7.024445,0.1053667,7.024445
126.44,-11.0817,0.1053667,-29.6302,7.024445,0.1053667,7.024445
126.45,-11.06898,0.1054,-29.5962,7.026667,0.1054,7.026667
126.46,-11.06262,0.1054,-29.5792,7.026667,0.1054,7.026667
126.47,-11.06898,0.1054,-29.5962,7.026667,0.1054,7.026667
126.48,-11.07375,0.1054333,-29.60895,7.028889,0.1054333,7.028889
126.49,-11.07375,0.1054333,-29.60895,7.028889,0.1054333,7.028889
126.5,-11.07057,0.1054333,-29.60045,7.028889,0.1054333,7.028889
126.51,-11.07375,0.1054333,-29.60895,7.028889,0.1054333,7.028889
126.52,-11.08646,0.1054333,-29.64295,7.028889,0.1054333,7.028889
126.53,-11.10554,0.1054667,-29.69395,7.031111,0.1054667,7.031111
126.54,-11.1119,0.1054667,-29.71095,7.031111,0.1054667,7.031111
126.55,-11.10236,0.1054667,-29.68545,7.031111,0.1054667,7.031111
126.56,-11.09441,0.1054667,-29.6642,7.031111,0.1054667,7.031111
126.57,-11.09123,0.1055,-29.6557,7.033333,0.1055,7.033333
126.58,-11.08964,0.1055,-29.65145,7.033333,0.1055,7.033333
126.59,-11.07852,0.1055,-29.6217,7.033333,0.1055,7.033333
126.6,-11.0658,0.1055,-29.5877,7.033333,0.1055,7.033333
126.61,-11.06103,0.1055333,-29.57495,7.035555,0.1055333,7.035555
126.62,-11.07375,0.1055333,-29.60895,7.035555,0.1055333,7.035555
126.63,-11.08646,0.1055333,-29.64295,7.035555,0.1055333,7.035555
126.64,-11.08964,0.1055333,-29.65145,7.035555,0.1055333,7.035555
126.65,-11.08646,0.1055667,-29.64295,7.037778,0.1055667,7.037778
126.66,-11.0817,0.1055667,-29.6302,7.037778,0.1055667,7.037778
126.67,-11.07057,0.1055667,-29.60045,7.037778,0.1055667,7.037778
126.68,-11.07057,0.1056,-29.60045,7.04,0.1056,7.04
126.69,-11.08329,0.1056,-29.63445,7.04,0.1056,7.04
126.7,-11.09123,0.1056,-29.6557,7.04,0.1056,7.04
126.71,-11.0817,0.1056,-29.6302,7.04,0.1056,7.04
126.72,-11.06262,0.1056333,-29.5792,7.042222,0.1056333,7.042222
126.73,-11.05785,0.1056333,-29.56645,7.042222,0.1056333,7.042222
126.74,-11.07375,0.1056333,-29.60895,7.042222,0.1056333,7.042222
126.75,-11.09123,0.1056333,-29.6557,7.042222,0.1056333,7.042222
126.76,-11.09918,0.1056333,-29.67695,7.042222,0.1056333,7.042222
126.77,-11.09918,0.1056667,-29.67695,7.044445,0.1056667,7.044445
126.78,-11.09759,0.1056667,-29.6727,7.044445,0.1056667,7.044445
126.79,-11.09759,0.1056667,-29.6727,7.044445,0.1056667,7.044445
126.8,-11.09759,0.1056667,-29.6727,7.044445,0.1056667,7.044445
126.81,-11.10236,0.1057,-29.68545,7.046667,0.1057,7.046667
126.82,-11.1119,0.1057,-29.71095,7.046667,0.1057,7.046667
126.83,-11.12302,0.1057,-29.7407,7.046667,0.1057,7.046667
126.84,-11.12779,0.1057333,-29.75345,7.048889,0.1057333,7.048889
126.85,-11.11825,0.1057333,-29.72795,7.048889,0.1057333,7.048889
126.86,-11.09441,0.1057333,-29.6642,7.048889,0.1057333,7.048889
126.87,-11.07852,0.1057333,-29.6217,7.048889,0.1057333,7.048889
126.88,-11.08329,0.1057667,-29.63445,7.051111,0.1057667,7.051111
126.89,-11.09441,0.1057667,-29.6642,7.051111,0.1057667,7.051111
126.9,-11.09918,0.1057667,-29.67695,7.051111,0.1057667,7.051111
126.91,-11.1119,0.1057667,-29.71095,7.051111,0.1057667,7.051111
126.92,-11.12779,0.1057667,-29.75345,7.051111,0.1057667,7.051111
126.93,-11.1262,0.1058,-29.7492,7.053333,0.1058,7.053333
126.94,-11.1119,0.1058,-29.71095,7.053333,0.1058,7.053333
126.95,-11.11031,0.1058,-29.7067,7.053333,0.1058,7.053333
126.96,-11.11031,0.1058,-29.7067,7.053333,0.1058,7.053333
126.97,-11.10554,0.1058333,-29.69395,7.055556,0.1058333,7.055556
126.98,-11.09123,0.1058333,-29.6557,7.055556,0.1058333,7.055556
126.99,-11.0817,0.1058333,-29.6302,7.055556,0.1058333,7.055556
127.0,-11.09123,0.1058333,-29.6557,7.055556,0.1058333,7.055556
127.01,-11.11507,0.1058667,-29.71945,7.057778,0.1058667,7.057778
127.02,-11.14368,0.1058667,-29.79595,7.057778,0.1058667,7.057778
127.03,-11.15958,0.1058667,-29.83845,7.057778,0.1058667,7.057778
127.04,-11.16276,0.1059,-29.84694,7.06,0.1059,7.06
127.05,-11.15163,0.1059,-29.8172,7.06,0.1059,7.06
127.06,-11.13097,0.1059,-29.76195,7.06,0.1059,7.06
127.07,-11.1119,0.1059,-29.71095,7.06,0.1059,7.06
127.08,-11.1119,0.1059,-29.71095,7.06,0.1059,7.06
127.09,-11.13097,0.1059333,-29.76195,7.062222,0.1059333,7.062222
127.1,-11.14686,0.1059333,-29.80445,7.062222,0.1059333,7.062222
127.11,-11.14686,0.1059333,-29.80445,7.062222,0.1059333,7.062222
127.12,-11.14051,0.1059333,-29.78745,7.062222,0.1059333,7.062222
127.13,-11.14368,0.1059667,-29.79595,7.064445,0.1059667,7.064445
127.14,-11.14368,0.1059667,-29.79595,7.064445,0.1059667,7.064445
127.15,-11.13892,0.1059667,-29.7832,7.064445,0.1059667,7.064445
127.16,-11.13574,0.1059667,-29.7747,7.064445,0.1059667,7.064445
127.17,-11.14051,0.106,-29.78745,7.066667,0.106,7.066667
127.18,-11.14368,0.106,-29.79595,7.066667,0.106,7.066667
127.19,-11.14368,0.106,-29.79595,7.066667,0.106,7.066667
127.2,-11.14845,0.106,-29.8087,7.066667,0.106,7.066667
127.21,-11.1564,0.1060333,-29.82994,7.068889,0.1060333,7.068889
127.22,-11.15481,0.1060333,-29.8257,7.068889,0.1060333,7.068889
127.23,-11.14845,0.1060333,-29.8087,7.068889,0.1060333,7.068889
127.24,-11.14368,0.1060667,-29.79595,7.071111,0.1060667,7.071111
127.25,-11.13574,0.1060667,-29.7747,7.071111,0.1060667,7.071111
127.26,-11.13097,0.1060667,-29.76195,7.071111,0.1060667,7.071111
127.27,-11.1262,0.1060667,-29.7492,7.071111,0.1060667,7.071111
127.28,-11.13097,0.1060667,-29.76195,7.071111,0.1060667,7.071111
127.29,-11.14845,0.1061,-29.8087,7.073333,0.1061,7.073333
127.3,-11.16753,0.1061,-29.8597,7.073333,0.1061,7.073333
127.31,-11.17547,0.1061,-29.88094,7.073333,0.1061,7.073333
127.32,-11.16753,0.1061,-29.8597,7.073333,0.1061,7.073333
127.33,-11.15163,0.1061333,-29.8172,7.075556,0.1061333,7.075556
127.34,-11.13574,0.1061333,-29.7747,7.075556,0.1061333,7.075556
127.35,-11.12779,0.1061333,-29.75345,7.075556,0.1061333,7.075556
127.36,-11.13097,0.1061333,-29.76195,7.075556,0.1061333,7.075556
127.37,-11.13574,0.1061667,-29.7747,7.077778,0.1061667,7.077778
127.38,-11.13415,0.1061667,-29.77045,7.077778,0.1061667,7.077778
127.39,-11.12302,0.1061667,-29.7407,7.077778,0.1061667,7.077778
127.4,-11.1262,0.1061667,-29.7492,7.077778,0.1061667,7.077778
127.41,-11.13892,0.1062,-29.7832,7.08,0.1062,7.08
127.42,-11.14686,0.1062,-29.80445,7.08,0.1062,7.08
127.43,-11.14368,0.1062,-29.79595,7.08,0.1062,7.08
127.44,-11.13574,0.1062333,-29.7747,7.082222,0.1062333,7.082222
127.45,-11.13574,0.1062333,-29.7747,7.082222,0.1062333,7.082222
127.46,-11.14368,0.1062333,-29.79595,7.082222,0.1062333,7.082222
127.47,-11.1564,0.1062333,-29.82994,7.082222,0.1062333,7.082222
127.48,-11.16753,0.1062333,-29.8597,7.082222,0.1062333,7.082222
127.49,-11.17547,0.1062667,-29.88094,7.084445,0.1062667,7.084445
127.5,-11.16912,0.1062667,-29.86395,7.084445,0.1062667,7.084445
127.51,-11.1564,0.1062667,-29.82994,7.084445,0.1062667,7.084445
127.52,-11.14368,0.1062667,-29.79595,7.084445,0.1062667,7.084445
127.53,-11.12779,0.1063,-29.75345,7.086667,0.1063,7.086667
127.54,-11.1119,0.1063,-29.71095,7.086667,0.1063,7.086667
127.55,-11.10554,0.1063,-29.69395,7.086667,0.1063,7.086667
127.56,-11.1119,0.1063,-29.71095,7.086667,0.1063,7.086667
127.57,-11.12779,0.1063333,-29.75345,7.088889,0.1063333,7.088889
127.58,-11.13574,0.1063333,-29.7747,7.088889,0.1063333,7.088889
127.59,-11.13097,0.1063333,-29.76195,7.088889,0.1063333,7.088889
127.6,-11.11507,0.1063333,-29.71945,7.088889,0.1063333,7.088889
127.61,-11.10713,0.1063667,-29.6982,7.091111,0.1063667,7.091111
127.62,-11.10554,0.1063667,-29.69395,7.091111,0.1063667,7.091111
127.63,-11.11031,0.1063667,-29.7067,7.091111,0.1063667,7.091111
127.64,-11.11825,0.1064,-29.72795,7.093333,0.1064,7.093333
127.65,-11.1262,0.1064,-29.7492,7.093333,0.1064,7.093333
127.66,-11.13574,0.1064,-29.7747,7.093333,0.1064,7.093333
127.67,-11.14686,0.1064,-29.80445,7.093333,0.1064,7.093333
127.68,-11.15163,0.1064333,-29.8172,7.095555,0.1064333,7.095555
127.69,-11.14845,0.1064333,-29.8087,7.095555,0.1064333,7.095555
127.7,-11.14686,0.1064333,-29.80445,7.095555,0.1064333,7.095555
127.71,-11.14845,0.1064333,-29.8087,7.095555,0.1064333,7.095555
127.72,-11.15481,0.1064333,-29.8257,7.095555,0.1064333,7.095555
127.73,-11.15481,0.1064667,-29.8257,7.097778,0.1064667,7.097778
127.74,-11.14845,0.1064667,-29.8087,7.097778,0.1064667,7.097778
127.75,-11.14368,0.1064667,-29.79595,7.097778,0.1064667,7.097778
127.76,-11.14368,0.1064667,-29.79595,7.097778,0.1064667,7.097778
127.77,-11.1564,0.1065,-29.82994,7.1,0.1065,7.1
127.78,-11.17547,0.1065,-29.88094,7.1,0.1065,7.1
127.79,-11.18819,0.1065,-29.91494,7.1,0.1065,7.1
127.8,-11.18819,0.1065,-29.91494,7.1,0.1065,7.1
127.81,-11.18024,0.1065333,-29.89369,7.102222,0.1065333,7.102222
127.82,-11.17229,0.1065333,-29.87244,7.102222,0.1065333,7.102222
127.83,-11.16435,0.1065333,-29.8512,7.102222,0.1065333,7.102222
127.84,-11.16753,0.1065667,-29.8597,7.104445,0.1065667,7.104445
127.85,-11.17706,0.1065667,-29.88519,7.104445,0.1065667,7.104445
127.86,-11.18342,0.1065667,-29.90219,7.104445,0.1065667,7.104445
127.87,-11.19137,0.1065667,-29.92344,7.104445,0.1065667,7.104445
127.88,-11.2009,0.1065667,-29.94894,7.104445,0.1065667,7.104445
127.89,-11.20567,0.1066,-29.96169,7.106667,0.1066,7.106667
127.9,-11.19773,0.1066,-29.94044,7.106667,0.1066,7.106667
127.91,-11.18819,0.1066,-29.91494,7.106667,0.1066,7.106667
127.92,-11.17547,0.1066,-29.88094,7.106667,0.1066,7.106667
127.93,-11.1564,0.1066333,-29.82994,7.108889,0.1066333,7.108889
127.94,-11.13892,0.1066333,-29.7832,7.108889,0.1066333,7.108889
127.95,-11.13892,0.1066333,-29.7832,7.108889,0.1066333,7.108889
127.96,-11.16276,0.1066333,-29.84694,7.108889,0.1066333,7.108889
127.97,-11.18819,0.1066667,-29.91494,7.111111,0.1066667,7.111111
127.98,-11.2009,0.1066667,-29.94894,7.111111,0.1066667,7.111111
127.99,-11.19773,0.1066667,-29.94044,7.111111,0.1066667,7.111111
128.0,-11.17706,0.1066667,-29.88519,7.111111,0.1066667,7.111111
128.01,-11.14686,0.1067,-29.80445,7.113334,0.1067,7.113334
128.02,-11.11825,0.1067,-29.72795,7.113334,0.1067,7.113334
128.03,-11.1119,0.1067,-29.71095,7.113334,0.1067,7.113334
128.04,-11.12779,0.1067333,-29.75345,7.115556,0.1067333,7.115556
128.05,-11.14051,0.1067333,-29.78745,7.115556,0.1067333,7.115556
128.06,-11.14686,0.1067333,-29.80445,7.115556,0.1067333,7.115556
128.07,-11.1564,0.1067333,-29.82994,7.115556,0.1067333,7.115556
128.08,-11.16753,0.1067333,-29.8597,7.115556,0.1067333,7.115556
128.09,-11.16435,0.1067667,-29.8512,7.117778,0.1067667,7.117778
128.1,-11.14845,0.1067667,-29.8087,7.117778,0.1067667,7.117778
128.11,-11.14368,0.1067667,-29.79595,7.117778,0.1067667,7.117778
128.12,-11.15163,0.1067667,-29.8172,7.117778,0.1067667,7.117778
128.13,-11.15958,0.1068,-29.83845,7.12,0.1068,7.12
128.14,-11.16435,0.1068,-29.8512,7.12,0.1068,7.12
128.15,-11.16753,0.1068,-29.8597,7.12,0.1068,7.12
128.16,-11.16912,0.1068,-29.86395,7.12,0.1068,7.12
128.17,-11.17547,0.1068333,-29.88094,7.122222,0.1068333,7.122222
128.18,-11.18024,0.1068333,-29.89369,7.122222,0.1068333,7.122222
128.19,-11.18024,0.1068333,-29.89369,7.122222,0.1068333,7.122222
128.2,-11.18024,0.1068333,-29.89369,7.122222,0.1068333,7.122222
128.21,-11.18342,0.1068667,-29.90219,7.124444,0.1068667,7.124444
128.22,-11.18501,0.1068667,-29.90644,7.124444,0.1068667,7.124444
128.23,-11.18501,0.1068667,-29.90644,7.124444,0.1068667,7.124444
128.24,-11.17547,0.1069,-29.88094,7.126667,0.1069,7.126667
128.25,-11.16435,0.1069,-29.8512,7.126667,0.1069,7.126667
128.26,-11.1564,0.1069,-29.82994,7.126667,0.1069,7.126667
128.27,-11.16435,0.1069,-29.8512,7.126667,0.1069,7.126667
128.28,-11.17547,0.1069333,-29.88094,7.128889,0.1069333,7.128889
128.29,-11.18342,0.1069333,-29.90219,7.128889,0.1069333,7.128889
128.3,-11.18342,0.1069333,-29.90219,7.128889,0.1069333,7.128889
128.31,-11.17706,0.1069333,-29.88519,7.128889,0.1069333,7.128889
128.32,-11.17229,0.1069333,-29.87244,7.128889,0.1069333,7.128889
128.33,-11.16276,0.1069667,-29.84694,7.131111,0.1069667,7.131111
128.34,-11.15481,0.1069667,-29.8257,7.131111,0.1069667,7.131111
128.35,-11.1564,0.1069667,-29.82994,7.131111,0.1069667,7.131111
128.36,-11.16753,0.1069667,-29.8597,7.131111,0.1069667,7.131111
128.37,-11.17547,0.107,-29.88094,7.133333,0.107,7.133333
128.38,-11.16912,0.107,-29.86395,7.133333,0.107,7.133333
128.39,-11.15958,0.107,-29.83845,7.133333,0.107,7.133333
128.4,-11.14368,0.1070333,-29.79595,7.135556,0.1070333,7.135556
128.41,-11.12779,0.1070333,-29.75345,7.135556,0.1070333,7.135556
128.42,-11.11507,0.1070333,-29.71945,7.135556,0.1070333,7.135556
128.43,-11.1119,0.1070333,-29.71095,7.135556,0.1070333,7.135556
128.44,-11.11984,0.1070667,-29.7322,7.137778,0.1070667,7.137778
128.45,-11.13892,0.1070667,-29.7832,7.137778,0.1070667,7.137778
128.46,-11.14845,0.1070667,-29.8087,7.137778,0.1070667,7.137778
128.47,-11.15163,0.1070667,-29.8172,7.137778,0.1070667,7.137778
128.48,-11.14368,0.1071,-29.79595,7.14,0.1071,7.14
128.49,-11.13415,0.1071,-29.77045,7.14,0.1071,7.14
128.5,-11.13574,0.1071,-29.7747,7.14,0.1071,7.14
128.51,-11.15163,0.1071,-29.8172,7.14,0.1071,7.14
128.52,-11.16435,0.1071,-29.8512,7.14,0.1071,7.14
128.53,-11.15958,0.1071333,-29.83845,7.142222,0.1071333,7.142222
128.54,-11.14686,0.1071333,-29.80445,7.142222,0.1071333,7.142222
128.55,-11.14051,0.1071333,-29.78745,7.142222,0.1071333,7.142222
128.56,-11.13574,0.1071333,-29.7747,7.142222,0.1071333,7.142222
128.57,-11.13415,0.1071667,-29.77045,7.144444,0.1071667,7.144444
128.58,-11.13415,0.1071667,-29.77045,7.144444,0.1071667,7.144444
128.59,-11.14051,0.1071667,-29.78745,7.144444,0.1071667,7.144444
128.6,-11.15481,0.1072,-29.8257,7.146667,0.1072,7.146667
128.61,-11.16435,0.1072,-29.8512,7.146667,0.1072,7.146667
128.62,-11.16276,0.1072,-29.84694,7.146667,0.1072,7.146667
128.63,-11.14845,0.1072,-29.8087,7.146667,0.1072,7.146667
128.64,-11.13892,0.1072,-29.7832,7.146667,0.1072,7.146667
128.65,-11.13415,0.1072333,-29.77045,7.148889,0.1072333,7.148889
128.66,-11.13415,0.1072333,-29.77045,7.148889,0.1072333,7.148889
128.67,-11.13574,0.1072333,-29.7747,7.148889,0.1072333,7.148889
128.68,-11.14368,0.1072333,-29.79595,7.148889,0.1072333,7.148889
128.69,-11.14845,0.1072667,-29.8087,7.151111,0.1072667,7.151111
128.7,-11.1564,0.1072667,-29.82994,7.151111,0.1072667,7.151111
128.71,-11.16912,0.1072667,-29.86395,7.151111,0.1072667,7.151111
128.72,-11.18024,0.1073,-29.89369,7.153333,0.1073,7.153333
128.73,-11.18024,0.1073,-29.89369,7.153333,0.1073,7.153333
128.74,-11.18024,0.1073,-29.89369,7.153333,0.1073,7.153333
128.75,-11.18501,0.1073,-29.90644,7.153333,0.1073,7.153333
128.76,-11.19773,0.1073,-29.94044,7.153333,0.1073,7.153333
128.77,-11.20567,0.1073333,-29.96169,7.155556,0.1073333,7.155556
128.78,-11.20408,0.1073333,-29.95744,7.155556,0.1073333,7.155556
128.79,-11.19296,0.1073333,-29.92769,7.155556,0.1073333,7.155556
128.8,-11.18342,0.1073667,-29.90219,7.157778,0.1073667,7.157778
128.81,-11.17229,0.1073667,-29.87244,7.157778,0.1073667,7.157778
128.82,-11.16435,0.1073667,-29.8512,7.157778,0.1073667,7.157778
128.83,-11.16435,0.1073667,-29.8512,7.157778,0.1073667,7.157778
128.84,-11.16753,0.1074,-29.8597,7.16,0.1074,7.16
128.85,-11.16435,0.1074,-29.8512,7.16,0.1074,7.16
128.86,-11.15481,0.1074,-29.8257,7.16,0.1074,7.16
128.87,-11.14051,0.1074,-29.78745,7.16,0.1074,7.16
128.88,-11.14051,0.1074333,-29.78745,7.162222,0.1074333,7.162222
128.89,-11.15163,0.1074333,-29.8172,7.162222,0.1074333,7.162222
128.9,-11.16435,0.1074333,-29.8512,7.162222,0.1074333,7.162222
128.91,-11.17706,0.1074333,-29.88519,7.162222,0.1074333,7.162222
128.92,-11.18501,0.1074333,-29.90644,7.162222,0.1074333,7.162222
128.93,-11.18024,0.1074667,-29.89369,7.164444,0.1074667,7.164444
128.94,-11.16912,0.1074667,-29.86395,7.164444,0.1074667,7.164444
128.95,-11.16912,0.1074667,-29.86395,7.164444,0.1074667,7.164444
128.96,-11.18024,0.1074667,-29.89369,7.164444,0.1074667,7.164444
128.97,-11.18819,0.1075,-29.91494,7.166667,0.1075,7.166667
128.98,-11.18501,0.1075,-29.90644,7.166667,0.1075,7.166667
128.99,-11.17229,0.1075,-29.87244,7.166667,0.1075,7.166667
129.0,-11.16276,0.1075333,-29.84694,7.168889,0.1075333,7.168889
129.01,-11.15163,0.1075333,-29.8172,7.168889,0.1075333,7.168889
129.02,-11.14051,0.1075333,-29.78745,7.168889,0.1075333,7.168889
129.03,-11.13892,0.1075333,-29.7832,7.168889,0.1075333,7.168889
129.04,-11.14845,0.1075667,-29.8087,7.171111,0.1075667,7.171111
129.05,-11.16276,0.1075667,-29.84694,7.171111,0.1075667,7.171111
129.06,-11.1564,0.1075667,-29.82994,7.171111,0.1075667,7.171111
129.07,-11.14051,0.1075667,-29.78745,7.171111,0.1075667,7.171111
129.08,-11.13097,0.1075667,-29.76195,7.171111,0.1075667,7.171111
129.09,-11.13415,0.1076,-29.77045,7.173334,0.1076,7.173334
129.1,-11.14051,0.1076,-29.78745,7.173334,0.1076,7.173334
129.11,-11.14845,0.1076,-29.8087,7.173334,0.1076,7.173334
129.12,-11.1564,0.1076,-29.82994,7.173334,0.1076,7.173334
129.13,-11.17547,0.1076333,-29.88094,7.175556,0.1076333,7.175556
129.14,-11.19296,0.1076333,-29.92769,7.175556,0.1076333,7.175556
129.15,-11.19296,0.1076333,-29.92769,7.175556,0.1076333,7.175556
129.16,-11.17706,0.1076333,-29.88519,7.175556,0.1076333,7.175556
129.17,-11.1564,0.1076667,-29.82994,7.177778,0.1076667,7.177778
129.18,-11.14051,0.1076667,-29.78745,7.177778,0.1076667,7.177778
129.19,-11.14051,0.1076667,-29.78745,7.177778,0.1076667,7.177778
129.2,-11.15481,0.1077,-29.8257,7.18,0.1077,7.18
129.21,-11.17547,0.1077,-29.88094,7.18,0.1077,7.18
129.22,-11.18819,0.1077,-29.91494,7.18,0.1077,7.18
129.23,-11.19296,0.1077,-29.92769,7.18,0.1077,7.18
129.24,-11.19296,0.1077333,-29.92769,7.182222,0.1077333,7.182222
129.25,-11.18819,0.1077333,-29.91494,7.182222,0.1077333,7.182222
129.26,-11.17706,0.1077333,-29.88519,7.182222,0.1077333,7.182222
129.27,-11.16912,0.1077333,-29.86395,7.182222,0.1077333,7.182222
129.28,-11.16753,0.1077667,-29.8597,7.184444,0.1077667,7.184444
129.29,-11.17229,0.1077667,-29.87244,7.184444,0.1077667,7.184444
129.3,-11.18501,0.1077667,-29.90644,7.184444,0.1077667,7.184444
129.31,-11.19773,0.1077667,-29.94044,7.184444,0.1077667,7.184444
129.32,-11.19296,0.1077667,-29.92769,7.184444,0.1077667,7.184444
129.33,-11.17547,0.1078,-29.88094,7.186666,0.1078,7.186666
129.34,-11.15481,0.1078,-29.8257,7.186666,0.1078,7.186666
129.35,-11.15163,0.1078,-29.8172,7.186666,0.1078,7.186666
129.36,-11.16435,0.1078,-29.8512,7.186666,0.1078,7.186666
129.37,-11.17706,0.1078333,-29.88519,7.188889,0.1078333,7.188889
129.38,-11.18024,0.1078333,-29.89369,7.188889,0.1078333,7.188889
129.39,-11.17229,0.1078333,-29.87244,7.188889,0.1078333,7.188889
129.4,-11.15958,0.1078667,-29.83845,7.191111,0.1078667,7.191111
129.41,-11.14845,0.1078667,-29.8087,7.191111,0.1078667,7.191111
129.42,-11.13892,0.1078667,-29.7832,7.191111,0.1078667,7.191111
129.43,-11.12779,0.1078667,-29.75345,7.191111,0.1078667,7.191111
129.44,-11.12302,0.1079,-29.7407,7.193334,0.1079,7.193334
129.45,-11.11984,0.1079,-29.7322,7.193334,0.1079,7.193334
129.46,-11.1119,0.1079,-29.71095,7.193334,0.1079,7.193334
129.47,-11.09759,0.1079,-29.6727,7.193334,0.1079,7.193334
129.48,-11.08964,0.1079,-29.65145,7.193334,0.1079,7.193334
129.49,-11.10236,0.1079333,-29.68545,7.195556,0.1079333,7.195556
129.5,-11.13574,0.1079333,-29.7747,7.195556,0.1079333,7.195556
129.51,-11.1564,0.1079333,-29.82994,7.195556,0.1079333,7.195556
129.52,-11.1564,0.1079333,-29.82994,7.195556,0.1079333,7.195556
129.53,-11.14051,0.1079667,-29.78745,7.197778,0.1079667,7.197778
129.54,-11.13415,0.1079667,-29.77045,7.197778,0.1079667,7.197778
129.55,-11.14368,0.1079667,-29.79595,7.197778,0.1079667,7.197778
129.56,-11.1564,0.1079667,-29.82994,7.197778,0.1079667,7.197778
129.57,-11.1564,0.108,-29.82994,7.2,0.108,7.2
129.58,-11.15163,0.108,-29.8172,7.2,0.108,7.2
129.59,-11.14845,0.108,-29.8087,7.2,0.108,7.2
129.6,-11.15481,0.1080333,-29.8257,7.202222,0.1080333,7.202222
129.61,-11.15958,0.1080333,-29.83845,7.202222,0.1080333,7.202222
129.62,-11.16435,0.1080333,-29.8512,7.202222,0.1080333,7.202222
129.63,-11.16753,0.1080333,-29.8597,7.202222,0.1080333,7.202222
129.64,-11.16753,0.1080333,-29.8597,7.202222,0.1080333,7.202222
129.65,-11.15958,0.1080667,-29.83845,7.204445,0.1080667,7.204445
129.66,-11.15163,0.1080667,-29.8172,7.204445,0.1080667,7.204445
129.67,-11.14368,0.1080667,-29.79595,7.204445,0.1080667,7.204445
129.68,-11.14368,0.1080667,-29.79595,7.204445,0.1080667,7.204445
129.69,-11.14845,0.1081,-29.8087,7.206667,0.1081,7.206667
129.7,-11.15163,0.1081,-29.8172,7.206667,0.1081,7.206667
129.71,-11.15163,0.1081,-29.8172,7.206667,0.1081,7.206667
129.72,-11.15481,0.1081,-29.8257,7.206667,0.1081,7.206667
129.73,-11.1564,0.1081333,-29.82994,7.208889,0.1081333,7.208889
129.74,-11.1564,0.1081333,-29.82994,7.208889,0.1081333,7.208889
129.75,-11.1564,0.1081333,-29.82994,7.208889,0.1081333,7.208889
129.76,-11.16276,0.1081333,-29.84694,7.208889,0.1081333,7.208889
129.77,-11.16435,0.1081667,-29.8512,7.211111,0.1081667,7.211111
129.78,-11.16276,0.1081667,-29.84694,7.211111,0.1081667,7.211111
129.79,-11.15481,0.1081667,-29.8257,7.211111,0.1081667,7.211111
129.8,-11.14368,0.1082,-29.79595,7.213333,0.1082,7.213333
129.81,-11.13892,0.1082,-29.7832,7.213333,0.1082,7.213333
129.82,-11.13415,0.1082,-29.77045,7.213333,0.1082,7.213333
129.83,-11.13415,0.1082,-29.77045,7.213333,0.1082,7.213333
129.84,-11.13097,0.1082333,-29.76195,7.215556,0.1082333,7.215556
129.85,-11.13097,0.1082333,-29.76195,7.215556,0.1082333,7.215556
129.86,-11.13097,0.1082333,-29.76195,7.215556,0.1082333,7.215556
129.87,-11.11984,0.1082333,-29.7322,7.215556,0.1082333,7.215556
129.88,-11.1119,0.1082667,-29.71095,7.217778,0.1082667,7.217778
129.89,-11.1119,0.1082667,-29.71095,7.217778,0.1082667,7.217778
129.9,-11.1262,0.1082667,-29.7492,7.217778,0.1082667,7.217778
129.91,-11.14686,0.1082667,-29.80445,7.217778,0.1082667,7.217778
129.92,-11.16753,0.1082667,-29.8597,7.217778,0.1082667,7.217778
129.93,-11.17229,0.1083,-29.87244,7.22,0.1083,7.22
129.94,-11.16435,0.1083,-29.8512,7.22,0.1083,7.22
129.95,-11.15481,0.1083,-29.8257,7.22,0.1083,7.22
129.96,-11.1564,0.1083333,-29.82994,7.222222,0.1083333,7.222222
129.97,-11.16912,0.1083333,-29.86395,7.222222,0.1083333,7.222222
129.98,-11.18342,0.1083333,-29.90219,7.222222,0.1083333,7.222222
129.99,-11.19296,0.1083333,-29.92769,7.222222,0.1083333,7.222222
130.0,-11.19296,0.1083667,-29.92769,7.224444,0.1083667,7.224444
130.01,-11.17706,0.1083667,-29.88519,7.224444,0.1083667,7.224444
130.02,-11.15481,0.1083667,-29.8257,7.224444,0.1083667,7.224444
130.03,-11.12779,0.1083667,-29.75345,7.224444,0.1083667,7.224444
130.04,-11.10554,0.1083667,-29.69395,7.224444,0.1083667,7.224444
130.05,-11.0817,0.1084,-29.6302,7.226667,0.1084,7.226667
130.06,-11.07375,0.1084,-29.60895,7.226667,0.1084,7.226667
130.07,-11.08646,0.1084,-29.64295,7.226667,0.1084,7.226667
130.08,-11.1119,0.1084333,-29.71095,7.228889,0.1084333,7.228889
130.09,-11.13097,0.1084333,-29.76195,7.228889,0.1084333,7.228889
130.1,-11.14686,0.1084333,-29.80445,7.228889,0.1084333,7.228889
130.11,-11.16276,0.1084333,-29.84694,7.228889,0.1084333,7.228889
130.12,-11.17229,0.1084333,-29.87244,7.228889,0.1084333,7.228889
130.13,-11.17547,0.1084667,-29.88094,7.231112,0.1084667,7.231112
130.14,-11.16912,0.1084667,-29.86395,7.231112,0.1084667,7.231112
130.15,-11.1564,0.1084667,-29.82994,7.231112,0.1084667,7.231112
130.16,-11.13574,0.1085,-29.7747,7.233334,0.1085,7.233334
130.17,-11.11984,0.1085,-29.7322,7.233334,0.1085,7.233334
130.18,-11.11984,0.1085,-29.7322,7.233334,0.1085,7.233334
130.19,-11.13574,0.1085,-29.7747,7.233334,0.1085,7.233334
130.2,-11.14686,0.1085333,-29.80445,7.235556,0.1085333,7.235556
130.21,-11.14368,0.1085333,-29.79595,7.235556,0.1085333,7.235556
130.22,-11.14051,0.1085333,-29.78745,7.235556,0.1085333,7.235556
130.23,-11.14845,0.1085333,-29.8087,7.235556,0.1085333,7.235556
130.24,-11.15163,0.1085333,-29.8172,7.235556,0.1085333,7.235556
130.25,-11.14368,0.1085667,-29.79595,7.237778,0.1085667,7.237778
130.26,-11.12779,0.1085667,-29.75345,7.237778,0.1085667,7.237778
130.27,-11.11984,0.1085667,-29.7322,7.237778,0.1085667,7.237778
130.28,-11.11507,0.1085667,-29.71945,7.237778,0.1085667,7.237778
130.29,-11.1119,0.1086,-29.71095,7.24,0.1086,7.24
130.3,-11.11984,0.1086,-29.7322,7.24,0.1086,7.24
130.31,-11.14051,0.1086,-29.78745,7.24,0.1086,7.24
130.32,-11.16276,0.1086,-29.84694,7.24,0.1086,7.24
130.33,-11.16912,0.1086333,-29.86395,7.242222,0.1086333,7.242222
130.34,-11.1564,0.1086333,-29.82994,7.242222,0.1086333,7.242222
130.35,-11.13892,0.1086333,-29.7832,7.242222,0.1086333,7.242222
130.36,-11.13415,0.1086667,-29.77045,7.244444,0.1086667,7.244444
130.37,-11.14368,0.1086667,-29.79595,7.244444,0.1086667,7.244444
130.38,-11.1564,0.1086667,-29.82994,7.244444,0.1086667,7.244444
130.39,-11.1564,0.1086667,-29.82994,7.244444,0.1086667,7.244444
130.4,-11.14845,0.1087,-29.8087,7.246666,0.1087,7.246666
130.41,-11.13892,0.1087,-29.7832,7.246666,0.1087,7.246666
130.42,-11.13892,0.1087,-29.7832,7.246666,0.1087,7.246666
130.43,-11.14686,0.1087,-29.80445,7.246666,0.1087,7.246666
130.44,-11.1564,0.1087,-29.82994,7.246666,0.1087,7.246666
130.45,-11.1564,0.1087333,-29.82994,7.248889,0.1087333,7.248889
130.46,-11.14845,0.1087333,-29.8087,7.248889,0.1087333,7.248889
130.47,-11.13574,0.1087333,-29.7747,7.248889,0.1087333,7.248889
130.48,-11.12779,0.1087333,-29.75345,7.248889,0.1087333,7.248889
130.49,-11.13415,0.1087667,-29.77045,7.251111,0.1087667,7.251111
130.5,-11.14845,0.1087667,-29.8087,7.251111,0.1087667,7.251111
130.51,-11.15958,0.1087667,-29.83845,7.251111,0.1087667,7.251111
130.52,-11.16276,0.1087667,-29.84694,7.251111,0.1087667,7.251111
130.53,-11.16276,0.1088,-29.84694,7.253334,0.1088,7.253334
130.54,-11.15958,0.1088,-29.83845,7.253334,0.1088,7.253334
130.55,-11.16276,0.1088,-29.84694,7.253334,0.1088,7.253334
