time,force,stroke,stress,strain_stroke,disp,strain_disp
0.0,0.0333786,0.0,0.1145456,0.0,0.0,0.0
0.01,0.04609426,0.0,0.1581821,0.0,0.0,0.0
0.02,0.04291534,3.333333e-05,0.147273,0.002222222,3.333333e-05,0.002222222
0.03,0.0333786,3.333333e-05,0.1145456,0.002222222,3.333333e-05,0.002222222
0.04,0.01748403,3.333333e-05,0.0600001,0.002222222,3.333333e-05,0.002222222
0.05,0.004768372,3.333333e-05,0.01636366,0.002222222,3.333333e-05,0.002222222
0.06,0.001589457,6.666667e-05,0.005454554,0.004444445,6.666667e-05,0.004444445
0.07,0.006357829,6.666667e-05,0.02181822,0.004444445,6.666667e-05,0.004444445
0.08,0.01748403,6.666667e-05,0.0600001,0.004444445,6.666667e-05,0.004444445
0.09,0.0333786,6.666667e-05,0.1145456,0.004444445,6.666667e-05,0.004444445
0.1,0.04132589,0.0001,0.1418184,0.006666667,0.0001,0.006666667
0.11,0.04132589,0.0001,0.1418184,0.006666667,0.0001,0.006666667
0.12,0.03496806,0.0001,0.1200002,0.006666667,0.0001,0.006666667
0.13,0.0333786,0.0001,0.1145456,0.006666667,0.0001,0.006666667
0.14,0.04609426,0.0001333333,0.1581821,0.008888889,0.0001333333,0.008888889
0.15,0.07152557,0.0001333333,0.2454549,0.008888889,0.0001333333,0.008888889
0.16,0.09854635,0.0001333333,0.3381824,0.008888889,0.0001333333,0.008888889
0.17,0.1001358,0.0001333333,0.3436369,0.008888889,0.0001333333,0.008888889
0.18,0.08742014,0.0001666667,0.3000005,0.01111111,0.0001666667,0.01111111
0.19,0.08265177,0.0001666667,0.2836368,0.01111111,0.0001666667,0.01111111
0.2,0.09854635,0.0001666667,0.3381824,0.01111111,0.0001666667,0.01111111
0.21,0.1144409,0.0001666667,0.3927279,0.01111111,0.0001666667,0.01111111
0.22,0.1271566,0.0002,0.4363643,0.01333333,0.0002,0.01333333
0.23,0.1351039,0.0002,0.4636371,0.01333333,0.0002,0.01333333
0.24,0.1351039,0.0002,0.4636371,0.01333333,0.0002,0.01333333
0.25,0.1271566,0.0002,0.4363643,0.01333333,0.0002,0.01333333
0.26,0.1192093,0.0002333333,0.4090916,0.01555556,0.0002333333,0.01555556
0.27,0.1144409,0.0002333333,0.3927279,0.01555556,0.0002333333,0.01555556
0.28,0.1144409,0.0002333333,0.3927279,0.01555556,0.0002333333,0.01555556
0.29,0.1192093,0.0002333333,0.4090916,0.01555556,0.0002333333,0.01555556
0.3,0.128746,0.0002666667,0.4418189,0.01777778,0.0002666667,0.01777778
0.31,0.1366933,0.0002666667,0.4690917,0.01777778,0.0002666667,0.01777778
0.32,0.1398722,0.0002666667,0.4800008,0.01777778,0.0002666667,0.01777778
0.33,0.1446406,0.0002666667,0.4963644,0.01777778,0.0002666667,0.01777778
0.34,0.1557668,0.0003,0.5345463,0.02,0.0003,0.02
0.35,0.1684825,0.0003,0.5781828,0.02,0.0003,0.02
0.36,0.184377,0.0003,0.6327283,0.02,0.0003,0.02
0.37,0.1970927,0.0003,0.6763647,0.02,0.0003,0.02
0.38,0.2066294,0.0003333333,0.7090921,0.02222222,0.0003333333,0.02222222
0.39,0.2177556,0.0003333333,0.7472739,0.02222222,0.0003333333,0.02222222
0.4,0.2257029,0.0003333333,0.7745467,0.02222222,0.0003333333,0.02222222
0.41,0.2257029,0.0003333333,0.7745467,0.02222222,0.0003333333,0.02222222
0.42,0.2177556,0.0003666667,0.7472739,0.02444444,0.0003666667,0.02444444
0.43,0.2129873,0.0003666667,0.7309102,0.02444444,0.0003666667,0.02444444
0.44,0.2066294,0.0003666667,0.7090921,0.02444444,0.0003666667,0.02444444
0.45,0.2066294,0.0003666667,0.7090921,0.02444444,0.0003666667,0.02444444
0.46,0.2145767,0.0004,0.7363648,0.02666667,0.0004,0.02666667
0.47,0.2304713,0.0004,0.7909104,0.02666667,0.0004,0.02666667
0.48,0.2415975,0.0004,0.8290922,0.02666667,0.0004,0.02666667
0.49,0.2463659,0.0004,0.8454559,0.02666667,0.0004,0.02666667
0.5,0.2511342,0.0004333333,0.8618196,0.02888889,0.0004333333,0.02888889
0.51,0.2638499,0.0004333333,0.9054559,0.02888889,0.0004333333,0.02888889
0.52,0.2670288,0.0004333333,0.9163651,0.02888889,0.0004333333,0.02888889
0.53,0.2638499,0.0004333333,0.9054559,0.02888889,0.0004333333,0.02888889
0.54,0.2749761,0.0004666667,0.9436379,0.03111111,0.0004666667,0.03111111
0.55,0.298818,0.0004666667,1.025456,0.03111111,0.0004666667,0.03111111
0.56,0.3194809,0.0004666667,1.096365,0.03111111,0.0004666667,0.03111111
0.57,0.3321966,0.0004666667,1.140002,0.03111111,0.0004666667,0.03111111
0.58,0.3401438,0.0005,1.167275,0.03333334,0.0005,0.03333334
0.59,0.3401438,0.0005,1.167275,0.03333334,0.0005,0.03333334
0.6,0.3321966,0.0005,1.140002,0.03333334,0.0005,0.03333334
0.61,0.3274282,0.0005,1.123638,0.03333334,0.0005,0.03333334
0.62,0.3274282,0.0005333333,1.123638,0.03555556,0.0005333333,0.03555556
0.63,0.3242493,0.0005333333,1.112729,0.03555556,0.0005333333,0.03555556
0.64,0.316302,0.0005333333,1.085456,0.03555556,0.0005333333,0.03555556
0.65,0.3083547,0.0005333333,1.058184,0.03555556,0.0005333333,0.03555556
0.66,0.3147125,0.0005666667,1.080002,0.03777778,0.0005666667,0.03777778
0.67,0.3433228,0.0005666667,1.178184,0.03777778,0.0005666667,0.03777778
0.68,0.3735224,0.0005666667,1.28182,0.03777778,0.0005666667,0.03777778
0.69,0.3862381,0.0005666667,1.325457,0.03777778,0.0005666667,0.03777778
0.7,0.3862381,0.0006,1.325457,0.04,0.0006,0.04
0.71,0.3814697,0.0006,1.309093,0.04,0.0006,0.04
0.72,0.3782908,0.0006,1.298184,0.04,0.0006,0.04
0.73,0.3846487,0.0006,1.320002,0.04,0.0006,0.04
0.74,0.389417,0.0006333333,1.336366,0.04222222,0.0006333333,0.04222222
0.75,0.4005432,0.0006333333,1.374548,0.04222222,0.0006333333,0.04222222
0.76,0.4132589,0.0006333333,1.418184,0.04222222,0.0006333333,0.04222222
0.77,0.4386902,0.0006333333,1.505457,0.04222222,0.0006333333,0.04222222
0.78,0.462532,0.0006666667,1.587275,0.04444445,0.0006666667,0.04444445
0.79,0.4673004,0.0006666667,1.603639,0.04444445,0.0006666667,0.04444445
0.8,0.4641215,0.0006666667,1.59273,0.04444445,0.0006666667,0.04444445
0.81,0.462532,0.0006666667,1.587275,0.04444445,0.0006666667,0.04444445
0.82,0.4641215,0.0007,1.59273,0.04666667,0.0007,0.04666667
0.83,0.4673004,0.0007,1.603639,0.04666667,0.0007,0.04666667
0.84,0.4704793,0.0007,1.614548,0.04666667,0.0007,0.04666667
0.85,0.4752477,0.0007,1.630912,0.04666667,0.0007,0.04666667
0.86,0.4800161,0.0007333333,1.647275,0.04888889,0.0007333333,0.04888889
0.87,0.4879633,0.0007333333,1.674548,0.04888889,0.0007333333,0.04888889
0.88,0.4990896,0.0007333333,1.71273,0.04888889,0.0007333333,0.04888889
0.89,0.5086263,0.0007333333,1.745457,0.04888889,0.0007333333,0.04888889
0.9,0.5149841,0.0007666667,1.767276,0.05111111,0.0007666667,0.05111111
0.91,0.5165736,0.0007666667,1.77273,0.05111111,0.0007666667,0.05111111
0.92,0.5118052,0.0007666667,1.756366,0.05111111,0.0007666667,0.05111111
0.93,0.5086263,0.0007666667,1.745457,0.05111111,0.0007666667,0.05111111
0.94,0.5276998,0.0008,1.810912,0.05333333,0.0008,0.05333333
0.95,0.5578995,0.0008,1.914549,0.05333333,0.0008,0.05333333
0.96,0.5817413,0.0008,1.996367,0.05333333,0.0008,0.05333333
0.97,0.5928676,0.0008,2.034549,0.05333333,0.0008,0.05333333
0.98,0.5976359,0.0008333334,2.050912,0.05555556,0.0008333334,0.05555556
0.99,0.6055832,0.0008333334,2.078185,0.05555556,0.0008333334,0.05555556
1.0,0.6135305,0.0008333334,2.105458,0.05555556,0.0008333334,0.05555556
1.01,0.6182988,0.0008333334,2.121822,0.05555556,0.0008333334,0.05555556
1.02,0.6182988,0.0008666667,2.121822,0.05777778,0.0008666667,0.05777778
1.03,0.6182988,0.0008666667,2.121822,0.05777778,0.0008666667,0.05777778
1.04,0.6214778,0.0008666667,2.132731,0.05777778,0.0008666667,0.05777778
1.05,0.6310145,0.0008666667,2.165458,0.05777778,0.0008666667,0.05777778
1.06,0.6421407,0.0009,2.20364,0.06,0.0009,0.06
1.07,0.650088,0.0009,2.230913,0.06,0.0009,0.06
1.08,0.6548564,0.0009,2.247276,0.06,0.0009,0.06
1.09,0.6596248,0.0009,2.26364,0.06,0.0009,0.06
1.1,0.6628036,0.0009333334,2.274549,0.06222222,0.0009333334,0.06222222
1.11,0.6659825,0.0009333334,2.285458,0.06222222,0.0009333334,0.06222222
1.12,0.6659825,0.0009333334,2.285458,0.06222222,0.0009333334,0.06222222
1.13,0.6628036,0.0009333334,2.274549,0.06222222,0.0009333334,0.06222222
1.14,0.6596248,0.0009666667,2.26364,0.06444445,0.0009666667,0.06444445
1.15,0.6548564,0.0009666667,2.247276,0.06444445,0.0009666667,0.06444445
1.16,0.650088,0.0009666667,2.230913,0.06444445,0.0009666667,0.06444445
1.17,0.6596248,0.0009666667,2.26364,0.06444445,0.0009666667,0.06444445
1.18,0.6914139,0.001,2.372731,0.06666667,0.001,0.06666667
1.19,0.7200241,0.001,2.470913,0.06666667,0.001,0.06666667
1.2,0.7279714,0.001,2.498186,0.06666667,0.001,0.06666667
1.21,0.7247925,0.001,2.487277,0.06666667,0.001,0.06666667
1.22,0.7295609,0.001033333,2.50364,0.06888889,0.001033333,0.06888889
1.23,0.743866,0.001033333,2.552731,0.06888889,0.001033333,0.06888889
1.24,0.7518132,0.001033333,2.580004,0.06888889,0.001033333,0.06888889
1.25,0.7486343,0.001033333,2.569095,0.06888889,0.001033333,0.06888889
1.26,0.7375081,0.001066667,2.530913,0.07111111,0.001066667,0.07111111
1.27,0.723203,0.001066667,2.481822,0.07111111,0.001066667,0.07111111
1.28,0.7152557,0.001066667,2.454549,0.07111111,0.001066667,0.07111111
1.29,0.723203,0.001066667,2.481822,0.07111111,0.001066667,0.07111111
1.3,0.7406871,0.0011,2.541822,0.07333333,0.0011,0.07333333
1.31,0.7645289,0.0011,2.623641,0.07333333,0.0011,0.07333333
1.32,0.7820129,0.0011,2.683641,0.07333333,0.0011,0.07333333
1.33,0.7931392,0.0011,2.721823,0.07333333,0.0011,0.07333333
1.34,0.7947286,0.001133333,2.727277,0.07555556,0.001133333,0.07555556
1.35,0.7947286,0.001133333,2.727277,0.07555556,0.001133333,0.07555556
1.36,0.7979075,0.001133333,2.738186,0.07555556,0.001133333,0.07555556
1.37,0.8026759,0.001133333,2.75455,0.07555556,0.001133333,0.07555556
1.38,0.8138021,0.001166667,2.792732,0.07777777,0.001166667,0.07777777
1.39,0.8233388,0.001166667,2.825459,0.07777777,0.001166667,0.07777777
1.4,0.8392334,0.001166667,2.880005,0.07777777,0.001166667,0.07777777
1.41,0.8598964,0.001166667,2.950914,0.07777777,0.001166667,0.07777777
1.42,0.8805593,0.0012,3.021823,0.08000001,0.0012,0.08000001
1.43,0.8885066,0.0012,3.049096,0.08000001,0.0012,0.08000001
1.44,0.8916855,0.0012,3.060005,0.08000001,0.0012,0.08000001
1.45,0.9012222,0.0012,3.092732,0.08000001,0.0012,0.08000001
1.46,0.9123484,0.001233333,3.130914,0.08222222,0.001233333,0.08222222
1.47,0.9155273,0.001233333,3.141823,0.08222222,0.001233333,0.08222222
1.48,0.9123484,0.001233333,3.130914,0.08222222,0.001233333,0.08222222
1.49,0.9155273,0.001233333,3.141823,0.08222222,0.001233333,0.08222222
1.5,0.928243,0.001266667,3.18546,0.08444445,0.001266667,0.08444445
1.51,0.928243,0.001266667,3.18546,0.08444445,0.001266667,0.08444445
1.52,0.9202957,0.001266667,3.158187,0.08444445,0.001266667,0.08444445
1.53,0.9234746,0.001266667,3.169096,0.08444445,0.001266667,0.08444445
1.54,0.9441376,0.0013,3.240005,0.08666667,0.0013,0.08666667
1.55,0.9695689,0.0013,3.327278,0.08666667,0.0013,0.08666667
1.56,0.9822845,0.0013,3.370914,0.08666667,0.0013,0.08666667
1.57,0.9822845,0.0013,3.370914,0.08666667,0.0013,0.08666667
1.58,0.9775162,0.001333333,3.354551,0.08888889,0.001333333,0.08888889
1.59,0.9727478,0.001333333,3.338187,0.08888889,0.001333333,0.08888889
1.6,0.9695689,0.001333333,3.327278,0.08888889,0.001333333,0.08888889
1.61,0.9568532,0.001333333,3.283642,0.08888889,0.001333333,0.08888889
1.62,0.9457271,0.001366667,3.24546,0.09111111,0.001366667,0.09111111
1.63,0.9457271,0.001366667,3.24546,0.09111111,0.001366667,0.09111111
1.64,0.9536743,0.001366667,3.272732,0.09111111,0.001366667,0.09111111
1.65,0.9727478,0.001366667,3.338187,0.09111111,0.001366667,0.09111111
1.66,0.9902318,0.0014,3.398187,0.09333334,0.0014,0.09333334
1.67,1.001358,0.0014,3.436369,0.09333334,0.0014,0.09333334
1.68,1.002947,0.0014,3.441823,0.09333334,0.0014,0.09333334
1.69,1.002947,0.0014,3.441823,0.09333334,0.0014,0.09333334
1.7,1.006126,0.001433333,3.452733,0.09555556,0.001433333,0.09555556
1.71,1.009305,0.001433333,3.463642,0.09555556,0.001433333,0.09555556
1.72,1.010895,0.001433333,3.469096,0.09555556,0.001433333,0.09555556
1.73,1.022021,0.001433333,3.507278,0.09555556,0.001433333,0.09555556
1.74,1.026789,0.001466667,3.523642,0.09777778,0.001466667,0.09777778
1.75,1.02361,0.001466667,3.512733,0.09777778,0.001466667,0.09777778
1.76,1.034737,0.001466667,3.550915,0.09777778,0.001466667,0.09777778
1.77,1.058578,0.001466667,3.632733,0.09777778,0.001466667,0.09777778
1.78,1.087189,0.0015,3.730915,0.1,0.0015,0.1
1.79,1.096725,0.0015,3.763643,0.1,0.0015,0.1
1.8,1.096725,0.0015,3.763643,0.1,0.0015,0.1
1.81,1.099904,0.0015,3.774552,0.1,0.0015,0.1
1.82,1.099904,0.001533333,3.774552,0.1022222,0.001533333,0.1022222
1.83,1.095136,0.001533333,3.758188,0.1022222,0.001533333,0.1022222
1.84,1.080831,0.001533333,3.709097,0.1022222,0.001533333,0.1022222
1.85,1.074473,0.001533333,3.687279,0.1022222,0.001533333,0.1022222
1.86,1.088778,0.001566667,3.73637,0.1044444,0.001566667,0.1044444
1.87,1.11262,0.001566667,3.818188,0.1044444,0.001566667,0.1044444
1.88,1.128515,0.001566667,3.872734,0.1044444,0.001566667,0.1044444
1.89,1.128515,0.001566667,3.872734,0.1044444,0.001566667,0.1044444
1.9,1.125336,0.0016,3.861825,0.1066667,0.0016,0.1066667
1.91,1.128515,0.0016,3.872734,0.1066667,0.0016,0.1066667
1.92,1.136462,0.0016,3.900006,0.1066667,0.0016,0.1066667
1.93,1.149178,0.0016,3.943643,0.1066667,0.0016,0.1066667
1.94,1.16984,0.001633333,4.014552,0.1088889,0.001633333,0.1088889
1.95,1.190503,0.001633333,4.085461,0.1088889,0.001633333,0.1088889
1.96,1.198451,0.001633333,4.112734,0.1088889,0.001633333,0.1088889
1.97,1.195272,0.001633333,4.101825,0.1088889,0.001633333,0.1088889
1.98,1.193682,0.001666667,4.09637,0.1111111,0.001666667,0.1111111
1.99,1.190503,0.001666667,4.085461,0.1111111,0.001666667,0.1111111
2.0,1.188914,0.001666667,4.080007,0.1111111,0.001666667,0.1111111
2.01,1.193682,0.001666667,4.09637,0.1111111,0.001666667,0.1111111
2.02,1.206398,0.0017,4.140007,0.1133333,0.0017,0.1133333
2.03,1.223882,0.0017,4.200007,0.1133333,0.0017,0.1133333
2.04,1.239777,0.0017,4.254552,0.1133333,0.0017,0.1133333
2.05,1.250903,0.0017,4.292734,0.1133333,0.0017,0.1133333
2.06,1.255671,0.001733333,4.309098,0.1155556,0.001733333,0.1155556
2.07,1.250903,0.001733333,4.292734,0.1155556,0.001733333,0.1155556
2.08,1.247724,0.001733333,4.281825,0.1155556,0.001733333,0.1155556
2.09,1.252492,0.001733333,4.298189,0.1155556,0.001733333,0.1155556
2.1,1.268387,0.001766667,4.352734,0.1177778,0.001766667,0.1177778
2.11,1.28905,0.001766667,4.423644,0.1177778,0.001766667,0.1177778
2.12,1.300176,0.001766667,4.461825,0.1177778,0.001766667,0.1177778
2.13,1.295408,0.001766667,4.445462,0.1177778,0.001766667,0.1177778
2.14,1.28746,0.0018,4.418189,0.12,0.0018,0.12
2.15,1.28905,0.0018,4.423644,0.12,0.0018,0.12
2.16,1.295408,0.0018,4.445462,0.12,0.0018,0.12
2.17,1.292229,0.0018,4.434553,0.12,0.0018,0.12
2.18,1.284281,0.001833333,4.407279,0.1222222,0.001833333,0.1222222
2.19,1.276334,0.001833333,4.380007,0.1222222,0.001833333,0.1222222
2.2,1.279513,0.001833333,4.390916,0.1222222,0.001833333,0.1222222
2.21,1.28746,0.001833333,4.418189,0.1222222,0.001833333,0.1222222
2.22,1.292229,0.001866667,4.434553,0.1244444,0.001866667,0.1244444
2.23,1.300176,0.001866667,4.461825,0.1244444,0.001866667,0.1244444
2.24,1.316071,0.001866667,4.516371,0.1244444,0.001866667,0.1244444
2.25,1.338323,0.001866667,4.592735,0.1244444,0.001866667,0.1244444
2.26,1.362165,0.0019,4.674553,0.1266667,0.0019,0.1266667
2.27,1.381238,0.0019,4.740008,0.1266667,0.0019,0.1266667
2.28,1.390775,0.0019,4.772735,0.1266667,0.0019,0.1266667
2.29,1.395543,0.0019,4.789099,0.1266667,0.0019,0.1266667
2.3,1.398722,0.001933333,4.800008,0.1288889,0.001933333,0.1288889
2.31,1.401901,0.001933333,4.810917,0.1288889,0.001933333,0.1288889
2.32,1.40667,0.001933333,4.827281,0.1288889,0.001933333,0.1288889
2.33,1.409849,0.001933333,4.83819,0.1288889,0.001933333,0.1288889
2.34,1.414617,0.001966667,4.854553,0.1311111,0.001966667,0.1311111
2.35,1.419385,0.001966667,4.870917,0.1311111,0.001966667,0.1311111
2.36,1.432101,0.001966667,4.914553,0.1311111,0.001966667,0.1311111
2.37,1.451174,0.001966667,4.980008,0.1311111,0.001966667,0.1311111
2.38,1.467069,0.002,5.034554,0.1333333,0.002,0.1333333
2.39,1.460711,0.002,5.012735,0.1333333,0.002,0.1333333
2.4,1.443227,0.002,4.952735,0.1333333,0.002,0.1333333
2.41,1.414617,0.002,4.854553,0.1333333,0.002,0.1333333
2.42,1.393954,0.002033333,4.783644,0.1355556,0.002033333,0.1355556
2.43,1.398722,0.002033333,4.800008,0.1355556,0.002033333,0.1355556
2.44,1.422564,0.002033333,4.881826,0.1355556,0.002033333,0.1355556
2.45,1.446406,0.002033333,4.963644,0.1355556,0.002033333,0.1355556
2.46,1.460711,0.002066667,5.012735,0.1377778,0.002066667,0.1377778
2.47,1.468658,0.002066667,5.040008,0.1377778,0.002066667,0.1377778
2.48,1.467069,0.002066667,5.034554,0.1377778,0.002066667,0.1377778
2.49,1.452764,0.002066667,4.985463,0.1377778,0.002066667,0.1377778
2.5,1.443227,0.0021,4.952735,0.14,0.0021,0.14
2.51,1.443227,0.0021,4.952735,0.14,0.0021,0.14
2.52,1.451174,0.0021,4.980008,0.14,0.0021,0.14
2.53,1.468658,0.0021,5.040008,0.14,0.0021,0.14
2.54,1.500448,0.002133333,5.149099,0.1422222,0.002133333,0.1422222
2.55,1.532237,0.002133333,5.25819,0.1422222,0.002133333,0.1422222
2.56,1.540184,0.002133333,5.285463,0.1422222,0.002133333,0.1422222
2.57,1.525879,0.002133333,5.236372,0.1422222,0.002133333,0.1422222
2.58,1.516342,0.002166667,5.203645,0.1444445,0.002166667,0.1444445
2.59,1.524289,0.002166667,5.230917,0.1444445,0.002166667,0.1444445
2.6,1.540184,0.002166667,5.285463,0.1444445,0.002166667,0.1444445
2.61,1.537005,0.002166667,5.274554,0.1444445,0.002166667,0.1444445
2.62,1.521111,0.0022,5.220008,0.1466667,0.0022,0.1466667
2.63,1.511574,0.0022,5.187281,0.1466667,0.0022,0.1466667
2.64,1.517932,0.0022,5.209099,0.1466667,0.0022,0.1466667
2.65,1.533826,0.0022,5.263645,0.1466667,0.0022,0.1466667
2.66,1.544952,0.002233333,5.301827,0.1488889,0.002233333,0.1488889
2.67,1.554489,0.002233333,5.334554,0.1488889,0.002233333,0.1488889
2.68,1.573563,0.002233333,5.400009,0.1488889,0.002233333,0.1488889
2.69,1.591047,0.002233333,5.460009,0.1488889,0.002233333,0.1488889
2.7,1.598994,0.002266667,5.487281,0.1511111,0.002266667,0.1511111
2.71,1.602173,0.002266667,5.498191,0.1511111,0.002266667,0.1511111
2.72,1.602173,0.002266667,5.498191,0.1511111,0.002266667,0.1511111
2.73,1.598994,0.002266667,5.487281,0.1511111,0.002266667,0.1511111
2.74,1.597404,0.0023,5.481827,0.1533333,0.0023,0.1533333
2.75,1.597404,0.0023,5.481827,0.1533333,0.0023,0.1533333
2.76,1.603762,0.0023,5.503645,0.1533333,0.0023,0.1533333
2.77,1.614889,0.0023,5.541827,0.1533333,0.0023,0.1533333
2.78,1.626015,0.002333333,5.580009,0.1555555,0.002333333,0.1555555
2.79,1.635551,0.002333333,5.612736,0.1555555,0.002333333,0.1555555
2.8,1.643499,0.002333333,5.640009,0.1555555,0.002333333,0.1555555
2.81,1.643499,0.002333333,5.640009,0.1555555,0.002333333,0.1555555
2.82,1.643499,0.002366667,5.640009,0.1577778,0.002366667,0.1577778
2.83,1.659393,0.002366667,5.694555,0.1577778,0.002366667,0.1577778
2.84,1.683235,0.002366667,5.776373,0.1577778,0.002366667,0.1577778
2.85,1.700719,0.002366667,5.836373,0.1577778,0.002366667,0.1577778
2.86,1.700719,0.0024,5.836373,0.16,0.0024,0.16
2.87,1.689593,0.0024,5.798191,0.16,0.0024,0.16
2.88,1.688004,0.0024,5.792737,0.16,0.0024,0.16
2.89,1.695951,0.0024,5.82001,0.16,0.0024,0.16
2.9,1.69754,0.002433333,5.825464,0.1622222,0.002433333,0.1622222
2.91,1.692772,0.002433333,5.8091,0.1622222,0.002433333,0.1622222
2.92,1.692772,0.002433333,5.8091,0.1622222,0.002433333,0.1622222
2.93,1.705488,0.002433333,5.852737,0.1622222,0.002433333,0.1622222
2.94,1.729329,0.002466667,5.934555,0.1644444,0.002466667,0.1644444
2.95,1.742045,0.002466667,5.978191,0.1644444,0.002466667,0.1644444
2.96,1.745224,0.002466667,5.9891,0.1644444,0.002466667,0.1644444
2.97,1.754761,0.002466667,6.021828,0.1644444,0.002466667,0.1644444
2.98,1.775424,0.0025,6.092737,0.1666667,0.0025,0.1666667
2.99,1.797676,0.0025,6.169101,0.1666667,0.0025,0.1666667
3.0,1.804034,0.0025,6.190919,0.1666667,0.0025,0.1666667
3.01,1.810392,0.0025,6.212738,0.1666667,0.0025,0.1666667
3.02,1.827876,0.002533333,6.272737,0.1688889,0.002533333,0.1688889
3.03,1.861254,0.002533333,6.387283,0.1688889,0.002533333,0.1688889
3.04,1.896222,0.002533333,6.507283,0.1688889,0.002533333,0.1688889
3.05,1.913706,0.002533333,6.567283,0.1688889,0.002533333,0.1688889
3.06,1.908938,0.002566667,6.55092,0.1711111,0.002566667,0.1711111
3.07,1.889865,0.002566667,6.485465,0.1711111,0.002566667,0.1711111
3.08,1.869202,0.002566667,6.414556,0.1711111,0.002566667,0.1711111
3.09,1.859665,0.002566667,6.381828,0.1711111,0.002566667,0.1711111
3.1,1.867612,0.0026,6.409101,0.1733333,0.0026,0.1733333
3.11,1.880328,0.0026,6.452737,0.1733333,0.0026,0.1733333
3.12,1.885096,0.0026,6.469101,0.1733333,0.0026,0.1733333
3.13,1.872381,0.0026,6.425465,0.1733333,0.0026,0.1733333
3.14,1.851718,0.002633333,6.354556,0.1755556,0.002633333,0.1755556
3.15,1.854897,0.002633333,6.365465,0.1755556,0.002633333,0.1755556
3.16,1.880328,0.002633333,6.452737,0.1755556,0.002633333,0.1755556
3.17,1.908938,0.002633333,6.55092,0.1755556,0.002633333,0.1755556
3.18,1.929601,0.002666667,6.621829,0.1777778,0.002666667,0.1777778
3.19,1.945496,0.002666667,6.676374,0.1777778,0.002666667,0.1777778
3.2,1.966159,0.002666667,6.747283,0.1777778,0.002666667,0.1777778
3.21,1.983643,0.002666667,6.807284,0.1777778,0.002666667,0.1777778
3.22,1.986822,0.0027,6.818193,0.18,0.0027,0.18
3.23,1.974106,0.0027,6.774556,0.18,0.0027,0.18
3.24,1.955032,0.0027,6.709102,0.18,0.0027,0.18
3.25,1.953443,0.0027,6.703647,0.18,0.0027,0.18
3.26,1.969337,0.002733333,6.758193,0.1822222,0.002733333,0.1822222
3.27,1.994769,0.002733333,6.845466,0.1822222,0.002733333,0.1822222
3.28,2.015432,0.002733333,6.916375,0.1822222,0.002733333,0.1822222
3.29,2.028147,0.002733333,6.960011,0.1822222,0.002733333,0.1822222
3.3,2.036095,0.002766667,6.987284,0.1844444,0.002766667,0.1844444
3.31,2.047221,0.002766667,7.025466,0.1844444,0.002766667,0.1844444
3.32,2.063115,0.002766667,7.080011,0.1844444,0.002766667,0.1844444
3.33,2.063115,0.002766667,7.080011,0.1844444,0.002766667,0.1844444
3.34,2.047221,0.0028,7.025466,0.1866667,0.0028,0.1866667
3.35,2.031326,0.0028,6.970921,0.1866667,0.0028,0.1866667
3.36,2.028147,0.0028,6.960011,0.1866667,0.0028,0.1866667
3.37,2.036095,0.0028,6.987284,0.1866667,0.0028,0.1866667
3.38,2.039274,0.002833333,6.998193,0.1888889,0.002833333,0.1888889
3.39,2.036095,0.002833333,6.987284,0.1888889,0.002833333,0.1888889
3.4,2.031326,0.002833333,6.970921,0.1888889,0.002833333,0.1888889
3.41,2.034505,0.002833333,6.981829,0.1888889,0.002833333,0.1888889
3.42,2.051989,0.002866667,7.04183,0.1911111,0.002866667,0.1911111
3.43,2.07742,0.002866667,7.129102,0.1911111,0.002866667,0.1911111
3.44,2.101262,0.002866667,7.21092,0.1911111,0.002866667,0.1911111
3.45,2.117157,0.002866667,7.265466,0.1911111,0.002866667,0.1911111
3.46,2.126694,0.0029,7.298193,0.1933333,0.0029,0.1933333
3.47,2.129873,0.0029,7.309103,0.1933333,0.0029,0.1933333
3.48,2.125104,0.0029,7.292739,0.1933333,0.0029,0.1933333
3.49,2.112389,0.0029,7.249103,0.1933333,0.0029,0.1933333
3.5,2.101262,0.002933333,7.21092,0.1955556,0.002933333,0.1955556
3.51,2.101262,0.002933333,7.21092,0.1955556,0.002933333,0.1955556
3.52,2.113978,0.002933333,7.254558,0.1955556,0.002933333,0.1955556
3.53,2.133052,0.002933333,7.320012,0.1955556,0.002933333,0.1955556
3.54,2.145767,0.002966667,7.363648,0.1977778,0.002966667,0.1977778
3.55,2.153714,0.002966667,7.390921,0.1977778,0.002966667,0.1977778
3.56,2.155304,0.002966667,7.396376,0.1977778,0.002966667,0.1977778
3.57,2.163251,0.002966667,7.423648,0.1977778,0.002966667,0.1977778
3.58,2.183914,0.003,7.494557,0.2,0.003,0.2
3.59,2.210935,0.003,7.587285,0.2,0.003,0.2
3.6,2.223651,0.003,7.630922,0.2,0.003,0.2
3.61,2.218882,0.003,7.614558,0.2,0.003,0.2
3.62,2.210935,0.003033333,7.587285,0.2022222,0.003033333,0.2022222
3.63,2.207756,0.003033333,7.576376,0.2022222,0.003033333,0.2022222
3.64,2.206167,0.003033333,7.570921,0.2022222,0.003033333,0.2022222
3.65,2.210935,0.003033333,7.587285,0.2022222,0.003033333,0.2022222
3.66,2.228419,0.003066667,7.647285,0.2044444,0.003066667,0.2044444
3.67,2.249082,0.003066667,7.718194,0.2044444,0.003066667,0.2044444
3.68,2.260208,0.003066667,7.756376,0.2044444,0.003066667,0.2044444
3.69,2.260208,0.003066667,7.756376,0.2044444,0.003066667,0.2044444
3.7,2.25544,0.0031,7.740013,0.2066667,0.0031,0.2066667
3.71,2.249082,0.0031,7.718194,0.2066667,0.0031,0.2066667
3.72,2.252261,0.0031,7.729104,0.2066667,0.0031,0.2066667
3.73,2.272924,0.0031,7.800012,0.2066667,0.0031,0.2066667
3.74,2.296766,0.003133333,7.881831,0.2088889,0.003133333,0.2088889
3.75,2.31425,0.003133333,7.941831,0.2088889,0.003133333,0.2088889
3.76,2.320607,0.003133333,7.963649,0.2088889,0.003133333,0.2088889
3.77,2.31266,0.003133333,7.936377,0.2088889,0.003133333,0.2088889
3.78,2.298355,0.003166667,7.887285,0.2111111,0.003166667,0.2111111
3.79,2.296766,0.003166667,7.881831,0.2111111,0.003166667,0.2111111
3.8,2.293587,0.003166667,7.870922,0.2111111,0.003166667,0.2111111
3.81,2.291997,0.003166667,7.865467,0.2111111,0.003166667,0.2111111
3.82,2.296766,0.0032,7.881831,0.2133333,0.0032,0.2133333
3.83,2.306302,0.0032,7.914558,0.2133333,0.0032,0.2133333
3.84,2.31425,0.0032,7.941831,0.2133333,0.0032,0.2133333
3.85,2.309481,0.0032,7.925467,0.2133333,0.0032,0.2133333
3.86,2.301534,0.003233333,7.898194,0.2155556,0.003233333,0.2155556
3.87,2.31425,0.003233333,7.941831,0.2155556,0.003233333,0.2155556
3.88,2.34286,0.003233333,8.040013,0.2155556,0.003233333,0.2155556
3.89,2.361933,0.003233333,8.105468,0.2155556,0.003233333,0.2155556
3.9,2.361933,0.003266667,8.105468,0.2177778,0.003266667,0.2177778
3.91,2.355576,0.003266667,8.08365,0.2177778,0.003266667,0.2177778
3.92,2.353986,0.003266667,8.078195,0.2177778,0.003266667,0.2177778
3.93,2.350807,0.003266667,8.067286,0.2177778,0.003266667,0.2177778
3.94,2.358754,0.0033,8.094559,0.22,0.0033,0.22
3.95,2.382596,0.0033,8.176376,0.22,0.0033,0.22
3.96,2.40008,0.0033,8.236377,0.22,0.0033,0.22
3.97,2.395312,0.0033,8.220014,0.22,0.0033,0.22
3.98,2.379417,0.003333333,8.165467,0.2222222,0.003333333,0.2222222
3.99,2.387365,0.003333333,8.19274,0.2222222,0.003333333,0.2222222
4.0,2.415975,0.003333333,8.290922,0.2222222,0.003333333,0.2222222
4.01,2.435048,0.003333333,8.356377,0.2222222,0.003333333,0.2222222
4.02,2.428691,0.003366667,8.334559,0.2244444,0.003366667,0.2244444
4.03,2.412796,0.003366667,8.280013,0.2244444,0.003366667,0.2244444
4.04,2.412796,0.003366667,8.280013,0.2244444,0.003366667,0.2244444
4.05,2.427101,0.003366667,8.329104,0.2244444,0.003366667,0.2244444
4.06,2.439817,0.0034,8.372741,0.2266667,0.0034,0.2266667
4.07,2.444585,0.0034,8.389104,0.2266667,0.0034,0.2266667
4.08,2.447764,0.0034,8.400014,0.2266667,0.0034,0.2266667
4.09,2.447764,0.0034,8.400014,0.2266667,0.0034,0.2266667
4.1,2.452533,0.003433333,8.416377,0.2288889,0.003433333,0.2288889
4.11,2.468427,0.003433333,8.470922,0.2288889,0.003433333,0.2288889
4.12,2.492269,0.003433333,8.552741,0.2288889,0.003433333,0.2288889
4.13,2.509753,0.003433333,8.612741,0.2288889,0.003433333,0.2288889
4.14,2.512932,0.003466667,8.623651,0.2311111,0.003466667,0.2311111
4.15,2.500216,0.003466667,8.580014,0.2311111,0.003466667,0.2311111
4.16,2.485911,0.003466667,8.530923,0.2311111,0.003466667,0.2311111
4.17,2.484322,0.003466667,8.525468,0.2311111,0.003466667,0.2311111
4.18,2.485911,0.0035,8.530923,0.2333333,0.0035,0.2333333
4.19,2.485911,0.0035,8.530923,0.2333333,0.0035,0.2333333
4.2,2.48909,0.0035,8.541832,0.2333333,0.0035,0.2333333
4.21,2.497037,0.0035,8.569104,0.2333333,0.0035,0.2333333
4.22,2.512932,0.003533333,8.623651,0.2355556,0.003533333,0.2355556
4.23,2.530416,0.003533333,8.68365,0.2355556,0.003533333,0.2355556
4.24,2.541542,0.003533333,8.721832,0.2355556,0.003533333,0.2355556
4.25,2.541542,0.003533333,8.721832,0.2355556,0.003533333,0.2355556
4.26,2.528826,0.003566667,8.678196,0.2377778,0.003566667,0.2377778
4.27,2.5177,0.003566667,8.640014,0.2377778,0.003566667,0.2377778
4.28,2.506574,0.003566667,8.601831,0.2377778,0.003566667,0.2377778
4.29,2.500216,0.003566667,8.580014,0.2377778,0.003566667,0.2377778
4.3,2.497037,0.0036,8.569104,0.24,0.0036,0.24
4.31,2.509753,0.0036,8.612741,0.24,0.0036,0.24
4.32,2.541542,0.0036,8.721832,0.24,0.0036,0.24
4.33,2.574921,0.0036,8.836378,0.24,0.0036,0.24
4.34,2.600352,0.003633333,8.923651,0.2422222,0.003633333,0.2422222
4.35,2.616246,0.003633333,8.978196,0.2422222,0.003633333,0.2422222
4.36,2.621015,0.003633333,8.994559,0.2422222,0.003633333,0.2422222
4.37,2.608299,0.003633333,8.950924,0.2422222,0.003633333,0.2422222
4.38,2.582868,0.003666667,8.86365,0.2444445,0.003666667,0.2444445
4.39,2.563794,0.003666667,8.798196,0.2444445,0.003666667,0.2444445
4.4,2.563794,0.003666667,8.798196,0.2444445,0.003666667,0.2444445
4.41,2.579689,0.003666667,8.852741,0.2444445,0.003666667,0.2444445
4.42,2.60671,0.0037,8.945469,0.2466667,0.0037,0.2466667
4.43,2.63532,0.0037,9.043651,0.2466667,0.0037,0.2466667
4.44,2.655983,0.0037,9.11456,0.2466667,0.0037,0.2466667
4.45,2.66552,0.0037,9.147287,0.2466667,0.0037,0.2466667
4.46,2.668699,0.003733333,9.158196,0.2488889,0.003733333,0.2488889
4.47,2.66552,0.003733333,9.147287,0.2488889,0.003733333,0.2488889
4.48,2.66552,0.003733333,9.147287,0.2488889,0.003733333,0.2488889
4.49,2.678235,0.003733333,9.190924,0.2488889,0.003733333,0.2488889
4.5,2.69413,0.003766667,9.245469,0.2511111,0.003766667,0.2511111
4.51,2.697309,0.003766667,9.256378,0.2511111,0.003766667,0.2511111
4.52,2.69254,0.003766667,9.240015,0.2511111,0.003766667,0.2511111
4.53,2.697309,0.003766667,9.256378,0.2511111,0.003766667,0.2511111
4.54,2.710025,0.0038,9.300015,0.2533333,0.0038,0.2533333
4.55,2.717972,0.0038,9.327288,0.2533333,0.0038,0.2533333
4.56,2.721151,0.0038,9.338197,0.2533333,0.0038,0.2533333
4.57,2.725919,0.0038,9.35456,0.2533333,0.0038,0.2533333
4.58,2.730687,0.003833333,9.370924,0.2555555,0.003833333,0.2555555
4.59,2.730687,0.003833333,9.370924,0.2555555,0.003833333,0.2555555
4.6,2.729098,0.003833333,9.36547,0.2555555,0.003833333,0.2555555
4.61,2.733866,0.003833333,9.381834,0.2555555,0.003833333,0.2555555
4.62,2.75135,0.003866667,9.441833,0.2577778,0.003866667,0.2577778
4.63,2.786319,0.003866667,9.561834,0.2577778,0.003866667,0.2577778
4.64,2.814929,0.003866667,9.660016,0.2577778,0.003866667,0.2577778
4.65,2.821286,0.003866667,9.681833,0.2577778,0.003866667,0.2577778
4.66,2.819697,0.0039,9.676379,0.26,0.0039,0.26
4.67,2.827644,0.0039,9.703652,0.26,0.0039,0.26
4.68,2.845128,0.0039,9.763652,0.26,0.0039,0.26
4.69,2.861023,0.0039,9.818197,0.26,0.0039,0.26
4.7,2.864202,0.003933333,9.829106,0.2622222,0.003933333,0.2622222
4.71,2.857844,0.003933333,9.807289,0.2622222,0.003933333,0.2622222
4.72,2.856255,0.003933333,9.801834,0.2622222,0.003933333,0.2622222
4.73,2.864202,0.003933333,9.829106,0.2622222,0.003933333,0.2622222
4.74,2.876918,0.003966667,9.872744,0.2644444,0.003966667,0.2644444
4.75,2.878507,0.003966667,9.878198,0.2644444,0.003966667,0.2644444
4.76,2.878507,0.003966667,9.878198,0.2644444,0.003966667,0.2644444
4.77,2.878507,0.003966667,9.878198,0.2644444,0.003966667,0.2644444
4.78,2.878507,0.004,9.878198,0.2666667,0.004,0.2666667
4.79,2.876918,0.004,9.872744,0.2666667,0.004,0.2666667
4.8,2.872149,0.004,9.85638,0.2666667,0.004,0.2666667
4.81,2.872149,0.004,9.85638,0.2666667,0.004,0.2666667
4.82,2.872149,0.004033333,9.85638,0.2688889,0.004033333,0.2688889
4.83,2.872149,0.004033333,9.85638,0.2688889,0.004033333,0.2688889
4.84,2.86897,0.004033333,9.84547,0.2688889,0.004033333,0.2688889
4.85,2.876918,0.004033333,9.872744,0.2688889,0.004033333,0.2688889
4.86,2.894402,0.004066667,9.932743,0.2711111,0.004066667,0.2711111
4.87,2.910296,0.004066667,9.987289,0.2711111,0.004066667,0.2711111
4.88,2.915065,0.004066667,10.00365,0.2711111,0.004066667,0.2711111
4.89,2.905528,0.004066667,9.970925,0.2711111,0.004066667,0.2711111
4.9,2.902349,0.0041,9.960016,0.2733333,0.0041,0.2733333
4.91,2.915065,0.0041,10.00365,0.2733333,0.0041,0.2733333
4.92,2.946854,0.0041,10.11274,0.2733333,0.0041,0.2733333
4.93,2.978643,0.0041,10.22183,0.2733333,0.0041,0.2733333
4.94,2.999306,0.004133333,10.29274,0.2755556,0.004133333,0.2755556
4.95,3.004074,0.004133333,10.30911,0.2755556,0.004133333,0.2755556
4.96,3.004074,0.004133333,10.30911,0.2755556,0.004133333,0.2755556
4.97,3.004074,0.004133333,10.30911,0.2755556,0.004133333,0.2755556
4.98,3.012021,0.004166667,10.33638,0.2777778,0.004166667,0.2777778
4.99,3.024737,0.004166667,10.38002,0.2777778,0.004166667,0.2777778
5.0,3.037453,0.004166667,10.42365,0.2777778,0.004166667,0.2777778
5.01,3.043811,0.004166667,10.44547,0.2777778,0.004166667,0.2777778
5.02,3.032684,0.0042,10.40729,0.28,0.0042,0.28
5.03,3.012021,0.0042,10.33638,0.28,0.0042,0.28
5.04,2.994537,0.0042,10.27638,0.28,0.0042,0.28
5.05,2.988179,0.0042,10.25456,0.28,0.0042,0.28
5.06,3.004074,0.004233333,10.30911,0.2822222,0.004233333,0.2822222
5.07,3.037453,0.004233333,10.42365,0.2822222,0.004233333,0.2822222
5.08,3.064473,0.004233333,10.51638,0.2822222,0.004233333,0.2822222
5.09,3.061295,0.004233333,10.50547,0.2822222,0.004233333,0.2822222
5.1,3.043811,0.004266667,10.44547,0.2844445,0.004266667,0.2844445
5.11,3.037453,0.004266667,10.42365,0.2844445,0.004266667,0.2844445
5.12,3.051758,0.004266667,10.47274,0.2844445,0.004266667,0.2844445
5.13,3.069242,0.004266667,10.53274,0.2844445,0.004266667,0.2844445
5.14,3.081958,0.0043,10.57638,0.2866667,0.0043,0.2866667
5.15,3.093084,0.0043,10.61456,0.2866667,0.0043,0.2866667
5.16,3.101031,0.0043,10.64184,0.2866667,0.0043,0.2866667
5.17,3.108978,0.0043,10.66911,0.2866667,0.0043,0.2866667
5.18,3.115336,0.004333334,10.69093,0.2888889,0.004333334,0.2888889
5.19,3.121694,0.004333334,10.71274,0.2888889,0.004333334,0.2888889
5.2,3.115336,0.004333334,10.69093,0.2888889,0.004333334,0.2888889
5.21,3.097852,0.004333334,10.63093,0.2888889,0.004333334,0.2888889
5.22,3.086726,0.004366667,10.59274,0.2911111,0.004366667,0.2911111
5.23,3.093084,0.004366667,10.61456,0.2911111,0.004366667,0.2911111
5.24,3.108978,0.004366667,10.66911,0.2911111,0.004366667,0.2911111
5.25,3.123283,0.004366667,10.7182,0.2911111,0.004366667,0.2911111
5.26,3.131231,0.0044,10.74547,0.2933333,0.0044,0.2933333
5.27,3.137589,0.0044,10.76729,0.2933333,0.0044,0.2933333
5.28,3.142357,0.0044,10.78365,0.2933333,0.0044,0.2933333
5.29,3.151894,0.0044,10.81638,0.2933333,0.0044,0.2933333
5.3,3.167788,0.004433333,10.87093,0.2955556,0.004433333,0.2955556
5.31,3.180504,0.004433333,10.91456,0.2955556,0.004433333,0.2955556
5.32,3.183683,0.004433333,10.92547,0.2955556,0.004433333,0.2955556
5.33,3.178914,0.004433333,10.90911,0.2955556,0.004433333,0.2955556
5.34,3.180504,0.004466667,10.91456,0.2977778,0.004466667,0.2977778
5.35,3.199577,0.004466667,10.98002,0.2977778,0.004466667,0.2977778
5.36,3.223419,0.004466667,11.06184,0.2977778,0.004466667,0.2977778
5.37,3.237724,0.004466667,11.11093,0.2977778,0.004466667,0.2977778
5.38,3.245672,0.0045,11.1382,0.3,0.0045,0.3
5.39,3.248851,0.0045,11.14911,0.3,0.0045,0.3
5.4,3.245672,0.0045,11.1382,0.3,0.0045,0.3
5.41,3.248851,0.0045,11.14911,0.3,0.0045,0.3
5.42,3.261566,0.004533333,11.19275,0.3022222,0.004533333,0.3022222
5.43,3.272692,0.004533333,11.23093,0.3022222,0.004533333,0.3022222
5.44,3.269513,0.004533333,11.22002,0.3022222,0.004533333,0.3022222
5.45,3.269513,0.004533333,11.22002,0.3022222,0.004533333,0.3022222
5.46,3.277461,0.004566667,11.24729,0.3044444,0.004566667,0.3044444
5.47,3.293355,0.004566667,11.30184,0.3044444,0.004566667,0.3044444
5.48,3.302892,0.004566667,11.33456,0.3044444,0.004566667,0.3044444
5.49,3.30925,0.004566667,11.35638,0.3044444,0.004566667,0.3044444
5.5,3.310839,0.0046,11.36184,0.3066667,0.0046,0.3066667
5.51,3.30925,0.0046,11.35638,0.3066667,0.0046,0.3066667
5.52,3.315608,0.0046,11.3782,0.3066667,0.0046,0.3066667
5.53,3.33786,0.0046,11.45456,0.3066667,0.0046,0.3066667
5.54,3.360112,0.004633334,11.53093,0.3088889,0.004633334,0.3088889
5.55,3.363292,0.004633334,11.54184,0.3088889,0.004633334,0.3088889
5.56,3.363292,0.004633334,11.54184,0.3088889,0.004633334,0.3088889
5.57,3.371239,0.004633334,11.56911,0.3088889,0.004633334,0.3088889
5.58,3.387133,0.004666667,11.62366,0.3111111,0.004666667,0.3111111
5.59,3.399849,0.004666667,11.66729,0.3111111,0.004666667,0.3111111
5.6,3.401438,0.004666667,11.67275,0.3111111,0.004666667,0.3111111
5.61,3.39667,0.004666667,11.65638,0.3111111,0.004666667,0.3111111
5.62,3.395081,0.0047,11.65093,0.3133333,0.0047,0.3133333
5.63,3.399849,0.0047,11.66729,0.3133333,0.0047,0.3133333
5.64,3.407796,0.0047,11.69456,0.3133333,0.0047,0.3133333
5.65,3.420512,0.0047,11.7382,0.3133333,0.0047,0.3133333
5.66,3.436406,0.004733333,11.79275,0.3155556,0.004733333,0.3155556
5.67,3.449122,0.004733333,11.83638,0.3155556,0.004733333,0.3155556
5.68,3.445943,0.004733333,11.82547,0.3155556,0.004733333,0.3155556
5.69,3.436406,0.004733333,11.79275,0.3155556,0.004733333,0.3155556
5.7,3.433228,0.004766667,11.78184,0.3177778,0.004766667,0.3177778
5.71,3.449122,0.004766667,11.83638,0.3177778,0.004766667,0.3177778
5.72,3.472964,0.004766667,11.9182,0.3177778,0.004766667,0.3177778
5.73,3.482501,0.004766667,11.95093,0.3177778,0.004766667,0.3177778
5.74,3.490448,0.0048,11.9782,0.32,0.0048,0.32
5.75,3.506343,0.0048,12.03275,0.32,0.0048,0.32
5.76,3.51429,0.0048,12.06002,0.32,0.0048,0.32
5.77,3.509521,0.0048,12.04366,0.32,0.0048,0.32
5.78,3.501574,0.004833333,12.01638,0.3222222,0.004833333,0.3222222
5.79,3.501574,0.004833333,12.01638,0.3222222,0.004833333,0.3222222
5.8,3.501574,0.004833333,12.01638,0.3222222,0.004833333,0.3222222
5.81,3.511111,0.004833333,12.04911,0.3222222,0.004833333,0.3222222
5.82,3.531774,0.004866667,12.12002,0.3244444,0.004866667,0.3244444
5.83,3.552437,0.004866667,12.19093,0.3244444,0.004866667,0.3244444
5.84,3.560384,0.004866667,12.2182,0.3244444,0.004866667,0.3244444
5.85,3.552437,0.004866667,12.19093,0.3244444,0.004866667,0.3244444
5.86,3.546079,0.0049,12.16911,0.3266667,0.0049,0.3266667
5.87,3.547668,0.0049,12.17457,0.3266667,0.0049,0.3266667
5.88,3.552437,0.0049,12.19093,0.3266667,0.0049,0.3266667
5.89,3.555616,0.0049,12.20184,0.3266667,0.0049,0.3266667
5.9,3.568331,0.004933333,12.24547,0.3288889,0.004933333,0.3288889
5.91,3.588994,0.004933333,12.31638,0.3288889,0.004933333,0.3288889
5.92,3.609657,0.004933333,12.38729,0.3288889,0.004933333,0.3288889
5.93,3.616015,0.004933333,12.40911,0.3288889,0.004933333,0.3288889
5.94,3.616015,0.004966667,12.40911,0.3311111,0.004966667,0.3311111
5.95,3.617604,0.004966667,12.41457,0.3311111,0.004966667,0.3311111
5.96,3.63191,0.004966667,12.46366,0.3311111,0.004966667,0.3311111
5.97,3.644625,0.004966667,12.50729,0.3311111,0.004966667,0.3311111
5.98,3.649394,0.005,12.52366,0.3333333,0.005,0.3333333
5.99,3.646215,0.005,12.51275,0.3333333,0.005,0.3333333
6.0,3.646215,0.005,12.51275,0.3333333,0.005,0.3333333
6.01,3.654162,0.005,12.54002,0.3333333,0.005,0.3333333
6.02,3.666878,0.005033333,12.58366,0.3355556,0.005033333,0.3355556
6.03,3.673236,0.005033333,12.60548,0.3355556,0.005033333,0.3355556
6.04,3.674825,0.005033333,12.61093,0.3355556,0.005033333,0.3355556
6.05,3.685951,0.005033333,12.64911,0.3355556,0.005033333,0.3355556
6.06,3.69072,0.005066667,12.66547,0.3377778,0.005066667,0.3377778
6.07,3.68913,0.005066667,12.66002,0.3377778,0.005066667,0.3377778
6.08,3.685951,0.005066667,12.64911,0.3377778,0.005066667,0.3377778
6.09,3.682772,0.005066667,12.6382,0.3377778,0.005066667,0.3377778
6.1,3.674825,0.0051,12.61093,0.34,0.0051,0.34
6.11,3.674825,0.0051,12.61093,0.34,0.0051,0.34
6.12,3.685951,0.0051,12.64911,0.34,0.0051,0.34
6.13,3.701846,0.0051,12.70366,0.34,0.0051,0.34
6.14,3.711383,0.005133334,12.73638,0.3422222,0.005133334,0.3422222
6.15,3.71933,0.005133334,12.76366,0.3422222,0.005133334,0.3422222
6.16,3.730456,0.005133334,12.80184,0.3422222,0.005133334,0.3422222
6.17,3.738403,0.005133334,12.82911,0.3422222,0.005133334,0.3422222
6.18,3.738403,0.005166667,12.82911,0.3444445,0.005166667,0.3444445
6.19,3.738403,0.005166667,12.82911,0.3444445,0.005166667,0.3444445
6.2,3.743172,0.005166667,12.84548,0.3444445,0.005166667,0.3444445
6.21,3.746351,0.005166667,12.85638,0.3444445,0.005166667,0.3444445
6.22,3.746351,0.0052,12.85638,0.3466667,0.0052,0.3466667
6.23,3.751119,0.0052,12.87275,0.3466667,0.0052,0.3466667
6.24,3.759066,0.0052,12.90002,0.3466667,0.0052,0.3466667
6.25,3.760656,0.0052,12.90547,0.3466667,0.0052,0.3466667
6.26,3.759066,0.005233333,12.90002,0.3488889,0.005233333,0.3488889
6.27,3.767014,0.005233333,12.92729,0.3488889,0.005233333,0.3488889
6.28,3.77655,0.005233333,12.96002,0.3488889,0.005233333,0.3488889
6.29,3.784497,0.005233333,12.98729,0.3488889,0.005233333,0.3488889
6.3,3.787677,0.005266667,12.9982,0.3511111,0.005266667,0.3511111
6.31,3.792445,0.005266667,13.01457,0.3511111,0.005266667,0.3511111
6.32,3.797213,0.005266667,13.03093,0.3511111,0.005266667,0.3511111
6.33,3.803571,0.005266667,13.05275,0.3511111,0.005266667,0.3511111
6.34,3.808339,0.0053,13.06911,0.3533333,0.0053,0.3533333
6.35,3.816287,0.0053,13.09639,0.3533333,0.0053,0.3533333
6.36,3.824234,0.0053,13.12366,0.3533333,0.0053,0.3533333
6.37,3.83695,0.0053,13.16729,0.3533333,0.0053,0.3533333
6.38,3.852844,0.005333333,13.22184,0.3555556,0.005333333,0.3555556
6.39,3.857613,0.005333333,13.2382,0.3555556,0.005333333,0.3555556
6.4,3.852844,0.005333333,13.22184,0.3555556,0.005333333,0.3555556
6.41,3.849665,0.005333333,13.21093,0.3555556,0.005333333,0.3555556
6.42,3.854434,0.005366667,13.22729,0.3577778,0.005366667,0.3577778
6.43,3.867149,0.005366667,13.27093,0.3577778,0.005366667,0.3577778
6.44,3.875097,0.005366667,13.2982,0.3577778,0.005366667,0.3577778
6.45,3.875097,0.005366667,13.2982,0.3577778,0.005366667,0.3577778
6.46,3.886223,0.0054,13.33638,0.36,0.0054,0.36
6.47,3.902117,0.0054,13.39093,0.36,0.0054,0.36
6.48,3.910065,0.0054,13.4182,0.36,0.0054,0.36
6.49,3.918012,0.0054,13.44548,0.36,0.0054,0.36
6.5,3.935496,0.005433334,13.50548,0.3622222,0.005433334,0.3622222
6.51,3.960927,0.005433334,13.59275,0.3622222,0.005433334,0.3622222
6.52,3.980001,0.005433334,13.6582,0.3622222,0.005433334,0.3622222
6.53,3.989537,0.005433334,13.69093,0.3622222,0.005433334,0.3622222
6.54,3.992717,0.005466667,13.70184,0.3644444,0.005466667,0.3644444
6.55,3.984769,0.005466667,13.67457,0.3644444,0.005466667,0.3644444
6.56,3.972054,0.005466667,13.63093,0.3644444,0.005466667,0.3644444
6.57,3.959338,0.005466667,13.58729,0.3644444,0.005466667,0.3644444
6.58,3.959338,0.0055,13.58729,0.3666667,0.0055,0.3666667
6.59,3.975232,0.0055,13.64184,0.3666667,0.0055,0.3666667
6.6,3.995895,0.0055,13.71275,0.3666667,0.0055,0.3666667
6.61,4.005432,0.0055,13.74548,0.3666667,0.0055,0.3666667
6.62,4.01338,0.005533333,13.77275,0.3688889,0.005533333,0.3688889
6.63,4.026095,0.005533333,13.81639,0.3688889,0.005533333,0.3688889
6.64,4.037221,0.005533333,13.85457,0.3688889,0.005533333,0.3688889
6.65,4.034042,0.005533333,13.84366,0.3688889,0.005533333,0.3688889
6.66,4.029274,0.005566667,13.8273,0.3711111,0.005566667,0.3711111
6.67,4.021327,0.005566667,13.80002,0.3711111,0.005566667,0.3711111
6.68,4.018148,0.005566667,13.78911,0.3711111,0.005566667,0.3711111
6.69,4.024506,0.005566667,13.81093,0.3711111,0.005566667,0.3711111
6.7,4.034042,0.0056,13.84366,0.3733334,0.0056,0.3733334
6.71,4.0404,0.0056,13.86548,0.3733334,0.0056,0.3733334
6.72,4.045168,0.0056,13.88184,0.3733334,0.0056,0.3733334
6.73,4.045168,0.0056,13.88184,0.3733334,0.0056,0.3733334
6.74,4.045168,0.005633333,13.88184,0.3755555,0.005633333,0.3755555
6.75,4.046758,0.005633333,13.8873,0.3755555,0.005633333,0.3755555
6.76,4.053116,0.005633333,13.90911,0.3755555,0.005633333,0.3755555
6.77,4.054705,0.005633333,13.91457,0.3755555,0.005633333,0.3755555
6.78,4.054705,0.005666667,13.91457,0.3777778,0.005666667,0.3777778
6.79,4.049937,0.005666667,13.8982,0.3777778,0.005666667,0.3777778
6.8,4.049937,0.005666667,13.8982,0.3777778,0.005666667,0.3777778
6.81,4.061063,0.005666667,13.93639,0.3777778,0.005666667,0.3777778
6.82,4.0706,0.0057,13.96911,0.38,0.0057,0.38
6.83,4.0706,0.0057,13.96911,0.38,0.0057,0.38
6.84,4.06901,0.0057,13.96366,0.38,0.0057,0.38
6.85,4.06901,0.0057,13.96366,0.38,0.0057,0.38
6.86,4.081726,0.005733334,14.0073,0.3822222,0.005733334,0.3822222
6.87,4.111926,0.005733334,14.11093,0.3822222,0.005733334,0.3822222
6.88,4.143715,0.005733334,14.22002,0.3822222,0.005733334,0.3822222
6.89,4.156431,0.005733334,14.26366,0.3822222,0.005733334,0.3822222
6.9,4.156431,0.005766667,14.26366,0.3844445,0.005766667,0.3844445
6.91,4.167557,0.005766667,14.30184,0.3844445,0.005766667,0.3844445
6.92,4.18822,0.005766667,14.37275,0.3844445,0.005766667,0.3844445
6.93,4.204114,0.005766667,14.4273,0.3844445,0.005766667,0.3844445
6.94,4.205704,0.0058,14.43275,0.3866667,0.0058,0.3866667
6.95,4.200935,0.0058,14.41639,0.3866667,0.0058,0.3866667
6.96,4.189809,0.0058,14.37821,0.3866667,0.0058,0.3866667
6.97,4.183451,0.0058,14.35639,0.3866667,0.0058,0.3866667
6.98,4.185041,0.005833333,14.36184,0.3888889,0.005833333,0.3888889
6.99,4.196167,0.005833333,14.40002,0.3888889,0.005833333,0.3888889
7.0,4.208883,0.005833333,14.44366,0.3888889,0.005833333,0.3888889
7.01,4.213651,0.005833333,14.46002,0.3888889,0.005833333,0.3888889
7.02,4.205704,0.005866667,14.43275,0.3911111,0.005866667,0.3911111
7.03,4.192988,0.005866667,14.38911,0.3911111,0.005866667,0.3911111
7.04,4.185041,0.005866667,14.36184,0.3911111,0.005866667,0.3911111
7.05,4.189809,0.005866667,14.37821,0.3911111,0.005866667,0.3911111
7.06,4.205704,0.0059,14.43275,0.3933333,0.0059,0.3933333
7.07,4.21842,0.0059,14.47639,0.3933333,0.0059,0.3933333
7.08,4.229546,0.0059,14.51457,0.3933333,0.0059,0.3933333
7.09,4.237493,0.0059,14.54184,0.3933333,0.0059,0.3933333
7.1,4.237493,0.005933333,14.54184,0.3955556,0.005933333,0.3955556
7.11,4.234314,0.005933333,14.53093,0.3955556,0.005933333,0.3955556
7.12,4.240672,0.005933333,14.55275,0.3955556,0.005933333,0.3955556
7.13,4.24703,0.005933333,14.57457,0.3955556,0.005933333,0.3955556
7.14,4.253387,0.005966667,14.59639,0.3977778,0.005966667,0.3977778
7.15,4.253387,0.005966667,14.59639,0.3977778,0.005966667,0.3977778
7.16,4.250208,0.005966667,14.58548,0.3977778,0.005966667,0.3977778
7.17,4.253387,0.005966667,14.59639,0.3977778,0.005966667,0.3977778
7.18,4.261335,0.006,14.62366,0.4,0.006,0.4
7.19,4.262924,0.006,14.62911,0.4,0.006,0.4
7.2,4.266103,0.006,14.64002,0.4,0.006,0.4
7.21,4.27405,0.006,14.6673,0.4,0.006,0.4
7.22,4.291534,0.006033333,14.7273,0.4022222,0.006033333,0.4022222
7.23,4.315376,0.006033333,14.80911,0.4022222,0.006033333,0.4022222
7.24,4.323324,0.006033333,14.83639,0.4022222,0.006033333,0.4022222
7.25,4.318555,0.006033333,14.82002,0.4022222,0.006033333,0.4022222
7.26,4.310608,0.006066667,14.79275,0.4044445,0.006066667,0.4044445
7.27,4.310608,0.006066667,14.79275,0.4044445,0.006066667,0.4044445
7.28,4.310608,0.006066667,14.79275,0.4044445,0.006066667,0.4044445
7.29,4.312197,0.006066667,14.79821,0.4044445,0.006066667,0.4044445
7.3,4.315376,0.0061,14.80911,0.4066667,0.0061,0.4066667
7.31,4.323324,0.0061,14.83639,0.4066667,0.0061,0.4066667
7.32,4.326502,0.0061,14.8473,0.4066667,0.0061,0.4066667
7.33,4.320145,0.0061,14.82548,0.4066667,0.0061,0.4066667
7.34,4.310608,0.006133333,14.79275,0.4088889,0.006133333,0.4088889
7.35,4.310608,0.006133333,14.79275,0.4088889,0.006133333,0.4088889
7.36,4.320145,0.006133333,14.82548,0.4088889,0.006133333,0.4088889
7.37,4.331271,0.006133333,14.86366,0.4088889,0.006133333,0.4088889
7.38,4.340807,0.006166667,14.89639,0.4111111,0.006166667,0.4111111
7.39,4.348755,0.006166667,14.92366,0.4111111,0.006166667,0.4111111
7.4,4.351934,0.006166667,14.93457,0.4111111,0.006166667,0.4111111
7.41,4.348755,0.006166667,14.92366,0.4111111,0.006166667,0.4111111
7.42,4.340807,0.0062,14.89639,0.4133334,0.0062,0.4133334
7.43,4.339218,0.0062,14.89093,0.4133334,0.0062,0.4133334
7.44,4.33286,0.0062,14.86912,0.4133334,0.0062,0.4133334
7.45,4.33286,0.0062,14.86912,0.4133334,0.0062,0.4133334
7.46,4.343987,0.006233334,14.9073,0.4155556,0.006233334,0.4155556
7.47,4.372597,0.006233334,15.00548,0.4155556,0.006233334,0.4155556
7.48,4.405975,0.006233334,15.12002,0.4155556,0.006233334,0.4155556
7.49,4.434586,0.006233334,15.21821,0.4155556,0.006233334,0.4155556
7.5,4.445712,0.006266667,15.25639,0.4177778,0.006266667,0.4177778
7.51,4.445712,0.006266667,15.25639,0.4177778,0.006266667,0.4177778
7.52,4.45048,0.006266667,15.27275,0.4177778,0.006266667,0.4177778
7.53,4.461607,0.006266667,15.31093,0.4177778,0.006266667,0.4177778
7.54,4.471143,0.0063,15.34366,0.42,0.0063,0.42
7.55,4.477501,0.0063,15.36548,0.42,0.0063,0.42
7.56,4.477501,0.0063,15.36548,0.42,0.0063,0.42
7.57,4.474322,0.0063,15.35457,0.42,0.0063,0.42
7.58,4.466375,0.006333333,15.3273,0.4222222,0.006333333,0.4222222
7.59,4.463196,0.006333333,15.31639,0.4222222,0.006333333,0.4222222
7.6,4.463196,0.006333333,15.31639,0.4222222,0.006333333,0.4222222
7.61,4.469553,0.006333333,15.33821,0.4222222,0.006333333,0.4222222
7.62,4.471143,0.006366667,15.34366,0.4244445,0.006366667,0.4244445
7.63,4.474322,0.006366667,15.35457,0.4244445,0.006366667,0.4244445
7.64,4.482269,0.006366667,15.38184,0.4244445,0.006366667,0.4244445
7.65,4.491806,0.006366667,15.41457,0.4244445,0.006366667,0.4244445
7.66,4.51088,0.0064,15.48003,0.4266667,0.0064,0.4266667
7.67,4.526774,0.0064,15.53457,0.4266667,0.0064,0.4266667
7.68,4.534721,0.0064,15.56184,0.4266667,0.0064,0.4266667
7.69,4.531542,0.0064,15.55093,0.4266667,0.0064,0.4266667
7.7,4.531542,0.006433333,15.55093,0.4288889,0.006433333,0.4288889
7.71,4.541079,0.006433333,15.58366,0.4288889,0.006433333,0.4288889
7.72,4.560153,0.006433333,15.64912,0.4288889,0.006433333,0.4288889
7.73,4.564921,0.006433333,15.66548,0.4288889,0.006433333,0.4288889
7.74,4.549026,0.006466667,15.61093,0.4311111,0.006466667,0.4311111
7.75,4.534721,0.006466667,15.56184,0.4311111,0.006466667,0.4311111
7.76,4.526774,0.006466667,15.53457,0.4311111,0.006466667,0.4311111
7.77,4.534721,0.006466667,15.56184,0.4311111,0.006466667,0.4311111
7.78,4.547437,0.0065,15.60548,0.4333333,0.0065,0.4333333
7.79,4.563332,0.0065,15.66003,0.4333333,0.0065,0.4333333
7.8,4.576047,0.0065,15.70366,0.4333333,0.0065,0.4333333
7.81,4.585584,0.0065,15.73639,0.4333333,0.0065,0.4333333
7.82,4.59671,0.006533334,15.77457,0.4355556,0.006533334,0.4355556
7.83,4.601479,0.006533334,15.79093,0.4355556,0.006533334,0.4355556
7.84,4.604658,0.006533334,15.80184,0.4355556,0.006533334,0.4355556
7.85,4.606247,0.006533334,15.8073,0.4355556,0.006533334,0.4355556
7.86,4.612605,0.006566667,15.82912,0.4377778,0.006566667,0.4377778
7.87,4.622141,0.006566667,15.86184,0.4377778,0.006566667,0.4377778
7.88,4.633268,0.006566667,15.90003,0.4377778,0.006566667,0.4377778
7.89,4.642805,0.006566667,15.93275,0.4377778,0.006566667,0.4377778
7.9,4.653931,0.0066,15.97093,0.44,0.0066,0.44
7.91,4.661878,0.0066,15.99821,0.44,0.0066,0.44
7.92,4.666646,0.0066,16.01457,0.44,0.0066,0.44
7.93,4.661878,0.0066,15.99821,0.44,0.0066,0.44
7.94,4.65552,0.006633333,15.97639,0.4422222,0.006633333,0.4422222
7.95,4.661878,0.006633333,15.99821,0.4422222,0.006633333,0.4422222
7.96,4.669825,0.006633333,16.02548,0.4422222,0.006633333,0.4422222
7.97,4.674593,0.006633333,16.04184,0.4422222,0.006633333,0.4422222
7.98,4.682541,0.006666667,16.06912,0.4444444,0.006666667,0.4444444
7.99,4.698435,0.006666667,16.12366,0.4444444,0.006666667,0.4444444
8.0,4.715919,0.006666667,16.18366,0.4444444,0.006666667,0.4444444
8.01,4.728635,0.006666667,16.2273,0.4444444,0.006666667,0.4444444
8.02,4.734993,0.0067,16.24912,0.4466667,0.0067,0.4466667
8.03,4.74453,0.0067,16.28185,0.4466667,0.0067,0.4466667
8.04,4.760424,0.0067,16.33639,0.4466667,0.0067,0.4466667
8.05,4.77314,0.0067,16.38003,0.4466667,0.0067,0.4466667
8.06,4.768372,0.006733333,16.36366,0.4488889,0.006733333,0.4488889
8.07,4.752477,0.006733333,16.30912,0.4488889,0.006733333,0.4488889
8.08,4.752477,0.006733333,16.30912,0.4488889,0.006733333,0.4488889
8.09,4.763603,0.006733333,16.3473,0.4488889,0.006733333,0.4488889
8.1,4.77314,0.006766667,16.38003,0.4511111,0.006766667,0.4511111
8.11,4.781087,0.006766667,16.4073,0.4511111,0.006766667,0.4511111
8.12,4.792213,0.006766667,16.44548,0.4511111,0.006766667,0.4511111
8.13,4.798571,0.006766667,16.4673,0.4511111,0.006766667,0.4511111
8.14,4.80175,0.0068,16.47821,0.4533333,0.0068,0.4533333
8.15,4.804929,0.0068,16.48912,0.4533333,0.0068,0.4533333
8.16,4.809698,0.0068,16.50548,0.4533333,0.0068,0.4533333
8.17,4.814466,0.0068,16.52184,0.4533333,0.0068,0.4533333
8.18,4.822413,0.006833334,16.54912,0.4555556,0.006833334,0.4555556
8.19,4.83036,0.006833334,16.57639,0.4555556,0.006833334,0.4555556
8.2,4.827181,0.006833334,16.56548,0.4555556,0.006833334,0.4555556
8.21,4.820824,0.006833334,16.54366,0.4555556,0.006833334,0.4555556
8.22,4.820824,0.006866667,16.54366,0.4577778,0.006866667,0.4577778
8.23,4.835129,0.006866667,16.59275,0.4577778,0.006866667,0.4577778
8.24,4.851023,0.006866667,16.6473,0.4577778,0.006866667,0.4577778
8.25,4.858971,0.006866667,16.67457,0.4577778,0.006866667,0.4577778
8.26,4.86215,0.0069,16.68548,0.46,0.0069,0.46
8.27,4.870097,0.0069,16.71275,0.46,0.0069,0.46
8.28,4.879633,0.0069,16.74548,0.46,0.0069,0.46
8.29,4.887581,0.0069,16.77275,0.46,0.0069,0.46
8.3,4.895528,0.006933333,16.80003,0.4622222,0.006933333,0.4622222
8.31,4.903475,0.006933333,16.8273,0.4622222,0.006933333,0.4622222
8.32,4.908244,0.006933333,16.84366,0.4622222,0.006933333,0.4622222
8.33,4.908244,0.006933333,16.84366,0.4622222,0.006933333,0.4622222
8.34,4.903475,0.006966667,16.8273,0.4644445,0.006966667,0.4644445
8.35,4.908244,0.006966667,16.84366,0.4644445,0.006966667,0.4644445
8.36,4.924139,0.006966667,16.89821,0.4644445,0.006966667,0.4644445
8.37,4.932086,0.006966667,16.92548,0.4644445,0.006966667,0.4644445
8.38,4.928907,0.007,16.91457,0.4666667,0.007,0.4666667
8.39,4.924139,0.007,16.89821,0.4666667,0.007,0.4666667
8.4,4.924139,0.007,16.89821,0.4666667,0.007,0.4666667
8.41,4.928907,0.007,16.91457,0.4666667,0.007,0.4666667
8.42,4.935265,0.007033333,16.93639,0.4688889,0.007033333,0.4688889
8.43,4.944801,0.007033333,16.96912,0.4688889,0.007033333,0.4688889
8.44,4.960696,0.007033333,17.02366,0.4688889,0.007033333,0.4688889
8.45,4.968643,0.007033333,17.05094,0.4688889,0.007033333,0.4688889
8.46,4.965464,0.007066667,17.04003,0.4711111,0.007066667,0.4711111
8.47,4.957517,0.007066667,17.01275,0.4711111,0.007066667,0.4711111
8.48,4.955927,0.007066667,17.0073,0.4711111,0.007066667,0.4711111
8.49,4.957517,0.007066667,17.01275,0.4711111,0.007066667,0.4711111
8.5,4.963875,0.0071,17.03457,0.4733333,0.0071,0.4733333
8.51,4.968643,0.0071,17.05094,0.4733333,0.0071,0.4733333
8.52,4.971822,0.0071,17.06185,0.4733333,0.0071,0.4733333
8.53,4.976591,0.0071,17.07821,0.4733333,0.0071,0.4733333
8.54,4.986127,0.007133333,17.11094,0.4755556,0.007133333,0.4755556
8.55,4.994074,0.007133333,17.13821,0.4755556,0.007133333,0.4755556
8.56,4.997253,0.007133333,17.14912,0.4755556,0.007133333,0.4755556
8.57,4.997253,0.007133333,17.14912,0.4755556,0.007133333,0.4755556
8.58,4.997253,0.007166667,17.14912,0.4777778,0.007166667,0.4777778
8.59,5.002022,0.007166667,17.16548,0.4777778,0.007166667,0.4777778
8.6,5.017916,0.007166667,17.22003,0.4777778,0.007166667,0.4777778
8.61,5.043348,0.007166667,17.3073,0.4777778,0.007166667,0.4777778
8.62,5.06719,0.0072,17.38912,0.48,0.0072,0.48
8.63,5.075137,0.0072,17.41639,0.48,0.0072,0.48
8.64,5.064011,0.0072,17.37821,0.48,0.0072,0.48
8.65,5.054474,0.0072,17.34548,0.48,0.0072,0.48
8.66,5.054474,0.007233333,17.34548,0.4822222,0.007233333,0.4822222
8.67,5.059242,0.007233333,17.36185,0.4822222,0.007233333,0.4822222
8.68,5.071958,0.007233333,17.40548,0.4822222,0.007233333,0.4822222
8.69,5.092621,0.007233333,17.47639,0.4822222,0.007233333,0.4822222
8.7,5.111694,0.007266667,17.54185,0.4844444,0.007266667,0.4844444
8.71,5.127589,0.007266667,17.59639,0.4844444,0.007266667,0.4844444
8.72,5.132357,0.007266667,17.61275,0.4844444,0.007266667,0.4844444
8.73,5.129179,0.007266667,17.60185,0.4844444,0.007266667,0.4844444
8.74,5.119642,0.0073,17.56912,0.4866667,0.0073,0.4866667
8.75,5.114873,0.0073,17.55276,0.4866667,0.0073,0.4866667
8.76,5.119642,0.0073,17.56912,0.4866667,0.0073,0.4866667
8.77,5.12441,0.0073,17.58548,0.4866667,0.0073,0.4866667
8.78,5.127589,0.007333334,17.59639,0.4888889,0.007333334,0.4888889
8.79,5.12441,0.007333334,17.58548,0.4888889,0.007333334,0.4888889
8.8,5.114873,0.007333334,17.55276,0.4888889,0.007333334,0.4888889
8.81,5.098979,0.007333334,17.49821,0.4888889,0.007333334,0.4888889
8.82,5.087852,0.007366667,17.46003,0.4911111,0.007366667,0.4911111
8.83,5.092621,0.007366667,17.47639,0.4911111,0.007366667,0.4911111
8.84,5.114873,0.007366667,17.55276,0.4911111,0.007366667,0.4911111
8.85,5.137125,0.007366667,17.62912,0.4911111,0.007366667,0.4911111
8.86,5.157789,0.0074,17.70003,0.4933333,0.0074,0.4933333
8.87,5.176862,0.0074,17.76548,0.4933333,0.0074,0.4933333
8.88,5.189578,0.0074,17.80912,0.4933333,0.0074,0.4933333
8.89,5.192757,0.0074,17.82003,0.4933333,0.0074,0.4933333
8.9,5.184809,0.007433333,17.79276,0.4955555,0.007433333,0.4955555
8.91,5.165736,0.007433333,17.7273,0.4955555,0.007433333,0.4955555
8.92,5.156199,0.007433333,17.69457,0.4955555,0.007433333,0.4955555
8.93,5.165736,0.007433333,17.7273,0.4955555,0.007433333,0.4955555
8.94,5.186399,0.007466667,17.79821,0.4977778,0.007466667,0.4977778
8.95,5.202293,0.007466667,17.85276,0.4977778,0.007466667,0.4977778
8.96,5.213419,0.007466667,17.89094,0.4977778,0.007466667,0.4977778
8.97,5.221367,0.007466667,17.91821,0.4977778,0.007466667,0.4977778
8.98,5.215009,0.0075,17.89639,0.5,0.0075,0.5
8.99,5.202293,0.0075,17.85276,0.5,0.0075,0.5
9.0,5.192757,0.0075,17.82003,0.5,0.0075,0.5
9.01,5.189578,0.0075,17.80912,0.5,0.0075,0.5
9.02,5.189578,0.007533333,17.80912,0.5022222,0.007533333,0.5022222
9.03,5.189578,0.007533333,17.80912,0.5022222,0.007533333,0.5022222
9.04,5.194346,0.007533333,17.82548,0.5022222,0.007533333,0.5022222
9.05,5.205472,0.007533333,17.86367,0.5022222,0.007533333,0.5022222
9.06,5.230904,0.007566667,17.95094,0.5044444,0.007566667,0.5044444
9.07,5.262693,0.007566667,18.06003,0.5044444,0.007566667,0.5044444
9.08,5.286535,0.007566667,18.14185,0.5044444,0.007566667,0.5044444
9.09,5.286535,0.007566667,18.14185,0.5044444,0.007566667,0.5044444
9.1,5.27223,0.0076,18.09276,0.5066667,0.0076,0.5066667
9.11,5.262693,0.0076,18.06003,0.5066667,0.0076,0.5066667
9.12,5.254745,0.0076,18.03276,0.5066667,0.0076,0.5066667
9.13,5.246798,0.0076,18.00548,0.5066667,0.0076,0.5066667
9.14,5.238851,0.007633334,17.97821,0.5088889,0.007633334,0.5088889
9.15,5.246798,0.007633334,18.00548,0.5088889,0.007633334,0.5088889
9.16,5.259514,0.007633334,18.04912,0.5088889,0.007633334,0.5088889
9.17,5.262693,0.007633334,18.06003,0.5088889,0.007633334,0.5088889
9.18,5.254745,0.007666667,18.03276,0.5111111,0.007666667,0.5111111
9.19,5.249977,0.007666667,18.01639,0.5111111,0.007666667,0.5111111
9.2,5.257925,0.007666667,18.04367,0.5111111,0.007666667,0.5111111
9.21,5.267461,0.007666667,18.07639,0.5111111,0.007666667,0.5111111
9.22,5.280177,0.0077,18.12003,0.5133333,0.0077,0.5133333
9.23,5.30084,0.0077,18.19094,0.5133333,0.0077,0.5133333
9.24,5.319913,0.0077,18.25639,0.5133333,0.0077,0.5133333
9.25,5.32945,0.0077,18.28912,0.5133333,0.0077,0.5133333
9.26,5.32945,0.007733333,18.28912,0.5155556,0.007733333,0.5155556
9.27,5.321503,0.007733333,18.26185,0.5155556,0.007733333,0.5155556
9.28,5.315145,0.007733333,18.24003,0.5155556,0.007733333,0.5155556
9.29,5.311966,0.007733333,18.22912,0.5155556,0.007733333,0.5155556
9.3,5.308787,0.007766667,18.21821,0.5177778,0.007766667,0.5177778
9.31,5.311966,0.007766667,18.22912,0.5177778,0.007766667,0.5177778
9.32,5.321503,0.007766667,18.26185,0.5177778,0.007766667,0.5177778
9.33,5.337397,0.007766667,18.31639,0.5177778,0.007766667,0.5177778
9.34,5.353292,0.0078,18.37094,0.52,0.0078,0.52
9.35,5.364418,0.0078,18.40912,0.52,0.0078,0.52
9.36,5.372365,0.0078,18.43639,0.52,0.0078,0.52
9.37,5.373955,0.0078,18.44185,0.52,0.0078,0.52
9.38,5.381902,0.007833334,18.46912,0.5222222,0.007833334,0.5222222
9.39,5.394618,0.007833334,18.51276,0.5222222,0.007833334,0.5222222
9.4,5.400976,0.007833334,18.53458,0.5222222,0.007833334,0.5222222
9.41,5.393028,0.007833334,18.5073,0.5222222,0.007833334,0.5222222
9.42,5.385081,0.007866667,18.48003,0.5244445,0.007866667,0.5244445
9.43,5.386671,0.007866667,18.48549,0.5244445,0.007866667,0.5244445
9.44,5.389849,0.007866667,18.49639,0.5244445,0.007866667,0.5244445
9.45,5.394618,0.007866667,18.51276,0.5244445,0.007866667,0.5244445
9.46,5.402565,0.007900001,18.54003,0.5266667,0.007900001,0.5266667
9.47,5.418459,0.007900001,18.59457,0.5266667,0.007900001,0.5266667
9.48,5.431175,0.007900001,18.63821,0.5266667,0.007900001,0.5266667
9.49,5.442301,0.007900001,18.67639,0.5266667,0.007900001,0.5266667
9.5,5.455017,0.007933334,18.72003,0.5288889,0.007933334,0.5288889
9.51,5.467733,0.007933334,18.76367,0.5288889,0.007933334,0.5288889
9.52,5.47568,0.007933334,18.79094,0.5288889,0.007933334,0.5288889
9.53,5.480448,0.007933334,18.8073,0.5288889,0.007933334,0.5288889
9.54,5.488396,0.007966666,18.83458,0.5311111,0.007966666,0.5311111
9.55,5.491575,0.007966666,18.84549,0.5311111,0.007966666,0.5311111
9.56,5.486806,0.007966666,18.82912,0.5311111,0.007966666,0.5311111
9.57,5.470912,0.007966666,18.77457,0.5311111,0.007966666,0.5311111
9.58,5.467733,0.008,18.76367,0.5333334,0.008,0.5333334
9.59,5.488396,0.008,18.83458,0.5333334,0.008,0.5333334
9.6,5.512238,0.008,18.91639,0.5333334,0.008,0.5333334
9.61,5.523364,0.008,18.95457,0.5333334,0.008,0.5333334
9.62,5.524953,0.008033333,18.96003,0.5355555,0.008033333,0.5355555
9.63,5.5329,0.008033333,18.9873,0.5355555,0.008033333,0.5355555
9.64,5.540848,0.008033333,19.01458,0.5355555,0.008033333,0.5355555
9.65,5.536079,0.008033333,18.99821,0.5355555,0.008033333,0.5355555
9.66,5.528132,0.008066666,18.97094,0.5377778,0.008066666,0.5377778
9.67,5.520185,0.008066666,18.94367,0.5377778,0.008066666,0.5377778
9.68,5.523364,0.008066666,18.95457,0.5377778,0.008066666,0.5377778
9.69,5.529722,0.008066666,18.97639,0.5377778,0.008066666,0.5377778
9.7,5.545616,0.0081,19.03094,0.54,0.0081,0.54
9.71,5.566279,0.0081,19.10185,0.54,0.0081,0.54
9.72,5.577405,0.0081,19.14003,0.54,0.0081,0.54
9.73,5.574226,0.0081,19.12912,0.54,0.0081,0.54
9.74,5.569458,0.008133333,19.11276,0.5422222,0.008133333,0.5422222
9.75,5.558332,0.008133333,19.07458,0.5422222,0.008133333,0.5422222
9.76,5.545616,0.008133333,19.03094,0.5422222,0.008133333,0.5422222
9.77,5.540848,0.008133333,19.01458,0.5422222,0.008133333,0.5422222
9.78,5.545616,0.008166667,19.03094,0.5444444,0.008166667,0.5444444
9.79,5.556742,0.008166667,19.06912,0.5444444,0.008166667,0.5444444
9.8,5.569458,0.008166667,19.11276,0.5444444,0.008166667,0.5444444
9.81,5.590121,0.008166667,19.18367,0.5444444,0.008166667,0.5444444
9.82,5.606016,0.0082,19.23821,0.5466667,0.0082,0.5466667
9.83,5.613963,0.0082,19.26549,0.5466667,0.0082,0.5466667
9.84,5.615552,0.0082,19.27094,0.5466667,0.0082,0.5466667
9.85,5.62191,0.0082,19.29276,0.5466667,0.0082,0.5466667
9.86,5.629858,0.008233333,19.32003,0.5488889,0.008233333,0.5488889
9.87,5.634626,0.008233333,19.3364,0.5488889,0.008233333,0.5488889
9.88,5.631447,0.008233333,19.32549,0.5488889,0.008233333,0.5488889
9.89,5.631447,0.008233333,19.32549,0.5488889,0.008233333,0.5488889
9.9,5.647341,0.008266667,19.38003,0.5511111,0.008266667,0.5511111
9.91,5.666415,0.008266667,19.44549,0.5511111,0.008266667,0.5511111
9.92,5.666415,0.008266667,19.44549,0.5511111,0.008266667,0.5511111
9.93,5.666415,0.008266667,19.44549,0.5511111,0.008266667,0.5511111
9.94,5.675951,0.0083,19.47821,0.5533333,0.0083,0.5533333
9.95,5.68072,0.0083,19.49458,0.5533333,0.0083,0.5533333
9.96,5.675951,0.0083,19.47821,0.5533333,0.0083,0.5533333
9.97,5.668005,0.0083,19.45094,0.5533333,0.0083,0.5533333
9.98,5.666415,0.008333334,19.44549,0.5555556,0.008333334,0.5555556
9.99,5.658468,0.008333334,19.41821,0.5555556,0.008333334,0.5555556
10.0,5.65052,0.008333334,19.39094,0.5555556,0.008333334,0.5555556
10.01,5.65052,0.008333334,19.39094,0.5555556,0.008333334,0.5555556
10.02,5.666415,0.008366667,19.44549,0.5577778,0.008366667,0.5577778
10.03,5.683899,0.008366667,19.50549,0.5577778,0.008366667,0.5577778
10.04,5.696615,0.008366667,19.54912,0.5577778,0.008366667,0.5577778
10.05,5.704562,0.008366667,19.5764,0.5577778,0.008366667,0.5577778
10.06,5.712509,0.0084,19.60367,0.56,0.0084,0.56
10.07,5.720457,0.0084,19.63094,0.56,0.0084,0.56
10.08,5.720457,0.0084,19.63094,0.56,0.0084,0.56
10.09,5.715688,0.0084,19.61458,0.56,0.0084,0.56
10.1,5.715688,0.008433334,19.61458,0.5622222,0.008433334,0.5622222
10.11,5.723635,0.008433334,19.64185,0.5622222,0.008433334,0.5622222
10.12,5.741119,0.008433334,19.70185,0.5622222,0.008433334,0.5622222
10.13,5.758604,0.008433334,19.76185,0.5622222,0.008433334,0.5622222
10.14,5.76973,0.008466667,19.80003,0.5644444,0.008466667,0.5644444
10.15,5.774498,0.008466667,19.81639,0.5644444,0.008466667,0.5644444
10.16,5.772909,0.008466667,19.81094,0.5644444,0.008466667,0.5644444
10.17,5.758604,0.008466667,19.76185,0.5644444,0.008466667,0.5644444
10.18,5.741119,0.0085,19.70185,0.5666667,0.0085,0.5666667
10.19,5.725225,0.0085,19.6473,0.5666667,0.0085,0.5666667
10.2,5.720457,0.0085,19.63094,0.5666667,0.0085,0.5666667
10.21,5.73794,0.0085,19.69094,0.5666667,0.0085,0.5666667
10.22,5.76973,0.008533333,19.80003,0.5688889,0.008533333,0.5688889
10.23,5.790392,0.008533333,19.87094,0.5688889,0.008533333,0.5688889
10.24,5.79834,0.008533333,19.89821,0.5688889,0.008533333,0.5688889
10.25,5.801519,0.008533333,19.90912,0.5688889,0.008533333,0.5688889
10.26,5.809466,0.008566666,19.9364,0.5711111,0.008566666,0.5711111
10.27,5.819003,0.008566666,19.96912,0.5711111,0.008566666,0.5711111
10.28,5.822182,0.008566666,19.98003,0.5711111,0.008566666,0.5711111
10.29,5.814234,0.008566666,19.95276,0.5711111,0.008566666,0.5711111
10.3,5.819003,0.0086,19.96912,0.5733334,0.0086,0.5733334
10.31,5.847613,0.0086,20.0673,0.5733334,0.0086,0.5733334
10.32,5.876223,0.0086,20.16549,0.5733334,0.0086,0.5733334
10.33,5.884171,0.0086,20.19276,0.5733334,0.0086,0.5733334
10.34,5.873044,0.008633333,20.15458,0.5755556,0.008633333,0.5755556
10.35,5.871455,0.008633333,20.14912,0.5755556,0.008633333,0.5755556
10.36,5.879402,0.008633333,20.1764,0.5755556,0.008633333,0.5755556
10.37,5.888939,0.008633333,20.20912,0.5755556,0.008633333,0.5755556
10.38,5.888939,0.008666667,20.20912,0.5777778,0.008666667,0.5777778
10.39,5.879402,0.008666667,20.1764,0.5777778,0.008666667,0.5777778
10.4,5.866686,0.008666667,20.13276,0.5777778,0.008666667,0.5777778
10.41,5.863508,0.008666667,20.12185,0.5777778,0.008666667,0.5777778
10.42,5.863508,0.0087,20.12185,0.58,0.0087,0.58
10.43,5.858739,0.0087,20.10549,0.58,0.0087,0.58
10.44,5.85556,0.0087,20.09458,0.58,0.0087,0.58
10.45,5.858739,0.0087,20.10549,0.58,0.0087,0.58
10.46,5.871455,0.008733333,20.14912,0.5822222,0.008733333,0.5822222
10.47,5.888939,0.008733333,20.20912,0.5822222,0.008733333,0.5822222
10.48,5.908012,0.008733333,20.27458,0.5822222,0.008733333,0.5822222
10.49,5.908012,0.008733333,20.27458,0.5822222,0.008733333,0.5822222
10.5,5.892118,0.008766667,20.22003,0.5844445,0.008766667,0.5844445
10.51,5.876223,0.008766667,20.16549,0.5844445,0.008766667,0.5844445
10.52,5.868276,0.008766667,20.13821,0.5844445,0.008766667,0.5844445
10.53,5.868276,0.008766667,20.13821,0.5844445,0.008766667,0.5844445
10.54,5.880991,0.0088,20.18185,0.5866666,0.0088,0.5866666
10.55,5.901655,0.0088,20.25276,0.5866666,0.0088,0.5866666
10.56,5.917549,0.0088,20.30731,0.5866666,0.0088,0.5866666
10.57,5.91596,0.0088,20.30185,0.5866666,0.0088,0.5866666
10.58,5.908012,0.008833334,20.27458,0.5888889,0.008833334,0.5888889
10.59,5.912781,0.008833334,20.29094,0.5888889,0.008833334,0.5888889
10.6,5.933444,0.008833334,20.36185,0.5888889,0.008833334,0.5888889
10.61,5.962054,0.008833334,20.46003,0.5888889,0.008833334,0.5888889
10.62,5.977949,0.008866667,20.51458,0.5911111,0.008866667,0.5911111
10.63,5.97318,0.008866667,20.49821,0.5911111,0.008866667,0.5911111
10.64,5.960464,0.008866667,20.45458,0.5911111,0.008866667,0.5911111
10.65,5.952517,0.008866667,20.42731,0.5911111,0.008866667,0.5911111
10.66,5.954107,0.0089,20.43276,0.5933333,0.0089,0.5933333
10.67,5.965233,0.0089,20.47094,0.5933333,0.0089,0.5933333
10.68,5.981127,0.0089,20.52549,0.5933333,0.0089,0.5933333
10.69,6.001791,0.0089,20.5964,0.5933333,0.0089,0.5933333
10.7,6.019274,0.008933334,20.6564,0.5955556,0.008933334,0.5955556
10.71,6.030401,0.008933334,20.69458,0.5955556,0.008933334,0.5955556
10.72,6.027222,0.008933334,20.68367,0.5955556,0.008933334,0.5955556
10.73,6.024043,0.008933334,20.67276,0.5955556,0.008933334,0.5955556
10.74,6.024043,0.008966667,20.67276,0.5977778,0.008966667,0.5977778
10.75,6.022453,0.008966667,20.66731,0.5977778,0.008966667,0.5977778
10.76,6.022453,0.008966667,20.66731,0.5977778,0.008966667,0.5977778
10.77,6.027222,0.008966667,20.68367,0.5977778,0.008966667,0.5977778
10.78,6.039937,0.009000001,20.72731,0.6,0.009000001,0.6
10.79,6.055832,0.009000001,20.78185,0.6,0.009000001,0.6
10.8,6.066958,0.009000001,20.82003,0.6,0.009000001,0.6
10.81,6.063779,0.009000001,20.80913,0.6,0.009000001,0.6
10.82,6.059011,0.009033334,20.79276,0.6022222,0.009033334,0.6022222
10.83,6.047884,0.009033334,20.75458,0.6022222,0.009033334,0.6022222
10.84,6.038348,0.009033334,20.72185,0.6022222,0.009033334,0.6022222
10.85,6.038348,0.009033334,20.72185,0.6022222,0.009033334,0.6022222
10.86,6.052653,0.009066666,20.77094,0.6044444,0.009066666,0.6044444
10.87,6.074905,0.009066666,20.84731,0.6044444,0.009066666,0.6044444
10.88,6.084442,0.009066666,20.88003,0.6044444,0.009066666,0.6044444
10.89,6.081263,0.009066666,20.86912,0.6044444,0.009066666,0.6044444
10.9,6.076495,0.0091,20.85276,0.6066667,0.0091,0.6066667
10.91,6.074905,0.0091,20.84731,0.6066667,0.0091,0.6066667
10.92,6.079674,0.0091,20.86367,0.6066667,0.0091,0.6066667
10.93,6.097158,0.0091,20.92367,0.6066667,0.0091,0.6066667
10.94,6.109873,0.009133333,20.96731,0.6088889,0.009133333,0.6088889
10.95,6.113052,0.009133333,20.97822,0.6088889,0.009133333,0.6088889
10.96,6.108284,0.009133333,20.96185,0.6088889,0.009133333,0.6088889
10.97,6.100337,0.009133333,20.93458,0.6088889,0.009133333,0.6088889
10.98,6.103516,0.009166666,20.94549,0.6111111,0.009166666,0.6111111
10.99,6.116231,0.009166666,20.98913,0.6111111,0.009166666,0.6111111
11.0,6.125768,0.009166666,21.02185,0.6111111,0.009166666,0.6111111
11.01,6.133715,0.009166666,21.04912,0.6111111,0.009166666,0.6111111
11.02,6.136894,0.0092,21.06003,0.6133333,0.0092,0.6133333
11.03,6.138484,0.0092,21.06549,0.6133333,0.0092,0.6133333
11.04,6.141663,0.0092,21.0764,0.6133333,0.0092,0.6133333
11.05,6.146431,0.0092,21.09276,0.6133333,0.0092,0.6133333
11.06,6.152789,0.009233333,21.11458,0.6155555,0.009233333,0.6155555
11.07,6.152789,0.009233333,21.11458,0.6155555,0.009233333,0.6155555
11.08,6.14961,0.009233333,21.10367,0.6155555,0.009233333,0.6155555
11.09,6.146431,0.009233333,21.09276,0.6155555,0.009233333,0.6155555
11.1,6.14961,0.009266667,21.10367,0.6177778,0.009266667,0.6177778
11.11,6.162325,0.009266667,21.14731,0.6177778,0.009266667,0.6177778
11.12,6.181399,0.009266667,21.21276,0.6177778,0.009266667,0.6177778
11.13,6.194115,0.009266667,21.2564,0.6177778,0.009266667,0.6177778
11.14,6.190936,0.0093,21.24549,0.62,0.0093,0.62
11.15,6.175041,0.0093,21.19094,0.62,0.0093,0.62
11.16,6.165504,0.0093,21.15822,0.62,0.0093,0.62
11.17,6.175041,0.0093,21.19094,0.62,0.0093,0.62
11.18,6.190936,0.009333333,21.24549,0.6222222,0.009333333,0.6222222
11.19,6.203651,0.009333333,21.28913,0.6222222,0.009333333,0.6222222
11.2,6.206831,0.009333333,21.30004,0.6222222,0.009333333,0.6222222
11.21,6.210009,0.009333333,21.31094,0.6222222,0.009333333,0.6222222
11.22,6.211599,0.009366667,21.3164,0.6244445,0.009366667,0.6244445
11.23,6.210009,0.009366667,21.31094,0.6244445,0.009366667,0.6244445
11.24,6.206831,0.009366667,21.30004,0.6244445,0.009366667,0.6244445
11.25,6.206831,0.009366667,21.30004,0.6244445,0.009366667,0.6244445
11.26,6.210009,0.0094,21.31094,0.6266667,0.0094,0.6266667
11.27,6.219546,0.0094,21.34367,0.6266667,0.0094,0.6266667
11.28,6.232262,0.0094,21.38731,0.6266667,0.0094,0.6266667
11.29,6.243388,0.0094,21.42549,0.6266667,0.0094,0.6266667
11.3,6.246567,0.009433334,21.4364,0.6288889,0.009433334,0.6288889
11.31,6.243388,0.009433334,21.42549,0.6288889,0.009433334,0.6288889
11.32,6.243388,0.009433334,21.42549,0.6288889,0.009433334,0.6288889
11.33,6.246567,0.009433334,21.4364,0.6288889,0.009433334,0.6288889
11.34,6.256104,0.009466667,21.46913,0.6311111,0.009466667,0.6311111
11.35,6.276766,0.009466667,21.54003,0.6311111,0.009466667,0.6311111
11.36,6.29584,0.009466667,21.60549,0.6311111,0.009466667,0.6311111
11.37,6.29743,0.009466667,21.61094,0.6311111,0.009466667,0.6311111
11.38,6.29743,0.0095,21.61094,0.6333333,0.0095,0.6333333
11.39,6.303787,0.0095,21.63276,0.6333333,0.0095,0.6333333
11.4,6.313324,0.0095,21.66549,0.6333333,0.0095,0.6333333
11.41,6.32604,0.0095,21.70913,0.6333333,0.0095,0.6333333
11.42,6.341934,0.009533334,21.76367,0.6355556,0.009533334,0.6355556
11.43,6.361008,0.009533334,21.82913,0.6355556,0.009533334,0.6355556
11.44,6.370544,0.009533334,21.86185,0.6355556,0.009533334,0.6355556
11.45,6.373724,0.009533334,21.87276,0.6355556,0.009533334,0.6355556
11.46,6.365776,0.009566667,21.84549,0.6377777,0.009566667,0.6377777
11.47,6.35465,0.009566667,21.80731,0.6377777,0.009566667,0.6377777
11.48,6.346703,0.009566667,21.78004,0.6377777,0.009566667,0.6377777
11.49,6.341934,0.009566667,21.76367,0.6377777,0.009566667,0.6377777
11.5,6.341934,0.0096,21.76367,0.64,0.0096,0.64
11.51,6.345113,0.0096,21.77458,0.64,0.0096,0.64
11.52,6.341934,0.0096,21.76367,0.64,0.0096,0.64
11.53,6.333987,0.0096,21.7364,0.64,0.0096,0.64
11.54,6.329218,0.009633333000000001,21.72003,0.6422222,0.009633333000000001,0.6422222
11.55,6.333987,0.009633333000000001,21.7364,0.6422222,0.009633333000000001,0.6422222
11.56,6.349882,0.009633333000000001,21.79095,0.6422222,0.009633333000000001,0.6422222
11.57,6.375313,0.009633333000000001,21.87822,0.6422222,0.009633333000000001,0.6422222
11.58,6.395976,0.009666666,21.94913,0.6444444,0.009666666,0.6444444
11.59,6.403923,0.009666666,21.9764,0.6444444,0.009666666,0.6444444
11.6,6.389618,0.009666666,21.92731,0.6444444,0.009666666,0.6444444
11.61,6.370544,0.009666666,21.86185,0.6444444,0.009666666,0.6444444
11.62,6.367365,0.0097,21.85094,0.6466667,0.0097,0.6466667
11.63,6.378492,0.0097,21.88913,0.6466667,0.0097,0.6466667
11.64,6.394386,0.0097,21.94367,0.6466667,0.0097,0.6466667
11.65,6.402334,0.0097,21.97095,0.6466667,0.0097,0.6466667
11.66,6.403923,0.009733333,21.9764,0.6488889,0.009733333,0.6488889
11.67,6.407102,0.009733333,21.98731,0.6488889,0.009733333,0.6488889
11.68,6.410281,0.009733333,21.99822,0.6488889,0.009733333,0.6488889
11.69,6.41187,0.009733333,22.00367,0.6488889,0.009733333,0.6488889
11.7,6.424586,0.009766667,22.04731,0.6511111,0.009766667,0.6511111
11.71,6.443659,0.009766667,22.11276,0.6511111,0.009766667,0.6511111
11.72,6.459554,0.009766667,22.16731,0.6511111,0.009766667,0.6511111
11.73,6.464323,0.009766667,22.18367,0.6511111,0.009766667,0.6511111
11.74,6.461143,0.0098,22.17276,0.6533334,0.0098,0.6533334
11.75,6.454786,0.0098,22.15095,0.6533334,0.0098,0.6533334
11.76,6.448428,0.0098,22.12913,0.6533334,0.0098,0.6533334
11.77,6.451607,0.0098,22.14004,0.6533334,0.0098,0.6533334
11.78,6.454786,0.009833333,22.15095,0.6555555,0.009833333,0.6555555
11.79,6.438891,0.009833333,22.0964,0.6555555,0.009833333,0.6555555
11.8,6.415049,0.009833333,22.01458,0.6555555,0.009833333,0.6555555
11.81,6.403923,0.009833333,21.9764,0.6555555,0.009833333,0.6555555
11.82,6.415049,0.009866667,22.01458,0.6577778,0.009866667,0.6577778
11.83,6.438891,0.009866667,22.0964,0.6577778,0.009866667,0.6577778
11.84,6.459554,0.009866667,22.16731,0.6577778,0.009866667,0.6577778
11.85,6.477038,0.009866667,22.22731,0.6577778,0.009866667,0.6577778
11.86,6.484985,0.0099,22.25458,0.66,0.0099,0.66
11.87,6.488164,0.0099,22.26549,0.66,0.0099,0.66
11.88,6.489754,0.0099,22.27094,0.66,0.0099,0.66
11.89,6.484985,0.0099,22.25458,0.66,0.0099,0.66
11.9,6.484985,0.009933334,22.25458,0.6622223,0.009933334,0.6622223
11.91,6.496111,0.009933334,22.29276,0.6622223,0.009933334,0.6622223
11.92,6.505648,0.009933334,22.32549,0.6622223,0.009933334,0.6622223
11.93,6.508827,0.009933334,22.3364,0.6622223,0.009933334,0.6622223
11.94,6.505648,0.009966667,22.32549,0.6644444,0.009966667,0.6644444
11.95,6.508827,0.009966667,22.3364,0.6644444,0.009966667,0.6644444
11.96,6.524722,0.009966667,22.39095,0.6644444,0.009966667,0.6644444
11.97,6.537437,0.009966667,22.43458,0.6644444,0.009966667,0.6644444
11.98,6.532669,0.01,22.41822,0.6666666,0.01,0.6666666
11.99,6.524722,0.01,22.39095,0.6666666,0.01,0.6666666
12.0,6.526311,0.01,22.3964,0.6666666,0.01,0.6666666
12.01,6.545385,0.01,22.46185,0.6666666,0.01,0.6666666
12.02,6.561279,0.01003333,22.5164,0.6688889,0.01003333,0.6688889
12.03,6.561279,0.01003333,22.5164,0.6688889,0.01003333,0.6688889
12.04,6.550153,0.01003333,22.47822,0.6688889,0.01003333,0.6688889
12.05,6.550153,0.01003333,22.47822,0.6688889,0.01003333,0.6688889
12.06,6.561279,0.01006667,22.5164,0.6711111,0.01006667,0.6711111
12.07,6.573995,0.01006667,22.56004,0.6711111,0.01006667,0.6711111
12.08,6.583532,0.01006667,22.59276,0.6711111,0.01006667,0.6711111
12.09,6.594658,0.01006667,22.63095,0.6711111,0.01006667,0.6711111
12.1,6.607374,0.0101,22.67458,0.6733333,0.0101,0.6733333
12.11,6.607374,0.0101,22.67458,0.6733333,0.0101,0.6733333
12.12,6.599426,0.0101,22.64731,0.6733333,0.0101,0.6733333
12.13,6.58989,0.0101,22.61458,0.6733333,0.0101,0.6733333
12.14,6.591479,0.01013333,22.62004,0.6755556,0.01013333,0.6755556
12.15,6.602605,0.01013333,22.65822,0.6755556,0.01013333,0.6755556
12.16,6.612142,0.01013333,22.69095,0.6755556,0.01013333,0.6755556
12.17,6.612142,0.01013333,22.69095,0.6755556,0.01013333,0.6755556
12.18,6.615321,0.01016667,22.70185,0.6777778,0.01016667,0.6777778
12.19,6.635984,0.01016667,22.77276,0.6777778,0.01016667,0.6777778
12.2,6.669363,0.01016667,22.88731,0.6777778,0.01016667,0.6777778
12.21,6.685257,0.01016667,22.94185,0.6777778,0.01016667,0.6777778
12.22,6.67572,0.0102,22.90913,0.68,0.0102,0.68
12.23,6.656647,0.0102,22.84367,0.68,0.0102,0.68
12.24,6.648699,0.0102,22.8164,0.68,0.0102,0.68
12.25,6.64711,0.0102,22.81095,0.68,0.0102,0.68
12.26,6.651878,0.01023333,22.82731,0.6822222,0.01023333,0.6822222
12.27,6.656647,0.01023333,22.84367,0.6822222,0.01023333,0.6822222
12.28,6.664594,0.01023333,22.87095,0.6822222,0.01023333,0.6822222
12.29,6.667773,0.01023333,22.88186,0.6822222,0.01023333,0.6822222
12.3,6.659826,0.01026667,22.85458,0.6844445,0.01026667,0.6844445
12.31,6.655057,0.01026667,22.83822,0.6844445,0.01026667,0.6844445
12.32,6.656647,0.01026667,22.84367,0.6844445,0.01026667,0.6844445
12.33,6.664594,0.01026667,22.87095,0.6844445,0.01026667,0.6844445
12.34,6.664594,0.0103,22.87095,0.6866667,0.0103,0.6866667
12.35,6.659826,0.0103,22.85458,0.6866667,0.0103,0.6866667
12.36,6.64711,0.0103,22.81095,0.6866667,0.0103,0.6866667
12.37,6.640752,0.0103,22.78913,0.6866667,0.0103,0.6866667
12.38,6.655057,0.01033333,22.83822,0.6888889,0.01033333,0.6888889
12.39,6.680489,0.01033333,22.92549,0.6888889,0.01033333,0.6888889
12.4,6.70592,0.01033333,23.01276,0.6888889,0.01033333,0.6888889
12.41,6.732941,0.01033333,23.10549,0.6888889,0.01033333,0.6888889
12.42,6.761551,0.01036667,23.20367,0.6911111,0.01036667,0.6911111
12.43,6.786982,0.01036667,23.29095,0.6911111,0.01036667,0.6911111
12.44,6.799698,0.01036667,23.33458,0.6911111,0.01036667,0.6911111
12.45,6.802877,0.01036667,23.34549,0.6911111,0.01036667,0.6911111
12.46,6.799698,0.0104,23.33458,0.6933333,0.0104,0.6933333
12.47,6.790161,0.0104,23.30186,0.6933333,0.0104,0.6933333
12.48,6.775856,0.0104,23.25277,0.6933333,0.0104,0.6933333
12.49,6.766319,0.0104,23.22004,0.6933333,0.0104,0.6933333
12.5,6.76314,0.01043333,23.20913,0.6955555,0.01043333,0.6955555
12.51,6.76314,0.01043333,23.20913,0.6955555,0.01043333,0.6955555
12.52,6.76314,0.01043333,23.20913,0.6955555,0.01043333,0.6955555
12.53,6.774267,0.01043333,23.24731,0.6955555,0.01043333,0.6955555
12.54,6.79175,0.01046667,23.30731,0.6977778,0.01046667,0.6977778
12.55,6.804466,0.01046667,23.35095,0.6977778,0.01046667,0.6977778
12.56,6.802877,0.01046667,23.34549,0.6977778,0.01046667,0.6977778
12.57,6.790161,0.01046667,23.30186,0.6977778,0.01046667,0.6977778
12.58,6.775856,0.0105,23.25277,0.7,0.0105,0.7
12.59,6.774267,0.0105,23.24731,0.7,0.0105,0.7
12.6,6.786982,0.0105,23.29095,0.7,0.0105,0.7
12.61,6.810824,0.0105,23.37276,0.7,0.0105,0.7
12.62,6.833076,0.01053333,23.44913,0.7022222,0.01053333,0.7022222
12.63,6.85215,0.01053333,23.51458,0.7022222,0.01053333,0.7022222
12.64,6.861687,0.01053333,23.54731,0.7022222,0.01053333,0.7022222
12.65,6.868044,0.01053333,23.56913,0.7022222,0.01053333,0.7022222
12.66,6.868044,0.01056667,23.56913,0.7044445,0.01056667,0.7044445
12.67,6.872813,0.01056667,23.58549,0.7044445,0.01056667,0.7044445
12.68,6.875992,0.01056667,23.5964,0.7044445,0.01056667,0.7044445
12.69,6.88076,0.01056667,23.61277,0.7044445,0.01056667,0.7044445
12.7,6.883939,0.0106,23.62367,0.7066666,0.0106,0.7066666
12.71,6.885529,0.0106,23.62913,0.7066666,0.0106,0.7066666
12.72,6.888708,0.0106,23.64004,0.7066666,0.0106,0.7066666
12.73,6.890297,0.0106,23.64549,0.7066666,0.0106,0.7066666
12.74,6.890297,0.01063333,23.64549,0.7088889,0.01063333,0.7088889
12.75,6.888708,0.01063333,23.64004,0.7088889,0.01063333,0.7088889
12.76,6.888708,0.01063333,23.64004,0.7088889,0.01063333,0.7088889
12.77,6.896655,0.01063333,23.66731,0.7088889,0.01063333,0.7088889
12.78,6.917318,0.01066667,23.73822,0.7111111,0.01066667,0.7111111
12.79,6.930033,0.01066667,23.78186,0.7111111,0.01066667,0.7111111
12.8,6.930033,0.01066667,23.78186,0.7111111,0.01066667,0.7111111
12.81,6.917318,0.01066667,23.73822,0.7111111,0.01066667,0.7111111
12.82,6.906191,0.0107,23.70004,0.7133334,0.0107,0.7133334
12.83,6.904602,0.0107,23.69458,0.7133334,0.0107,0.7133334
12.84,6.904602,0.0107,23.69458,0.7133334,0.0107,0.7133334
12.85,6.912549,0.0107,23.72186,0.7133334,0.0107,0.7133334
12.86,6.933212,0.01073333,23.79277,0.7155555,0.01073333,0.7155555
12.87,6.958643,0.01073333,23.88004,0.7155555,0.01073333,0.7155555
12.88,6.977717,0.01073333,23.94549,0.7155555,0.01073333,0.7155555
12.89,6.990433,0.01073333,23.98913,0.7155555,0.01073333,0.7155555
12.9,6.99838,0.01076667,24.0164,0.7177777,0.01076667,0.7177777
12.91,6.995201,0.01076667,24.00549,0.7177777,0.01076667,0.7177777
12.92,6.977717,0.01076667,23.94549,0.7177777,0.01076667,0.7177777
12.93,6.961823,0.01076667,23.89095,0.7177777,0.01076667,0.7177777
12.94,6.950696,0.0108,23.85277,0.72,0.0108,0.72
12.95,6.949107,0.0108,23.84731,0.72,0.0108,0.72
12.96,6.950696,0.0108,23.85277,0.72,0.0108,0.72
12.97,6.963412,0.0108,23.8964,0.72,0.0108,0.72
12.98,6.979307,0.01083333,23.95095,0.7222222,0.01083333,0.7222222
12.99,6.984075,0.01083333,23.96731,0.7222222,0.01083333,0.7222222
13.0,6.982485,0.01083333,23.96186,0.7222222,0.01083333,0.7222222
13.01,6.971359,0.01083333,23.92368,0.7222222,0.01083333,0.7222222
13.02,6.96977,0.01086667,23.91822,0.7244444,0.01086667,0.7244444
13.03,6.96977,0.01086667,23.91822,0.7244444,0.01086667,0.7244444
13.04,6.963412,0.01086667,23.8964,0.7244444,0.01086667,0.7244444
13.05,6.966591,0.01086667,23.90731,0.7244444,0.01086667,0.7244444
13.06,6.984075,0.0109,23.96731,0.7266667,0.0109,0.7266667
13.07,7.003149,0.0109,24.03277,0.7266667,0.0109,0.7266667
13.08,7.003149,0.0109,24.03277,0.7266667,0.0109,0.7266667
13.09,6.990433,0.0109,23.98913,0.7266667,0.0109,0.7266667
13.1,6.995201,0.01093333,24.00549,0.7288889,0.01093333,0.7288889
13.11,7.023811,0.01093333,24.10368,0.7288889,0.01093333,0.7288889
13.12,7.049242,0.01093333,24.19095,0.7288889,0.01093333,0.7288889
13.13,7.05719,0.01093333,24.21822,0.7288889,0.01093333,0.7288889
13.14,7.05719,0.01096667,24.21822,0.7311111,0.01096667,0.7311111
13.15,7.05719,0.01096667,24.21822,0.7311111,0.01096667,0.7311111
13.16,7.05719,0.01096667,24.21822,0.7311111,0.01096667,0.7311111
13.17,7.055601,0.01096667,24.21277,0.7311111,0.01096667,0.7311111
13.18,7.052422,0.011,24.20186,0.7333333,0.011,0.7333333
13.19,7.05719,0.011,24.21822,0.7333333,0.011,0.7333333
13.2,7.073084,0.011,24.27277,0.7333333,0.011,0.7333333
13.21,7.088979,0.011,24.32731,0.7333333,0.011,0.7333333
13.22,7.092158,0.01103333,24.33822,0.7355556,0.01103333,0.7355556
13.23,7.081032,0.01103333,24.30004,0.7355556,0.01103333,0.7355556
13.24,7.081032,0.01103333,24.30004,0.7355556,0.01103333,0.7355556
13.25,7.096926,0.01103333,24.35458,0.7355556,0.01103333,0.7355556
13.26,7.117589,0.01106667,24.4255,0.7377778,0.01106667,0.7377778
13.27,7.127126,0.01106667,24.45822,0.7377778,0.01106667,0.7377778
13.28,7.122358,0.01106667,24.44186,0.7377778,0.01106667,0.7377778
13.29,7.11441,0.01106667,24.41459,0.7377778,0.01106667,0.7377778
13.3,7.117589,0.0111,24.4255,0.74,0.0111,0.74
13.31,7.125536,0.0111,24.45277,0.74,0.0111,0.74
13.32,7.117589,0.0111,24.4255,0.74,0.0111,0.74
13.33,7.101695,0.0111,24.37095,0.74,0.0111,0.74
13.34,7.109642,0.01113333,24.39822,0.7422222,0.01113333,0.7422222
13.35,7.143021,0.01113333,24.51277,0.7422222,0.01113333,0.7422222
13.36,7.17481,0.01113333,24.62186,0.7422222,0.01113333,0.7422222
13.37,7.17481,0.01113333,24.62186,0.7422222,0.01113333,0.7422222
13.38,7.155736,0.01116667,24.5564,0.7444444,0.01116667,0.7444444
13.39,7.149378,0.01116667,24.53458,0.7444444,0.01116667,0.7444444
13.4,7.150968,0.01116667,24.54004,0.7444444,0.01116667,0.7444444
13.41,7.154147,0.01116667,24.55095,0.7444444,0.01116667,0.7444444
13.42,7.138252,0.0112,24.4964,0.7466667,0.0112,0.7466667
13.43,7.122358,0.0112,24.44186,0.7466667,0.0112,0.7466667
13.44,7.122358,0.0112,24.44186,0.7466667,0.0112,0.7466667
13.45,7.138252,0.0112,24.4964,0.7466667,0.0112,0.7466667
13.46,7.1462,0.01123333,24.52368,0.7488889,0.01123333,0.7488889
13.47,7.141431,0.01123333,24.50731,0.7488889,0.01123333,0.7488889
13.48,7.141431,0.01123333,24.50731,0.7488889,0.01123333,0.7488889
13.49,7.150968,0.01123333,24.54004,0.7488889,0.01123333,0.7488889
13.5,7.163683,0.01126667,24.58368,0.7511111,0.01126667,0.7511111
13.51,7.166862,0.01126667,24.59459,0.7511111,0.01126667,0.7511111
13.52,7.154147,0.01126667,24.55095,0.7511111,0.01126667,0.7511111
13.53,7.141431,0.01126667,24.50731,0.7511111,0.01126667,0.7511111
13.54,7.150968,0.0113,24.54004,0.7533333,0.0113,0.7533333
13.55,7.184347,0.0113,24.65458,0.7533333,0.0113,0.7533333
13.56,7.227262,0.0113,24.80186,0.7533333,0.0113,0.7533333
13.57,7.252693,0.0113,24.88913,0.7533333,0.0113,0.7533333
13.58,7.263819,0.01133333,24.92731,0.7555556,0.01133333,0.7555556
13.59,7.260641,0.01133333,24.9164,0.7555556,0.01133333,0.7555556
13.6,7.257462,0.01133333,24.90549,0.7555556,0.01133333,0.7555556
13.61,7.257462,0.01133333,24.90549,0.7555556,0.01133333,0.7555556
13.62,7.255872,0.01136667,24.90004,0.7577778,0.01136667,0.7577778
13.63,7.252693,0.01136667,24.88913,0.7577778,0.01136667,0.7577778
13.64,7.255872,0.01136667,24.90004,0.7577778,0.01136667,0.7577778
13.65,7.270177,0.01136667,24.94913,0.7577778,0.01136667,0.7577778
13.66,7.284482,0.0114,24.99822,0.76,0.0114,0.76
13.67,7.292429,0.0114,25.02549,0.76,0.0114,0.76
13.68,7.298788,0.0114,25.04731,0.76,0.0114,0.76
13.69,7.313093,0.0114,25.09641,0.76,0.0114,0.76
13.7,7.327398,0.01143333,25.1455,0.7622222,0.01143333,0.7622222
13.71,7.335345,0.01143333,25.17277,0.7622222,0.01143333,0.7622222
13.72,7.327398,0.01143333,25.1455,0.7622222,0.01143333,0.7622222
13.73,7.313093,0.01143333,25.09641,0.7622222,0.01143333,0.7622222
13.74,7.297198,0.01146667,25.04186,0.7644445,0.01146667,0.7644445
13.75,7.292429,0.01146667,25.02549,0.7644445,0.01146667,0.7644445
13.76,7.301966,0.01146667,25.05822,0.7644445,0.01146667,0.7644445
13.77,7.322629,0.01146667,25.12913,0.7644445,0.01146667,0.7644445
13.78,7.34965,0.0115,25.22186,0.7666667,0.0115,0.7666667
13.79,7.37826,0.0115,25.32004,0.7666667,0.0115,0.7666667
13.8,7.395744,0.0115,25.38004,0.7666667,0.0115,0.7666667
13.81,7.395744,0.0115,25.38004,0.7666667,0.0115,0.7666667
13.82,7.384618,0.01153333,25.34186,0.768889,0.01153333,0.768889
13.83,7.387797,0.01153333,25.35277,0.768889,0.01153333,0.768889
13.84,7.400513,0.01153333,25.3964,0.768889,0.01153333,0.768889
13.85,7.40687,0.01153333,25.41822,0.768889,0.01153333,0.768889
13.86,7.398923,0.01156667,25.39095,0.7711111,0.01156667,0.7711111
13.87,7.387797,0.01156667,25.35277,0.7711111,0.01156667,0.7711111
13.88,7.383029,0.01156667,25.3364,0.7711111,0.01156667,0.7711111
13.89,7.37985,0.01156667,25.3255,0.7711111,0.01156667,0.7711111
13.9,7.37985,0.0116,25.3255,0.7733333,0.0116,0.7733333
13.91,7.384618,0.0116,25.34186,0.7733333,0.0116,0.7733333
13.92,7.387797,0.0116,25.35277,0.7733333,0.0116,0.7733333
13.93,7.390976,0.0116,25.36368,0.7733333,0.0116,0.7733333
13.94,7.403692,0.01163333,25.40731,0.7755556,0.01163333,0.7755556
13.95,7.424355,0.01163333,25.47822,0.7755556,0.01163333,0.7755556
13.96,7.440249,0.01163333,25.53277,0.7755556,0.01163333,0.7755556
13.97,7.445017,0.01163333,25.54913,0.7755556,0.01163333,0.7755556
13.98,7.435481,0.01166667,25.51641,0.7777778,0.01166667,0.7777778
13.99,7.432302,0.01166667,25.5055,0.7777778,0.01166667,0.7777778
14.0,7.443428,0.01166667,25.54368,0.7777778,0.01166667,0.7777778
14.01,7.460912,0.01166667,25.60368,0.7777778,0.01166667,0.7777778
14.02,7.473628,0.0117,25.64731,0.78,0.0117,0.78
14.03,7.484754,0.0117,25.6855,0.78,0.0117,0.78
14.04,7.484754,0.0117,25.6855,0.78,0.0117,0.78
14.05,7.481575,0.0117,25.67459,0.78,0.0117,0.78
14.06,7.481575,0.01173333,25.67459,0.7822222,0.01173333,0.7822222
14.07,7.484754,0.01173333,25.6855,0.7822222,0.01173333,0.7822222
14.08,7.478396,0.01173333,25.66368,0.7822222,0.01173333,0.7822222
14.09,7.468859,0.01173333,25.63095,0.7822222,0.01173333,0.7822222
14.1,7.460912,0.01176667,25.60368,0.7844445,0.01176667,0.7844445
14.11,7.473628,0.01176667,25.64731,0.7844445,0.01176667,0.7844445
14.12,7.494291,0.01176667,25.71822,0.7844445,0.01176667,0.7844445
14.13,7.500648,0.01176667,25.74004,0.7844445,0.01176667,0.7844445
14.14,7.489522,0.0118,25.70186,0.7866667,0.0118,0.7866667
14.15,7.478396,0.0118,25.66368,0.7866667,0.0118,0.7866667
14.16,7.481575,0.0118,25.67459,0.7866667,0.0118,0.7866667
14.17,7.489522,0.0118,25.70186,0.7866667,0.0118,0.7866667
14.18,7.494291,0.01183333,25.71822,0.7888889,0.01183333,0.7888889
14.19,7.502238,0.01183333,25.74549,0.7888889,0.01183333,0.7888889
14.2,7.521311,0.01183333,25.81095,0.7888889,0.01183333,0.7888889
14.21,7.538795,0.01183333,25.87095,0.7888889,0.01183333,0.7888889
14.22,7.549922,0.01186667,25.90913,0.7911111,0.01186667,0.7911111
14.23,7.541975,0.01186667,25.88186,0.7911111,0.01186667,0.7911111
14.24,7.52608,0.01186667,25.82731,0.7911111,0.01186667,0.7911111
14.25,7.518133,0.01186667,25.80004,0.7911111,0.01186667,0.7911111
14.26,7.518133,0.0119,25.80004,0.7933334,0.0119,0.7933334
14.27,7.521311,0.0119,25.81095,0.7933334,0.0119,0.7933334
14.28,7.518133,0.0119,25.80004,0.7933334,0.0119,0.7933334
14.29,7.529259,0.0119,25.83822,0.7933334,0.0119,0.7933334
14.3,7.538795,0.01193333,25.87095,0.7955555,0.01193333,0.7955555
14.31,7.534027,0.01193333,25.85459,0.7955555,0.01193333,0.7955555
14.32,7.518133,0.01193333,25.80004,0.7955555,0.01193333,0.7955555
14.33,7.521311,0.01193333,25.81095,0.7955555,0.01193333,0.7955555
14.34,7.541975,0.01196667,25.88186,0.7977778,0.01196667,0.7977778
14.35,7.570585,0.01196667,25.98004,0.7977778,0.01196667,0.7977778
14.36,7.592837,0.01196667,26.05641,0.7977778,0.01196667,0.7977778
14.37,7.615089,0.01196667,26.13277,0.7977778,0.01196667,0.7977778
14.38,7.629395,0.012,26.18186,0.8,0.012,0.8
14.39,7.629395,0.012,26.18186,0.8,0.012,0.8
14.4,7.615089,0.012,26.13277,0.8,0.012,0.8
14.41,7.596016,0.012,26.06731,0.8,0.012,0.8
14.42,7.580122,0.01203333,26.01277,0.8022222,0.01203333,0.8022222
14.43,7.570585,0.01203333,25.98004,0.8022222,0.01203333,0.8022222
14.44,7.564227,0.01203333,25.95822,0.8022222,0.01203333,0.8022222
14.45,7.562637,0.01203333,25.95277,0.8022222,0.01203333,0.8022222
14.46,7.562637,0.01206667,25.95277,0.8044445,0.01206667,0.8044445
14.47,7.562637,0.01206667,25.95277,0.8044445,0.01206667,0.8044445
14.48,7.562637,0.01206667,25.95277,0.8044445,0.01206667,0.8044445
14.49,7.572174,0.01206667,25.9855,0.8044445,0.01206667,0.8044445
14.5,7.592837,0.0121,26.05641,0.8066667,0.0121,0.8066667
14.51,7.615089,0.0121,26.13277,0.8066667,0.0121,0.8066667
14.52,7.627805,0.0121,26.17641,0.8066667,0.0121,0.8066667
14.53,7.629395,0.0121,26.18186,0.8066667,0.0121,0.8066667
14.54,7.627805,0.01213333,26.17641,0.8088889,0.01213333,0.8088889
14.55,7.624626,0.01213333,26.1655,0.8088889,0.01213333,0.8088889
14.56,7.627805,0.01213333,26.17641,0.8088889,0.01213333,0.8088889
14.57,7.627805,0.01213333,26.17641,0.8088889,0.01213333,0.8088889
14.58,7.621447,0.01216667,26.15459,0.8111111,0.01216667,0.8111111
14.59,7.608732,0.01216667,26.11095,0.8111111,0.01216667,0.8111111
14.6,7.603963,0.01216667,26.09459,0.8111111,0.01216667,0.8111111
14.61,7.616679,0.01216667,26.13822,0.8111111,0.01216667,0.8111111
14.62,7.635752,0.0122,26.20368,0.8133333,0.0122,0.8133333
14.63,7.640521,0.0122,26.22004,0.8133333,0.0122,0.8133333
14.64,7.627805,0.0122,26.17641,0.8133333,0.0122,0.8133333
14.65,7.624626,0.0122,26.1655,0.8133333,0.0122,0.8133333
14.66,7.632574,0.01223333,26.19277,0.8155556,0.01223333,0.8155556
14.67,7.645289,0.01223333,26.23641,0.8155556,0.01223333,0.8155556
14.68,7.648468,0.01223333,26.24731,0.8155556,0.01223333,0.8155556
14.69,7.650057,0.01223333,26.25277,0.8155556,0.01223333,0.8155556
14.7,7.653236,0.01226667,26.26368,0.8177778,0.01226667,0.8177778
14.71,7.648468,0.01226667,26.24731,0.8177778,0.01226667,0.8177778
14.72,7.648468,0.01226667,26.24731,0.8177778,0.01226667,0.8177778
14.73,7.658005,0.01226667,26.28004,0.8177778,0.01226667,0.8177778
14.74,7.673899,0.0123,26.33459,0.8200001,0.0123,0.8200001
14.75,7.685026,0.0123,26.37277,0.8200001,0.0123,0.8200001
14.76,7.70092,0.0123,26.42731,0.8200001,0.0123,0.8200001
14.77,7.723173,0.0123,26.50368,0.8200001,0.0123,0.8200001
14.78,7.743835,0.01233333,26.57459,0.8222222,0.01233333,0.8222222
14.79,7.747015,0.01233333,26.5855,0.8222222,0.01233333,0.8222222
14.8,7.739067,0.01233333,26.55822,0.8222222,0.01233333,0.8222222
14.81,7.734299,0.01233333,26.54186,0.8222222,0.01233333,0.8222222
14.82,7.742246,0.01236667,26.56913,0.8244444,0.01236667,0.8244444
14.83,7.754961,0.01236667,26.61277,0.8244444,0.01236667,0.8244444
14.84,7.75973,0.01236667,26.62913,0.8244444,0.01236667,0.8244444
14.85,7.750193,0.01236667,26.59641,0.8244444,0.01236667,0.8244444
14.86,7.735888,0.0124,26.54732,0.8266667,0.0124,0.8266667
14.87,7.73112,0.0124,26.53095,0.8266667,0.0124,0.8266667
14.88,7.739067,0.0124,26.55822,0.8266667,0.0124,0.8266667
14.89,7.751783,0.0124,26.60186,0.8266667,0.0124,0.8266667
14.9,7.754961,0.01243333,26.61277,0.8288889,0.01243333,0.8288889
14.91,7.751783,0.01243333,26.60186,0.8288889,0.01243333,0.8288889
14.92,7.750193,0.01243333,26.59641,0.8288889,0.01243333,0.8288889
14.93,7.75973,0.01243333,26.62913,0.8288889,0.01243333,0.8288889
14.94,7.778803,0.01246667,26.69459,0.8311111,0.01246667,0.8311111
14.95,7.796288,0.01246667,26.75459,0.8311111,0.01246667,0.8311111
14.96,7.801056,0.01246667,26.77095,0.8311111,0.01246667,0.8311111
14.97,7.793108,0.01246667,26.74368,0.8311111,0.01246667,0.8311111
14.98,7.780393,0.0125,26.70004,0.8333334,0.0125,0.8333334
14.99,7.778803,0.0125,26.69459,0.8333334,0.0125,0.8333334
15.0,7.791519,0.0125,26.73822,0.8333334,0.0125,0.8333334
15.01,7.809003,0.0125,26.79823,0.8333334,0.0125,0.8333334
15.02,7.815361,0.01253333,26.82004,0.8355556,0.01253333,0.8355556
15.03,7.815361,0.01253333,26.82004,0.8355556,0.01253333,0.8355556
15.04,7.812182,0.01253333,26.80913,0.8355556,0.01253333,0.8355556
15.05,7.807414,0.01253333,26.79277,0.8355556,0.01253333,0.8355556
15.06,7.815361,0.01256667,26.82004,0.8377778,0.01256667,0.8377778
15.07,7.829666,0.01256667,26.86913,0.8377778,0.01256667,0.8377778
15.08,7.843971,0.01256667,26.91822,0.8377778,0.01256667,0.8377778
15.09,7.845561,0.01256667,26.92368,0.8377778,0.01256667,0.8377778
15.1,7.843971,0.0126,26.91822,0.84,0.0126,0.84
15.11,7.845561,0.0126,26.92368,0.84,0.0126,0.84
15.12,7.858276,0.0126,26.96732,0.84,0.0126,0.84
15.13,7.874171,0.0126,27.02186,0.84,0.0126,0.84
15.14,7.885297,0.01263333,27.06004,0.8422223,0.01263333,0.8422223
15.15,7.886887,0.01263333,27.0655,0.8422223,0.01263333,0.8422223
15.16,7.872581,0.01263333,27.01641,0.8422223,0.01263333,0.8422223
15.17,7.850329,0.01263333,26.94004,0.8422223,0.01263333,0.8422223
15.18,7.840792,0.01266667,26.90732,0.8444445,0.01266667,0.8444445
15.19,7.843971,0.01266667,26.91822,0.8444445,0.01266667,0.8444445
15.2,7.850329,0.01266667,26.94004,0.8444445,0.01266667,0.8444445
15.21,7.856687,0.01266667,26.96186,0.8444445,0.01266667,0.8444445
15.22,7.858276,0.0127,26.96732,0.8466666,0.0127,0.8466666
15.23,7.861455,0.0127,26.97823,0.8466666,0.0127,0.8466666
15.24,7.878939,0.0127,27.03823,0.8466666,0.0127,0.8466666
15.25,7.902781,0.0127,27.12004,0.8466666,0.0127,0.8466666
15.26,7.913908,0.01273333,27.15823,0.8488889,0.01273333,0.8488889
15.27,7.910728,0.01273333,27.14732,0.8488889,0.01273333,0.8488889
15.28,7.907549,0.01273333,27.13641,0.8488889,0.01273333,0.8488889
15.29,7.915497,0.01273333,27.16368,0.8488889,0.01273333,0.8488889
15.3,7.931391,0.01276667,27.21823,0.8511111,0.01276667,0.8511111
15.31,7.942518,0.01276667,27.25641,0.8511111,0.01276667,0.8511111
15.32,7.944107,0.01276667,27.26186,0.8511111,0.01276667,0.8511111
15.33,7.944107,0.01276667,27.26186,0.8511111,0.01276667,0.8511111
15.34,7.947286,0.0128,27.27277,0.8533334,0.0128,0.8533334
15.35,7.955233,0.0128,27.30004,0.8533334,0.0128,0.8533334
15.36,7.960001,0.0128,27.31641,0.8533334,0.0128,0.8533334
15.37,7.952055,0.0128,27.28913,0.8533334,0.0128,0.8533334
15.38,7.939339,0.01283333,27.2455,0.8555556,0.01283333,0.8555556
15.39,7.93457,0.01283333,27.22914,0.8555556,0.01283333,0.8555556
15.4,7.939339,0.01283333,27.2455,0.8555556,0.01283333,0.8555556
15.41,7.944107,0.01283333,27.26186,0.8555556,0.01283333,0.8555556
15.42,7.952055,0.01286667,27.28913,0.8577778,0.01286667,0.8577778
15.43,7.960001,0.01286667,27.31641,0.8577778,0.01286667,0.8577778
15.44,7.96636,0.01286667,27.33823,0.8577778,0.01286667,0.8577778
15.45,7.972717,0.01286667,27.36004,0.8577778,0.01286667,0.8577778
15.46,7.987022,0.0129,27.40914,0.86,0.0129,0.86
15.47,7.996559,0.0129,27.44186,0.86,0.0129,0.86
15.48,7.999738,0.0129,27.45277,0.86,0.0129,0.86
15.49,7.999738,0.0129,27.45277,0.86,0.0129,0.86
15.5,7.996559,0.01293333,27.44186,0.8622223,0.01293333,0.8622223
15.51,7.99497,0.01293333,27.43641,0.8622223,0.01293333,0.8622223
15.52,7.99497,0.01293333,27.43641,0.8622223,0.01293333,0.8622223
15.53,8.007686,0.01293333,27.48005,0.8622223,0.01293333,0.8622223
15.54,8.025169,0.01296667,27.54004,0.8644444,0.01296667,0.8644444
15.55,8.033116,0.01296667,27.56732,0.8644444,0.01296667,0.8644444
15.56,8.041064,0.01296667,27.59459,0.8644444,0.01296667,0.8644444
15.57,8.05378,0.01296667,27.63823,0.8644444,0.01296667,0.8644444
15.58,8.069674,0.013,27.69277,0.8666667,0.013,0.8666667
15.59,8.074443,0.013,27.70914,0.8666667,0.013,0.8666667
15.6,8.072853,0.013,27.70368,0.8666667,0.013,0.8666667
15.61,8.058548,0.013,27.65459,0.8666667,0.013,0.8666667
15.62,8.049011,0.01303333,27.62186,0.8688889,0.01303333,0.8688889
15.63,8.044243,0.01303333,27.6055,0.8688889,0.01303333,0.8688889
15.64,8.037885,0.01303333,27.58368,0.8688889,0.01303333,0.8688889
15.65,8.036296,0.01303333,27.57823,0.8688889,0.01303333,0.8688889
15.66,8.036296,0.01306667,27.57823,0.8711112,0.01306667,0.8711112
15.67,8.044243,0.01306667,27.6055,0.8711112,0.01306667,0.8711112
15.68,8.049011,0.01306667,27.62186,0.8711112,0.01306667,0.8711112
15.69,8.049011,0.01306667,27.62186,0.8711112,0.01306667,0.8711112
15.7,8.05378,0.0131,27.63823,0.8733333,0.0131,0.8733333
15.71,8.064906,0.0131,27.67641,0.8733333,0.0131,0.8733333
15.72,8.077621,0.0131,27.72005,0.8733333,0.0131,0.8733333
15.73,8.08239,0.0131,27.73641,0.8733333,0.0131,0.8733333
15.74,8.077621,0.01313333,27.72005,0.8755555,0.01313333,0.8755555
15.75,8.072853,0.01313333,27.70368,0.8755555,0.01313333,0.8755555
15.76,8.072853,0.01313333,27.70368,0.8755555,0.01313333,0.8755555
15.77,8.077621,0.01313333,27.72005,0.8755555,0.01313333,0.8755555
15.78,8.087158,0.01316667,27.75277,0.8777778,0.01316667,0.8777778
15.79,8.101463,0.01316667,27.80186,0.8777778,0.01316667,0.8777778
15.8,8.101463,0.01316667,27.80186,0.8777778,0.01316667,0.8777778
15.81,8.090337,0.01316667,27.76368,0.8777778,0.01316667,0.8777778
15.82,8.08239,0.0132,27.73641,0.88,0.0132,0.88
15.83,8.087158,0.0132,27.75277,0.88,0.0132,0.88
15.84,8.101463,0.0132,27.80186,0.88,0.0132,0.88
15.85,8.114179,0.0132,27.8455,0.88,0.0132,0.88
15.86,8.118947,0.01323333,27.86186,0.8822222,0.01323333,0.8822222
15.87,8.114179,0.01323333,27.8455,0.8822222,0.01323333,0.8822222
15.88,8.103053,0.01323333,27.80732,0.8822222,0.01323333,0.8822222
15.89,8.098285,0.01323333,27.79095,0.8822222,0.01323333,0.8822222
15.9,8.101463,0.01326667,27.80186,0.8844445,0.01326667,0.8844445
15.91,8.111,0.01326667,27.83459,0.8844445,0.01326667,0.8844445
15.92,8.122127,0.01326667,27.87277,0.8844445,0.01326667,0.8844445
15.93,8.138021,0.01326667,27.92732,0.8844445,0.01326667,0.8844445
15.94,8.142789,0.0133,27.94368,0.8866667,0.0133,0.8866667
15.95,8.13961,0.0133,27.93277,0.8866667,0.0133,0.8866667
15.96,8.131663,0.0133,27.9055,0.8866667,0.0133,0.8866667
15.97,8.123715,0.0133,27.87823,0.8866667,0.0133,0.8866667
15.98,8.126895,0.01333333,27.88914,0.8888889,0.01333333,0.8888889
15.99,8.131663,0.01333333,27.9055,0.8888889,0.01333333,0.8888889
16.0,8.144379,0.01333333,27.94914,0.8888889,0.01333333,0.8888889
16.01,8.166631,0.01333333,28.0255,0.8888889,0.01333333,0.8888889
16.02,8.192062,0.01336667,28.11277,0.8911111,0.01336667,0.8911111
16.03,8.217494,0.01336667,28.20005,0.8911111,0.01336667,0.8911111
16.04,8.236567,0.01336667,28.2655,0.8911111,0.01336667,0.8911111
16.05,8.236567,0.01336667,28.2655,0.8911111,0.01336667,0.8911111
16.06,8.223851,0.0134,28.22186,0.8933334,0.0134,0.8933334
16.07,8.212726,0.0134,28.18368,0.8933334,0.0134,0.8933334
16.08,8.209546,0.0134,28.17277,0.8933334,0.0134,0.8933334
16.09,8.212726,0.0134,28.18368,0.8933334,0.0134,0.8933334
16.1,8.220673,0.01343333,28.21095,0.8955556,0.01343333,0.8955556
16.11,8.225441,0.01343333,28.22732,0.8955556,0.01343333,0.8955556
16.12,8.230209,0.01343333,28.24368,0.8955556,0.01343333,0.8955556
16.13,8.238156,0.01343333,28.27095,0.8955556,0.01343333,0.8955556
16.14,8.249283,0.01346667,28.30914,0.8977777,0.01346667,0.8977777
16.15,8.25882,0.01346667,28.34186,0.8977777,0.01346667,0.8977777
16.16,8.266767,0.01346667,28.36913,0.8977777,0.01346667,0.8977777
16.17,8.277893,0.01346667,28.40732,0.8977777,0.01346667,0.8977777
16.18,8.281072,0.0135,28.41823,0.9,0.0135,0.9
16.19,8.274714,0.0135,28.39641,0.9,0.0135,0.9
16.2,8.269946,0.0135,28.38005,0.9,0.0135,0.9
16.21,8.269946,0.0135,28.38005,0.9,0.0135,0.9
16.22,8.273125,0.01353333,28.39095,0.9022222,0.01353333,0.9022222
16.23,8.282661,0.01353333,28.42368,0.9022222,0.01353333,0.9022222
16.24,8.293788,0.01353333,28.46186,0.9022222,0.01353333,0.9022222
16.25,8.301735,0.01353333,28.48914,0.9022222,0.01353333,0.9022222
16.26,8.301735,0.01356667,28.48914,0.9044445,0.01356667,0.9044445
16.27,8.295377,0.01356667,28.46732,0.9044445,0.01356667,0.9044445
16.28,8.28743,0.01356667,28.44005,0.9044445,0.01356667,0.9044445
16.29,8.28584,0.01356667,28.43459,0.9044445,0.01356667,0.9044445
16.3,8.293788,0.0136,28.46186,0.9066667,0.0136,0.9066667
16.31,8.311272,0.0136,28.52186,0.9066667,0.0136,0.9066667
16.32,8.323987,0.0136,28.5655,0.9066667,0.0136,0.9066667
16.33,8.319219,0.0136,28.54914,0.9066667,0.0136,0.9066667
16.34,8.309682,0.01363333,28.51641,0.9088889,0.01363333,0.9088889
16.35,8.298556,0.01363333,28.47823,0.9088889,0.01363333,0.9088889
16.36,8.293788,0.01363333,28.46186,0.9088889,0.01363333,0.9088889
16.37,8.290608,0.01363333,28.45095,0.9088889,0.01363333,0.9088889
16.38,8.295377,0.01366667,28.46732,0.9111111,0.01366667,0.9111111
16.39,8.311272,0.01366667,28.52186,0.9111111,0.01366667,0.9111111
16.4,8.331935,0.01366667,28.59278,0.9111111,0.01366667,0.9111111
16.41,8.34306,0.01366667,28.63095,0.9111111,0.01366667,0.9111111
16.42,8.34465,0.0137,28.63641,0.9133334,0.0137,0.9133334
16.43,8.347829,0.0137,28.64732,0.9133334,0.0137,0.9133334
16.44,8.355777,0.0137,28.67459,0.9133334,0.0137,0.9133334
16.45,8.358955,0.0137,28.6855,0.9133334,0.0137,0.9133334
16.46,8.351008,0.01373333,28.65823,0.9155556,0.01373333,0.9155556
16.47,8.351008,0.01373333,28.65823,0.9155556,0.01373333,0.9155556
16.48,8.358955,0.01373333,28.6855,0.9155556,0.01373333,0.9155556
16.49,8.363724,0.01373333,28.70186,0.9155556,0.01373333,0.9155556
16.5,8.368492,0.01376667,28.71823,0.9177778,0.01376667,0.9177778
16.51,8.381207,0.01376667,28.76186,0.9177778,0.01376667,0.9177778
16.52,8.400281,0.01376667,28.82732,0.9177778,0.01376667,0.9177778
16.53,8.416176,0.01376667,28.88186,0.9177778,0.01376667,0.9177778
16.54,8.416176,0.0138,28.88186,0.92,0.0138,0.92
16.55,8.405049,0.0138,28.84368,0.92,0.0138,0.92
16.56,8.401871,0.0138,28.83277,0.92,0.0138,0.92
16.57,8.409818,0.0138,28.86005,0.92,0.0138,0.92
16.58,8.416176,0.01383333,28.88186,0.9222223,0.01383333,0.9222223
16.59,8.412997,0.01383333,28.87096,0.9222223,0.01383333,0.9222223
16.6,8.409818,0.01383333,28.86005,0.9222223,0.01383333,0.9222223
16.61,8.412997,0.01383333,28.87096,0.9222223,0.01383333,0.9222223
16.62,8.416176,0.01386667,28.88186,0.9244444,0.01386667,0.9244444
16.63,8.420944,0.01386667,28.89823,0.9244444,0.01386667,0.9244444
16.64,8.420944,0.01386667,28.89823,0.9244444,0.01386667,0.9244444
16.65,8.417766,0.01386667,28.88732,0.9244444,0.01386667,0.9244444
16.66,8.420944,0.0139,28.89823,0.9266667,0.0139,0.9266667
16.67,8.436839,0.0139,28.95278,0.9266667,0.0139,0.9266667
16.68,8.460681,0.0139,29.03459,0.9266667,0.0139,0.9266667
16.69,8.482933,0.0139,29.11096,0.9266667,0.0139,0.9266667
16.7,8.495648,0.01393333,29.15459,0.9288889,0.01393333,0.9288889
16.71,8.502007,0.01393333,29.17641,0.9288889,0.01393333,0.9288889
16.72,8.498828,0.01393333,29.1655,0.9288889,0.01393333,0.9288889
16.73,8.49406,0.01393333,29.14914,0.9288889,0.01393333,0.9288889
16.74,8.486112,0.01396667,29.12186,0.9311111,0.01396667,0.9311111
16.75,8.473396,0.01396667,29.07823,0.9311111,0.01396667,0.9311111
16.76,8.46227,0.01396667,29.04005,0.9311111,0.01396667,0.9311111
16.77,8.465449,0.01396667,29.05096,0.9311111,0.01396667,0.9311111
16.78,8.481343,0.014,29.1055,0.9333333,0.014,0.9333333
16.79,8.495648,0.014,29.15459,0.9333333,0.014,0.9333333
16.8,8.503596,0.014,29.18187,0.9333333,0.014,0.9333333
16.81,8.514722,0.014,29.22005,0.9333333,0.014,0.9333333
16.82,8.530617,0.01403333,29.27459,0.9355556,0.01403333,0.9355556
16.83,8.540154,0.01403333,29.30732,0.9355556,0.01403333,0.9355556
16.84,8.538564,0.01403333,29.30186,0.9355556,0.01403333,0.9355556
16.85,8.524259,0.01403333,29.25277,0.9355556,0.01403333,0.9355556
16.86,8.511543,0.01406667,29.20914,0.9377778,0.01406667,0.9377778
16.87,8.503596,0.01406667,29.18187,0.9377778,0.01406667,0.9377778
16.88,8.509953,0.01406667,29.20368,0.9377778,0.01406667,0.9377778
16.89,8.532207,0.01406667,29.28005,0.9377778,0.01406667,0.9377778
16.9,8.552869,0.0141,29.35096,0.94,0.0141,0.94
16.91,8.563995,0.0141,29.38914,0.94,0.0141,0.94
16.92,8.559227,0.0141,29.37277,0.94,0.0141,0.94
16.93,8.556048,0.0141,29.36187,0.94,0.0141,0.94
16.94,8.560817,0.01413333,29.37823,0.9422222,0.01413333,0.9422222
16.95,8.568764,0.01413333,29.4055,0.9422222,0.01413333,0.9422222
16.96,8.571942,0.01413333,29.41641,0.9422222,0.01413333,0.9422222
16.97,8.568764,0.01413333,29.4055,0.9422222,0.01413333,0.9422222
16.98,8.568764,0.01416667,29.4055,0.9444445,0.01416667,0.9444445
16.99,8.571942,0.01416667,29.41641,0.9444445,0.01416667,0.9444445
17.0,8.563995,0.01416667,29.38914,0.9444445,0.01416667,0.9444445
17.01,8.556048,0.01416667,29.36187,0.9444445,0.01416667,0.9444445
17.02,8.560817,0.0142,29.37823,0.9466667,0.0142,0.9466667
17.03,8.584659,0.0142,29.46005,0.9466667,0.0142,0.9466667
17.04,8.613269,0.0142,29.55823,0.9466667,0.0142,0.9466667
17.05,8.632342,0.0142,29.62369,0.9466667,0.0142,0.9466667
17.06,8.637111,0.01423333,29.64005,0.9488889,0.01423333,0.9488889
17.07,8.624394,0.01423333,29.59641,0.9488889,0.01423333,0.9488889
17.08,8.603732,0.01423333,29.5255,0.9488889,0.01423333,0.9488889
17.09,8.584659,0.01423333,29.46005,0.9488889,0.01423333,0.9488889
17.1,8.57989,0.01426667,29.44369,0.9511111,0.01426667,0.9511111
17.11,8.587837,0.01426667,29.47096,0.9511111,0.01426667,0.9511111
17.12,8.603732,0.01426667,29.5255,0.9511111,0.01426667,0.9511111
17.13,8.616447,0.01426667,29.56914,0.9511111,0.01426667,0.9511111
17.14,8.624394,0.0143,29.59641,0.9533333,0.0143,0.9533333
17.15,8.632342,0.0143,29.62369,0.9533333,0.0143,0.9533333
17.16,8.641879,0.0143,29.65641,0.9533333,0.0143,0.9533333
17.17,8.645058,0.0143,29.66732,0.9533333,0.0143,0.9533333
17.18,8.637111,0.01433333,29.64005,0.9555556,0.01433333,0.9555556
17.19,8.632342,0.01433333,29.62369,0.9555556,0.01433333,0.9555556
17.2,8.633931,0.01433333,29.62914,0.9555556,0.01433333,0.9555556
17.21,8.641879,0.01433333,29.65641,0.9555556,0.01433333,0.9555556
17.22,8.653005,0.01436667,29.69459,0.9577778,0.01436667,0.9577778
17.23,8.657773,0.01436667,29.71096,0.9577778,0.01436667,0.9577778
17.24,8.657773,0.01436667,29.71096,0.9577778,0.01436667,0.9577778
17.25,8.657773,0.01436667,29.71096,0.9577778,0.01436667,0.9577778
17.26,8.66731,0.0144,29.74368,0.96,0.0144,0.96
17.27,8.683205,0.0144,29.79823,0.96,0.0144,0.96
17.28,8.69592,0.0144,29.84187,0.96,0.0144,0.96
17.29,8.710225,0.0144,29.89096,0.96,0.0144,0.96
17.3,8.714993,0.01443333,29.90732,0.9622222,0.01443333,0.9622222
17.31,8.710225,0.01443333,29.89096,0.9622222,0.01443333,0.9622222
17.32,8.702278,0.01443333,29.86368,0.9622222,0.01443333,0.9622222
17.33,8.702278,0.01443333,29.86368,0.9622222,0.01443333,0.9622222
17.34,8.718173,0.01446667,29.91823,0.9644445,0.01446667,0.9644445
17.35,8.735657,0.01446667,29.97823,0.9644445,0.01446667,0.9644445
17.36,8.75314,0.01446667,30.03823,0.9644445,0.01446667,0.9644445
17.37,8.767446,0.01446667,30.08732,0.9644445,0.01446667,0.9644445
17.38,8.772214,0.0145,30.10368,0.9666667,0.0145,0.9666667
17.39,8.764267,0.0145,30.07641,0.9666667,0.0145,0.9666667
17.4,8.746783,0.0145,30.01641,0.9666667,0.0145,0.9666667
17.41,8.72771,0.0145,29.95096,0.9666667,0.0145,0.9666667
17.42,8.719762,0.01453333,29.92368,0.9688889,0.01453333,0.9688889
17.43,8.72453,0.01453333,29.94005,0.9688889,0.01453333,0.9688889
17.44,8.732478,0.01453333,29.96732,0.9688889,0.01453333,0.9688889
17.45,8.72771,0.01453333,29.95096,0.9688889,0.01453333,0.9688889
17.46,8.719762,0.01456667,29.92368,0.9711111,0.01456667,0.9711111
17.47,8.719762,0.01456667,29.92368,0.9711111,0.01456667,0.9711111
17.48,8.72453,0.01456667,29.94005,0.9711111,0.01456667,0.9711111
17.49,8.719762,0.01456667,29.92368,0.9711111,0.01456667,0.9711111
17.5,8.711815,0.0146,29.89641,0.9733334,0.0146,0.9733334
17.51,8.714993,0.0146,29.90732,0.9733334,0.0146,0.9733334
17.52,8.730888,0.0146,29.96187,0.9733334,0.0146,0.9733334
17.53,8.738835,0.0146,29.98914,0.9733334,0.0146,0.9733334
17.54,8.735657,0.01463333,29.97823,0.9755555,0.01463333,0.9755555
17.55,8.72771,0.01463333,29.95096,0.9755555,0.01463333,0.9755555
17.56,8.722941,0.01463333,29.9346,0.9755555,0.01463333,0.9755555
17.57,8.72771,0.01463333,29.95096,0.9755555,0.01463333,0.9755555
17.58,8.738835,0.01466667,29.98914,0.9777778,0.01466667,0.9777778
17.59,8.748372,0.01466667,30.02187,0.9777778,0.01466667,0.9777778
17.6,8.759499,0.01466667,30.06005,0.9777778,0.01466667,0.9777778
17.61,8.769035,0.01466667,30.09278,0.9777778,0.01466667,0.9777778
17.62,8.788109,0.0147,30.15823,0.98,0.0147,0.98
17.63,8.81354,0.0147,30.2455,0.98,0.0147,0.98
17.64,8.832614,0.0147,30.31096,0.98,0.0147,0.98
17.65,8.832614,0.0147,30.31096,0.98,0.0147,0.98
17.66,8.810361,0.01473333,30.23459,0.9822222,0.01473333,0.9822222
17.67,8.788109,0.01473333,30.15823,0.9822222,0.01473333,0.9822222
17.68,8.781751,0.01473333,30.13641,0.9822222,0.01473333,0.9822222
17.69,8.797646,0.01473333,30.19096,0.9822222,0.01473333,0.9822222
17.7,8.818309,0.01476667,30.26187,0.9844445,0.01476667,0.9844445
17.71,8.832614,0.01476667,30.31096,0.9844445,0.01476667,0.9844445
17.72,8.837382,0.01476667,30.32732,0.9844445,0.01476667,0.9844445
17.73,8.837382,0.01476667,30.32732,0.9844445,0.01476667,0.9844445
17.74,8.832614,0.0148,30.31096,0.9866667,0.0148,0.9866667
17.75,8.832614,0.0148,30.31096,0.9866667,0.0148,0.9866667
17.76,8.834203,0.0148,30.31641,0.9866667,0.0148,0.9866667
17.77,8.838971,0.0148,30.33278,0.9866667,0.0148,0.9866667
17.78,8.842151,0.01483333,30.34369,0.9888889,0.01483333,0.9888889
17.79,8.845329,0.01483333,30.3546,0.9888889,0.01483333,0.9888889
17.8,8.853276,0.01483333,30.38187,0.9888889,0.01483333,0.9888889
17.81,8.862813,0.01483333,30.41459,0.9888889,0.01483333,0.9888889
17.82,8.867581,0.01486667,30.43096,0.9911111,0.01486667,0.9911111
17.83,8.858045,0.01486667,30.39823,0.9911111,0.01486667,0.9911111
17.84,8.845329,0.01486667,30.3546,0.9911111,0.01486667,0.9911111
17.85,8.837382,0.01486667,30.32732,0.9911111,0.01486667,0.9911111
17.86,8.837382,0.0149,30.32732,0.9933333,0.0149,0.9933333
17.87,8.845329,0.0149,30.3546,0.9933333,0.0149,0.9933333
17.88,8.861224,0.0149,30.40914,0.9933333,0.0149,0.9933333
17.89,8.883476,0.0149,30.4855,0.9933333,0.0149,0.9933333
17.9,8.907318,0.01493333,30.56732,0.9955556,0.01493333,0.9955556
17.91,8.923213,0.01493333,30.62187,0.9955556,0.01493333,0.9955556
17.92,8.923213,0.01493333,30.62187,0.9955556,0.01493333,0.9955556
17.93,8.915265,0.01493333,30.59459,0.9955556,0.01493333,0.9955556
17.94,8.907318,0.01496667,30.56732,0.9977778,0.01496667,0.9977778
17.95,8.90414,0.01496667,30.55641,0.9977778,0.01496667,0.9977778
17.96,8.915265,0.01496667,30.59459,0.9977778,0.01496667,0.9977778
17.97,8.926392,0.01496667,30.63278,0.9977778,0.01496667,0.9977778
17.98,8.93116,0.015,30.64914,1.0,0.015,1.0
17.99,8.926392,0.015,30.63278,1.0,0.015,1.0
18.0,8.926392,0.015,30.63278,1.0,0.015,1.0
18.01,8.927981,0.015,30.63823,1.0,0.015,1.0
18.02,8.939107,0.01503333,30.67641,1.002222,0.01503333,1.002222
18.03,8.951823,0.01503333,30.72005,1.002222,0.01503333,1.002222
18.04,8.956592,0.01503333,30.73641,1.002222,0.01503333,1.002222
18.05,8.964539,0.01503333,30.76369,1.002222,0.01503333,1.002222
18.06,8.975665,0.01506667,30.80187,1.004444,0.01506667,1.004444
18.07,8.98838,0.01506667,30.8455,1.004444,0.01506667,1.004444
18.08,8.98838,0.01506667,30.8455,1.004444,0.01506667,1.004444
18.09,8.975665,0.01506667,30.80187,1.004444,0.01506667,1.004444
18.1,8.951823,0.0151,30.72005,1.006667,0.0151,1.006667
18.11,8.939107,0.0151,30.67641,1.006667,0.0151,1.006667
18.12,8.947055,0.0151,30.70369,1.006667,0.0151,1.006667
18.13,8.972486,0.0151,30.79096,1.006667,0.0151,1.006667
18.14,8.997917,0.01513333,30.87823,1.008889,0.01513333,1.008889
18.15,9.005864,0.01513333,30.9055,1.008889,0.01513333,1.008889
18.16,8.98997,0.01513333,30.85096,1.008889,0.01513333,1.008889
18.17,8.969307,0.01513333,30.78005,1.008889,0.01513333,1.008889
18.18,8.96136,0.01516667,30.75278,1.011111,0.01516667,1.011111
18.19,8.975665,0.01516667,30.80187,1.011111,0.01516667,1.011111
18.2,8.996327,0.01516667,30.87278,1.011111,0.01516667,1.011111
18.21,9.009044,0.01516667,30.91641,1.011111,0.01516667,1.011111
18.22,9.013812,0.0152,30.93278,1.013333,0.0152,1.013333
18.23,9.016991,0.0152,30.94369,1.013333,0.0152,1.013333
18.24,9.024938,0.0152,30.97096,1.013333,0.0152,1.013333
18.25,9.037654,0.0152,31.0146,1.013333,0.0152,1.013333
18.26,9.053548,0.01523333,31.06914,1.015556,0.01523333,1.015556
18.27,9.063085,0.01523333,31.10187,1.015556,0.01523333,1.015556
18.28,9.058316,0.01523333,31.0855,1.015556,0.01523333,1.015556
18.29,9.040833,0.01523333,31.02551,1.015556,0.01523333,1.015556
18.3,9.01858,0.01526667,30.94914,1.017778,0.01526667,1.017778
18.31,9.009044,0.01526667,30.91641,1.017778,0.01526667,1.017778
18.32,9.009044,0.01526667,30.91641,1.017778,0.01526667,1.017778
18.33,9.021759,0.01526667,30.96005,1.017778,0.01526667,1.017778
18.34,9.037654,0.0153,31.0146,1.02,0.0153,1.02
18.35,9.050369,0.0153,31.05823,1.02,0.0153,1.02
18.36,9.061496,0.0153,31.09641,1.02,0.0153,1.02
18.37,9.066264,0.0153,31.11278,1.02,0.0153,1.02
18.38,9.071033,0.01533333,31.12914,1.022222,0.01533333,1.022222
18.39,9.078979,0.01533333,31.15641,1.022222,0.01533333,1.022222
18.4,9.083748,0.01533333,31.17278,1.022222,0.01533333,1.022222
18.41,9.086926,0.01533333,31.18369,1.022222,0.01533333,1.022222
18.42,9.090106,0.01536667,31.1946,1.024444,0.01536667,1.024444
18.43,9.091695,0.01536667,31.20005,1.024444,0.01536667,1.024444
18.44,9.102821,0.01536667,31.23823,1.024444,0.01536667,1.024444
18.45,9.118716,0.01536667,31.29278,1.024444,0.01536667,1.024444
18.46,9.131432,0.0154,31.33641,1.026667,0.0154,1.026667
18.47,9.139379,0.0154,31.36369,1.026667,0.0154,1.026667
18.48,9.152095,0.0154,31.40732,1.026667,0.0154,1.026667
18.49,9.161632,0.0154,31.44005,1.026667,0.0154,1.026667
18.5,9.155273,0.01543333,31.41823,1.028889,0.01543333,1.028889
18.51,9.131432,0.01543333,31.33641,1.028889,0.01543333,1.028889
18.52,9.123485,0.01543333,31.30914,1.028889,0.01543333,1.028889
18.53,9.139379,0.01543333,31.36369,1.028889,0.01543333,1.028889
18.54,9.156863,0.01546667,31.42369,1.031111,0.01546667,1.031111
18.55,9.167989,0.01546667,31.46187,1.031111,0.01546667,1.031111
18.56,9.177526,0.01546667,31.49459,1.031111,0.01546667,1.031111
18.57,9.185473,0.01546667,31.52187,1.031111,0.01546667,1.031111
18.58,9.19342,0.0155,31.54914,1.033333,0.0155,1.033333
18.59,9.198189,0.0155,31.56551,1.033333,0.0155,1.033333
18.6,9.19342,0.0155,31.54914,1.033333,0.0155,1.033333
18.61,9.180705,0.0155,31.50551,1.033333,0.0155,1.033333
18.62,9.167989,0.01553333,31.46187,1.035556,0.01553333,1.035556
18.63,9.167989,0.01553333,31.46187,1.035556,0.01553333,1.035556
18.64,9.167989,0.01553333,31.46187,1.035556,0.01553333,1.035556
18.65,9.169579,0.01553333,31.46732,1.035556,0.01553333,1.035556
18.66,9.175937,0.01556667,31.48914,1.037778,0.01556667,1.037778
18.67,9.177526,0.01556667,31.49459,1.037778,0.01556667,1.037778
18.68,9.185473,0.01556667,31.52187,1.037778,0.01556667,1.037778
18.69,9.19342,0.01556667,31.54914,1.037778,0.01556667,1.037778
18.7,9.204547,0.0156,31.58732,1.04,0.0156,1.04
18.71,9.214084,0.0156,31.62005,1.04,0.0156,1.04
18.72,9.218852,0.0156,31.63642,1.04,0.0156,1.04
18.73,9.214084,0.0156,31.62005,1.04,0.0156,1.04
18.74,9.206136,0.01563333,31.59278,1.042222,0.01563333,1.042222
18.75,9.206136,0.01563333,31.59278,1.042222,0.01563333,1.042222
18.76,9.212494,0.01563333,31.6146,1.042222,0.01563333,1.042222
18.77,9.214084,0.01563333,31.62005,1.042222,0.01563333,1.042222
18.78,9.217262,0.01566667,31.63096,1.044444,0.01566667,1.044444
18.79,9.225209,0.01566667,31.65823,1.044444,0.01566667,1.044444
18.8,9.222031,0.01566667,31.64732,1.044444,0.01566667,1.044444
18.81,9.217262,0.01566667,31.63096,1.044444,0.01566667,1.044444
18.82,9.214084,0.0157,31.62005,1.046667,0.0157,1.046667
18.83,9.222031,0.0157,31.64732,1.046667,0.0157,1.046667
18.84,9.234746,0.0157,31.69096,1.046667,0.0157,1.046667
18.85,9.245872,0.0157,31.72914,1.046667,0.0157,1.046667
18.86,9.241104,0.01573333,31.71278,1.048889,0.01573333,1.048889
18.87,9.225209,0.01573333,31.65823,1.048889,0.01573333,1.048889
18.88,9.214084,0.01573333,31.62005,1.048889,0.01573333,1.048889
18.89,9.209315,0.01573333,31.60369,1.048889,0.01573333,1.048889
18.9,9.217262,0.01576667,31.63096,1.051111,0.01576667,1.051111
18.91,9.245872,0.01576667,31.72914,1.051111,0.01576667,1.051111
18.92,9.279251,0.01576667,31.84369,1.051111,0.01576667,1.051111
18.93,9.298325,0.01576667,31.90914,1.051111,0.01576667,1.051111
18.94,9.298325,0.0158,31.90914,1.053333,0.0158,1.053333
18.95,9.290378,0.0158,31.88187,1.053333,0.0158,1.053333
18.96,9.287198,0.0158,31.87096,1.053333,0.0158,1.053333
18.97,9.284019,0.0158,31.86005,1.053333,0.0158,1.053333
18.98,9.28243,0.01583333,31.8546,1.055556,0.01583333,1.055556
18.99,9.287198,0.01583333,31.87096,1.055556,0.01583333,1.055556
19.0,9.298325,0.01583333,31.90914,1.055556,0.01583333,1.055556
19.01,9.304683,0.01583333,31.93096,1.055556,0.01583333,1.055556
19.02,9.318988,0.01586667,31.98005,1.057778,0.01586667,1.057778
19.03,9.331703,0.01586667,32.02369,1.057778,0.01586667,1.057778
19.04,9.333293,0.01586667,32.02914,1.057778,0.01586667,1.057778
19.05,9.323756,0.01586667,31.99642,1.057778,0.01586667,1.057778
19.06,9.31104,0.0159,31.95278,1.06,0.0159,1.06
19.07,9.303093,0.0159,31.92551,1.06,0.0159,1.06
19.08,9.303093,0.0159,31.92551,1.06,0.0159,1.06
19.09,9.307861,0.0159,31.94187,1.06,0.0159,1.06
19.1,9.320577,0.01593333,31.9855,1.062222,0.01593333,1.062222
19.11,9.336472,0.01593333,32.04005,1.062222,0.01593333,1.062222
19.12,9.344419,0.01593333,32.06732,1.062222,0.01593333,1.062222
19.13,9.344419,0.01593333,32.06732,1.062222,0.01593333,1.062222
19.14,9.347598,0.01596667,32.07824,1.064444,0.01596667,1.064444
19.15,9.352366,0.01596667,32.0946,1.064444,0.01596667,1.064444
19.16,9.360313,0.01596667,32.12187,1.064444,0.01596667,1.064444
19.17,9.360313,0.01596667,32.12187,1.064444,0.01596667,1.064444
19.18,9.355545,0.016,32.10551,1.066667,0.016,1.066667
19.19,9.352366,0.016,32.0946,1.066667,0.016,1.066667
19.2,9.357135,0.016,32.11096,1.066667,0.016,1.066667
19.21,9.361903,0.016,32.12733,1.066667,0.016,1.066667
19.22,9.365082,0.01603333,32.13823,1.068889,0.01603333,1.068889
19.23,9.365082,0.01603333,32.13823,1.068889,0.01603333,1.068889
19.24,9.36826,0.01603333,32.14914,1.068889,0.01603333,1.068889
19.25,9.376208,0.01603333,32.17642,1.068889,0.01603333,1.068889
19.26,9.385745,0.01606667,32.20914,1.071111,0.01606667,1.071111
19.27,9.385745,0.01606667,32.20914,1.071111,0.01606667,1.071111
19.28,9.380977,0.01606667,32.19278,1.071111,0.01606667,1.071111
19.29,9.390513,0.01606667,32.22551,1.071111,0.01606667,1.071111
19.3,9.409587,0.0161,32.29096,1.073333,0.0161,1.073333
19.31,9.414355,0.0161,32.30733,1.073333,0.0161,1.073333
19.32,9.404819,0.0161,32.2746,1.073333,0.0161,1.073333
19.33,9.39846,0.0161,32.25278,1.073333,0.0161,1.073333
19.34,9.409587,0.01613333,32.29096,1.075556,0.01613333,1.075556
19.35,9.414355,0.01613333,32.30733,1.075556,0.01613333,1.075556
19.36,9.409587,0.01613333,32.29096,1.075556,0.01613333,1.075556
19.37,9.409587,0.01613333,32.29096,1.075556,0.01613333,1.075556
19.38,9.422302,0.01616667,32.3346,1.077778,0.01616667,1.077778
19.39,9.430249,0.01616667,32.36187,1.077778,0.01616667,1.077778
19.4,9.427071,0.01616667,32.35096,1.077778,0.01616667,1.077778
19.41,9.430249,0.01616667,32.36187,1.077778,0.01616667,1.077778
19.42,9.442966,0.0162,32.40551,1.08,0.0162,1.08
19.43,9.458859,0.0162,32.46005,1.08,0.0162,1.08
19.44,9.466807,0.0162,32.48733,1.08,0.0162,1.08
19.45,9.469986,0.0162,32.49823,1.08,0.0162,1.08
19.46,9.482701,0.01623333,32.54187,1.082222,0.01623333,1.082222
19.47,9.503365,0.01623333,32.61278,1.082222,0.01623333,1.082222
19.48,9.520848,0.01623333,32.67278,1.082222,0.01623333,1.082222
19.49,9.527206,0.01623333,32.6946,1.082222,0.01623333,1.082222
19.5,9.519259,0.01626667,32.66733,1.084444,0.01626667,1.084444
19.51,9.500186,0.01626667,32.60187,1.084444,0.01626667,1.084444
19.52,9.495418,0.01626667,32.58551,1.084444,0.01626667,1.084444
19.53,9.500186,0.01626667,32.60187,1.084444,0.01626667,1.084444
19.54,9.503365,0.0163,32.61278,1.086667,0.0163,1.086667
19.55,9.503365,0.0163,32.61278,1.086667,0.0163,1.086667
19.56,9.511312,0.0163,32.64005,1.086667,0.0163,1.086667
19.57,9.528796,0.0163,32.70005,1.086667,0.0163,1.086667
19.58,9.541512,0.01633333,32.74369,1.088889,0.01633333,1.088889
19.59,9.54469,0.01633333,32.7546,1.088889,0.01633333,1.088889
19.6,9.54787,0.01633333,32.76551,1.088889,0.01633333,1.088889
19.61,9.552638,0.01633333,32.78187,1.088889,0.01633333,1.088889
19.62,9.54787,0.01636667,32.76551,1.091111,0.01636667,1.091111
19.63,9.536743,0.01636667,32.72733,1.091111,0.01636667,1.091111
19.64,9.524028,0.01636667,32.68369,1.091111,0.01636667,1.091111
19.65,9.51608,0.01636667,32.65641,1.091111,0.01636667,1.091111
19.66,9.520848,0.0164,32.67278,1.093333,0.0164,1.093333
19.67,9.531975,0.0164,32.71096,1.093333,0.0164,1.093333
19.68,9.535153,0.0164,32.72187,1.093333,0.0164,1.093333
19.69,9.535153,0.0164,32.72187,1.093333,0.0164,1.093333
19.7,9.539922,0.01643333,32.73823,1.095556,0.01643333,1.095556
19.71,9.541512,0.01643333,32.74369,1.095556,0.01643333,1.095556
19.72,9.536743,0.01643333,32.72733,1.095556,0.01643333,1.095556
19.73,9.520848,0.01643333,32.67278,1.095556,0.01643333,1.095556
19.74,9.519259,0.01646667,32.66733,1.097778,0.01646667,1.097778
19.75,9.535153,0.01646667,32.72187,1.097778,0.01646667,1.097778
19.76,9.549459,0.01646667,32.77096,1.097778,0.01646667,1.097778
19.77,9.54787,0.01646667,32.76551,1.097778,0.01646667,1.097778
19.78,9.541512,0.0165,32.74369,1.1,0.0165,1.1
19.79,9.541512,0.0165,32.74369,1.1,0.0165,1.1
19.8,9.54469,0.0165,32.7546,1.1,0.0165,1.1
19.81,9.557406,0.0165,32.79824,1.1,0.0165,1.1
19.82,9.57648,0.01653333,32.86369,1.102222,0.01653333,1.102222
19.83,9.586017,0.01653333,32.89642,1.102222,0.01653333,1.102222
19.84,9.586017,0.01653333,32.89642,1.102222,0.01653333,1.102222
19.85,9.593964,0.01653333,32.92369,1.102222,0.01653333,1.102222
19.86,9.613037,0.01656667,32.98914,1.104445,0.01656667,1.104445
19.87,9.625752,0.01656667,33.03278,1.104445,0.01656667,1.104445
19.88,9.630521,0.01656667,33.04914,1.104445,0.01656667,1.104445
19.89,9.635289,0.01656667,33.06551,1.104445,0.01656667,1.104445
19.9,9.646416,0.0166,33.10369,1.106667,0.0166,1.106667
19.91,9.643237,0.0166,33.09278,1.106667,0.0166,1.106667
19.92,9.627342,0.0166,33.03823,1.106667,0.0166,1.106667
19.93,9.609859,0.0166,32.97824,1.106667,0.0166,1.106667
19.94,9.606679,0.01663333,32.96732,1.108889,0.01663333,1.108889
19.95,9.613037,0.01663333,32.98914,1.108889,0.01663333,1.108889
19.96,9.620984,0.01663333,33.01641,1.108889,0.01663333,1.108889
19.97,9.622574,0.01663333,33.02187,1.108889,0.01663333,1.108889
19.98,9.625752,0.01666667,33.03278,1.111111,0.01666667,1.111111
19.99,9.641647,0.01666667,33.08733,1.111111,0.01666667,1.111111
20.0,9.670258,0.01666667,33.18551,1.111111,0.01666667,1.111111
20.01,9.690921,0.01666667,33.25642,1.111111,0.01666667,1.111111
20.02,9.69251,0.0167,33.26187,1.113333,0.0167,1.113333
20.03,9.684563,0.0167,33.2346,1.113333,0.0167,1.113333
20.04,9.678205,0.0167,33.21278,1.113333,0.0167,1.113333
20.05,9.671847,0.0167,33.19096,1.113333,0.0167,1.113333
20.06,9.675026,0.01673333,33.20187,1.115556,0.01673333,1.115556
20.07,9.687741,0.01673333,33.24551,1.115556,0.01673333,1.115556
20.08,9.703636,0.01673333,33.30005,1.115556,0.01673333,1.115556
20.09,9.713173,0.01673333,33.33278,1.115556,0.01673333,1.115556
20.1,9.72112,0.01676667,33.36005,1.117778,0.01676667,1.117778
20.11,9.727478,0.01676667,33.38187,1.117778,0.01676667,1.117778
20.12,9.740193,0.01676667,33.42551,1.117778,0.01676667,1.117778
20.13,9.74973,0.01676667,33.45823,1.117778,0.01676667,1.117778
20.14,9.756088,0.0168,33.48005,1.12,0.0168,1.12
20.15,9.741783,0.0168,33.43096,1.12,0.0168,1.12
20.16,9.724299,0.0168,33.37096,1.12,0.0168,1.12
20.17,9.713173,0.0168,33.33278,1.12,0.0168,1.12
20.18,9.711583,0.01683333,33.32732,1.122222,0.01683333,1.122222
20.19,9.716352,0.01683333,33.34369,1.122222,0.01683333,1.122222
20.2,9.727478,0.01683333,33.38187,1.122222,0.01683333,1.122222
20.21,9.737015,0.01683333,33.4146,1.122222,0.01683333,1.122222
20.22,9.735425,0.01686667,33.40915,1.124444,0.01686667,1.124444
20.23,9.716352,0.01686667,33.34369,1.124444,0.01686667,1.124444
20.24,9.695689,0.01686667,33.27278,1.124444,0.01686667,1.124444
20.25,9.690921,0.01686667,33.25642,1.124444,0.01686667,1.124444
20.26,9.698868,0.0169,33.28369,1.126667,0.0169,1.126667
20.27,9.713173,0.0169,33.33278,1.126667,0.0169,1.126667
20.28,9.735425,0.0169,33.40915,1.126667,0.0169,1.126667
20.29,9.760857,0.0169,33.49642,1.126667,0.0169,1.126667
20.3,9.77834,0.01693333,33.55642,1.128889,0.01693333,1.128889
20.31,9.784698,0.01693333,33.57824,1.128889,0.01693333,1.128889
20.32,9.770393,0.01693333,33.52914,1.128889,0.01693333,1.128889
20.33,9.757678,0.01693333,33.48551,1.128889,0.01693333,1.128889
20.34,9.757678,0.01696667,33.48551,1.131111,0.01696667,1.131111
20.35,9.768804,0.01696667,33.52369,1.131111,0.01696667,1.131111
20.36,9.784698,0.01696667,33.57824,1.131111,0.01696667,1.131111
20.37,9.797414,0.01696667,33.62187,1.131111,0.01696667,1.131111
20.38,9.799004,0.017,33.62733,1.133333,0.017,1.133333
20.39,9.789467,0.017,33.5946,1.133333,0.017,1.133333
20.4,9.77834,0.017,33.55642,1.133333,0.017,1.133333
20.41,9.773572,0.017,33.54005,1.133333,0.017,1.133333
20.42,9.77834,0.01703333,33.55642,1.135556,0.01703333,1.135556
20.43,9.794235,0.01703333,33.61096,1.135556,0.01703333,1.135556
20.44,9.814898,0.01703333,33.68187,1.135556,0.01703333,1.135556
20.45,9.835561,0.01703333,33.75278,1.135556,0.01703333,1.135556
20.46,9.851456,0.01706667,33.80733,1.137778,0.01706667,1.137778
20.47,9.862582,0.01706667,33.84551,1.137778,0.01706667,1.137778
20.48,9.859403,0.01706667,33.8346,1.137778,0.01706667,1.137778
20.49,9.843509,0.01706667,33.78006,1.137778,0.01706667,1.137778
20.5,9.822845,0.0171,33.70914,1.14,0.0171,1.14
20.51,9.813309,0.0171,33.67642,1.14,0.0171,1.14
20.52,9.822845,0.0171,33.70914,1.14,0.0171,1.14
20.53,9.841919,0.0171,33.7746,1.14,0.0171,1.14
20.54,9.851456,0.01713333,33.80733,1.142222,0.01713333,1.142222
20.55,9.854634,0.01713333,33.81823,1.142222,0.01713333,1.142222
20.56,9.856224,0.01713333,33.82369,1.142222,0.01713333,1.142222
20.57,9.859403,0.01713333,33.8346,1.142222,0.01713333,1.142222
20.58,9.864171,0.01716667,33.85096,1.144444,0.01716667,1.144444
20.59,9.872119,0.01716667,33.87824,1.144444,0.01716667,1.144444
20.6,9.878476,0.01716667,33.90005,1.144444,0.01716667,1.144444
20.61,9.878476,0.01716667,33.90005,1.144444,0.01716667,1.144444
20.62,9.867351,0.0172,33.86187,1.146667,0.0172,1.146667
20.63,9.856224,0.0172,33.82369,1.146667,0.0172,1.146667
20.64,9.851456,0.0172,33.80733,1.146667,0.0172,1.146667
20.65,9.864171,0.0172,33.85096,1.146667,0.0172,1.146667
20.66,9.878476,0.01723333,33.90005,1.148889,0.01723333,1.148889
20.67,9.880066,0.01723333,33.90551,1.148889,0.01723333,1.148889
20.68,9.872119,0.01723333,33.87824,1.148889,0.01723333,1.148889
20.69,9.870529,0.01723333,33.87278,1.148889,0.01723333,1.148889
20.7,9.884834,0.01726667,33.92187,1.151111,0.01726667,1.151111
20.71,9.907086,0.01726667,33.99823,1.151111,0.01726667,1.151111
20.72,9.919803,0.01726667,34.04187,1.151111,0.01726667,1.151111
20.73,9.924571,0.01726667,34.05824,1.151111,0.01726667,1.151111
20.74,9.929339,0.0173,34.0746,1.153333,0.0173,1.153333
20.75,9.929339,0.0173,34.0746,1.153333,0.0173,1.153333
20.76,9.932518,0.0173,34.08551,1.153333,0.0173,1.153333
20.77,9.945233,0.0173,34.12915,1.153333,0.0173,1.153333
20.78,9.961128,0.01733333,34.18369,1.155556,0.01733333,1.155556
20.79,9.964307,0.01733333,34.1946,1.155556,0.01733333,1.155556
20.8,9.95795,0.01733333,34.17278,1.155556,0.01733333,1.155556
20.81,9.95636,0.01733333,34.16733,1.155556,0.01733333,1.155556
20.82,9.969075,0.01736667,34.21096,1.157778,0.01736667,1.157778
20.83,9.98497,0.01736667,34.26551,1.157778,0.01736667,1.157778
20.84,9.989738,0.01736667,34.28187,1.157778,0.01736667,1.157778
20.85,9.98497,0.01736667,34.26551,1.157778,0.01736667,1.157778
20.86,9.977023,0.0174,34.23824,1.16,0.0174,1.16
20.87,9.977023,0.0174,34.23824,1.16,0.0174,1.16
20.88,9.977023,0.0174,34.23824,1.16,0.0174,1.16
20.89,9.981791,0.0174,34.2546,1.16,0.0174,1.16
20.9,9.98656,0.01743333,34.27097,1.162222,0.01743333,1.162222
20.91,9.994507,0.01743333,34.29824,1.162222,0.01743333,1.162222
20.92,9.994507,0.01743333,34.29824,1.162222,0.01743333,1.162222
20.93,10.00245,0.01743333,34.32551,1.162222,0.01743333,1.162222
20.94,10.01835,0.01746667,34.38005,1.164444,0.01746667,1.164444
20.95,10.02948,0.01746667,34.41824,1.164444,0.01746667,1.164444
20.96,10.03106,0.01746667,34.42369,1.164444,0.01746667,1.164444
20.97,10.03106,0.01746667,34.42369,1.164444,0.01746667,1.164444
20.98,10.02948,0.0175,34.41824,1.166667,0.0175,1.166667
20.99,10.0263,0.0175,34.40733,1.166667,0.0175,1.166667
21.0,10.02153,0.0175,34.39096,1.166667,0.0175,1.166667
21.01,10.0104,0.0175,34.35278,1.166667,0.0175,1.166667
21.02,10.00086,0.01753333,34.32006,1.168889,0.01753333,1.168889
21.03,10.00563,0.01753333,34.33642,1.168889,0.01753333,1.168889
21.04,10.02312,0.01753333,34.39642,1.168889,0.01753333,1.168889
21.05,10.05014,0.01753333,34.48915,1.168889,0.01753333,1.168889
21.06,10.06762,0.01756667,34.54915,1.171111,0.01756667,1.171111
21.07,10.07239,0.01756667,34.56551,1.171111,0.01756667,1.171111
21.08,10.06285,0.01756667,34.53278,1.171111,0.01756667,1.171111
21.09,10.04378,0.01756667,34.46733,1.171111,0.01756667,1.171111
21.1,10.02948,0.0176,34.41824,1.173333,0.0176,1.173333
21.11,10.02312,0.0176,34.39642,1.173333,0.0176,1.173333
21.12,10.0263,0.0176,34.40733,1.173333,0.0176,1.173333
21.13,10.03424,0.0176,34.4346,1.173333,0.0176,1.173333
21.14,10.04219,0.01763333,34.46187,1.175556,0.01763333,1.175556
21.15,10.05014,0.01763333,34.48915,1.175556,0.01763333,1.175556
21.16,10.04378,0.01763333,34.46733,1.175556,0.01763333,1.175556
21.17,10.03901,0.01763333,34.45097,1.175556,0.01763333,1.175556
21.18,10.04219,0.01766667,34.46187,1.177778,0.01766667,1.177778
21.19,10.05491,0.01766667,34.50551,1.177778,0.01766667,1.177778
21.2,10.0708,0.01766667,34.56005,1.177778,0.01766667,1.177778
21.21,10.08352,0.01766667,34.60369,1.177778,0.01766667,1.177778
21.22,10.09305,0.0177,34.63642,1.18,0.0177,1.18
21.23,10.101,0.0177,34.66369,1.18,0.0177,1.18
21.24,10.10895,0.0177,34.69096,1.18,0.0177,1.18
21.25,10.11213,0.0177,34.70187,1.18,0.0177,1.18
21.26,10.10736,0.01773333,34.68551,1.182222,0.01773333,1.182222
21.27,10.09623,0.01773333,34.64733,1.182222,0.01773333,1.182222
21.28,10.09305,0.01773333,34.63642,1.182222,0.01773333,1.182222
21.29,10.09941,0.01773333,34.65824,1.182222,0.01773333,1.182222
21.3,10.11531,0.01776667,34.71278,1.184445,0.01776667,1.184445
21.31,10.12166,0.01776667,34.7346,1.184445,0.01776667,1.184445
21.32,10.12802,0.01776667,34.75642,1.184445,0.01776667,1.184445
21.33,10.13597,0.01776667,34.78369,1.184445,0.01776667,1.184445
21.34,10.15027,0.0178,34.83278,1.186667,0.0178,1.186667
21.35,10.16458,0.0178,34.88187,1.186667,0.0178,1.186667
21.36,10.1614,0.0178,34.87096,1.186667,0.0178,1.186667
21.37,10.14392,0.0178,34.81097,1.186667,0.0178,1.186667
21.38,10.12961,0.01783333,34.76188,1.188889,0.01783333,1.188889
21.39,10.13597,0.01783333,34.78369,1.188889,0.01783333,1.188889
21.4,10.14868,0.01783333,34.82733,1.188889,0.01783333,1.188889
21.41,10.15663,0.01783333,34.8546,1.188889,0.01783333,1.188889
21.42,10.1614,0.01786667,34.87096,1.191111,0.01786667,1.191111
21.43,10.16617,0.01786667,34.88733,1.191111,0.01786667,1.191111
21.44,10.17412,0.01786667,34.9146,1.191111,0.01786667,1.191111
21.45,10.17888,0.01786667,34.93097,1.191111,0.01786667,1.191111
21.46,10.18206,0.0179,34.94188,1.193333,0.0179,1.193333
21.47,10.17729,0.0179,34.92551,1.193333,0.0179,1.193333
21.48,10.17253,0.0179,34.90915,1.193333,0.0179,1.193333
21.49,10.17729,0.0179,34.92551,1.193333,0.0179,1.193333
21.5,10.18683,0.01793333,34.95824,1.195556,0.01793333,1.195556
21.51,10.20114,0.01793333,35.00733,1.195556,0.01793333,1.195556
21.52,10.20273,0.01793333,35.01278,1.195556,0.01793333,1.195556
21.53,10.18524,0.01793333,34.95279,1.195556,0.01793333,1.195556
21.54,10.16935,0.01796667,34.89824,1.197778,0.01796667,1.197778
21.55,10.17729,0.01796667,34.92551,1.197778,0.01796667,1.197778
21.56,10.20749,0.01796667,35.02915,1.197778,0.01796667,1.197778
21.57,10.23134,0.01796667,35.11097,1.197778,0.01796667,1.197778
21.58,10.22975,0.018,35.10551,1.2,0.018,1.2
21.59,10.2218,0.018,35.07824,1.2,0.018,1.2
21.6,10.22657,0.018,35.0946,1.2,0.018,1.2
21.61,10.24405,0.018,35.1546,1.2,0.018,1.2
21.62,10.26789,0.01803333,35.23642,1.202222,0.01803333,1.202222
21.63,10.28379,0.01803333,35.29097,1.202222,0.01803333,1.202222
21.64,10.28379,0.01803333,35.29097,1.202222,0.01803333,1.202222
21.65,10.28061,0.01803333,35.28006,1.202222,0.01803333,1.202222
21.66,10.27107,0.01806667,35.24733,1.204444,0.01806667,1.204444
21.67,10.25995,0.01806667,35.20915,1.204444,0.01806667,1.204444
21.68,10.25518,0.01806667,35.19278,1.204444,0.01806667,1.204444
21.69,10.26313,0.01806667,35.22006,1.204444,0.01806667,1.204444
21.7,10.27266,0.0181,35.25278,1.206667,0.0181,1.206667
21.71,10.27266,0.0181,35.25278,1.206667,0.0181,1.206667
21.72,10.26789,0.0181,35.23642,1.206667,0.0181,1.206667
21.73,10.27266,0.0181,35.25278,1.206667,0.0181,1.206667
21.74,10.29174,0.01813333,35.31824,1.208889,0.01813333,1.208889
21.75,10.3124,0.01813333,35.38915,1.208889,0.01813333,1.208889
21.76,10.32988,0.01813333,35.44915,1.208889,0.01813333,1.208889
21.77,10.35372,0.01813333,35.53097,1.208889,0.01813333,1.208889
21.78,10.3728,0.01816667,35.59642,1.211111,0.01816667,1.211111
21.79,10.37757,0.01816667,35.61279,1.211111,0.01816667,1.211111
21.8,10.37757,0.01816667,35.61279,1.211111,0.01816667,1.211111
21.81,10.3728,0.01816667,35.59642,1.211111,0.01816667,1.211111
21.82,10.36167,0.0182,35.55824,1.213333,0.0182,1.213333
21.83,10.34419,0.0182,35.49824,1.213333,0.0182,1.213333
21.84,10.32829,0.0182,35.4437,1.213333,0.0182,1.213333
21.85,10.32193,0.0182,35.42188,1.213333,0.0182,1.213333
21.86,10.32511,0.01823333,35.43279,1.215556,0.01823333,1.215556
21.87,10.32988,0.01823333,35.44915,1.215556,0.01823333,1.215556
21.88,10.34101,0.01823333,35.48733,1.215556,0.01823333,1.215556
21.89,10.35372,0.01823333,35.53097,1.215556,0.01823333,1.215556
21.9,10.35849,0.01826667,35.54733,1.217778,0.01826667,1.217778
21.91,10.3569,0.01826667,35.54187,1.217778,0.01826667,1.217778
21.92,10.35054,0.01826667,35.52006,1.217778,0.01826667,1.217778
21.93,10.34578,0.01826667,35.50369,1.217778,0.01826667,1.217778
21.94,10.34419,0.0183,35.49824,1.22,0.0183,1.22
21.95,10.34419,0.0183,35.49824,1.22,0.0183,1.22
21.96,10.34101,0.0183,35.48733,1.22,0.0183,1.22
21.97,10.33783,0.0183,35.47642,1.22,0.0183,1.22
21.98,10.34419,0.01833333,35.49824,1.222222,0.01833333,1.222222
21.99,10.3569,0.01833333,35.54187,1.222222,0.01833333,1.222222
22.0,10.36485,0.01833333,35.56915,1.222222,0.01833333,1.222222
22.01,10.3728,0.01833333,35.59642,1.222222,0.01833333,1.222222
22.02,10.37916,0.01836667,35.61824,1.224444,0.01836667,1.224444
22.03,10.39346,0.01836667,35.66733,1.224444,0.01836667,1.224444
22.04,10.39505,0.01836667,35.67279,1.224444,0.01836667,1.224444
22.05,10.39823,0.01836667,35.68369,1.224444,0.01836667,1.224444
22.06,10.41571,0.0184,35.74369,1.226667,0.0184,1.226667
22.07,10.44273,0.0184,35.83642,1.226667,0.0184,1.226667
22.08,10.45227,0.0184,35.86915,1.226667,0.0184,1.226667
22.09,10.43956,0.0184,35.82551,1.226667,0.0184,1.226667
22.1,10.42684,0.01843333,35.78188,1.228889,0.01843333,1.228889
22.11,10.42366,0.01843333,35.77097,1.228889,0.01843333,1.228889
22.12,10.43002,0.01843333,35.79279,1.228889,0.01843333,1.228889
22.13,10.43797,0.01843333,35.82006,1.228889,0.01843333,1.228889
22.14,10.44432,0.01846667,35.84188,1.231111,0.01846667,1.231111
22.15,10.4475,0.01846667,35.85279,1.231111,0.01846667,1.231111
22.16,10.44432,0.01846667,35.84188,1.231111,0.01846667,1.231111
22.17,10.44273,0.01846667,35.83642,1.231111,0.01846667,1.231111
22.18,10.43956,0.0185,35.82551,1.233333,0.0185,1.233333
22.19,10.43479,0.0185,35.80915,1.233333,0.0185,1.233333
22.2,10.43797,0.0185,35.82006,1.233333,0.0185,1.233333
22.21,10.44432,0.0185,35.84188,1.233333,0.0185,1.233333
22.22,10.45227,0.01853333,35.86915,1.235556,0.01853333,1.235556
22.23,10.45863,0.01853333,35.89097,1.235556,0.01853333,1.235556
22.24,10.4634,0.01853333,35.90733,1.235556,0.01853333,1.235556
22.25,10.47134,0.01853333,35.9346,1.235556,0.01853333,1.235556
22.26,10.47929,0.01856667,35.96188,1.237778,0.01856667,1.237778
22.27,10.48088,0.01856667,35.96733,1.237778,0.01856667,1.237778
22.28,10.47293,0.01856667,35.94006,1.237778,0.01856667,1.237778
22.29,10.45545,0.01856667,35.88006,1.237778,0.01856667,1.237778
22.3,10.4475,0.0186,35.85279,1.24,0.0186,1.24
22.31,10.4634,0.0186,35.90733,1.24,0.0186,1.24
22.32,10.49678,0.0186,36.02188,1.24,0.0186,1.24
22.33,10.53015,0.0186,36.13642,1.24,0.0186,1.24
22.34,10.54605,0.01863333,36.19097,1.242222,0.01863333,1.242222
22.35,10.54923,0.01863333,36.20188,1.242222,0.01863333,1.242222
22.36,10.54128,0.01863333,36.1746,1.242222,0.01863333,1.242222
22.37,10.5238,0.01863333,36.1146,1.242222,0.01863333,1.242222
22.38,10.49519,0.01866667,36.01642,1.244444,0.01866667,1.244444
22.39,10.47929,0.01866667,35.96188,1.244444,0.01866667,1.244444
22.4,10.48406,0.01866667,35.97824,1.244444,0.01866667,1.244444
22.41,10.50154,0.01866667,36.03824,1.244444,0.01866667,1.244444
22.42,10.52062,0.0187,36.10369,1.246667,0.0187,1.246667
22.43,10.53333,0.0187,36.14733,1.246667,0.0187,1.246667
22.44,10.53333,0.0187,36.14733,1.246667,0.0187,1.246667
22.45,10.50949,0.0187,36.06551,1.246667,0.0187,1.246667
22.46,10.48724,0.01873333,35.98915,1.248889,0.01873333,1.248889
22.47,10.48406,0.01873333,35.97824,1.248889,0.01873333,1.248889
22.48,10.5079,0.01873333,36.06006,1.248889,0.01873333,1.248889
22.49,10.54446,0.01873333,36.18551,1.248889,0.01873333,1.248889
22.5,10.57466,0.01876667,36.28915,1.251111,0.01876667,1.251111
22.51,10.59055,0.01876667,36.3437,1.251111,0.01876667,1.251111
22.52,10.59373,0.01876667,36.3546,1.251111,0.01876667,1.251111
22.53,10.59055,0.01876667,36.3437,1.251111,0.01876667,1.251111
22.54,10.58261,0.0188,36.31642,1.253333,0.0188,1.253333
22.55,10.57466,0.0188,36.28915,1.253333,0.0188,1.253333
22.56,10.57307,0.0188,36.2837,1.253333,0.0188,1.253333
22.57,10.57784,0.0188,36.30006,1.253333,0.0188,1.253333
22.58,10.59055,0.01883333,36.3437,1.255556,0.01883333,1.255556
22.59,10.61598,0.01883333,36.43097,1.255556,0.01883333,1.255556
22.6,10.63824,0.01883333,36.50733,1.255556,0.01883333,1.255556
22.61,10.6446,0.01883333,36.52915,1.255556,0.01883333,1.255556
22.62,10.63983,0.01886667,36.51279,1.257778,0.01886667,1.257778
22.63,10.62711,0.01886667,36.46915,1.257778,0.01886667,1.257778
22.64,10.61122,0.01886667,36.4146,1.257778,0.01886667,1.257778
22.65,10.59532,0.01886667,36.36006,1.257778,0.01886667,1.257778
22.66,10.59532,0.0189,36.36006,1.26,0.0189,1.26
22.67,10.61122,0.0189,36.4146,1.26,0.0189,1.26
22.68,10.63506,0.0189,36.49642,1.26,0.0189,1.26
22.69,10.65572,0.0189,36.56733,1.26,0.0189,1.26
22.7,10.67638,0.01893333,36.63824,1.262222,0.01893333,1.262222
22.71,10.68751,0.01893333,36.67642,1.262222,0.01893333,1.262222
22.72,10.6891,0.01893333,36.68188,1.262222,0.01893333,1.262222
22.73,10.69546,0.01893333,36.7037,1.262222,0.01893333,1.262222
22.74,10.70499,0.01896667,36.73642,1.264444,0.01896667,1.264444
22.75,10.70817,0.01896667,36.74733,1.264444,0.01896667,1.264444
22.76,10.69705,0.01896667,36.70915,1.264444,0.01896667,1.264444
22.77,10.6891,0.01896667,36.68188,1.264444,0.01896667,1.264444
22.78,10.69546,0.019,36.7037,1.266667,0.019,1.266667
22.79,10.70182,0.019,36.72551,1.266667,0.019,1.266667
22.8,10.70182,0.019,36.72551,1.266667,0.019,1.266667
22.81,10.70023,0.019,36.72006,1.266667,0.019,1.266667
22.82,10.70499,0.01903333,36.73642,1.268889,0.01903333,1.268889
22.83,10.72089,0.01903333,36.79097,1.268889,0.01903333,1.268889
22.84,10.74473,0.01903333,36.87279,1.268889,0.01903333,1.268889
22.85,10.75745,0.01903333,36.91642,1.268889,0.01903333,1.268889
22.86,10.75904,0.01906667,36.92188,1.271111,0.01906667,1.271111
22.87,10.77016,0.01906667,36.96006,1.271111,0.01906667,1.271111
22.88,10.78288,0.01906667,37.0037,1.271111,0.01906667,1.271111
22.89,10.78765,0.01906667,37.02006,1.271111,0.01906667,1.271111
22.9,10.78606,0.0191,37.01461,1.273333,0.0191,1.273333
22.91,10.78129,0.0191,36.99824,1.273333,0.0191,1.273333
22.92,10.77016,0.0191,36.96006,1.273333,0.0191,1.273333
22.93,10.7495,0.0191,36.88915,1.273333,0.0191,1.273333
22.94,10.72884,0.01913333,36.81824,1.275555,0.01913333,1.275555
22.95,10.72089,0.01913333,36.79097,1.275555,0.01913333,1.275555
22.96,10.73043,0.01913333,36.8237,1.275555,0.01913333,1.275555
22.97,10.7495,0.01913333,36.88915,1.275555,0.01913333,1.275555
22.98,10.76221,0.01916667,36.93279,1.277778,0.01916667,1.277778
22.99,10.76539,0.01916667,36.9437,1.277778,0.01916667,1.277778
23.0,10.75745,0.01916667,36.91642,1.277778,0.01916667,1.277778
23.01,10.75427,0.01916667,36.90551,1.277778,0.01916667,1.277778
23.02,10.75745,0.0192,36.91642,1.28,0.0192,1.28
23.03,10.76221,0.0192,36.93279,1.28,0.0192,1.28
23.04,10.77493,0.0192,36.97642,1.28,0.0192,1.28
23.05,10.794,0.0192,37.04188,1.28,0.0192,1.28
23.06,10.80672,0.01923333,37.08551,1.282222,0.01923333,1.282222
23.07,10.8099,0.01923333,37.09642,1.282222,0.01923333,1.282222
23.08,10.794,0.01923333,37.04188,1.282222,0.01923333,1.282222
23.09,10.77334,0.01923333,36.97097,1.282222,0.01923333,1.282222
23.1,10.75745,0.01926667,36.91642,1.284444,0.01926667,1.284444
23.11,10.76539,0.01926667,36.9437,1.284444,0.01926667,1.284444
23.12,10.794,0.01926667,37.04188,1.284444,0.01926667,1.284444
23.13,10.81626,0.01926667,37.11824,1.284444,0.01926667,1.284444
23.14,10.81626,0.0193,37.11824,1.286667,0.0193,1.286667
23.15,10.80354,0.0193,37.0746,1.286667,0.0193,1.286667
23.16,10.794,0.0193,37.04188,1.286667,0.0193,1.286667
23.17,10.79877,0.0193,37.05824,1.286667,0.0193,1.286667
23.18,10.81467,0.01933333,37.11279,1.288889,0.01933333,1.288889
23.19,10.83056,0.01933333,37.16734,1.288889,0.01933333,1.288889
23.2,10.8401,0.01933333,37.20006,1.288889,0.01933333,1.288889
23.21,10.84805,0.01933333,37.22733,1.288889,0.01933333,1.288889
23.22,10.85122,0.01936667,37.23824,1.291111,0.01936667,1.291111
23.23,10.84328,0.01936667,37.21097,1.291111,0.01936667,1.291111
23.24,10.83215,0.01936667,37.17279,1.291111,0.01936667,1.291111
23.25,10.83851,0.01936667,37.19461,1.291111,0.01936667,1.291111
23.26,10.85122,0.0194,37.23824,1.293333,0.0194,1.293333
23.27,10.85281,0.0194,37.2437,1.293333,0.0194,1.293333
23.28,10.84328,0.0194,37.21097,1.293333,0.0194,1.293333
23.29,10.83215,0.0194,37.17279,1.293333,0.0194,1.293333
23.3,10.83533,0.01943333,37.1837,1.295556,0.01943333,1.295556
23.31,10.84328,0.01943333,37.21097,1.295556,0.01943333,1.295556
23.32,10.85281,0.01943333,37.2437,1.295556,0.01943333,1.295556
23.33,10.86394,0.01943333,37.28188,1.295556,0.01943333,1.295556
23.34,10.87348,0.01946667,37.31461,1.297778,0.01946667,1.297778
23.35,10.87983,0.01946667,37.33642,1.297778,0.01946667,1.297778
23.36,10.87189,0.01946667,37.30915,1.297778,0.01946667,1.297778
23.37,10.86712,0.01946667,37.29279,1.297778,0.01946667,1.297778
23.38,10.87348,0.0195,37.31461,1.3,0.0195,1.3
23.39,10.88778,0.0195,37.3637,1.3,0.0195,1.3
23.4,10.89732,0.0195,37.39642,1.3,0.0195,1.3
23.41,10.90527,0.0195,37.4237,1.3,0.0195,1.3
23.42,10.91798,0.01953333,37.46733,1.302222,0.01953333,1.302222
23.43,10.93229,0.01953333,37.51642,1.302222,0.01953333,1.302222
23.44,10.93388,0.01953333,37.52188,1.302222,0.01953333,1.302222
23.45,10.92434,0.01953333,37.48915,1.302222,0.01953333,1.302222
23.46,10.90209,0.01956667,37.41279,1.304444,0.01956667,1.304444
23.47,10.89255,0.01956667,37.38006,1.304444,0.01956667,1.304444
23.48,10.89255,0.01956667,37.38006,1.304444,0.01956667,1.304444
23.49,10.89732,0.01956667,37.39642,1.304444,0.01956667,1.304444
23.5,10.9005,0.0196,37.40733,1.306667,0.0196,1.306667
23.51,10.90527,0.0196,37.4237,1.306667,0.0196,1.306667
23.52,10.91639,0.0196,37.46188,1.306667,0.0196,1.306667
23.53,10.92434,0.0196,37.48915,1.306667,0.0196,1.306667
23.54,10.92593,0.01963333,37.49461,1.308889,0.01963333,1.308889
23.55,10.92911,0.01963333,37.50552,1.308889,0.01963333,1.308889
23.56,10.93388,0.01963333,37.52188,1.308889,0.01963333,1.308889
23.57,10.93388,0.01963333,37.52188,1.308889,0.01963333,1.308889
23.58,10.93229,0.01966667,37.51642,1.311111,0.01966667,1.311111
23.59,10.93229,0.01966667,37.51642,1.311111,0.01966667,1.311111
23.6,10.945,0.01966667,37.56006,1.311111,0.01966667,1.311111
23.61,10.9609,0.01966667,37.6146,1.311111,0.01966667,1.311111
23.62,10.96725,0.0197,37.63643,1.313333,0.0197,1.313333
23.63,10.96566,0.0197,37.63097,1.313333,0.0197,1.313333
23.64,10.95772,0.0197,37.6037,1.313333,0.0197,1.313333
23.65,10.95295,0.0197,37.58733,1.313333,0.0197,1.313333
23.66,10.95295,0.01973333,37.58733,1.315556,0.01973333,1.315556
23.67,10.95772,0.01973333,37.6037,1.315556,0.01973333,1.315556
23.68,10.96566,0.01973333,37.63097,1.315556,0.01973333,1.315556
23.69,10.96566,0.01973333,37.63097,1.315556,0.01973333,1.315556
23.7,10.9609,0.01976667,37.6146,1.317778,0.01976667,1.317778
23.71,10.95772,0.01976667,37.6037,1.317778,0.01976667,1.317778
23.72,10.97043,0.01976667,37.64733,1.317778,0.01976667,1.317778
23.73,10.98633,0.01976667,37.70188,1.317778,0.01976667,1.317778
23.74,10.9911,0.0198,37.71824,1.32,0.0198,1.32
23.75,10.99586,0.0198,37.73461,1.32,0.0198,1.32
23.76,11.00381,0.0198,37.76188,1.32,0.0198,1.32
23.77,11.00222,0.0198,37.75642,1.32,0.0198,1.32
23.78,10.99428,0.01983333,37.72915,1.322222,0.01983333,1.322222
23.79,10.9911,0.01983333,37.71824,1.322222,0.01983333,1.322222
23.8,11.00222,0.01983333,37.75642,1.322222,0.01983333,1.322222
23.81,11.01176,0.01983333,37.78915,1.322222,0.01983333,1.322222
23.82,11.01176,0.01986667,37.78915,1.324445,0.01986667,1.324445
23.83,11.01494,0.01986667,37.80006,1.324445,0.01986667,1.324445
23.84,11.02448,0.01986667,37.83279,1.324445,0.01986667,1.324445
23.85,11.03242,0.01986667,37.86006,1.324445,0.01986667,1.324445
23.86,11.03242,0.0199,37.86006,1.326667,0.0199,1.326667
23.87,11.03242,0.0199,37.86006,1.326667,0.0199,1.326667
23.88,11.03878,0.0199,37.88188,1.326667,0.0199,1.326667
23.89,11.04832,0.0199,37.91461,1.326667,0.0199,1.326667
23.9,11.05944,0.01993333,37.95279,1.328889,0.01993333,1.328889
23.91,11.06739,0.01993333,37.98006,1.328889,0.01993333,1.328889
23.92,11.06421,0.01993333,37.96915,1.328889,0.01993333,1.328889
23.93,11.06103,0.01993333,37.95824,1.328889,0.01993333,1.328889
23.94,11.06103,0.01996667,37.95824,1.331111,0.01996667,1.331111
23.95,11.06421,0.01996667,37.96915,1.331111,0.01996667,1.331111
23.96,11.06739,0.01996667,37.98006,1.331111,0.01996667,1.331111
23.97,11.06739,0.01996667,37.98006,1.331111,0.01996667,1.331111
23.98,11.07534,0.02,38.00733,1.333333,0.02,1.333333
23.99,11.08964,0.02,38.05642,1.333333,0.02,1.333333
24.0,11.10554,0.02,38.11097,1.333333,0.02,1.333333
24.01,11.11031,0.02,38.12733,1.333333,0.02,1.333333
24.02,11.10872,0.02003333,38.12188,1.335556,0.02003333,1.335556
24.03,11.10395,0.02003333,38.10551,1.335556,0.02003333,1.335556
24.04,11.09759,0.02003333,38.0837,1.335556,0.02003333,1.335556
24.05,11.08964,0.02003333,38.05642,1.335556,0.02003333,1.335556
24.06,11.08964,0.02006667,38.05642,1.337778,0.02006667,1.337778
24.07,11.09759,0.02006667,38.0837,1.337778,0.02006667,1.337778
24.08,11.10872,0.02006667,38.12188,1.337778,0.02006667,1.337778
24.09,11.12143,0.02006667,38.16552,1.337778,0.02006667,1.337778
24.1,11.13256,0.0201,38.2037,1.34,0.0201,1.34
24.11,11.13892,0.0201,38.22552,1.34,0.0201,1.34
24.12,11.13415,0.0201,38.20915,1.34,0.0201,1.34
24.13,11.12143,0.0201,38.16552,1.34,0.0201,1.34
24.14,11.10395,0.02013333,38.10551,1.342222,0.02013333,1.342222
24.15,11.09282,0.02013333,38.06734,1.342222,0.02013333,1.342222
24.16,11.09282,0.02013333,38.06734,1.342222,0.02013333,1.342222
24.17,11.10077,0.02013333,38.09461,1.342222,0.02013333,1.342222
24.18,11.11825,0.02016667,38.15461,1.344445,0.02016667,1.344445
24.19,11.13415,0.02016667,38.20915,1.344445,0.02016667,1.344445
24.2,11.14209,0.02016667,38.23642,1.344445,0.02016667,1.344445
24.21,11.14686,0.02016667,38.25279,1.344445,0.02016667,1.344445
24.22,11.15004,0.0202,38.2637,1.346667,0.0202,1.346667
24.23,11.15004,0.0202,38.2637,1.346667,0.0202,1.346667
24.24,11.15322,0.0202,38.27461,1.346667,0.0202,1.346667
24.25,11.15799,0.0202,38.29097,1.346667,0.0202,1.346667
24.26,11.16594,0.02023333,38.31824,1.348889,0.02023333,1.348889
24.27,11.16276,0.02023333,38.30733,1.348889,0.02023333,1.348889
24.28,11.15799,0.02023333,38.29097,1.348889,0.02023333,1.348889
24.29,11.15481,0.02023333,38.28006,1.348889,0.02023333,1.348889
24.3,11.15799,0.02026667,38.29097,1.351111,0.02026667,1.351111
24.31,11.16753,0.02026667,38.3237,1.351111,0.02026667,1.351111
24.32,11.1866,0.02026667,38.38915,1.351111,0.02026667,1.351111
24.33,11.20408,0.02026667,38.44915,1.351111,0.02026667,1.351111
24.34,11.21203,0.0203,38.47643,1.353333,0.0203,1.353333
24.35,11.20408,0.0203,38.44915,1.353333,0.0203,1.353333
24.36,11.19614,0.0203,38.42188,1.353333,0.0203,1.353333
24.37,11.19932,0.0203,38.43279,1.353333,0.0203,1.353333
24.38,11.21521,0.02033333,38.48734,1.355556,0.02033333,1.355556
24.39,11.22793,0.02033333,38.53097,1.355556,0.02033333,1.355556
24.4,11.22793,0.02033333,38.53097,1.355556,0.02033333,1.355556
24.41,11.21839,0.02033333,38.49824,1.355556,0.02033333,1.355556
24.42,11.21521,0.02036667,38.48734,1.357778,0.02036667,1.357778
24.43,11.22475,0.02036667,38.52006,1.357778,0.02036667,1.357778
24.44,11.23905,0.02036667,38.56915,1.357778,0.02036667,1.357778
24.45,11.247,0.02036667,38.59642,1.357778,0.02036667,1.357778
24.46,11.24859,0.0204,38.60188,1.36,0.0204,1.36
24.47,11.24859,0.0204,38.60188,1.36,0.0204,1.36
24.48,11.24859,0.0204,38.60188,1.36,0.0204,1.36
24.49,11.25336,0.0204,38.61824,1.36,0.0204,1.36
24.5,11.25972,0.02043333,38.64006,1.362222,0.02043333,1.362222
24.51,11.25654,0.02043333,38.62915,1.362222,0.02043333,1.362222
24.52,11.24859,0.02043333,38.60188,1.362222,0.02043333,1.362222
24.53,11.24859,0.02043333,38.60188,1.362222,0.02043333,1.362222
24.54,11.25972,0.02046667,38.64006,1.364444,0.02046667,1.364444
24.55,11.26448,0.02046667,38.65643,1.364444,0.02046667,1.364444
24.56,11.26448,0.02046667,38.65643,1.364444,0.02046667,1.364444
24.57,11.26925,0.02046667,38.67279,1.364444,0.02046667,1.364444
24.58,11.28833,0.0205,38.73825,1.366667,0.0205,1.366667
24.59,11.30899,0.0205,38.80915,1.366667,0.0205,1.366667
24.6,11.32647,0.0205,38.86916,1.366667,0.0205,1.366667
24.61,11.3376,0.0205,38.90733,1.366667,0.0205,1.366667
24.62,11.34237,0.02053333,38.9237,1.368889,0.02053333,1.368889
24.63,11.33919,0.02053333,38.91279,1.368889,0.02053333,1.368889
24.64,11.3376,0.02053333,38.90733,1.368889,0.02053333,1.368889
24.65,11.34555,0.02053333,38.93461,1.368889,0.02053333,1.368889
24.66,11.35508,0.02056667,38.96734,1.371111,0.02056667,1.371111
24.67,11.35826,0.02056667,38.97824,1.371111,0.02056667,1.371111
24.68,11.35508,0.02056667,38.96734,1.371111,0.02056667,1.371111
24.69,11.34555,0.02056667,38.93461,1.371111,0.02056667,1.371111
24.7,11.33283,0.0206,38.89097,1.373333,0.0206,1.373333
24.71,11.31694,0.0206,38.83643,1.373333,0.0206,1.373333
24.72,11.30581,0.0206,38.79824,1.373333,0.0206,1.373333
24.73,11.30581,0.0206,38.79824,1.373333,0.0206,1.373333
24.74,11.32647,0.02063333,38.86916,1.375556,0.02063333,1.375556
24.75,11.35508,0.02063333,38.96734,1.375556,0.02063333,1.375556
24.76,11.37416,0.02063333,39.03279,1.375556,0.02063333,1.375556
24.77,11.37098,0.02063333,39.02188,1.375556,0.02063333,1.375556
24.78,11.36144,0.02066667,38.98915,1.377778,0.02066667,1.377778
24.79,11.36303,0.02066667,38.99461,1.377778,0.02066667,1.377778
24.8,11.37416,0.02066667,39.03279,1.377778,0.02066667,1.377778
24.81,11.37574,0.02066667,39.03824,1.377778,0.02066667,1.377778
24.82,11.37098,0.0207,39.02188,1.38,0.0207,1.38
24.83,11.37416,0.0207,39.03279,1.38,0.0207,1.38
24.84,11.38687,0.0207,39.07643,1.38,0.0207,1.38
24.85,11.39482,0.0207,39.1037,1.38,0.0207,1.38
24.86,11.39005,0.02073333,39.08733,1.382222,0.02073333,1.382222
24.87,11.39005,0.02073333,39.08733,1.382222,0.02073333,1.382222
24.88,11.39482,0.02073333,39.1037,1.382222,0.02073333,1.382222
24.89,11.40436,0.02073333,39.13643,1.382222,0.02073333,1.382222
24.9,11.4123,0.02076667,39.1637,1.384444,0.02076667,1.384444
24.91,11.42025,0.02076667,39.19097,1.384444,0.02076667,1.384444
24.92,11.4282,0.02076667,39.21824,1.384444,0.02076667,1.384444
24.93,11.44409,0.02076667,39.27279,1.384444,0.02076667,1.384444
24.94,11.45522,0.0208,39.31097,1.386667,0.0208,1.386667
24.95,11.45999,0.0208,39.32734,1.386667,0.0208,1.386667
24.96,11.45681,0.0208,39.31643,1.386667,0.0208,1.386667
24.97,11.44091,0.0208,39.26188,1.386667,0.0208,1.386667
24.98,11.42661,0.02083333,39.21279,1.388889,0.02083333,1.388889
24.99,11.42343,0.02083333,39.20188,1.388889,0.02083333,1.388889
25.0,11.43614,0.02083333,39.24552,1.388889,0.02083333,1.388889
25.01,11.45999,0.02083333,39.32734,1.388889,0.02083333,1.388889
25.02,11.4886,0.02086667,39.42552,1.391111,0.02086667,1.391111
25.03,11.50449,0.02086667,39.48006,1.391111,0.02086667,1.391111
25.04,11.49337,0.02086667,39.44188,1.391111,0.02086667,1.391111
25.05,11.47747,0.02086667,39.38734,1.391111,0.02086667,1.391111
25.06,11.47588,0.0209,39.38188,1.393333,0.0209,1.393333
25.07,11.49019,0.0209,39.43097,1.393333,0.0209,1.393333
25.08,11.50449,0.0209,39.48006,1.393333,0.0209,1.393333
25.09,11.50926,0.0209,39.49643,1.393333,0.0209,1.393333
25.1,11.51244,0.02093333,39.50734,1.395556,0.02093333,1.395556
25.11,11.51403,0.02093333,39.51279,1.395556,0.02093333,1.395556
25.12,11.51403,0.02093333,39.51279,1.395556,0.02093333,1.395556
25.13,11.51244,0.02093333,39.50734,1.395556,0.02093333,1.395556
25.14,11.51403,0.02096667,39.51279,1.397778,0.02096667,1.397778
25.15,11.52674,0.02096667,39.55643,1.397778,0.02096667,1.397778
25.16,11.5331,0.02096667,39.57824,1.397778,0.02096667,1.397778
25.17,11.52992,0.02096667,39.56734,1.397778,0.02096667,1.397778
25.18,11.5331,0.021,39.57824,1.4,0.021,1.4
25.19,11.54582,0.021,39.62188,1.4,0.021,1.4
25.2,11.55853,0.021,39.66552,1.4,0.021,1.4
25.21,11.55853,0.021,39.66552,1.4,0.021,1.4
25.22,11.55376,0.02103333,39.64915,1.402222,0.02103333,1.402222
25.23,11.55535,0.02103333,39.65461,1.402222,0.02103333,1.402222
25.24,11.56171,0.02103333,39.67643,1.402222,0.02103333,1.402222
25.25,11.57125,0.02103333,39.70915,1.402222,0.02103333,1.402222
25.26,11.58237,0.02106667,39.74734,1.404444,0.02106667,1.404444
25.27,11.59032,0.02106667,39.77461,1.404444,0.02106667,1.404444
25.28,11.59191,0.02106667,39.78006,1.404444,0.02106667,1.404444
25.29,11.59509,0.02106667,39.79097,1.404444,0.02106667,1.404444
25.3,11.59191,0.0211,39.78006,1.406667,0.0211,1.406667
25.31,11.59032,0.0211,39.77461,1.406667,0.0211,1.406667
25.32,11.58714,0.0211,39.7637,1.406667,0.0211,1.406667
25.33,11.59191,0.0211,39.78006,1.406667,0.0211,1.406667
25.34,11.60304,0.02113333,39.81825,1.408889,0.02113333,1.408889
25.35,11.61098,0.02113333,39.84552,1.408889,0.02113333,1.408889
25.36,11.61893,0.02113333,39.87279,1.408889,0.02113333,1.408889
25.37,11.62052,0.02113333,39.87825,1.408889,0.02113333,1.408889
25.38,11.6237,0.02116667,39.88915,1.411111,0.02116667,1.411111
25.39,11.6237,0.02116667,39.88915,1.411111,0.02116667,1.411111
25.4,11.6237,0.02116667,39.88915,1.411111,0.02116667,1.411111
25.41,11.62688,0.02116667,39.90007,1.411111,0.02116667,1.411111
25.42,11.63324,0.0212,39.92188,1.413333,0.0212,1.413333
25.43,11.6396,0.0212,39.9437,1.413333,0.0212,1.413333
25.44,11.63642,0.0212,39.93279,1.413333,0.0212,1.413333
25.45,11.63165,0.0212,39.91643,1.413333,0.0212,1.413333
25.46,11.6237,0.02123333,39.88915,1.415556,0.02123333,1.415556
25.47,11.61893,0.02123333,39.87279,1.415556,0.02123333,1.415556
25.48,11.61575,0.02123333,39.86188,1.415556,0.02123333,1.415556
25.49,11.61257,0.02123333,39.85098,1.415556,0.02123333,1.415556
25.5,11.62052,0.02126667,39.87825,1.417778,0.02126667,1.417778
25.51,11.63324,0.02126667,39.92188,1.417778,0.02126667,1.417778
25.52,11.64754,0.02126667,39.97097,1.417778,0.02126667,1.417778
25.53,11.65708,0.02126667,40.0037,1.417778,0.02126667,1.417778
25.54,11.66503,0.0213,40.03098,1.42,0.0213,1.42
25.55,11.67615,0.0213,40.06915,1.42,0.0213,1.42
25.56,11.6841,0.0213,40.09643,1.42,0.0213,1.42
25.57,11.67774,0.0213,40.07461,1.42,0.0213,1.42
25.58,11.66026,0.02133333,40.01461,1.422222,0.02133333,1.422222
25.59,11.64118,0.02133333,39.94916,1.422222,0.02133333,1.422222
25.6,11.6396,0.02133333,39.9437,1.422222,0.02133333,1.422222
25.61,11.65549,0.02133333,39.99825,1.422222,0.02133333,1.422222
25.62,11.67774,0.02136667,40.07461,1.424444,0.02136667,1.424444
25.63,11.69841,0.02136667,40.14552,1.424444,0.02136667,1.424444
25.64,11.70953,0.02136667,40.1837,1.424444,0.02136667,1.424444
25.65,11.71271,0.02136667,40.19461,1.424444,0.02136667,1.424444
25.66,11.71748,0.0214,40.21098,1.426667,0.0214,1.426667
25.67,11.72225,0.0214,40.22734,1.426667,0.0214,1.426667
25.68,11.71907,0.0214,40.21643,1.426667,0.0214,1.426667
25.69,11.70635,0.0214,40.17279,1.426667,0.0214,1.426667
25.7,11.68887,0.02143333,40.11279,1.428889,0.02143333,1.428889
25.71,11.69364,0.02143333,40.12916,1.428889,0.02143333,1.428889
25.72,11.71748,0.02143333,40.21098,1.428889,0.02143333,1.428889
25.73,11.73496,0.02143333,40.27097,1.428889,0.02143333,1.428889
25.74,11.74291,0.02146667,40.29824,1.431111,0.02146667,1.431111
25.75,11.74768,0.02146667,40.31461,1.431111,0.02146667,1.431111
25.76,11.7588,0.02146667,40.35279,1.431111,0.02146667,1.431111
25.77,11.76993,0.02146667,40.39098,1.431111,0.02146667,1.431111
25.78,11.77629,0.0215,40.41279,1.433333,0.0215,1.433333
25.79,11.77629,0.0215,40.41279,1.433333,0.0215,1.433333
25.8,11.76357,0.0215,40.36916,1.433333,0.0215,1.433333
25.81,11.74291,0.0215,40.29824,1.433333,0.0215,1.433333
25.82,11.72702,0.02153333,40.2437,1.435555,0.02153333,1.435555
25.83,11.73019,0.02153333,40.25461,1.435555,0.02153333,1.435555
25.84,11.73814,0.02153333,40.28188,1.435555,0.02153333,1.435555
25.85,11.73496,0.02153333,40.27097,1.435555,0.02153333,1.435555
25.86,11.72225,0.02156667,40.22734,1.437778,0.02156667,1.437778
25.87,11.7143,0.02156667,40.20007,1.437778,0.02156667,1.437778
25.88,11.72543,0.02156667,40.23825,1.437778,0.02156667,1.437778
25.89,11.74132,0.02156667,40.29279,1.437778,0.02156667,1.437778
25.9,11.74609,0.0216,40.30916,1.44,0.0216,1.44
25.91,11.74768,0.0216,40.31461,1.44,0.0216,1.44
25.92,11.75404,0.0216,40.33643,1.44,0.0216,1.44
25.93,11.76198,0.0216,40.3637,1.44,0.0216,1.44
25.94,11.7747,0.02163333,40.40734,1.442222,0.02163333,1.442222
25.95,11.78424,0.02163333,40.44007,1.442222,0.02163333,1.442222
25.96,11.77947,0.02163333,40.4237,1.442222,0.02163333,1.442222
25.97,11.76357,0.02163333,40.36916,1.442222,0.02163333,1.442222
25.98,11.75563,0.02166667,40.34188,1.444444,0.02166667,1.444444
25.99,11.7588,0.02166667,40.35279,1.444444,0.02166667,1.444444
26.0,11.76357,0.02166667,40.36916,1.444444,0.02166667,1.444444
26.01,11.77947,0.02166667,40.4237,1.444444,0.02166667,1.444444
26.02,11.80013,0.0217,40.49461,1.446667,0.0217,1.446667
26.03,11.81285,0.0217,40.53825,1.446667,0.0217,1.446667
26.04,11.81285,0.0217,40.53825,1.446667,0.0217,1.446667
26.05,11.81126,0.0217,40.53279,1.446667,0.0217,1.446667
26.06,11.82397,0.02173333,40.57643,1.448889,0.02173333,1.448889
26.07,11.8494,0.02173333,40.6637,1.448889,0.02173333,1.448889
26.08,11.86848,0.02173333,40.72916,1.448889,0.02173333,1.448889
26.09,11.87007,0.02173333,40.73461,1.448889,0.02173333,1.448889
26.1,11.86848,0.02176667,40.72916,1.451111,0.02176667,1.451111
26.11,11.86212,0.02176667,40.70734,1.451111,0.02176667,1.451111
26.12,11.85258,0.02176667,40.67461,1.451111,0.02176667,1.451111
26.13,11.83669,0.02176667,40.62007,1.451111,0.02176667,1.451111
26.14,11.83669,0.0218,40.62007,1.453333,0.0218,1.453333
26.15,11.84781,0.0218,40.65825,1.453333,0.0218,1.453333
26.16,11.85735,0.0218,40.69098,1.453333,0.0218,1.453333
26.17,11.86848,0.0218,40.72916,1.453333,0.0218,1.453333
26.18,11.86848,0.02183333,40.72916,1.455556,0.02183333,1.455556
26.19,11.85576,0.02183333,40.68552,1.455556,0.02183333,1.455556
26.2,11.84781,0.02183333,40.65825,1.455556,0.02183333,1.455556
26.21,11.86053,0.02183333,40.70189,1.455556,0.02183333,1.455556
26.22,11.88914,0.02186667,40.80007,1.457778,0.02186667,1.457778
26.23,11.91298,0.02186667,40.88189,1.457778,0.02186667,1.457778
26.24,11.9257,0.02186667,40.92552,1.457778,0.02186667,1.457778
26.25,11.92729,0.02186667,40.93098,1.457778,0.02186667,1.457778
26.26,11.92093,0.0219,40.90916,1.46,0.0219,1.46
26.27,11.90662,0.0219,40.86007,1.46,0.0219,1.46
26.28,11.90503,0.0219,40.85461,1.46,0.0219,1.46
26.29,11.91457,0.0219,40.88734,1.46,0.0219,1.46
26.3,11.92729,0.02193333,40.93098,1.462222,0.02193333,1.462222
26.31,11.92729,0.02193333,40.93098,1.462222,0.02193333,1.462222
26.32,11.92093,0.02193333,40.90916,1.462222,0.02193333,1.462222
26.33,11.91457,0.02193333,40.88734,1.462222,0.02193333,1.462222
26.34,11.92252,0.02196667,40.91461,1.464444,0.02196667,1.464444
26.35,11.93364,0.02196667,40.95279,1.464444,0.02196667,1.464444
26.36,11.94159,0.02196667,40.98007,1.464444,0.02196667,1.464444
26.37,11.94954,0.02196667,41.00734,1.464444,0.02196667,1.464444
26.38,11.95908,0.022,41.04007,1.466667,0.022,1.466667
26.39,11.96225,0.022,41.05098,1.466667,0.022,1.466667
26.4,11.95908,0.022,41.04007,1.466667,0.022,1.466667
26.41,11.95908,0.022,41.04007,1.466667,0.022,1.466667
26.42,11.97815,0.02203333,41.10552,1.468889,0.02203333,1.468889
26.43,11.99881,0.02203333,41.17643,1.468889,0.02203333,1.468889
26.44,12.01312,0.02203333,41.22552,1.468889,0.02203333,1.468889
26.45,12.01312,0.02203333,41.22552,1.468889,0.02203333,1.468889
26.46,12.00676,0.02206667,41.2037,1.471111,0.02206667,1.471111
26.47,11.99245,0.02206667,41.15461,1.471111,0.02206667,1.471111
26.48,11.98292,0.02206667,41.12188,1.471111,0.02206667,1.471111
26.49,11.97497,0.02206667,41.09461,1.471111,0.02206667,1.471111
26.5,11.96702,0.0221,41.06734,1.473333,0.0221,1.473333
26.51,11.96225,0.0221,41.05098,1.473333,0.0221,1.473333
26.52,11.9559,0.0221,41.02916,1.473333,0.0221,1.473333
26.53,11.95908,0.0221,41.04007,1.473333,0.0221,1.473333
26.54,11.97179,0.02213333,41.0837,1.475556,0.02213333,1.475556
26.55,11.99086,0.02213333,41.14915,1.475556,0.02213333,1.475556
26.56,12.0004,0.02213333,41.18188,1.475556,0.02213333,1.475556
26.57,12.0004,0.02213333,41.18188,1.475556,0.02213333,1.475556
26.58,11.99086,0.02216667,41.14915,1.477778,0.02216667,1.477778
26.59,11.98451,0.02216667,41.12734,1.477778,0.02216667,1.477778
26.6,11.98769,0.02216667,41.13825,1.477778,0.02216667,1.477778
26.61,12.0004,0.02216667,41.18188,1.477778,0.02216667,1.477778
26.62,12.01312,0.0222,41.22552,1.48,0.0222,1.48
26.63,12.02106,0.0222,41.25279,1.48,0.0222,1.48
26.64,12.03537,0.0222,41.30188,1.48,0.0222,1.48
26.65,12.04809,0.0222,41.34552,1.48,0.0222,1.48
26.66,12.05762,0.02223333,41.37825,1.482222,0.02223333,1.482222
26.67,12.0608,0.02223333,41.38916,1.482222,0.02223333,1.482222
26.68,12.0608,0.02223333,41.38916,1.482222,0.02223333,1.482222
26.69,12.0608,0.02223333,41.38916,1.482222,0.02223333,1.482222
26.7,12.06557,0.02226667,41.40552,1.484444,0.02226667,1.484444
26.71,12.07352,0.02226667,41.43279,1.484444,0.02226667,1.484444
26.72,12.07829,0.02226667,41.44916,1.484444,0.02226667,1.484444
26.73,12.07352,0.02226667,41.43279,1.484444,0.02226667,1.484444
26.74,12.06875,0.0223,41.41643,1.486667,0.0223,1.486667
26.75,12.06398,0.0223,41.40007,1.486667,0.0223,1.486667
26.76,12.06557,0.0223,41.40552,1.486667,0.0223,1.486667
26.77,12.07034,0.0223,41.42189,1.486667,0.0223,1.486667
26.78,12.0767,0.02233333,41.4437,1.488889,0.02233333,1.488889
26.79,12.0767,0.02233333,41.4437,1.488889,0.02233333,1.488889
26.8,12.08623,0.02233333,41.47643,1.488889,0.02233333,1.488889
26.81,12.09418,0.02233333,41.5037,1.488889,0.02233333,1.488889
26.82,12.08941,0.02236667,41.48734,1.491111,0.02236667,1.491111
26.83,12.08146,0.02236667,41.46006,1.491111,0.02236667,1.491111
26.84,12.07829,0.02236667,41.44916,1.491111,0.02236667,1.491111
26.85,12.08941,0.02236667,41.48734,1.491111,0.02236667,1.491111
26.86,12.09895,0.0224,41.52007,1.493333,0.0224,1.493333
26.87,12.10213,0.0224,41.53098,1.493333,0.0224,1.493333
26.88,12.09736,0.0224,41.51461,1.493333,0.0224,1.493333
26.89,12.08464,0.0224,41.47098,1.493333,0.0224,1.493333
26.9,12.0767,0.02243333,41.4437,1.495556,0.02243333,1.495556
26.91,12.07034,0.02243333,41.42189,1.495556,0.02243333,1.495556
26.92,12.0767,0.02243333,41.4437,1.495556,0.02243333,1.495556
26.93,12.09418,0.02243333,41.5037,1.495556,0.02243333,1.495556
26.94,12.11325,0.02246667,41.56916,1.497778,0.02246667,1.497778
26.95,12.1212,0.02246667,41.59643,1.497778,0.02246667,1.497778
26.96,12.11802,0.02246667,41.58552,1.497778,0.02246667,1.497778
26.97,12.11484,0.02246667,41.57461,1.497778,0.02246667,1.497778
26.98,12.11802,0.0225,41.58552,1.5,0.0225,1.5
26.99,12.12756,0.0225,41.61825,1.5,0.0225,1.5
27.0,12.13868,0.0225,41.65643,1.5,0.0225,1.5
27.01,12.14981,0.0225,41.69461,1.5,0.0225,1.5
27.02,12.16412,0.02253333,41.7437,1.502222,0.02253333,1.502222
27.03,12.17206,0.02253333,41.77098,1.502222,0.02253333,1.502222
27.04,12.17206,0.02253333,41.77098,1.502222,0.02253333,1.502222
27.05,12.17047,0.02253333,41.76552,1.502222,0.02253333,1.502222
27.06,12.16412,0.02256667,41.7437,1.504444,0.02256667,1.504444
27.07,12.15617,0.02256667,41.71643,1.504444,0.02256667,1.504444
27.08,12.15458,0.02256667,41.71098,1.504444,0.02256667,1.504444
27.09,12.16253,0.02256667,41.73825,1.504444,0.02256667,1.504444
27.1,12.18001,0.0226,41.79825,1.506667,0.0226,1.506667
27.11,12.19273,0.0226,41.84188,1.506667,0.0226,1.506667
27.12,12.18796,0.0226,41.82552,1.506667,0.0226,1.506667
27.13,12.17206,0.0226,41.77098,1.506667,0.0226,1.506667
27.14,12.16412,0.02263333,41.7437,1.508889,0.02263333,1.508889
27.15,12.16729,0.02263333,41.75461,1.508889,0.02263333,1.508889
27.16,12.17842,0.02263333,41.79279,1.508889,0.02263333,1.508889
27.17,12.19273,0.02263333,41.84188,1.508889,0.02263333,1.508889
27.18,12.2118,0.02266667,41.90734,1.511111,0.02266667,1.511111
27.19,12.22769,0.02266667,41.96189,1.511111,0.02266667,1.511111
27.2,12.242,0.02266667,42.01098,1.511111,0.02266667,1.511111
27.21,12.2563,0.02266667,42.06007,1.511111,0.02266667,1.511111
27.22,12.2563,0.0227,42.06007,1.513333,0.0227,1.513333
27.23,12.24995,0.0227,42.03825,1.513333,0.0227,1.513333
27.24,12.25313,0.0227,42.04916,1.513333,0.0227,1.513333
27.25,12.25789,0.0227,42.06552,1.513333,0.0227,1.513333
27.26,12.26107,0.02273333,42.07643,1.515556,0.02273333,1.515556
27.27,12.26425,0.02273333,42.08734,1.515556,0.02273333,1.515556
27.28,12.26584,0.02273333,42.0928,1.515556,0.02273333,1.515556
27.29,12.26107,0.02273333,42.07643,1.515556,0.02273333,1.515556
27.3,12.24518,0.02276667,42.02188,1.517778,0.02276667,1.517778
27.31,12.242,0.02276667,42.01098,1.517778,0.02276667,1.517778
27.32,12.25313,0.02276667,42.04916,1.517778,0.02276667,1.517778
27.33,12.26902,0.02276667,42.1037,1.517778,0.02276667,1.517778
27.34,12.26902,0.0228,42.1037,1.52,0.0228,1.52
27.35,12.25789,0.0228,42.06552,1.52,0.0228,1.52
27.36,12.2563,0.0228,42.06007,1.52,0.0228,1.52
27.37,12.26584,0.0228,42.0928,1.52,0.0228,1.52
27.38,12.27697,0.02283333,42.13098,1.522222,0.02283333,1.522222
27.39,12.27379,0.02283333,42.12007,1.522222,0.02283333,1.522222
27.4,12.27061,0.02283333,42.10916,1.522222,0.02283333,1.522222
27.41,12.28968,0.02283333,42.17461,1.522222,0.02283333,1.522222
27.42,12.31829,0.02286667,42.2728,1.524444,0.02286667,1.524444
27.43,12.3469,0.02286667,42.37098,1.524444,0.02286667,1.524444
27.44,12.35485,0.02286667,42.39825,1.524444,0.02286667,1.524444
27.45,12.33578,0.02286667,42.33279,1.524444,0.02286667,1.524444
27.46,12.30717,0.0229,42.23462,1.526667,0.0229,1.526667
27.47,12.29286,0.0229,42.18552,1.526667,0.0229,1.526667
27.48,12.29763,0.0229,42.20189,1.526667,0.0229,1.526667
27.49,12.31511,0.0229,42.26189,1.526667,0.0229,1.526667
27.5,12.32147,0.02293333,42.2837,1.528889,0.02293333,1.528889
27.51,12.30558,0.02293333,42.22916,1.528889,0.02293333,1.528889
27.52,12.28968,0.02293333,42.17461,1.528889,0.02293333,1.528889
27.53,12.28968,0.02293333,42.17461,1.528889,0.02293333,1.528889
27.54,12.30558,0.02296667,42.22916,1.531111,0.02296667,1.531111
27.55,12.32306,0.02296667,42.28916,1.531111,0.02296667,1.531111
27.56,12.33578,0.02296667,42.33279,1.531111,0.02296667,1.531111
27.57,12.33896,0.02296667,42.3437,1.531111,0.02296667,1.531111
27.58,12.33578,0.023,42.33279,1.533333,0.023,1.533333
27.59,12.33578,0.023,42.33279,1.533333,0.023,1.533333
27.6,12.3469,0.023,42.37098,1.533333,0.023,1.533333
27.61,12.35962,0.023,42.41462,1.533333,0.023,1.533333
27.62,12.37075,0.02303333,42.4528,1.535556,0.02303333,1.535556
27.63,12.37551,0.02303333,42.46916,1.535556,0.02303333,1.535556
27.64,12.37869,0.02303333,42.48007,1.535556,0.02303333,1.535556
27.65,12.37869,0.02303333,42.48007,1.535556,0.02303333,1.535556
27.66,12.38346,0.02306667,42.49643,1.537778,0.02306667,1.537778
27.67,12.39936,0.02306667,42.55098,1.537778,0.02306667,1.537778
27.68,12.41684,0.02306667,42.61098,1.537778,0.02306667,1.537778
27.69,12.42161,0.02306667,42.62734,1.537778,0.02306667,1.537778
27.7,12.42002,0.0231,42.62189,1.54,0.0231,1.54
27.71,12.41525,0.0231,42.60552,1.54,0.0231,1.54
27.72,12.40889,0.0231,42.58371,1.54,0.0231,1.54
27.73,12.40889,0.0231,42.58371,1.54,0.0231,1.54
27.74,12.41684,0.02313333,42.61098,1.542222,0.02313333,1.542222
27.75,12.42955,0.02313333,42.65461,1.542222,0.02313333,1.542222
27.76,12.44386,0.02313333,42.7037,1.542222,0.02313333,1.542222
27.77,12.44386,0.02313333,42.7037,1.542222,0.02313333,1.542222
27.78,12.42797,0.02316667,42.64916,1.544445,0.02316667,1.544445
27.79,12.40889,0.02316667,42.58371,1.544445,0.02316667,1.544445
27.8,12.4073,0.02316667,42.57825,1.544445,0.02316667,1.544445
27.81,12.42479,0.02316667,42.63825,1.544445,0.02316667,1.544445
27.82,12.4534,0.0232,42.73643,1.546667,0.0232,1.546667
27.83,12.46929,0.0232,42.79098,1.546667,0.0232,1.546667
27.84,12.46134,0.0232,42.76371,1.546667,0.0232,1.546667
27.85,12.4375,0.0232,42.68189,1.546667,0.0232,1.546667
27.86,12.42002,0.02323333,42.62189,1.548889,0.02323333,1.548889
27.87,12.42161,0.02323333,42.62734,1.548889,0.02323333,1.548889
27.88,12.44068,0.02323333,42.69279,1.548889,0.02323333,1.548889
27.89,12.45022,0.02323333,42.72552,1.548889,0.02323333,1.548889
27.9,12.4534,0.02326667,42.73643,1.551111,0.02326667,1.551111
27.91,12.45817,0.02326667,42.7528,1.551111,0.02326667,1.551111
27.92,12.46611,0.02326667,42.78007,1.551111,0.02326667,1.551111
27.93,12.47247,0.02326667,42.80189,1.551111,0.02326667,1.551111
27.94,12.47247,0.0233,42.80189,1.553333,0.0233,1.553333
27.95,12.46929,0.0233,42.79098,1.553333,0.0233,1.553333
27.96,12.47883,0.0233,42.8237,1.553333,0.0233,1.553333
27.97,12.50267,0.0233,42.90553,1.553333,0.0233,1.553333
27.98,12.52969,0.02333333,42.99825,1.555556,0.02333333,1.555556
27.99,12.53605,0.02333333,43.02007,1.555556,0.02333333,1.555556
28.0,12.53446,0.02333333,43.01461,1.555556,0.02333333,1.555556
28.01,12.53446,0.02333333,43.01461,1.555556,0.02333333,1.555556
28.02,12.53446,0.02336667,43.01461,1.557778,0.02336667,1.557778
28.03,12.52333,0.02336667,42.97643,1.557778,0.02336667,1.557778
28.04,12.51062,0.02336667,42.9328,1.557778,0.02336667,1.557778
28.05,12.50585,0.02336667,42.91643,1.557778,0.02336667,1.557778
28.06,12.50744,0.0234,42.92189,1.56,0.0234,1.56
28.07,12.5138,0.0234,42.94371,1.56,0.0234,1.56
28.08,12.52333,0.0234,42.97643,1.56,0.0234,1.56
28.09,12.53128,0.0234,43.0037,1.56,0.0234,1.56
28.1,12.53446,0.02343333,43.01461,1.562222,0.02343333,1.562222
28.11,12.53446,0.02343333,43.01461,1.562222,0.02343333,1.562222
28.12,12.53446,0.02343333,43.01461,1.562222,0.02343333,1.562222
28.13,12.54241,0.02343333,43.04189,1.562222,0.02343333,1.562222
28.14,12.5583,0.02346667,43.09643,1.564444,0.02346667,1.564444
28.15,12.57102,0.02346667,43.14007,1.564444,0.02346667,1.564444
28.16,12.58055,0.02346667,43.1728,1.564444,0.02346667,1.564444
28.17,12.58691,0.02346667,43.19461,1.564444,0.02346667,1.564444
28.18,12.5885,0.0235,43.20007,1.566667,0.0235,1.566667
28.19,12.58373,0.0235,43.1837,1.566667,0.0235,1.566667
28.2,12.57579,0.0235,43.15643,1.566667,0.0235,1.566667
28.21,12.57261,0.0235,43.14552,1.566667,0.0235,1.566667
28.22,12.58055,0.02353333,43.1728,1.568889,0.02353333,1.568889
28.23,12.58373,0.02353333,43.1837,1.568889,0.02353333,1.568889
28.24,12.57896,0.02353333,43.16734,1.568889,0.02353333,1.568889
28.25,12.57896,0.02353333,43.16734,1.568889,0.02353333,1.568889
28.26,12.58373,0.02356667,43.1837,1.571111,0.02356667,1.571111
28.27,12.59327,0.02356667,43.21643,1.571111,0.02356667,1.571111
28.28,12.60122,0.02356667,43.24371,1.571111,0.02356667,1.571111
28.29,12.60757,0.02356667,43.26553,1.571111,0.02356667,1.571111
28.3,12.60916,0.0236,43.27098,1.573333,0.0236,1.573333
28.31,12.61552,0.0236,43.2928,1.573333,0.0236,1.573333
28.32,12.61711,0.0236,43.29825,1.573333,0.0236,1.573333
28.33,12.62188,0.0236,43.31462,1.573333,0.0236,1.573333
28.34,12.63777,0.02363333,43.36916,1.575556,0.02363333,1.575556
28.35,12.66162,0.02363333,43.45098,1.575556,0.02363333,1.575556
28.36,12.67751,0.02363333,43.50552,1.575556,0.02363333,1.575556
28.37,12.67751,0.02363333,43.50552,1.575556,0.02363333,1.575556
28.38,12.66162,0.02366667,43.45098,1.577778,0.02366667,1.577778
28.39,12.65685,0.02366667,43.43462,1.577778,0.02366667,1.577778
28.4,12.66479,0.02366667,43.46189,1.577778,0.02366667,1.577778
28.41,12.67751,0.02366667,43.50552,1.577778,0.02366667,1.577778
28.42,12.68705,0.0237,43.53825,1.58,0.0237,1.58
28.43,12.69499,0.0237,43.56553,1.58,0.0237,1.58
28.44,12.71407,0.0237,43.63098,1.58,0.0237,1.58
28.45,12.72996,0.0237,43.68552,1.58,0.0237,1.58
28.46,12.72678,0.02373333,43.67462,1.582222,0.02373333,1.582222
28.47,12.70771,0.02373333,43.60916,1.582222,0.02373333,1.582222
28.48,12.69023,0.02373333,43.54916,1.582222,0.02373333,1.582222
28.49,12.6791,0.02373333,43.51098,1.582222,0.02373333,1.582222
28.5,12.68228,0.02376667,43.52189,1.584444,0.02376667,1.584444
28.51,12.69341,0.02376667,43.56007,1.584444,0.02376667,1.584444
28.52,12.70135,0.02376667,43.58734,1.584444,0.02376667,1.584444
28.53,12.71089,0.02376667,43.62007,1.584444,0.02376667,1.584444
28.54,12.72678,0.0238,43.67462,1.586667,0.0238,1.586667
28.55,12.74268,0.0238,43.72916,1.586667,0.0238,1.586667
28.56,12.74268,0.0238,43.72916,1.586667,0.0238,1.586667
28.57,12.73473,0.0238,43.70189,1.586667,0.0238,1.586667
28.58,12.73155,0.02383333,43.69098,1.588889,0.02383333,1.588889
28.59,12.74268,0.02383333,43.72916,1.588889,0.02383333,1.588889
28.6,12.75857,0.02383333,43.78371,1.588889,0.02383333,1.588889
28.61,12.76334,0.02383333,43.80007,1.588889,0.02383333,1.588889
28.62,12.75539,0.02386667,43.7728,1.591111,0.02386667,1.591111
28.63,12.7395,0.02386667,43.71825,1.591111,0.02386667,1.591111
28.64,12.73155,0.02386667,43.69098,1.591111,0.02386667,1.591111
28.65,12.73632,0.02386667,43.70734,1.591111,0.02386667,1.591111
28.66,12.76016,0.0239,43.78916,1.593333,0.0239,1.593333
28.67,12.78718,0.0239,43.88189,1.593333,0.0239,1.593333
28.68,12.7999,0.0239,43.92553,1.593333,0.0239,1.593333
28.69,12.78877,0.0239,43.88734,1.593333,0.0239,1.593333
28.7,12.76811,0.02393333,43.81643,1.595556,0.02393333,1.595556
28.71,12.75857,0.02393333,43.78371,1.595556,0.02393333,1.595556
28.72,12.76016,0.02393333,43.78916,1.595556,0.02393333,1.595556
28.73,12.77288,0.02393333,43.8328,1.595556,0.02393333,1.595556
28.74,12.78877,0.02396667,43.88734,1.597778,0.02396667,1.597778
28.75,12.7999,0.02396667,43.92553,1.597778,0.02396667,1.597778
28.76,12.81261,0.02396667,43.96916,1.597778,0.02396667,1.597778
28.77,12.82056,0.02396667,43.99643,1.597778,0.02396667,1.597778
28.78,12.82215,0.024,44.00189,1.6,0.024,1.6
28.79,12.82215,0.024,44.00189,1.6,0.024,1.6
28.8,12.82215,0.024,44.00189,1.6,0.024,1.6
28.81,12.82851,0.024,44.02371,1.6,0.024,1.6
28.82,12.8301,0.02403333,44.02916,1.602222,0.02403333,1.602222
28.83,12.82215,0.02403333,44.00189,1.602222,0.02403333,1.602222
28.84,12.80944,0.02403333,43.95825,1.602222,0.02403333,1.602222
28.85,12.80467,0.02403333,43.94189,1.602222,0.02403333,1.602222
28.86,12.80149,0.02406667,43.93098,1.604444,0.02406667,1.604444
28.87,12.79672,0.02406667,43.91462,1.604444,0.02406667,1.604444
28.88,12.79354,0.02406667,43.90371,1.604444,0.02406667,1.604444
28.89,12.80467,0.02406667,43.94189,1.604444,0.02406667,1.604444
28.9,12.81738,0.0241,43.98553,1.606667,0.0241,1.606667
28.91,12.82533,0.0241,44.0128,1.606667,0.0241,1.606667
28.92,12.82851,0.0241,44.02371,1.606667,0.0241,1.606667
28.93,12.83646,0.0241,44.05098,1.606667,0.0241,1.606667
28.94,12.84917,0.02413333,44.09462,1.608889,0.02413333,1.608889
28.95,12.86983,0.02413333,44.16553,1.608889,0.02413333,1.608889
28.96,12.8905,0.02413333,44.23643,1.608889,0.02413333,1.608889
28.97,12.90957,0.02413333,44.30189,1.608889,0.02413333,1.608889
28.98,12.92229,0.02416667,44.34553,1.611111,0.02416667,1.611111
28.99,12.92706,0.02416667,44.36189,1.611111,0.02416667,1.611111
29.0,12.92388,0.02416667,44.35098,1.611111,0.02416667,1.611111
29.01,12.92706,0.02416667,44.36189,1.611111,0.02416667,1.611111
29.02,12.93023,0.0242,44.3728,1.613333,0.0242,1.613333
29.03,12.92706,0.0242,44.36189,1.613333,0.0242,1.613333
29.04,12.91593,0.0242,44.32371,1.613333,0.0242,1.613333
29.05,12.90321,0.0242,44.28007,1.613333,0.0242,1.613333
29.06,12.89845,0.02423333,44.26371,1.615556,0.02423333,1.615556
29.07,12.91116,0.02423333,44.30734,1.615556,0.02423333,1.615556
29.08,12.93023,0.02423333,44.3728,1.615556,0.02423333,1.615556
29.09,12.93977,0.02423333,44.40553,1.615556,0.02423333,1.615556
29.1,12.935,0.02426667,44.38916,1.617778,0.02426667,1.617778
29.11,12.92706,0.02426667,44.36189,1.617778,0.02426667,1.617778
29.12,12.92388,0.02426667,44.35098,1.617778,0.02426667,1.617778
29.13,12.93182,0.02426667,44.37825,1.617778,0.02426667,1.617778
29.14,12.9509,0.0243,44.44371,1.62,0.0243,1.62
29.15,12.96679,0.0243,44.49825,1.62,0.0243,1.62
29.16,12.97633,0.0243,44.53098,1.62,0.0243,1.62
29.17,12.97951,0.0243,44.54189,1.62,0.0243,1.62
29.18,12.97951,0.02433333,44.54189,1.622222,0.02433333,1.622222
29.19,12.9811,0.02433333,44.54734,1.622222,0.02433333,1.622222
29.2,12.98904,0.02433333,44.57462,1.622222,0.02433333,1.622222
29.21,13.00176,0.02433333,44.61825,1.622222,0.02433333,1.622222
29.22,13.01606,0.02436667,44.66734,1.624444,0.02436667,1.624444
29.23,13.01765,0.02436667,44.6728,1.624444,0.02436667,1.624444
29.24,13.00812,0.02436667,44.64007,1.624444,0.02436667,1.624444
29.25,12.9954,0.02436667,44.59644,1.624444,0.02436667,1.624444
29.26,12.99222,0.0244,44.58553,1.626667,0.0244,1.626667
29.27,12.9954,0.0244,44.59644,1.626667,0.0244,1.626667
29.28,13.00494,0.0244,44.62917,1.626667,0.0244,1.626667
29.29,13.02401,0.0244,44.69462,1.626667,0.0244,1.626667
29.3,13.03673,0.02443333,44.73825,1.628889,0.02443333,1.628889
29.31,13.03037,0.02443333,44.71643,1.628889,0.02443333,1.628889
29.32,13.01606,0.02443333,44.66734,1.628889,0.02443333,1.628889
29.33,13.00812,0.02443333,44.64007,1.628889,0.02443333,1.628889
29.34,13.00971,0.02446667,44.64553,1.631111,0.02446667,1.631111
29.35,13.01289,0.02446667,44.65644,1.631111,0.02446667,1.631111
29.36,13.01289,0.02446667,44.65644,1.631111,0.02446667,1.631111
29.37,13.00971,0.02446667,44.64553,1.631111,0.02446667,1.631111
29.38,13.01765,0.0245,44.6728,1.633333,0.0245,1.633333
29.39,13.03673,0.0245,44.73825,1.633333,0.0245,1.633333
29.4,13.04944,0.0245,44.78189,1.633333,0.0245,1.633333
29.41,13.05262,0.0245,44.7928,1.633333,0.0245,1.633333
29.42,13.05262,0.02453333,44.7928,1.635556,0.02453333,1.635556
29.43,13.05739,0.02453333,44.80917,1.635556,0.02453333,1.635556
29.44,13.05898,0.02453333,44.81462,1.635556,0.02453333,1.635556
29.45,13.05262,0.02453333,44.7928,1.635556,0.02453333,1.635556
29.46,13.0415,0.02456667,44.75462,1.637778,0.02456667,1.637778
29.47,13.03832,0.02456667,44.74371,1.637778,0.02456667,1.637778
29.48,13.05421,0.02456667,44.79825,1.637778,0.02456667,1.637778
29.49,13.07487,0.02456667,44.86916,1.637778,0.02456667,1.637778
29.5,13.08759,0.0246,44.9128,1.64,0.0246,1.64
29.51,13.09077,0.0246,44.92371,1.64,0.0246,1.64
29.52,13.09077,0.0246,44.92371,1.64,0.0246,1.64
29.53,13.09077,0.0246,44.92371,1.64,0.0246,1.64
29.54,13.09554,0.02463333,44.94007,1.642222,0.02463333,1.642222
29.55,13.10349,0.02463333,44.96735,1.642222,0.02463333,1.642222
29.56,13.10984,0.02463333,44.98917,1.642222,0.02463333,1.642222
29.57,13.11143,0.02463333,44.99462,1.642222,0.02463333,1.642222
29.58,13.10666,0.02466667,44.97825,1.644444,0.02466667,1.644444
29.59,13.10349,0.02466667,44.96735,1.644444,0.02466667,1.644444
29.6,13.10984,0.02466667,44.98917,1.644444,0.02466667,1.644444
29.61,13.11143,0.02466667,44.99462,1.644444,0.02466667,1.644444
29.62,13.09872,0.0247,44.95098,1.646667,0.0247,1.646667
29.63,13.086,0.0247,44.90734,1.646667,0.0247,1.646667
29.64,13.08759,0.0247,44.9128,1.646667,0.0247,1.646667
29.65,13.09872,0.0247,44.95098,1.646667,0.0247,1.646667
29.66,13.10666,0.02473333,44.97825,1.648889,0.02473333,1.648889
29.67,13.11461,0.02473333,45.00553,1.648889,0.02473333,1.648889
29.68,13.13051,0.02473333,45.06007,1.648889,0.02473333,1.648889
29.69,13.14322,0.02473333,45.10371,1.648889,0.02473333,1.648889
29.7,13.14799,0.02476667,45.12008,1.651111,0.02476667,1.651111
29.71,13.14799,0.02476667,45.12008,1.651111,0.02476667,1.651111
29.72,13.15594,0.02476667,45.14735,1.651111,0.02476667,1.651111
29.73,13.16865,0.02476667,45.19098,1.651111,0.02476667,1.651111
29.74,13.18137,0.0248,45.23462,1.653333,0.0248,1.653333
29.75,13.18137,0.0248,45.23462,1.653333,0.0248,1.653333
29.76,13.17978,0.0248,45.22916,1.653333,0.0248,1.653333
29.77,13.18932,0.0248,45.26189,1.653333,0.0248,1.653333
29.78,13.21634,0.02483333,45.35462,1.655555,0.02483333,1.655555
29.79,13.24495,0.02483333,45.4528,1.655555,0.02483333,1.655555
29.8,13.25289,0.02483333,45.48008,1.655555,0.02483333,1.655555
29.81,13.23382,0.02483333,45.41462,1.655555,0.02483333,1.655555
29.82,13.20839,0.02486667,45.32735,1.657778,0.02486667,1.657778
29.83,13.20203,0.02486667,45.30553,1.657778,0.02486667,1.657778
29.84,13.20998,0.02486667,45.3328,1.657778,0.02486667,1.657778
29.85,13.22905,0.02486667,45.39825,1.657778,0.02486667,1.657778
29.86,13.25289,0.0249,45.48008,1.66,0.0249,1.66
29.87,13.27356,0.0249,45.55098,1.66,0.0249,1.66
29.88,13.27833,0.0249,45.56734,1.66,0.0249,1.66
29.89,13.27038,0.0249,45.54007,1.66,0.0249,1.66
29.9,13.25925,0.02493333,45.50189,1.662222,0.02493333,1.662222
29.91,13.24971,0.02493333,45.46916,1.662222,0.02493333,1.662222
29.92,13.24971,0.02493333,45.46916,1.662222,0.02493333,1.662222
29.93,13.25766,0.02493333,45.49644,1.662222,0.02493333,1.662222
29.94,13.2672,0.02496667,45.52917,1.664444,0.02496667,1.664444
29.95,13.27515,0.02496667,45.55644,1.664444,0.02496667,1.664444
29.96,13.27833,0.02496667,45.56734,1.664444,0.02496667,1.664444
29.97,13.27833,0.02496667,45.56734,1.664444,0.02496667,1.664444
29.98,13.28627,0.025,45.59462,1.666667,0.025,1.666667
29.99,13.29104,0.025,45.61098,1.666667,0.025,1.666667
30.0,13.28786,0.025,45.60007,1.666667,0.025,1.666667
30.01,13.28786,0.025,45.60007,1.666667,0.025,1.666667
30.02,13.29581,0.02503333,45.62735,1.668889,0.02503333,1.668889
30.03,13.30694,0.02503333,45.66553,1.668889,0.02503333,1.668889
30.04,13.31647,0.02503333,45.69825,1.668889,0.02503333,1.668889
30.05,13.3276,0.02503333,45.73644,1.668889,0.02503333,1.668889
30.06,13.33237,0.02506667,45.7528,1.671111,0.02506667,1.671111
30.07,13.3276,0.02506667,45.73644,1.671111,0.02506667,1.671111
30.08,13.32283,0.02506667,45.72007,1.671111,0.02506667,1.671111
30.09,13.31965,0.02506667,45.70917,1.671111,0.02506667,1.671111
30.1,13.31488,0.0251,45.6928,1.673333,0.0251,1.673333
30.11,13.30694,0.0251,45.66553,1.673333,0.0251,1.673333
30.12,13.30694,0.0251,45.66553,1.673333,0.0251,1.673333
30.13,13.31965,0.0251,45.70917,1.673333,0.0251,1.673333
30.14,13.33237,0.02513333,45.7528,1.675556,0.02513333,1.675556
30.15,13.33873,0.02513333,45.77462,1.675556,0.02513333,1.675556
30.16,13.3276,0.02513333,45.73644,1.675556,0.02513333,1.675556
30.17,13.32283,0.02513333,45.72007,1.675556,0.02513333,1.675556
30.18,13.3276,0.02516667,45.73644,1.677778,0.02516667,1.677778
30.19,13.33555,0.02516667,45.76371,1.677778,0.02516667,1.677778
30.2,13.34031,0.02516667,45.78007,1.677778,0.02516667,1.677778
30.21,13.34826,0.02516667,45.80735,1.677778,0.02516667,1.677778
30.22,13.36416,0.0252,45.86189,1.68,0.0252,1.68
30.23,13.37687,0.0252,45.90553,1.68,0.0252,1.68
30.24,13.38164,0.0252,45.92189,1.68,0.0252,1.68
30.25,13.38005,0.0252,45.91644,1.68,0.0252,1.68
30.26,13.37687,0.02523333,45.90553,1.682222,0.02523333,1.682222
30.27,13.388,0.02523333,45.94371,1.682222,0.02523333,1.682222
30.28,13.40071,0.02523333,45.98735,1.682222,0.02523333,1.682222
30.29,13.39753,0.02523333,45.97644,1.682222,0.02523333,1.682222
30.3,13.39277,0.02526667,45.96007,1.684445,0.02526667,1.684445
30.31,13.40548,0.02526667,46.00371,1.684445,0.02526667,1.684445
30.32,13.42456,0.02526667,46.06917,1.684445,0.02526667,1.684445
30.33,13.4325,0.02526667,46.09644,1.684445,0.02526667,1.684445
30.34,13.43727,0.0253,46.1128,1.686667,0.0253,1.686667
30.35,13.44681,0.0253,46.14553,1.686667,0.0253,1.686667
30.36,13.45475,0.0253,46.1728,1.686667,0.0253,1.686667
30.37,13.44999,0.0253,46.15644,1.686667,0.0253,1.686667
30.38,13.43727,0.02533333,46.1128,1.688889,0.02533333,1.688889
30.39,13.42614,0.02533333,46.07462,1.688889,0.02533333,1.688889
30.4,13.42614,0.02533333,46.07462,1.688889,0.02533333,1.688889
30.41,13.43727,0.02533333,46.1128,1.688889,0.02533333,1.688889
30.42,13.45475,0.02536667,46.1728,1.691111,0.02536667,1.691111
30.43,13.47065,0.02536667,46.22735,1.691111,0.02536667,1.691111
30.44,13.48337,0.02536667,46.27098,1.691111,0.02536667,1.691111
30.45,13.48972,0.02536667,46.2928,1.691111,0.02536667,1.691111
30.46,13.49131,0.0254,46.29826,1.693333,0.0254,1.693333
30.47,13.48654,0.0254,46.28189,1.693333,0.0254,1.693333
30.48,13.4786,0.0254,46.25462,1.693333,0.0254,1.693333
30.49,13.47542,0.0254,46.24371,1.693333,0.0254,1.693333
30.5,13.48972,0.02543333,46.2928,1.695556,0.02543333,1.695556
30.51,13.51198,0.02543333,46.36916,1.695556,0.02543333,1.695556
30.52,13.53582,0.02543333,46.45098,1.695556,0.02543333,1.695556
30.53,13.55171,0.02543333,46.50553,1.695556,0.02543333,1.695556
30.54,13.55171,0.02546667,46.50553,1.697778,0.02546667,1.697778
30.55,13.53264,0.02546667,46.44007,1.697778,0.02546667,1.697778
30.56,13.51198,0.02546667,46.36916,1.697778,0.02546667,1.697778
30.57,13.50721,0.02546667,46.3528,1.697778,0.02546667,1.697778
30.58,13.52787,0.0255,46.42371,1.7,0.0255,1.7
30.59,13.55171,0.0255,46.50553,1.7,0.0255,1.7
30.6,13.5533,0.0255,46.51099,1.7,0.0255,1.7
30.61,13.54059,0.0255,46.46735,1.7,0.0255,1.7
30.62,13.53582,0.02553333,46.45098,1.702222,0.02553333,1.702222
30.63,13.54377,0.02553333,46.47826,1.702222,0.02553333,1.702222
30.64,13.56125,0.02553333,46.53826,1.702222,0.02553333,1.702222
30.65,13.58032,0.02553333,46.60371,1.702222,0.02553333,1.702222
30.66,13.58509,0.02556667,46.62008,1.704445,0.02556667,1.704445
30.67,13.58032,0.02556667,46.60371,1.704445,0.02556667,1.704445
30.68,13.57238,0.02556667,46.57644,1.704445,0.02556667,1.704445
30.69,13.56761,0.02556667,46.56008,1.704445,0.02556667,1.704445
30.7,13.5692,0.0256,46.56553,1.706667,0.0256,1.706667
30.71,13.58032,0.0256,46.60371,1.706667,0.0256,1.706667
30.72,13.59304,0.0256,46.64735,1.706667,0.0256,1.706667
30.73,13.60416,0.0256,46.68553,1.706667,0.0256,1.706667
30.74,13.60893,0.02563333,46.70189,1.708889,0.02563333,1.708889
30.75,13.6137,0.02563333,46.71826,1.708889,0.02563333,1.708889
30.76,13.61847,0.02563333,46.73462,1.708889,0.02563333,1.708889
30.77,13.61052,0.02563333,46.70735,1.708889,0.02563333,1.708889
30.78,13.60099,0.02566667,46.67462,1.711111,0.02566667,1.711111
30.79,13.60099,0.02566667,46.67462,1.711111,0.02566667,1.711111
30.8,13.6137,0.02566667,46.71826,1.711111,0.02566667,1.711111
30.81,13.62642,0.02566667,46.76189,1.711111,0.02566667,1.711111
30.82,13.63277,0.0257,46.78371,1.713333,0.0257,1.713333
30.83,13.63436,0.0257,46.78917,1.713333,0.0257,1.713333
30.84,13.63754,0.0257,46.80008,1.713333,0.0257,1.713333
30.85,13.64231,0.0257,46.81644,1.713333,0.0257,1.713333
30.86,13.64549,0.02573333,46.82735,1.715556,0.02573333,1.715556
30.87,13.64231,0.02573333,46.81644,1.715556,0.02573333,1.715556
30.88,13.63754,0.02573333,46.80008,1.715556,0.02573333,1.715556
30.89,13.63277,0.02573333,46.78371,1.715556,0.02573333,1.715556
30.9,13.63277,0.02576667,46.78371,1.717778,0.02576667,1.717778
30.91,13.63436,0.02576667,46.78917,1.717778,0.02576667,1.717778
30.92,13.63754,0.02576667,46.80008,1.717778,0.02576667,1.717778
30.93,13.63913,0.02576667,46.80553,1.717778,0.02576667,1.717778
30.94,13.65503,0.0258,46.86007,1.72,0.0258,1.72
30.95,13.68205,0.0258,46.9528,1.72,0.0258,1.72
30.96,13.69953,0.0258,47.0128,1.72,0.0258,1.72
30.97,13.70748,0.0258,47.04007,1.72,0.0258,1.72
30.98,13.70271,0.02583333,47.02371,1.722222,0.02583333,1.722222
30.99,13.69476,0.02583333,46.99644,1.722222,0.02583333,1.722222
31.0,13.69158,0.02583333,46.98553,1.722222,0.02583333,1.722222
31.01,13.70271,0.02583333,47.02371,1.722222,0.02583333,1.722222
31.02,13.72496,0.02586667,47.10008,1.724445,0.02586667,1.724445
31.03,13.73927,0.02586667,47.14917,1.724445,0.02586667,1.724445
31.04,13.73132,0.02586667,47.12189,1.724445,0.02586667,1.724445
31.05,13.71543,0.02586667,47.06735,1.724445,0.02586667,1.724445
31.06,13.70271,0.0259,47.02371,1.726667,0.0259,1.726667
31.07,13.69158,0.0259,46.98553,1.726667,0.0259,1.726667
31.08,13.68999,0.0259,46.98008,1.726667,0.0259,1.726667
31.09,13.7043,0.0259,47.02917,1.726667,0.0259,1.726667
31.1,13.72337,0.02593333,47.09462,1.728889,0.02593333,1.728889
31.11,13.73291,0.02593333,47.12735,1.728889,0.02593333,1.728889
31.12,13.74404,0.02593333,47.16553,1.728889,0.02593333,1.728889
31.13,13.74881,0.02593333,47.1819,1.728889,0.02593333,1.728889
31.14,13.74086,0.02596667,47.15462,1.731111,0.02596667,1.731111
31.15,13.72814,0.02596667,47.11098,1.731111,0.02596667,1.731111
31.16,13.72496,0.02596667,47.10008,1.731111,0.02596667,1.731111
31.17,13.74404,0.02596667,47.16553,1.731111,0.02596667,1.731111
31.18,13.77265,0.026,47.26371,1.733333,0.026,1.733333
31.19,13.79331,0.026,47.33462,1.733333,0.026,1.733333
31.2,13.80126,0.026,47.3619,1.733333,0.026,1.733333
31.21,13.80126,0.026,47.3619,1.733333,0.026,1.733333
31.22,13.79649,0.02603333,47.34553,1.735556,0.02603333,1.735556
31.23,13.79331,0.02603333,47.33462,1.735556,0.02603333,1.735556
31.24,13.79649,0.02603333,47.34553,1.735556,0.02603333,1.735556
31.25,13.79649,0.02603333,47.34553,1.735556,0.02603333,1.735556
31.26,13.79808,0.02606667,47.35098,1.737778,0.02606667,1.737778
31.27,13.80126,0.02606667,47.3619,1.737778,0.02606667,1.737778
31.28,13.80126,0.02606667,47.3619,1.737778,0.02606667,1.737778
31.29,13.80126,0.02606667,47.3619,1.737778,0.02606667,1.737778
31.3,13.8092,0.0261,47.38917,1.74,0.0261,1.74
31.31,13.8251,0.0261,47.44371,1.74,0.0261,1.74
31.32,13.8394,0.0261,47.49281,1.74,0.0261,1.74
31.33,13.84735,0.0261,47.52008,1.74,0.0261,1.74
31.34,13.84576,0.02613333,47.51462,1.742222,0.02613333,1.742222
31.35,13.83305,0.02613333,47.47099,1.742222,0.02613333,1.742222
31.36,13.82669,0.02613333,47.44917,1.742222,0.02613333,1.742222
31.37,13.83305,0.02613333,47.47099,1.742222,0.02613333,1.742222
31.38,13.83305,0.02616667,47.47099,1.744444,0.02616667,1.744444
31.39,13.82192,0.02616667,47.4328,1.744444,0.02616667,1.744444
31.4,13.81715,0.02616667,47.41644,1.744444,0.02616667,1.744444
31.41,13.8251,0.02616667,47.44371,1.744444,0.02616667,1.744444
31.42,13.85053,0.0262,47.53098,1.746667,0.0262,1.746667
31.43,13.87914,0.0262,47.62917,1.746667,0.0262,1.746667
31.44,13.8998,0.0262,47.70008,1.746667,0.0262,1.746667
31.45,13.91093,0.0262,47.73826,1.746667,0.0262,1.746667
31.46,13.9157,0.02623333,47.75462,1.748889,0.02623333,1.748889
31.47,13.91252,0.02623333,47.74371,1.748889,0.02623333,1.748889
31.48,13.90775,0.02623333,47.72735,1.748889,0.02623333,1.748889
31.49,13.90775,0.02623333,47.72735,1.748889,0.02623333,1.748889
31.5,13.9157,0.02626667,47.75462,1.751111,0.02626667,1.751111
31.51,13.92047,0.02626667,47.77099,1.751111,0.02626667,1.751111
31.52,13.92047,0.02626667,47.77099,1.751111,0.02626667,1.751111
31.53,13.92047,0.02626667,47.77099,1.751111,0.02626667,1.751111
31.54,13.92365,0.0263,47.78189,1.753333,0.0263,1.753333
31.55,13.92365,0.0263,47.78189,1.753333,0.0263,1.753333
31.56,13.92047,0.0263,47.77099,1.753333,0.0263,1.753333
31.57,13.91888,0.0263,47.76553,1.753333,0.0263,1.753333
31.58,13.91888,0.02633333,47.76553,1.755556,0.02633333,1.755556
31.59,13.92365,0.02633333,47.78189,1.755556,0.02633333,1.755556
31.6,13.92682,0.02633333,47.7928,1.755556,0.02633333,1.755556
31.61,13.92682,0.02633333,47.7928,1.755556,0.02633333,1.755556
31.62,13.93159,0.02636667,47.80917,1.757778,0.02636667,1.757778
31.63,13.95543,0.02636667,47.89098,1.757778,0.02636667,1.757778
31.64,13.97292,0.02636667,47.95099,1.757778,0.02636667,1.757778
31.65,13.9761,0.02636667,47.96189,1.757778,0.02636667,1.757778
31.66,13.96815,0.0264,47.93462,1.76,0.0264,1.76
31.67,13.9602,0.0264,47.90735,1.76,0.0264,1.76
31.68,13.95702,0.0264,47.89644,1.76,0.0264,1.76
31.69,13.95543,0.0264,47.89098,1.76,0.0264,1.76
31.7,13.96179,0.02643333,47.9128,1.762222,0.02643333,1.762222
31.71,13.96974,0.02643333,47.94007,1.762222,0.02643333,1.762222
31.72,13.9761,0.02643333,47.96189,1.762222,0.02643333,1.762222
31.73,13.96974,0.02643333,47.94007,1.762222,0.02643333,1.762222
31.74,13.96179,0.02646667,47.9128,1.764444,0.02646667,1.764444
31.75,13.96179,0.02646667,47.9128,1.764444,0.02646667,1.764444
31.76,13.96974,0.02646667,47.94007,1.764444,0.02646667,1.764444
31.77,13.98404,0.02646667,47.98917,1.764444,0.02646667,1.764444
31.78,14.00471,0.0265,48.06008,1.766667,0.0265,1.766667
31.79,14.03332,0.0265,48.15826,1.766667,0.0265,1.766667
31.8,14.04762,0.0265,48.20735,1.766667,0.0265,1.766667
31.81,14.04285,0.0265,48.19099,1.766667,0.0265,1.766667
31.82,14.03491,0.02653333,48.16372,1.768889,0.02653333,1.768889
31.83,14.03332,0.02653333,48.15826,1.768889,0.02653333,1.768889
31.84,14.03809,0.02653333,48.17462,1.768889,0.02653333,1.768889
31.85,14.04285,0.02653333,48.19099,1.768889,0.02653333,1.768889
31.86,14.04762,0.02656667,48.20735,1.771111,0.02656667,1.771111
31.87,14.05398,0.02656667,48.22917,1.771111,0.02656667,1.771111
31.88,14.06193,0.02656667,48.25644,1.771111,0.02656667,1.771111
31.89,14.06987,0.02656667,48.28371,1.771111,0.02656667,1.771111
31.9,14.07146,0.0266,48.28917,1.773333,0.0266,1.773333
31.91,14.06987,0.0266,48.28371,1.773333,0.0266,1.773333
31.92,14.0667,0.0266,48.2728,1.773333,0.0266,1.773333
31.93,14.0667,0.0266,48.2728,1.773333,0.0266,1.773333
31.94,14.07146,0.02663333,48.28917,1.775556,0.02663333,1.775556
31.95,14.07464,0.02663333,48.30008,1.775556,0.02663333,1.775556
31.96,14.07941,0.02663333,48.31644,1.775556,0.02663333,1.775556
31.97,14.08259,0.02663333,48.32735,1.775556,0.02663333,1.775556
31.98,14.09054,0.02666667,48.35462,1.777778,0.02666667,1.777778
31.99,14.10007,0.02666667,48.38735,1.777778,0.02666667,1.777778
32.0,14.1112,0.02666667,48.42553,1.777778,0.02666667,1.777778
32.01,14.12392,0.02666667,48.46917,1.777778,0.02666667,1.777778
32.02,14.12868,0.0267,48.48553,1.78,0.0267,1.78
32.03,14.1271,0.0267,48.48008,1.78,0.0267,1.78
32.04,14.12392,0.0267,48.46917,1.78,0.0267,1.78
32.05,14.13186,0.0267,48.49644,1.78,0.0267,1.78
32.06,14.14776,0.02673333,48.55099,1.782222,0.02673333,1.782222
32.07,14.15571,0.02673333,48.57826,1.782222,0.02673333,1.782222
32.08,14.1573,0.02673333,48.58371,1.782222,0.02673333,1.782222
32.09,14.1573,0.02673333,48.58371,1.782222,0.02673333,1.782222
32.1,14.14935,0.02676667,48.55644,1.784444,0.02676667,1.784444
32.11,14.13663,0.02676667,48.51281,1.784444,0.02676667,1.784444
32.12,14.12392,0.02676667,48.46917,1.784444,0.02676667,1.784444
32.13,14.12074,0.02676667,48.45826,1.784444,0.02676667,1.784444
32.14,14.1414,0.0268,48.52917,1.786667,0.0268,1.786667
32.15,14.16842,0.0268,48.6219,1.786667,0.0268,1.786667
32.16,14.18114,0.0268,48.66553,1.786667,0.0268,1.786667
32.17,14.18591,0.0268,48.6819,1.786667,0.0268,1.786667
32.18,14.19067,0.02683333,48.69826,1.788889,0.02683333,1.788889
32.19,14.19067,0.02683333,48.69826,1.788889,0.02683333,1.788889
32.2,14.17637,0.02683333,48.64917,1.788889,0.02683333,1.788889
32.21,14.15571,0.02683333,48.57826,1.788889,0.02683333,1.788889
32.22,14.15253,0.02686667,48.56735,1.791111,0.02686667,1.791111
32.23,14.17319,0.02686667,48.63826,1.791111,0.02686667,1.791111
32.24,14.19862,0.02686667,48.72553,1.791111,0.02686667,1.791111
32.25,14.21293,0.02686667,48.77462,1.791111,0.02686667,1.791111
32.26,14.21769,0.0269,48.79099,1.793333,0.0269,1.793333
32.27,14.22246,0.0269,48.80735,1.793333,0.0269,1.793333
32.28,14.22246,0.0269,48.80735,1.793333,0.0269,1.793333
32.29,14.21452,0.0269,48.78008,1.793333,0.0269,1.793333
32.3,14.21293,0.02693333,48.77462,1.795555,0.02693333,1.795555
32.31,14.21452,0.02693333,48.78008,1.795555,0.02693333,1.795555
32.32,14.21769,0.02693333,48.79099,1.795555,0.02693333,1.795555
32.33,14.21769,0.02693333,48.79099,1.795555,0.02693333,1.795555
32.34,14.21928,0.02696667,48.79644,1.797778,0.02696667,1.797778
32.35,14.22246,0.02696667,48.80735,1.797778,0.02696667,1.797778
32.36,14.22564,0.02696667,48.81826,1.797778,0.02696667,1.797778
32.37,14.23359,0.02696667,48.84553,1.797778,0.02696667,1.797778
32.38,14.24789,0.027,48.89462,1.8,0.027,1.8
32.39,14.26379,0.027,48.94917,1.8,0.027,1.8
32.4,14.27174,0.027,48.97644,1.8,0.027,1.8
32.41,14.27174,0.027,48.97644,1.8,0.027,1.8
32.42,14.27968,0.02703333,49.00372,1.802222,0.02703333,1.802222
32.43,14.2924,0.02703333,49.04735,1.802222,0.02703333,1.802222
32.44,14.29558,0.02703333,49.05826,1.802222,0.02703333,1.802222
32.45,14.28286,0.02703333,49.01463,1.802222,0.02703333,1.802222
32.46,14.27015,0.02706667,48.97099,1.804444,0.02706667,1.804444
32.47,14.27174,0.02706667,48.97644,1.804444,0.02706667,1.804444
32.48,14.28763,0.02706667,49.03099,1.804444,0.02706667,1.804444
32.49,14.30035,0.02706667,49.07462,1.804444,0.02706667,1.804444
32.5,14.30352,0.0271,49.08553,1.806667,0.0271,1.806667
32.51,14.29558,0.0271,49.05826,1.806667,0.0271,1.806667
32.52,14.28763,0.0271,49.03099,1.806667,0.0271,1.806667
32.53,14.28445,0.0271,49.02008,1.806667,0.0271,1.806667
32.54,14.28763,0.02713333,49.03099,1.808889,0.02713333,1.808889
32.55,14.29081,0.02713333,49.0419,1.808889,0.02713333,1.808889
32.56,14.2924,0.02713333,49.04735,1.808889,0.02713333,1.808889
32.57,14.29558,0.02713333,49.05826,1.808889,0.02713333,1.808889
32.58,14.29558,0.02716667,49.05826,1.811111,0.02716667,1.811111
32.59,14.29558,0.02716667,49.05826,1.811111,0.02716667,1.811111
32.6,14.2924,0.02716667,49.04735,1.811111,0.02716667,1.811111
32.61,14.2924,0.02716667,49.04735,1.811111,0.02716667,1.811111
32.62,14.29876,0.0272,49.06917,1.813333,0.0272,1.813333
32.63,14.31147,0.0272,49.11281,1.813333,0.0272,1.813333
32.64,14.33214,0.0272,49.18372,1.813333,0.0272,1.813333
32.65,14.34803,0.0272,49.23826,1.813333,0.0272,1.813333
32.66,14.36075,0.02723333,49.2819,1.815556,0.02723333,1.815556
32.67,14.36869,0.02723333,49.30917,1.815556,0.02723333,1.815556
32.68,14.37664,0.02723333,49.33644,1.815556,0.02723333,1.815556
32.69,14.38936,0.02723333,49.38008,1.815556,0.02723333,1.815556
32.7,14.40525,0.02726667,49.43462,1.817778,0.02726667,1.817778
32.71,14.41002,0.02726667,49.45099,1.817778,0.02726667,1.817778
32.72,14.40207,0.02726667,49.42372,1.817778,0.02726667,1.817778
32.73,14.38141,0.02726667,49.35281,1.817778,0.02726667,1.817778
32.74,14.37028,0.0273,49.31462,1.82,0.0273,1.82
32.75,14.37823,0.0273,49.3419,1.82,0.0273,1.82
32.76,14.39254,0.0273,49.39099,1.82,0.0273,1.82
32.77,14.3973,0.0273,49.40735,1.82,0.0273,1.82
32.78,14.39889,0.02733333,49.41281,1.822222,0.02733333,1.822222
32.79,14.40684,0.02733333,49.44008,1.822222,0.02733333,1.822222
32.8,14.41479,0.02733333,49.46735,1.822222,0.02733333,1.822222
32.81,14.42115,0.02733333,49.48917,1.822222,0.02733333,1.822222
32.82,14.43386,0.02736667,49.53281,1.824444,0.02736667,1.824444
32.83,14.44976,0.02736667,49.58735,1.824444,0.02736667,1.824444
32.84,14.45929,0.02736667,49.62008,1.824444,0.02736667,1.824444
32.85,14.46247,0.02736667,49.63099,1.824444,0.02736667,1.824444
32.86,14.46406,0.0274,49.63644,1.826667,0.0274,1.826667
32.87,14.47042,0.0274,49.65826,1.826667,0.0274,1.826667
32.88,14.46724,0.0274,49.64735,1.826667,0.0274,1.826667
32.89,14.46247,0.0274,49.63099,1.826667,0.0274,1.826667
32.9,14.45611,0.02743333,49.60917,1.828889,0.02743333,1.828889
32.91,14.45134,0.02743333,49.59281,1.828889,0.02743333,1.828889
32.92,14.44658,0.02743333,49.57644,1.828889,0.02743333,1.828889
32.93,14.4434,0.02743333,49.56553,1.828889,0.02743333,1.828889
32.94,14.44658,0.02746667,49.57644,1.831111,0.02746667,1.831111
32.95,14.45452,0.02746667,49.60372,1.831111,0.02746667,1.831111
32.96,14.46406,0.02746667,49.63644,1.831111,0.02746667,1.831111
32.97,14.46724,0.02746667,49.64735,1.831111,0.02746667,1.831111
32.98,14.46724,0.0275,49.64735,1.833333,0.0275,1.833333
32.99,14.47201,0.0275,49.66372,1.833333,0.0275,1.833333
33.0,14.47995,0.0275,49.69099,1.833333,0.0275,1.833333
33.01,14.4879,0.0275,49.71826,1.833333,0.0275,1.833333
33.02,14.49267,0.02753333,49.73463,1.835556,0.02753333,1.835556
33.03,14.49903,0.02753333,49.75644,1.835556,0.02753333,1.835556
33.04,14.50062,0.02753333,49.7619,1.835556,0.02753333,1.835556
33.05,14.5038,0.02753333,49.77281,1.835556,0.02753333,1.835556
33.06,14.51651,0.02756667,49.81644,1.837778,0.02756667,1.837778
33.07,14.53559,0.02756667,49.8819,1.837778,0.02756667,1.837778
33.08,14.54194,0.02756667,49.90372,1.837778,0.02756667,1.837778
33.09,14.54035,0.02756667,49.89826,1.837778,0.02756667,1.837778
33.1,14.54035,0.0276,49.89826,1.84,0.0276,1.84
33.11,14.54512,0.0276,49.91463,1.84,0.0276,1.84
33.12,14.54989,0.0276,49.93099,1.84,0.0276,1.84
33.13,14.55625,0.0276,49.95281,1.84,0.0276,1.84
33.14,14.56896,0.02763333,49.99644,1.842222,0.02763333,1.842222
33.15,14.58486,0.02763333,50.05099,1.842222,0.02763333,1.842222
33.16,14.58963,0.02763333,50.06735,1.842222,0.02763333,1.842222
33.17,14.58645,0.02763333,50.05645,1.842222,0.02763333,1.842222
33.18,14.58168,0.02766667,50.04008,1.844445,0.02766667,1.844445
33.19,14.5785,0.02766667,50.02917,1.844445,0.02766667,1.844445
33.2,14.5785,0.02766667,50.02917,1.844445,0.02766667,1.844445
33.21,14.58486,0.02766667,50.05099,1.844445,0.02766667,1.844445
33.22,14.59281,0.0277,50.07826,1.846667,0.0277,1.846667
33.23,14.59916,0.0277,50.10008,1.846667,0.0277,1.846667
33.24,14.60234,0.0277,50.11099,1.846667,0.0277,1.846667
33.25,14.60552,0.0277,50.1219,1.846667,0.0277,1.846667
33.26,14.60552,0.02773333,50.1219,1.848889,0.02773333,1.848889
33.27,14.60711,0.02773333,50.12735,1.848889,0.02773333,1.848889
33.28,14.62619,0.02773333,50.19281,1.848889,0.02773333,1.848889
33.29,14.65162,0.02773333,50.28008,1.848889,0.02773333,1.848889
33.3,14.67864,0.02776667,50.37281,1.851111,0.02776667,1.851111
33.31,14.69135,0.02776667,50.41645,1.851111,0.02776667,1.851111
33.32,14.68499,0.02776667,50.39463,1.851111,0.02776667,1.851111
33.33,14.67864,0.02776667,50.37281,1.851111,0.02776667,1.851111
33.34,14.67228,0.0278,50.35099,1.853333,0.0278,1.853333
33.35,14.67864,0.0278,50.37281,1.853333,0.0278,1.853333
33.36,14.68341,0.0278,50.38917,1.853333,0.0278,1.853333
33.37,14.67864,0.0278,50.37281,1.853333,0.0278,1.853333
33.38,14.65956,0.02783333,50.30735,1.855556,0.02783333,1.855556
33.39,14.64685,0.02783333,50.26372,1.855556,0.02783333,1.855556
33.4,14.64367,0.02783333,50.25281,1.855556,0.02783333,1.855556
33.41,14.64367,0.02783333,50.25281,1.855556,0.02783333,1.855556
33.42,14.6389,0.02786667,50.23645,1.857778,0.02786667,1.857778
33.43,14.63413,0.02786667,50.22008,1.857778,0.02786667,1.857778
33.44,14.63413,0.02786667,50.22008,1.857778,0.02786667,1.857778
33.45,14.65003,0.02786667,50.27463,1.857778,0.02786667,1.857778
33.46,14.67546,0.0279,50.3619,1.86,0.0279,1.86
33.47,14.70725,0.0279,50.47099,1.86,0.0279,1.86
33.48,14.72473,0.0279,50.53099,1.86,0.0279,1.86
33.49,14.71996,0.0279,50.51463,1.86,0.0279,1.86
33.5,14.70089,0.02793333,50.44917,1.862222,0.02793333,1.862222
33.51,14.68817,0.02793333,50.40554,1.862222,0.02793333,1.862222
33.52,14.69135,0.02793333,50.41645,1.862222,0.02793333,1.862222
33.53,14.70407,0.02793333,50.46008,1.862222,0.02793333,1.862222
33.54,14.72473,0.02796667,50.53099,1.864444,0.02796667,1.864444
33.55,14.75334,0.02796667,50.62917,1.864444,0.02796667,1.864444
33.56,14.77718,0.02796667,50.71099,1.864444,0.02796667,1.864444
33.57,14.78195,0.02796667,50.72736,1.864444,0.02796667,1.864444
33.58,14.77877,0.028,50.71645,1.866667,0.028,1.866667
33.59,14.77877,0.028,50.71645,1.866667,0.028,1.866667
33.6,14.77718,0.028,50.71099,1.866667,0.028,1.866667
33.61,14.76606,0.028,50.67281,1.866667,0.028,1.866667
33.62,14.75016,0.02803333,50.61826,1.868889,0.02803333,1.868889
33.63,14.73586,0.02803333,50.56917,1.868889,0.02803333,1.868889
33.64,14.7295,0.02803333,50.54736,1.868889,0.02803333,1.868889
33.65,14.74063,0.02803333,50.58554,1.868889,0.02803333,1.868889
33.66,14.76129,0.02806667,50.65644,1.871111,0.02806667,1.871111
33.67,14.77083,0.02806667,50.68917,1.871111,0.02806667,1.871111
33.68,14.76924,0.02806667,50.68372,1.871111,0.02806667,1.871111
33.69,14.76447,0.02806667,50.66735,1.871111,0.02806667,1.871111
33.7,14.76924,0.0281,50.68372,1.873333,0.0281,1.873333
33.71,14.77877,0.0281,50.71645,1.873333,0.0281,1.873333
33.72,14.7899,0.0281,50.75463,1.873333,0.0281,1.873333
33.73,14.80262,0.0281,50.79826,1.873333,0.0281,1.873333
33.74,14.82169,0.02813333,50.86372,1.875556,0.02813333,1.875556
33.75,14.84712,0.02813333,50.95099,1.875556,0.02813333,1.875556
33.76,14.86778,0.02813333,51.0219,1.875556,0.02813333,1.875556
33.77,14.87255,0.02813333,51.03827,1.875556,0.02813333,1.875556
33.78,14.86778,0.02816667,51.0219,1.877778,0.02816667,1.877778
33.79,14.85666,0.02816667,50.98372,1.877778,0.02816667,1.877778
33.8,14.8503,0.02816667,50.9619,1.877778,0.02816667,1.877778
33.81,14.8503,0.02816667,50.9619,1.877778,0.02816667,1.877778
33.82,14.85507,0.0282,50.97826,1.88,0.0282,1.88
33.83,14.85189,0.0282,50.96735,1.88,0.0282,1.88
33.84,14.84712,0.0282,50.95099,1.88,0.0282,1.88
33.85,14.84712,0.0282,50.95099,1.88,0.0282,1.88
33.86,14.85507,0.02823333,50.97826,1.882222,0.02823333,1.882222
33.87,14.85984,0.02823333,50.99463,1.882222,0.02823333,1.882222
33.88,14.85984,0.02823333,50.99463,1.882222,0.02823333,1.882222
33.89,14.85984,0.02823333,50.99463,1.882222,0.02823333,1.882222
33.9,14.85984,0.02826667,50.99463,1.884444,0.02826667,1.884444
33.91,14.85666,0.02826667,50.98372,1.884444,0.02826667,1.884444
33.92,14.85507,0.02826667,50.97826,1.884444,0.02826667,1.884444
33.93,14.85984,0.02826667,50.99463,1.884444,0.02826667,1.884444
33.94,14.87573,0.0283,51.04917,1.886667,0.0283,1.886667
33.95,14.89321,0.0283,51.10917,1.886667,0.0283,1.886667
33.96,14.90434,0.0283,51.14735,1.886667,0.0283,1.886667
33.97,14.90116,0.0283,51.13645,1.886667,0.0283,1.886667
33.98,14.89321,0.02833333,51.10917,1.888889,0.02833333,1.888889
33.99,14.88686,0.02833333,51.08736,1.888889,0.02833333,1.888889
34.0,14.88845,0.02833333,51.09281,1.888889,0.02833333,1.888889
34.01,14.90434,0.02833333,51.14735,1.888889,0.02833333,1.888889
34.02,14.925,0.02836667,51.21827,1.891111,0.02836667,1.891111
34.03,14.93613,0.02836667,51.25645,1.891111,0.02836667,1.891111
34.04,14.92977,0.02836667,51.23463,1.891111,0.02836667,1.891111
34.05,14.925,0.02836667,51.21827,1.891111,0.02836667,1.891111
34.06,14.925,0.0284,51.21827,1.893333,0.0284,1.893333
34.07,14.93613,0.0284,51.25645,1.893333,0.0284,1.893333
34.08,14.94884,0.0284,51.30008,1.893333,0.0284,1.893333
34.09,14.96156,0.0284,51.34372,1.893333,0.0284,1.893333
34.1,14.96474,0.02843333,51.35463,1.895556,0.02843333,1.895556
34.11,14.96156,0.02843333,51.34372,1.895556,0.02843333,1.895556
34.12,14.95679,0.02843333,51.32735,1.895556,0.02843333,1.895556
34.13,14.96474,0.02843333,51.35463,1.895556,0.02843333,1.895556
34.14,14.97746,0.02846667,51.39827,1.897778,0.02846667,1.897778
34.15,14.9854,0.02846667,51.42554,1.897778,0.02846667,1.897778
34.16,14.99017,0.02846667,51.4419,1.897778,0.02846667,1.897778
34.17,15.00289,0.02846667,51.48554,1.897778,0.02846667,1.897778
34.18,15.0156,0.0285,51.52917,1.9,0.0285,1.9
34.19,15.01878,0.0285,51.54008,1.9,0.0285,1.9
34.2,15.00766,0.0285,51.5019,1.9,0.0285,1.9
34.21,15.0013,0.0285,51.48008,1.9,0.0285,1.9
34.22,15.00607,0.02853333,51.49645,1.902222,0.02853333,1.902222
34.23,15.01878,0.02853333,51.54008,1.902222,0.02853333,1.902222
34.24,15.02355,0.02853333,51.55645,1.902222,0.02853333,1.902222
34.25,15.02355,0.02853333,51.55645,1.902222,0.02853333,1.902222
34.26,15.03468,0.02856667,51.59463,1.904445,0.02856667,1.904445
34.27,15.06011,0.02856667,51.6819,1.904445,0.02856667,1.904445
34.28,15.08077,0.02856667,51.75281,1.904445,0.02856667,1.904445
34.29,15.08077,0.02856667,51.75281,1.904445,0.02856667,1.904445
34.3,15.06329,0.0286,51.69281,1.906667,0.0286,1.906667
34.31,15.05057,0.0286,51.64917,1.906667,0.0286,1.906667
34.32,15.05534,0.0286,51.66554,1.906667,0.0286,1.906667
34.33,15.06488,0.0286,51.69827,1.906667,0.0286,1.906667
34.34,15.07918,0.02863333,51.74736,1.908889,0.02863333,1.908889
34.35,15.08872,0.02863333,51.78009,1.908889,0.02863333,1.908889
34.36,15.0919,0.02863333,51.79099,1.908889,0.02863333,1.908889
34.37,15.08077,0.02863333,51.75281,1.908889,0.02863333,1.908889
34.38,15.06488,0.02866667,51.69827,1.911111,0.02866667,1.911111
34.39,15.05852,0.02866667,51.67645,1.911111,0.02866667,1.911111
34.4,15.05852,0.02866667,51.67645,1.911111,0.02866667,1.911111
34.41,15.06488,0.02866667,51.69827,1.911111,0.02866667,1.911111
34.42,15.07918,0.0287,51.74736,1.913333,0.0287,1.913333
34.43,15.0919,0.0287,51.79099,1.913333,0.0287,1.913333
34.44,15.09349,0.0287,51.79645,1.913333,0.0287,1.913333
34.45,15.08395,0.0287,51.76372,1.913333,0.0287,1.913333
34.46,15.06805,0.02873333,51.70918,1.915556,0.02873333,1.915556
34.47,15.05852,0.02873333,51.67645,1.915556,0.02873333,1.915556
34.48,15.06329,0.02873333,51.69281,1.915556,0.02873333,1.915556
34.49,15.08395,0.02873333,51.76372,1.915556,0.02873333,1.915556
34.5,15.11574,0.02876667,51.87281,1.917778,0.02876667,1.917778
34.51,15.14117,0.02876667,51.96009,1.917778,0.02876667,1.917778
34.52,15.14435,0.02876667,51.97099,1.917778,0.02876667,1.917778
34.53,15.12845,0.02876667,51.91645,1.917778,0.02876667,1.917778
34.54,15.11733,0.0288,51.87827,1.92,0.0288,1.92
34.55,15.12527,0.0288,51.90554,1.92,0.0288,1.92
34.56,15.14594,0.0288,51.97645,1.92,0.0288,1.92
34.57,15.16501,0.0288,52.0419,1.92,0.0288,1.92
34.58,15.17296,0.02883333,52.06918,1.922222,0.02883333,1.922222
34.59,15.17296,0.02883333,52.06918,1.922222,0.02883333,1.922222
34.6,15.1666,0.02883333,52.04736,1.922222,0.02883333,1.922222
34.61,15.15706,0.02883333,52.01463,1.922222,0.02883333,1.922222
34.62,15.15071,0.02886667,51.99281,1.924444,0.02886667,1.924444
34.63,15.15706,0.02886667,52.01463,1.924444,0.02886667,1.924444
34.64,15.1666,0.02886667,52.04736,1.924444,0.02886667,1.924444
34.65,15.17455,0.02886667,52.07463,1.924444,0.02886667,1.924444
34.66,15.17296,0.0289,52.06918,1.926667,0.0289,1.926667
34.67,15.16501,0.0289,52.0419,1.926667,0.0289,1.926667
34.68,15.15865,0.0289,52.02008,1.926667,0.0289,1.926667
34.69,15.1666,0.0289,52.04736,1.926667,0.0289,1.926667
34.7,15.19044,0.02893333,52.12917,1.928889,0.02893333,1.928889
34.71,15.21111,0.02893333,52.20008,1.928889,0.02893333,1.928889
34.72,15.22223,0.02893333,52.23827,1.928889,0.02893333,1.928889
34.73,15.22223,0.02893333,52.23827,1.928889,0.02893333,1.928889
34.74,15.21111,0.02896667,52.20008,1.931111,0.02896667,1.931111
34.75,15.20157,0.02896667,52.16736,1.931111,0.02896667,1.931111
34.76,15.19362,0.02896667,52.14009,1.931111,0.02896667,1.931111
34.77,15.19521,0.02896667,52.14554,1.931111,0.02896667,1.931111
34.78,15.20316,0.029,52.17281,1.933333,0.029,1.933333
34.79,15.21428,0.029,52.21099,1.933333,0.029,1.933333
34.8,15.23177,0.029,52.271,1.933333,0.029,1.933333
34.81,15.25084,0.029,52.33645,1.933333,0.029,1.933333
34.82,15.2715,0.02903333,52.40736,1.935556,0.02903333,1.935556
34.83,15.28422,0.02903333,52.451,1.935556,0.02903333,1.935556
34.84,15.29217,0.02903333,52.47827,1.935556,0.02903333,1.935556
34.85,15.29694,0.02903333,52.49463,1.935556,0.02903333,1.935556
34.86,15.30011,0.02906667,52.50554,1.937778,0.02906667,1.937778
34.87,15.30011,0.02906667,52.50554,1.937778,0.02906667,1.937778
34.88,15.2874,0.02906667,52.4619,1.937778,0.02906667,1.937778
34.89,15.26356,0.02906667,52.38008,1.937778,0.02906667,1.937778
34.9,15.24289,0.0291,52.30917,1.94,0.0291,1.94
34.91,15.25084,0.0291,52.33645,1.94,0.0291,1.94
34.92,15.27309,0.0291,52.41281,1.94,0.0291,1.94
34.93,15.29694,0.0291,52.49463,1.94,0.0291,1.94
34.94,15.30806,0.02913333,52.53281,1.942222,0.02913333,1.942222
34.95,15.3176,0.02913333,52.56554,1.942222,0.02913333,1.942222
34.96,15.33349,0.02913333,52.62008,1.942222,0.02913333,1.942222
34.97,15.35416,0.02913333,52.69099,1.942222,0.02913333,1.942222
34.98,15.37323,0.02916667,52.75645,1.944444,0.02916667,1.944444
34.99,15.37323,0.02916667,52.75645,1.944444,0.02916667,1.944444
35.0,15.35098,0.02916667,52.68008,1.944444,0.02916667,1.944444
35.01,15.32872,0.02916667,52.60372,1.944444,0.02916667,1.944444
35.02,15.32237,0.0292,52.58191,1.946667,0.0292,1.946667
35.03,15.33031,0.0292,52.60918,1.946667,0.0292,1.946667
35.04,15.34144,0.0292,52.64736,1.946667,0.0292,1.946667
35.05,15.34462,0.0292,52.65827,1.946667,0.0292,1.946667
35.06,15.34939,0.02923333,52.67463,1.948889,0.02923333,1.948889
35.07,15.35734,0.02923333,52.7019,1.948889,0.02923333,1.948889
35.08,15.36687,0.02923333,52.73463,1.948889,0.02923333,1.948889
35.09,15.38277,0.02923333,52.78918,1.948889,0.02923333,1.948889
35.1,15.39866,0.02926667,52.84372,1.951111,0.02926667,1.951111
35.11,15.40343,0.02926667,52.86008,1.951111,0.02926667,1.951111
35.12,15.39866,0.02926667,52.84372,1.951111,0.02926667,1.951111
35.13,15.39548,0.02926667,52.83281,1.951111,0.02926667,1.951111
35.14,15.40661,0.0293,52.87099,1.953333,0.0293,1.953333
35.15,15.41932,0.0293,52.91463,1.953333,0.0293,1.953333
35.16,15.41932,0.0293,52.91463,1.953333,0.0293,1.953333
35.17,15.41615,0.0293,52.90372,1.953333,0.0293,1.953333
35.18,15.41932,0.02933333,52.91463,1.955556,0.02933333,1.955556
35.19,15.42727,0.02933333,52.94191,1.955556,0.02933333,1.955556
35.2,15.43204,0.02933333,52.95827,1.955556,0.02933333,1.955556
35.21,15.4384,0.02933333,52.98008,1.955556,0.02933333,1.955556
35.22,15.44317,0.02936667,52.99645,1.957778,0.02936667,1.957778
35.23,15.44317,0.02936667,52.99645,1.957778,0.02936667,1.957778
35.24,15.4384,0.02936667,52.98008,1.957778,0.02936667,1.957778
35.25,15.43999,0.02936667,52.98554,1.957778,0.02936667,1.957778
35.26,15.45111,0.0294,53.02372,1.96,0.0294,1.96
35.27,15.4527,0.0294,53.02917,1.96,0.0294,1.96
35.28,15.44793,0.0294,53.01281,1.96,0.0294,1.96
35.29,15.44476,0.0294,53.0019,1.96,0.0294,1.96
35.3,15.4527,0.02943333,53.02917,1.962222,0.02943333,1.962222
35.31,15.46383,0.02943333,53.06736,1.962222,0.02943333,1.962222
35.32,15.46383,0.02943333,53.06736,1.962222,0.02943333,1.962222
35.33,15.45906,0.02943333,53.05099,1.962222,0.02943333,1.962222
35.34,15.45906,0.02946667,53.05099,1.964444,0.02946667,1.964444
35.35,15.47337,0.02946667,53.10009,1.964444,0.02946667,1.964444
35.36,15.49562,0.02946667,53.17645,1.964444,0.02946667,1.964444
35.37,15.51787,0.02946667,53.25282,1.964444,0.02946667,1.964444
35.38,15.52582,0.0295,53.28009,1.966667,0.0295,1.966667
35.39,15.51787,0.0295,53.25282,1.966667,0.0295,1.966667
35.4,15.5131,0.0295,53.23645,1.966667,0.0295,1.966667
35.41,15.51787,0.0295,53.25282,1.966667,0.0295,1.966667
35.42,15.52105,0.02953333,53.26372,1.968889,0.02953333,1.968889
35.43,15.5131,0.02953333,53.23645,1.968889,0.02953333,1.968889
35.44,15.50833,0.02953333,53.22009,1.968889,0.02953333,1.968889
35.45,15.51628,0.02953333,53.24736,1.968889,0.02953333,1.968889
35.46,15.52423,0.02956667,53.27463,1.971111,0.02956667,1.971111
35.47,15.52105,0.02956667,53.26372,1.971111,0.02956667,1.971111
35.48,15.5131,0.02956667,53.23645,1.971111,0.02956667,1.971111
35.49,15.5131,0.02956667,53.23645,1.971111,0.02956667,1.971111
35.5,15.529,0.0296,53.29099,1.973333,0.0296,1.973333
35.51,15.54966,0.0296,53.3619,1.973333,0.0296,1.973333
35.52,15.56238,0.0296,53.40554,1.973333,0.0296,1.973333
35.53,15.56238,0.0296,53.40554,1.973333,0.0296,1.973333
35.54,15.56238,0.02963333,53.40554,1.975556,0.02963333,1.975556
35.55,15.57032,0.02963333,53.43282,1.975556,0.02963333,1.975556
35.56,15.57509,0.02963333,53.44918,1.975556,0.02963333,1.975556
35.57,15.57827,0.02963333,53.46009,1.975556,0.02963333,1.975556
35.58,15.58622,0.02966667,53.48736,1.977778,0.02966667,1.977778
35.59,15.59575,0.02966667,53.52008,1.977778,0.02966667,1.977778
35.6,15.60688,0.02966667,53.55827,1.977778,0.02966667,1.977778
35.61,15.61642,0.02966667,53.591,1.977778,0.02966667,1.977778
35.62,15.62754,0.0297,53.62918,1.98,0.0297,1.98
35.63,15.62754,0.0297,53.62918,1.98,0.0297,1.98
35.64,15.61642,0.0297,53.591,1.98,0.0297,1.98
35.65,15.61006,0.0297,53.56918,1.98,0.0297,1.98
35.66,15.60688,0.02973333,53.55827,1.982222,0.02973333,1.982222
35.67,15.60688,0.02973333,53.55827,1.982222,0.02973333,1.982222
35.68,15.61165,0.02973333,53.57463,1.982222,0.02973333,1.982222
35.69,15.62278,0.02973333,53.61282,1.982222,0.02973333,1.982222
35.7,15.63231,0.02976667,53.64554,1.984444,0.02976667,1.984444
35.71,15.63549,0.02976667,53.65645,1.984444,0.02976667,1.984444
35.72,15.63867,0.02976667,53.66736,1.984444,0.02976667,1.984444
35.73,15.64344,0.02976667,53.68372,1.984444,0.02976667,1.984444
35.74,15.64503,0.0298,53.68918,1.986667,0.0298,1.986667
35.75,15.64821,0.0298,53.70008,1.986667,0.0298,1.986667
35.76,15.65615,0.0298,53.72736,1.986667,0.0298,1.986667
35.77,15.67364,0.0298,53.78736,1.986667,0.0298,1.986667
35.78,15.69271,0.02983333,53.85281,1.988889,0.02983333,1.988889
35.79,15.70543,0.02983333,53.89645,1.988889,0.02983333,1.988889
35.8,15.70861,0.02983333,53.90736,1.988889,0.02983333,1.988889
35.81,15.71019,0.02983333,53.91281,1.988889,0.02983333,1.988889
35.82,15.71019,0.02986667,53.91281,1.991111,0.02986667,1.991111
35.83,15.70861,0.02986667,53.90736,1.991111,0.02986667,1.991111
35.84,15.70543,0.02986667,53.89645,1.991111,0.02986667,1.991111
35.85,15.70225,0.02986667,53.88554,1.991111,0.02986667,1.991111
35.86,15.71019,0.0299,53.91281,1.993333,0.0299,1.993333
35.87,15.72609,0.0299,53.96736,1.993333,0.0299,1.993333
35.88,15.74198,0.0299,54.02191,1.993333,0.0299,1.993333
35.89,15.74993,0.0299,54.04918,1.993333,0.0299,1.993333
35.9,15.74993,0.02993333,54.04918,1.995556,0.02993333,1.995556
35.91,15.74675,0.02993333,54.03827,1.995556,0.02993333,1.995556
35.92,15.73722,0.02993333,54.00554,1.995556,0.02993333,1.995556
35.93,15.73086,0.02993333,53.98372,1.995556,0.02993333,1.995556
35.94,15.73722,0.02996667,54.00554,1.997778,0.02996667,1.997778
35.95,15.75311,0.02996667,54.06009,1.997778,0.02996667,1.997778
35.96,15.77536,0.02996667,54.13645,1.997778,0.02996667,1.997778
35.97,15.78808,0.02996667,54.18009,1.997778,0.02996667,1.997778
35.98,15.79126,0.03,54.19099,2.0,0.03,2.0
35.99,15.78808,0.03,54.18009,2.0,0.03,2.0
36.0,15.79126,0.03,54.19099,2.0,0.03,2.0
36.01,15.7992,0.03,54.21827,2.0,0.03,2.0
36.02,15.81033,0.03003333,54.25645,2.002222,0.03003333,2.002222
36.03,15.82464,0.03003333,54.30554,2.002222,0.03003333,2.002222
36.04,15.83576,0.03003333,54.34372,2.002222,0.03003333,2.002222
36.05,15.83576,0.03003333,54.34372,2.002222,0.03003333,2.002222
36.06,15.83576,0.03006667,54.34372,2.004444,0.03006667,2.004444
36.07,15.83576,0.03006667,54.34372,2.004444,0.03006667,2.004444
36.08,15.84053,0.03006667,54.36009,2.004444,0.03006667,2.004444
36.09,15.84848,0.03006667,54.38736,2.004444,0.03006667,2.004444
36.1,15.86119,0.0301,54.431,2.006667,0.0301,2.006667
36.11,15.8755,0.0301,54.48009,2.006667,0.0301,2.006667
36.12,15.88027,0.0301,54.49645,2.006667,0.0301,2.006667
36.13,15.86755,0.0301,54.45281,2.006667,0.0301,2.006667
36.14,15.85325,0.03013333,54.40372,2.008889,0.03013333,2.008889
36.15,15.8453,0.03013333,54.37645,2.008889,0.03013333,2.008889
36.16,15.8453,0.03013333,54.37645,2.008889,0.03013333,2.008889
36.17,15.8453,0.03013333,54.37645,2.008889,0.03013333,2.008889
36.18,15.85166,0.03016667,54.39827,2.011111,0.03016667,2.011111
36.19,15.86437,0.03016667,54.44191,2.011111,0.03016667,2.011111
36.2,15.8755,0.03016667,54.48009,2.011111,0.03016667,2.011111
36.21,15.88821,0.03016667,54.52372,2.011111,0.03016667,2.011111
36.22,15.9057,0.0302,54.58372,2.013333,0.0302,2.013333
36.23,15.92477,0.0302,54.64918,2.013333,0.0302,2.013333
36.24,15.93272,0.0302,54.67645,2.013333,0.0302,2.013333
36.25,15.92477,0.0302,54.64918,2.013333,0.0302,2.013333
36.26,15.91047,0.03023333,54.60009,2.015556,0.03023333,2.015556
36.27,15.9057,0.03023333,54.58372,2.015556,0.03023333,2.015556
36.28,15.90888,0.03023333,54.59464,2.015556,0.03023333,2.015556
36.29,15.91365,0.03023333,54.611,2.015556,0.03023333,2.015556
36.3,15.91841,0.03026667,54.62736,2.017778,0.03026667,2.017778
36.31,15.92636,0.03026667,54.65463,2.017778,0.03026667,2.017778
36.32,15.93749,0.03026667,54.69282,2.017778,0.03026667,2.017778
36.33,15.93908,0.03026667,54.69827,2.017778,0.03026667,2.017778
36.34,15.93272,0.0303,54.67645,2.02,0.0303,2.02
36.35,15.93431,0.0303,54.6819,2.02,0.0303,2.02
36.36,15.95338,0.0303,54.74736,2.02,0.0303,2.02
36.37,15.9661,0.0303,54.791,2.02,0.0303,2.02
36.38,15.9661,0.03033333,54.791,2.022222,0.03033333,2.022222
36.39,15.9661,0.03033333,54.791,2.022222,0.03033333,2.022222
36.4,15.96133,0.03033333,54.77464,2.022222,0.03033333,2.022222
36.41,15.95338,0.03033333,54.74736,2.022222,0.03033333,2.022222
36.42,15.93749,0.03036667,54.69282,2.024444,0.03036667,2.024444
36.43,15.93272,0.03036667,54.67645,2.024444,0.03036667,2.024444
36.44,15.94226,0.03036667,54.70918,2.024444,0.03036667,2.024444
36.45,15.96292,0.03036667,54.78009,2.024444,0.03036667,2.024444
36.46,15.97563,0.0304,54.82373,2.026667,0.0304,2.026667
36.47,15.96769,0.0304,54.79645,2.026667,0.0304,2.026667
36.48,15.9661,0.0304,54.791,2.026667,0.0304,2.026667
36.49,15.96769,0.0304,54.79645,2.026667,0.0304,2.026667
36.5,15.97404,0.03043333,54.81827,2.028889,0.03043333,2.028889
36.51,15.97881,0.03043333,54.83463,2.028889,0.03043333,2.028889
36.52,15.98358,0.03043333,54.851,2.028889,0.03043333,2.028889
36.53,15.98358,0.03043333,54.851,2.028889,0.03043333,2.028889
36.54,15.98676,0.03046667,54.8619,2.031111,0.03046667,2.031111
36.55,15.99153,0.03046667,54.87827,2.031111,0.03046667,2.031111
36.56,16.00424,0.03046667,54.92191,2.031111,0.03046667,2.031111
36.57,16.01537,0.03046667,54.96009,2.031111,0.03046667,2.031111
36.58,16.01855,0.0305,54.971,2.033333,0.0305,2.033333
36.59,16.02332,0.0305,54.98736,2.033333,0.0305,2.033333
36.6,16.03921,0.0305,55.04191,2.033333,0.0305,2.033333
36.61,16.05988,0.0305,55.11282,2.033333,0.0305,2.033333
36.62,16.07577,0.03053333,55.16736,2.035556,0.03053333,2.035556
36.63,16.09007,0.03053333,55.21645,2.035556,0.03053333,2.035556
36.64,16.10438,0.03053333,55.26554,2.035556,0.03053333,2.035556
36.65,16.11074,0.03053333,55.28736,2.035556,0.03053333,2.035556
36.66,16.11868,0.03056667,55.31463,2.037778,0.03056667,2.037778
36.67,16.13299,0.03056667,55.36372,2.037778,0.03056667,2.037778
36.68,16.14253,0.03056667,55.39645,2.037778,0.03056667,2.037778
36.69,16.14571,0.03056667,55.40736,2.037778,0.03056667,2.037778
36.7,16.14253,0.0306,55.39645,2.04,0.0306,2.04
36.71,16.13458,0.0306,55.36918,2.04,0.0306,2.04
36.72,16.12504,0.0306,55.33646,2.04,0.0306,2.04
36.73,16.11868,0.0306,55.31463,2.04,0.0306,2.04
36.74,16.12186,0.03063333,55.32554,2.042222,0.03063333,2.042222
36.75,16.12981,0.03063333,55.35282,2.042222,0.03063333,2.042222
36.76,16.13458,0.03063333,55.36918,2.042222,0.03063333,2.042222
36.77,16.13458,0.03063333,55.36918,2.042222,0.03063333,2.042222
36.78,16.12663,0.03066667,55.34191,2.044444,0.03066667,2.044444
36.79,16.11074,0.03066667,55.28736,2.044444,0.03066667,2.044444
36.8,16.09325,0.03066667,55.22736,2.044444,0.03066667,2.044444
36.81,16.08213,0.03066667,55.18918,2.044444,0.03066667,2.044444
36.82,16.08849,0.0307,55.211,2.046667,0.0307,2.046667
36.83,16.10597,0.0307,55.271,2.046667,0.0307,2.046667
36.84,16.1171,0.0307,55.30918,2.046667,0.0307,2.046667
36.85,16.12186,0.0307,55.32554,2.046667,0.0307,2.046667
36.86,16.13299,0.03073333,55.36372,2.048889,0.03073333,2.048889
36.87,16.15365,0.03073333,55.43464,2.048889,0.03073333,2.048889
36.88,16.17432,0.03073333,55.50554,2.048889,0.03073333,2.048889
36.89,16.18385,0.03073333,55.53827,2.048889,0.03073333,2.048889
36.9,16.18385,0.03076667,55.53827,2.051111,0.03076667,2.051111
36.91,16.18226,0.03076667,55.53282,2.051111,0.03076667,2.051111
36.92,16.16796,0.03076667,55.48373,2.051111,0.03076667,2.051111
36.93,16.1616,0.03076667,55.46191,2.051111,0.03076667,2.051111
36.94,16.16637,0.0308,55.47827,2.053333,0.0308,2.053333
36.95,16.17908,0.0308,55.52191,2.053333,0.0308,2.053333
36.96,16.18226,0.0308,55.53282,2.053333,0.0308,2.053333
36.97,16.17591,0.0308,55.511,2.053333,0.0308,2.053333
36.98,16.17908,0.03083333,55.52191,2.055556,0.03083333,2.055556
36.99,16.1918,0.03083333,55.56555,2.055556,0.03083333,2.055556
37.0,16.19975,0.03083333,55.59282,2.055556,0.03083333,2.055556
37.01,16.19657,0.03083333,55.58191,2.055556,0.03083333,2.055556
37.02,16.19975,0.03086667,55.59282,2.057778,0.03086667,2.057778
37.03,16.21087,0.03086667,55.631,2.057778,0.03086667,2.057778
37.04,16.23154,0.03086667,55.70191,2.057778,0.03086667,2.057778
37.05,16.24902,0.03086667,55.76191,2.057778,0.03086667,2.057778
37.06,16.25697,0.0309,55.78918,2.06,0.0309,2.06
37.07,16.26015,0.0309,55.80009,2.06,0.0309,2.06
37.08,16.26174,0.0309,55.80554,2.06,0.0309,2.06
37.09,16.2681,0.0309,55.82737,2.06,0.0309,2.06
37.1,16.27604,0.03093333,55.85463,2.062222,0.03093333,2.062222
37.11,16.2824,0.03093333,55.87646,2.062222,0.03093333,2.062222
37.12,16.28876,0.03093333,55.89827,2.062222,0.03093333,2.062222
37.13,16.2824,0.03093333,55.87646,2.062222,0.03093333,2.062222
37.14,16.27286,0.03096667,55.84373,2.064445,0.03096667,2.064445
37.15,16.26174,0.03096667,55.80554,2.064445,0.03096667,2.064445
37.16,16.26174,0.03096667,55.80554,2.064445,0.03096667,2.064445
37.17,16.26174,0.03096667,55.80554,2.064445,0.03096667,2.064445
37.18,16.2681,0.031,55.82737,2.066667,0.031,2.066667
37.19,16.27604,0.031,55.85463,2.066667,0.031,2.066667
37.2,16.28081,0.031,55.871,2.066667,0.031,2.066667
37.21,16.27763,0.031,55.86009,2.066667,0.031,2.066667
37.22,16.26968,0.03103333,55.83282,2.068889,0.03103333,2.068889
37.23,16.26968,0.03103333,55.83282,2.068889,0.03103333,2.068889
37.24,16.28081,0.03103333,55.871,2.068889,0.03103333,2.068889
37.25,16.29353,0.03103333,55.91463,2.068889,0.03103333,2.068889
37.26,16.30942,0.03106667,55.96918,2.071111,0.03106667,2.071111
37.27,16.33326,0.03106667,56.051,2.071111,0.03106667,2.071111
37.28,16.35551,0.03106667,56.12737,2.071111,0.03106667,2.071111
37.29,16.35869,0.03106667,56.13828,2.071111,0.03106667,2.071111
37.3,16.34598,0.0311,56.09464,2.073334,0.0311,2.073334
37.31,16.3269,0.0311,56.02918,2.073334,0.0311,2.073334
37.32,16.31737,0.0311,55.99645,2.073334,0.0311,2.073334
37.33,16.32532,0.0311,56.02373,2.073334,0.0311,2.073334
37.34,16.33962,0.03113333,56.07282,2.075556,0.03113333,2.075556
37.35,16.35551,0.03113333,56.12737,2.075556,0.03113333,2.075556
37.36,16.36346,0.03113333,56.15464,2.075556,0.03113333,2.075556
37.37,16.37141,0.03113333,56.18191,2.075556,0.03113333,2.075556
37.38,16.37936,0.03116667,56.20918,2.077778,0.03116667,2.077778
37.39,16.39048,0.03116667,56.24736,2.077778,0.03116667,2.077778
37.4,16.39525,0.03116667,56.26373,2.077778,0.03116667,2.077778
37.41,16.39048,0.03116667,56.24736,2.077778,0.03116667,2.077778
37.42,16.38412,0.0312,56.22554,2.08,0.0312,2.08
37.43,16.39207,0.0312,56.25282,2.08,0.0312,2.08
37.44,16.41115,0.0312,56.31828,2.08,0.0312,2.08
37.45,16.43181,0.0312,56.38918,2.08,0.0312,2.08
37.46,16.44452,0.03123333,56.43282,2.082222,0.03123333,2.082222
37.47,16.45247,0.03123333,56.46009,2.082222,0.03123333,2.082222
37.48,16.45247,0.03123333,56.46009,2.082222,0.03123333,2.082222
37.49,16.45724,0.03123333,56.47645,2.082222,0.03123333,2.082222
37.5,16.46837,0.03126667,56.51464,2.084445,0.03126667,2.084445
37.51,16.47631,0.03126667,56.54191,2.084445,0.03126667,2.084445
37.52,16.47631,0.03126667,56.54191,2.084445,0.03126667,2.084445
37.53,16.47631,0.03126667,56.54191,2.084445,0.03126667,2.084445
37.54,16.4779,0.0313,56.54737,2.086667,0.0313,2.086667
37.55,16.48426,0.0313,56.56918,2.086667,0.0313,2.086667
37.56,16.48426,0.0313,56.56918,2.086667,0.0313,2.086667
37.57,16.46996,0.0313,56.52009,2.086667,0.0313,2.086667
37.58,16.46519,0.03133333,56.50373,2.088889,0.03133333,2.088889
37.59,16.46996,0.03133333,56.52009,2.088889,0.03133333,2.088889
37.6,16.48108,0.03133333,56.55827,2.088889,0.03133333,2.088889
37.61,16.48426,0.03133333,56.56918,2.088889,0.03133333,2.088889
37.62,16.48426,0.03136667,56.56918,2.091111,0.03136667,2.091111
37.63,16.48426,0.03136667,56.56918,2.091111,0.03136667,2.091111
37.64,16.49062,0.03136667,56.591,2.091111,0.03136667,2.091111
37.65,16.50175,0.03136667,56.62918,2.091111,0.03136667,2.091111
37.66,16.51287,0.0314,56.66737,2.093333,0.0314,2.093333
37.67,16.52559,0.0314,56.711,2.093333,0.0314,2.093333
37.68,16.53353,0.0314,56.73827,2.093333,0.0314,2.093333
37.69,16.53353,0.0314,56.73827,2.093333,0.0314,2.093333
37.7,16.5383,0.03143333,56.75463,2.095556,0.03143333,2.095556
37.71,16.54784,0.03143333,56.78736,2.095556,0.03143333,2.095556
37.72,16.55897,0.03143333,56.82555,2.095556,0.03143333,2.095556
37.73,16.55102,0.03143333,56.79827,2.095556,0.03143333,2.095556
37.74,16.53512,0.03146667,56.74373,2.097778,0.03146667,2.097778
37.75,16.51764,0.03146667,56.68373,2.097778,0.03146667,2.097778
37.76,16.51287,0.03146667,56.66737,2.097778,0.03146667,2.097778
37.77,16.51923,0.03146667,56.68918,2.097778,0.03146667,2.097778
37.78,16.53353,0.0315,56.73827,2.1,0.0315,2.1
37.79,16.5542,0.0315,56.80919,2.1,0.0315,2.1
37.8,16.57486,0.0315,56.88009,2.1,0.0315,2.1
37.81,16.5844,0.0315,56.91282,2.1,0.0315,2.1
37.82,16.5844,0.03153333,56.91282,2.102222,0.03153333,2.102222
37.83,16.57963,0.03153333,56.89645,2.102222,0.03153333,2.102222
37.84,16.58281,0.03153333,56.90737,2.102222,0.03153333,2.102222
37.85,16.59234,0.03153333,56.94009,2.102222,0.03153333,2.102222
37.86,16.60506,0.03156667,56.98373,2.104445,0.03156667,2.104445
37.87,16.61142,0.03156667,57.00555,2.104445,0.03156667,2.104445
37.88,16.61142,0.03156667,57.00555,2.104445,0.03156667,2.104445
37.89,16.61142,0.03156667,57.00555,2.104445,0.03156667,2.104445
37.9,16.61619,0.0316,57.02191,2.106667,0.0316,2.106667
37.91,16.62413,0.0316,57.04918,2.106667,0.0316,2.106667
37.92,16.63367,0.0316,57.08191,2.106667,0.0316,2.106667
37.93,16.6448,0.0316,57.12009,2.106667,0.0316,2.106667
37.94,16.64797,0.03163333,57.131,2.108889,0.03163333,2.108889
37.95,16.64797,0.03163333,57.131,2.108889,0.03163333,2.108889
37.96,16.6448,0.03163333,57.12009,2.108889,0.03163333,2.108889
37.97,16.63208,0.03163333,57.07645,2.108889,0.03163333,2.108889
37.98,16.62095,0.03166667,57.03828,2.111111,0.03166667,2.111111
37.99,16.6289,0.03166667,57.06554,2.111111,0.03166667,2.111111
38.0,16.64162,0.03166667,57.10918,2.111111,0.03166667,2.111111
38.01,16.6448,0.03166667,57.12009,2.111111,0.03166667,2.111111
38.02,16.64956,0.0317,57.13646,2.113333,0.0317,2.113333
38.03,16.66546,0.0317,57.191,2.113333,0.0317,2.113333
38.04,16.68612,0.0317,57.26191,2.113333,0.0317,2.113333
38.05,16.69725,0.0317,57.30009,2.113333,0.0317,2.113333
38.06,16.6893,0.03173333,57.27282,2.115556,0.03173333,2.115556
38.07,16.67341,0.03173333,57.21828,2.115556,0.03173333,2.115556
38.08,16.66228,0.03173333,57.18009,2.115556,0.03173333,2.115556
38.09,16.66069,0.03173333,57.17464,2.115556,0.03173333,2.115556
38.1,16.66546,0.03176667,57.191,2.117778,0.03176667,2.117778
38.11,16.67658,0.03176667,57.22918,2.117778,0.03176667,2.117778
38.12,16.6893,0.03176667,57.27282,2.117778,0.03176667,2.117778
38.13,16.70202,0.03176667,57.31646,2.117778,0.03176667,2.117778
38.14,16.70679,0.0318,57.33282,2.12,0.0318,2.12
38.15,16.70679,0.0318,57.33282,2.12,0.0318,2.12
38.16,16.71314,0.0318,57.35464,2.12,0.0318,2.12
38.17,16.72586,0.0318,57.39828,2.12,0.0318,2.12
38.18,16.74334,0.03183333,57.45827,2.122222,0.03183333,2.122222
38.19,16.75129,0.03183333,57.48555,2.122222,0.03183333,2.122222
38.2,16.74652,0.03183333,57.46918,2.122222,0.03183333,2.122222
38.21,16.74175,0.03183333,57.45282,2.122222,0.03183333,2.122222
38.22,16.75129,0.03186667,57.48555,2.124444,0.03186667,2.124444
38.23,16.77036,0.03186667,57.551,2.124444,0.03186667,2.124444
38.24,16.77672,0.03186667,57.57282,2.124444,0.03186667,2.124444
38.25,16.78467,0.03186667,57.60009,2.124444,0.03186667,2.124444
38.26,16.79897,0.0319,57.64919,2.126667,0.0319,2.126667
38.27,16.81328,0.0319,57.69828,2.126667,0.0319,2.126667
38.28,16.81169,0.0319,57.69282,2.126667,0.0319,2.126667
38.29,16.78785,0.0319,57.611,2.126667,0.0319,2.126667
38.3,16.76718,0.03193333,57.54009,2.128889,0.03193333,2.128889
38.31,16.75924,0.03193333,57.51282,2.128889,0.03193333,2.128889
38.32,16.76241,0.03193333,57.52373,2.128889,0.03193333,2.128889
38.33,16.76718,0.03193333,57.54009,2.128889,0.03193333,2.128889
38.34,16.77195,0.03196667,57.55645,2.131111,0.03196667,2.131111
38.35,16.77513,0.03196667,57.56736,2.131111,0.03196667,2.131111
38.36,16.78467,0.03196667,57.60009,2.131111,0.03196667,2.131111
38.37,16.79897,0.03196667,57.64919,2.131111,0.03196667,2.131111
38.38,16.80533,0.032,57.671,2.133333,0.032,2.133333
38.39,16.81646,0.032,57.70919,2.133333,0.032,2.133333
38.4,16.82917,0.032,57.75282,2.133333,0.032,2.133333
38.41,16.83235,0.032,57.76373,2.133333,0.032,2.133333
38.42,16.81646,0.03203334,57.70919,2.135556,0.03203334,2.135556
38.43,16.79579,0.03203334,57.63827,2.135556,0.03203334,2.135556
38.44,16.79262,0.03203334,57.62737,2.135556,0.03203334,2.135556
38.45,16.80374,0.03203334,57.66555,2.135556,0.03203334,2.135556
38.46,16.81964,0.03206667,57.72009,2.137778,0.03206667,2.137778
38.47,16.83235,0.03206667,57.76373,2.137778,0.03206667,2.137778
38.48,16.8403,0.03206667,57.791,2.137778,0.03206667,2.137778
38.49,16.84825,0.03206667,57.81827,2.137778,0.03206667,2.137778
38.5,16.86573,0.0321,57.87828,2.14,0.0321,2.14
38.51,16.89434,0.0321,57.97646,2.14,0.0321,2.14
38.52,16.91818,0.0321,58.05828,2.14,0.0321,2.14
38.53,16.92136,0.0321,58.06919,2.14,0.0321,2.14
38.54,16.915,0.03213333,58.04736,2.142222,0.03213333,2.142222
38.55,16.91341,0.03213333,58.04191,2.142222,0.03213333,2.142222
38.56,16.91023,0.03213333,58.031,2.142222,0.03213333,2.142222
38.57,16.91023,0.03213333,58.031,2.142222,0.03213333,2.142222
38.58,16.92295,0.03216667,58.07464,2.144444,0.03216667,2.144444
38.59,16.93884,0.03216667,58.12918,2.144444,0.03216667,2.144444
38.6,16.93884,0.03216667,58.12918,2.144444,0.03216667,2.144444
38.61,16.92772,0.03216667,58.091,2.144444,0.03216667,2.144444
38.62,16.93884,0.0322,58.12918,2.146667,0.0322,2.146667
38.63,16.97063,0.0322,58.23828,2.146667,0.0322,2.146667
38.64,16.99607,0.0322,58.32555,2.146667,0.0322,2.146667
38.65,16.99924,0.0322,58.33646,2.146667,0.0322,2.146667
38.66,16.98494,0.03223334,58.28736,2.148889,0.03223334,2.148889
38.67,16.96745,0.03223334,58.22736,2.148889,0.03223334,2.148889
38.68,16.95951,0.03223334,58.2001,2.148889,0.03223334,2.148889
38.69,16.95951,0.03223334,58.2001,2.148889,0.03223334,2.148889
38.7,16.96745,0.03226667,58.22736,2.151111,0.03226667,2.151111
38.71,16.97222,0.03226667,58.24373,2.151111,0.03226667,2.151111
38.72,16.97858,0.03226667,58.26555,2.151111,0.03226667,2.151111
38.73,16.97858,0.03226667,58.26555,2.151111,0.03226667,2.151111
38.74,16.9754,0.0323,58.25464,2.153333,0.0323,2.153333
38.75,16.9754,0.0323,58.25464,2.153333,0.0323,2.153333
38.76,16.9754,0.0323,58.25464,2.153333,0.0323,2.153333
38.77,16.97063,0.0323,58.23828,2.153333,0.0323,2.153333
38.78,16.96428,0.03233333,58.21646,2.155555,0.03233333,2.155555
38.79,16.97222,0.03233333,58.24373,2.155555,0.03233333,2.155555
38.8,16.98335,0.03233333,58.28191,2.155555,0.03233333,2.155555
38.81,16.98812,0.03233333,58.29828,2.155555,0.03233333,2.155555
38.82,16.99289,0.03236667,58.31464,2.157778,0.03236667,2.157778
38.83,17.00719,0.03236667,58.36373,2.157778,0.03236667,2.157778
38.84,17.02785,0.03236667,58.43464,2.157778,0.03236667,2.157778
38.85,17.04534,0.03236667,58.49464,2.157778,0.03236667,2.157778
38.86,17.04852,0.0324,58.50555,2.16,0.0324,2.16
38.87,17.04057,0.0324,58.47828,2.16,0.0324,2.16
38.88,17.04057,0.0324,58.47828,2.16,0.0324,2.16
38.89,17.05647,0.0324,58.53282,2.16,0.0324,2.16
38.9,17.07395,0.03243333,58.59282,2.162222,0.03243333,2.162222
38.91,17.07872,0.03243333,58.60919,2.162222,0.03243333,2.162222
38.92,17.08508,0.03243333,58.631,2.162222,0.03243333,2.162222
38.93,17.09461,0.03243333,58.66373,2.162222,0.03243333,2.162222
38.94,17.09779,0.03246667,58.67464,2.164445,0.03246667,2.164445
38.95,17.08508,0.03246667,58.631,2.164445,0.03246667,2.164445
38.96,17.07395,0.03246667,58.59282,2.164445,0.03246667,2.164445
38.97,17.07395,0.03246667,58.59282,2.164445,0.03246667,2.164445
38.98,17.08508,0.0325,58.631,2.166667,0.0325,2.166667
38.99,17.09779,0.0325,58.67464,2.166667,0.0325,2.166667
39.0,17.10256,0.0325,58.69101,2.166667,0.0325,2.166667
39.01,17.10256,0.0325,58.69101,2.166667,0.0325,2.166667
39.02,17.10256,0.03253333,58.69101,2.168889,0.03253333,2.168889
39.03,17.09938,0.03253333,58.6801,2.168889,0.03253333,2.168889
39.04,17.10574,0.03253333,58.70191,2.168889,0.03253333,2.168889
39.05,17.11845,0.03253333,58.74555,2.168889,0.03253333,2.168889
39.06,17.1423,0.03256667,58.82737,2.171111,0.03256667,2.171111
39.07,17.1566,0.03256667,58.87646,2.171111,0.03256667,2.171111
39.08,17.15978,0.03256667,58.88737,2.171111,0.03256667,2.171111
39.09,17.15024,0.03256667,58.85464,2.171111,0.03256667,2.171111
39.1,17.1423,0.0326,58.82737,2.173333,0.0326,2.173333
39.11,17.14388,0.0326,58.83282,2.173333,0.0326,2.173333
39.12,17.15183,0.0326,58.8601,2.173333,0.0326,2.173333
39.13,17.17567,0.0326,58.94191,2.173333,0.0326,2.173333
39.14,17.21223,0.03263333,59.06737,2.175556,0.03263333,2.175556
39.15,17.25356,0.03263333,59.20918,2.175556,0.03263333,2.175556
39.16,17.2774,0.03263333,59.291,2.175556,0.03263333,2.175556
39.17,17.28217,0.03263333,59.30737,2.175556,0.03263333,2.175556
39.18,17.26945,0.03266667,59.26373,2.177778,0.03266667,2.177778
39.19,17.25674,0.03266667,59.2201,2.177778,0.03266667,2.177778
39.2,17.25038,0.03266667,59.19828,2.177778,0.03266667,2.177778
39.21,17.25674,0.03266667,59.2201,2.177778,0.03266667,2.177778
39.22,17.26151,0.0327,59.23646,2.18,0.0327,2.18
39.23,17.25833,0.0327,59.22555,2.18,0.0327,2.18
39.24,17.25038,0.0327,59.19828,2.18,0.0327,2.18
39.25,17.25038,0.0327,59.19828,2.18,0.0327,2.18
39.26,17.25833,0.03273333,59.22555,2.182222,0.03273333,2.182222
39.27,17.26945,0.03273333,59.26373,2.182222,0.03273333,2.182222
39.28,17.26627,0.03273333,59.25282,2.182222,0.03273333,2.182222
39.29,17.25674,0.03273333,59.2201,2.182222,0.03273333,2.182222
39.3,17.24879,0.03276667,59.19282,2.184444,0.03276667,2.184444
39.31,17.25356,0.03276667,59.20918,2.184444,0.03276667,2.184444
39.32,17.26945,0.03276667,59.26373,2.184444,0.03276667,2.184444
39.33,17.27899,0.03276667,59.29646,2.184444,0.03276667,2.184444
39.34,17.27899,0.0328,59.29646,2.186667,0.0328,2.186667
39.35,17.27899,0.0328,59.29646,2.186667,0.0328,2.186667
39.36,17.28217,0.0328,59.30737,2.186667,0.0328,2.186667
39.37,17.28217,0.0328,59.30737,2.186667,0.0328,2.186667
39.38,17.28535,0.03283333,59.31828,2.188889,0.03283333,2.188889
39.39,17.29012,0.03283333,59.33464,2.188889,0.03283333,2.188889
39.4,17.29806,0.03283333,59.36192,2.188889,0.03283333,2.188889
39.41,17.3076,0.03283333,59.39464,2.188889,0.03283333,2.188889
39.42,17.31555,0.03286667,59.42191,2.191111,0.03286667,2.191111
39.43,17.31873,0.03286667,59.43282,2.191111,0.03286667,2.191111
39.44,17.31873,0.03286667,59.43282,2.191111,0.03286667,2.191111
39.45,17.32191,0.03286667,59.44373,2.191111,0.03286667,2.191111
39.46,17.31873,0.0329,59.43282,2.193333,0.0329,2.193333
39.47,17.31873,0.0329,59.43282,2.193333,0.0329,2.193333
39.48,17.32191,0.0329,59.44373,2.193333,0.0329,2.193333
39.49,17.33621,0.0329,59.49282,2.193333,0.0329,2.193333
39.5,17.36005,0.03293333,59.57464,2.195555,0.03293333,2.195555
39.51,17.37913,0.03293333,59.6401,2.195555,0.03293333,2.195555
39.52,17.38071,0.03293333,59.64555,2.195555,0.03293333,2.195555
39.53,17.37118,0.03293333,59.61282,2.195555,0.03293333,2.195555
39.54,17.36005,0.032966670000000003,59.57464,2.197778,0.032966670000000003,2.197778
39.55,17.35846,0.032966670000000003,59.56918,2.197778,0.032966670000000003,2.197778
39.56,17.368,0.032966670000000003,59.60191,2.197778,0.032966670000000003,2.197778
39.57,17.38071,0.032966670000000003,59.64555,2.197778,0.032966670000000003,2.197778
39.58,17.38389,0.033,59.65646,2.2,0.033,2.2
39.59,17.38707,0.033,59.66737,2.2,0.033,2.2
39.6,17.39979,0.033,59.71101,2.2,0.033,2.2
39.61,17.42522,0.033,59.79827,2.2,0.033,2.2
39.62,17.44588,0.03303333,59.86919,2.202222,0.03303333,2.202222
39.63,17.45065,0.03303333,59.88556,2.202222,0.03303333,2.202222
39.64,17.45065,0.03303333,59.88556,2.202222,0.03303333,2.202222
39.65,17.45383,0.03303333,59.89646,2.202222,0.03303333,2.202222
39.66,17.4586,0.03306667,59.91282,2.204444,0.03306667,2.204444
39.67,17.4729,0.03306667,59.96191,2.204444,0.03306667,2.204444
39.68,17.47926,0.03306667,59.98373,2.204444,0.03306667,2.204444
39.69,17.48244,0.03306667,59.99464,2.204444,0.03306667,2.204444
39.7,17.47926,0.0331,59.98373,2.206667,0.0331,2.206667
39.71,17.47767,0.0331,59.97828,2.206667,0.0331,2.206667
39.72,17.46972,0.0331,59.95101,2.206667,0.0331,2.206667
39.73,17.4586,0.0331,59.91282,2.206667,0.0331,2.206667
39.74,17.45383,0.03313334,59.89646,2.208889,0.03313334,2.208889
39.75,17.4586,0.03313334,59.91282,2.208889,0.03313334,2.208889
39.76,17.46655,0.03313334,59.9401,2.208889,0.03313334,2.208889
39.77,17.46655,0.03313334,59.9401,2.208889,0.03313334,2.208889
39.78,17.47449,0.03316667,59.96737,2.211111,0.03316667,2.211111
39.79,17.49357,0.03316667,60.03283,2.211111,0.03316667,2.211111
39.8,17.50628,0.03316667,60.07646,2.211111,0.03316667,2.211111
39.81,17.51105,0.03316667,60.09282,2.211111,0.03316667,2.211111
39.82,17.519,0.0332,60.1201,2.213333,0.0332,2.213333
39.83,17.53966,0.0332,60.19101,2.213333,0.0332,2.213333
39.84,17.55873,0.0332,60.25646,2.213333,0.0332,2.213333
39.85,17.55556,0.0332,60.24555,2.213333,0.0332,2.213333
39.86,17.54284,0.03323333,60.20192,2.215556,0.03323333,2.215556
39.87,17.53171,0.03323333,60.16373,2.215556,0.03323333,2.215556
39.88,17.52377,0.03323333,60.13646,2.215556,0.03323333,2.215556
39.89,17.51423,0.03323333,60.10373,2.215556,0.03323333,2.215556
39.9,17.51423,0.03326667,60.10373,2.217778,0.03326667,2.217778
39.91,17.53012,0.03326667,60.15828,2.217778,0.03326667,2.217778
39.92,17.54761,0.03326667,60.21828,2.217778,0.03326667,2.217778
39.93,17.56032,0.03326667,60.26192,2.217778,0.03326667,2.217778
39.94,17.56509,0.0333,60.27828,2.22,0.0333,2.22
39.95,17.56827,0.0333,60.28918,2.22,0.0333,2.22
39.96,17.57145,0.0333,60.3001,2.22,0.0333,2.22
39.97,17.5794,0.0333,60.32737,2.22,0.0333,2.22
39.98,17.58417,0.03333334,60.34373,2.222222,0.03333334,2.222222
39.99,17.58099,0.03333334,60.33282,2.222222,0.03333334,2.222222
40.0,17.5794,0.03333334,60.32737,2.222222,0.03333334,2.222222
40.01,17.58099,0.03333334,60.33282,2.222222,0.03333334,2.222222
40.02,17.59211,0.03336667,60.37101,2.224444,0.03336667,2.224444
40.03,17.60483,0.03336667,60.41464,2.224444,0.03336667,2.224444
40.04,17.62072,0.03336667,60.46918,2.224444,0.03336667,2.224444
40.05,17.63344,0.03336667,60.51283,2.224444,0.03336667,2.224444
40.06,17.64615,0.0334,60.55647,2.226667,0.0334,2.226667
40.07,17.65728,0.0334,60.59464,2.226667,0.0334,2.226667
40.08,17.66205,0.0334,60.61101,2.226667,0.0334,2.226667
40.09,17.65728,0.0334,60.59464,2.226667,0.0334,2.226667
40.1,17.65092,0.03343333,60.57283,2.228889,0.03343333,2.228889
40.11,17.64933,0.03343333,60.56737,2.228889,0.03343333,2.228889
40.12,17.64615,0.03343333,60.55647,2.228889,0.03343333,2.228889
40.13,17.64456,0.03343333,60.55101,2.228889,0.03343333,2.228889
40.14,17.64456,0.03346667,60.55101,2.231111,0.03346667,2.231111
40.15,17.64139,0.03346667,60.5401,2.231111,0.03346667,2.231111
40.16,17.64139,0.03346667,60.5401,2.231111,0.03346667,2.231111
40.17,17.63821,0.03346667,60.52919,2.231111,0.03346667,2.231111
40.18,17.63662,0.0335,60.52374,2.233333,0.0335,2.233333
40.19,17.63821,0.0335,60.52919,2.233333,0.0335,2.233333
40.2,17.6541,0.0335,60.58373,2.233333,0.0335,2.233333
40.21,17.67317,0.0335,60.64919,2.233333,0.0335,2.233333
40.22,17.68589,0.03353333,60.69283,2.235556,0.03353333,2.235556
40.23,17.69066,0.03353333,60.70919,2.235556,0.03353333,2.235556
40.24,17.67953,0.03353333,60.67101,2.235556,0.03353333,2.235556
40.25,17.67,0.03353333,60.63828,2.235556,0.03353333,2.235556
40.26,17.66682,0.03356667,60.62737,2.237778,0.03356667,2.237778
40.27,17.67317,0.03356667,60.64919,2.237778,0.03356667,2.237778
40.28,17.67317,0.03356667,60.64919,2.237778,0.03356667,2.237778
40.29,17.66523,0.03356667,60.62192,2.237778,0.03356667,2.237778
40.3,17.66205,0.0336,60.61101,2.24,0.0336,2.24
40.31,17.67,0.0336,60.63828,2.24,0.0336,2.24
40.32,17.68589,0.0336,60.69283,2.24,0.0336,2.24
40.33,17.70337,0.0336,60.75283,2.24,0.0336,2.24
40.34,17.71609,0.03363333,60.79646,2.242222,0.03363333,2.242222
40.35,17.71927,0.03363333,60.80737,2.242222,0.03363333,2.242222
40.36,17.72245,0.03363333,60.81828,2.242222,0.03363333,2.242222
40.37,17.73516,0.03363333,60.86192,2.242222,0.03363333,2.242222
40.38,17.74788,0.03366667,60.90555,2.244444,0.03366667,2.244444
40.39,17.759,0.03366667,60.94373,2.244444,0.03366667,2.244444
40.4,17.76854,0.03366667,60.97646,2.244444,0.03366667,2.244444
40.41,17.78444,0.03366667,61.03101,2.244444,0.03366667,2.244444
40.42,17.79397,0.0337,61.06374,2.246667,0.0337,2.246667
40.43,17.80033,0.0337,61.08555,2.246667,0.0337,2.246667
40.44,17.80192,0.0337,61.09101,2.246667,0.0337,2.246667
40.45,17.80192,0.0337,61.09101,2.246667,0.0337,2.246667
40.46,17.80828,0.03373333,61.11283,2.248889,0.03373333,2.248889
40.47,17.8051,0.03373333,61.10192,2.248889,0.03373333,2.248889
40.48,17.80033,0.03373333,61.08555,2.248889,0.03373333,2.248889
40.49,17.79715,0.03373333,61.07464,2.248889,0.03373333,2.248889
40.5,17.79715,0.03376667,61.07464,2.251111,0.03376667,2.251111
40.51,17.80033,0.03376667,61.08555,2.251111,0.03376667,2.251111
40.52,17.80192,0.03376667,61.09101,2.251111,0.03376667,2.251111
40.53,17.80987,0.03376667,61.11828,2.251111,0.03376667,2.251111
40.54,17.80987,0.0338,61.11828,2.253334,0.0338,2.253334
40.55,17.80192,0.0338,61.09101,2.253334,0.0338,2.253334
40.56,17.79397,0.0338,61.06374,2.253334,0.0338,2.253334
40.57,17.79238,0.0338,61.05828,2.253334,0.0338,2.253334
40.58,17.80033,0.03383333,61.08555,2.255555,0.03383333,2.255555
40.59,17.82099,0.03383333,61.15646,2.255555,0.03383333,2.255555
40.6,17.85437,0.03383333,61.27101,2.255555,0.03383333,2.255555
40.61,17.88139,0.03383333,61.36374,2.255555,0.03383333,2.255555
40.62,17.88775,0.03386667,61.38555,2.257778,0.03386667,2.257778
40.63,17.88616,0.03386667,61.3801,2.257778,0.03386667,2.257778
40.64,17.88298,0.03386667,61.36919,2.257778,0.03386667,2.257778
40.65,17.88139,0.03386667,61.36374,2.257778,0.03386667,2.257778
40.66,17.88775,0.0339,61.38555,2.26,0.0339,2.26
40.67,17.90682,0.0339,61.45101,2.26,0.0339,2.26
40.68,17.92749,0.0339,61.52192,2.26,0.0339,2.26
40.69,17.93067,0.0339,61.53283,2.26,0.0339,2.26
40.7,17.92272,0.03393333,61.50555,2.262222,0.03393333,2.262222
40.71,17.91,0.03393333,61.46192,2.262222,0.03393333,2.262222
40.72,17.90206,0.03393333,61.43464,2.262222,0.03393333,2.262222
40.73,17.8957,0.03393333,61.41283,2.262222,0.03393333,2.262222
40.74,17.88775,0.03396667,61.38555,2.264445,0.03396667,2.264445
40.75,17.88616,0.03396667,61.3801,2.264445,0.03396667,2.264445
40.76,17.8957,0.03396667,61.41283,2.264445,0.03396667,2.264445
40.77,17.91954,0.03396667,61.49464,2.264445,0.03396667,2.264445
40.78,17.93861,0.034,61.5601,2.266667,0.034,2.266667
40.79,17.94338,0.034,61.57646,2.266667,0.034,2.266667
40.8,17.9402,0.034,61.56555,2.266667,0.034,2.266667
40.81,17.94338,0.034,61.57646,2.266667,0.034,2.266667
40.82,17.95928,0.03403333,61.63101,2.268889,0.03403333,2.268889
40.83,17.96722,0.03403333,61.65828,2.268889,0.03403333,2.268889
40.84,17.96087,0.03403333,61.63647,2.268889,0.03403333,2.268889
40.85,17.96087,0.03403333,61.63647,2.268889,0.03403333,2.268889
40.86,17.97199,0.03406667,61.67464,2.271111,0.03406667,2.271111
40.87,17.98153,0.03406667,61.70737,2.271111,0.03406667,2.271111
40.88,17.98471,0.03406667,61.71828,2.271111,0.03406667,2.271111
40.89,17.98789,0.03406667,61.72919,2.271111,0.03406667,2.271111
40.9,17.99742,0.0341,61.76192,2.273333,0.0341,2.273333
40.91,18.01014,0.0341,61.80555,2.273333,0.0341,2.273333
40.92,18.02603,0.0341,61.8601,2.273333,0.0341,2.273333
40.93,18.03875,0.0341,61.90374,2.273333,0.0341,2.273333
40.94,18.05464,0.03413333,61.95828,2.275556,0.03413333,2.275556
40.95,18.06577,0.03413333,61.99647,2.275556,0.03413333,2.275556
40.96,18.06736,0.03413333,62.00192,2.275556,0.03413333,2.275556
40.97,18.06577,0.03413333,61.99647,2.275556,0.03413333,2.275556
40.98,18.06259,0.03416667,61.98555,2.277778,0.03416667,2.277778
40.99,18.06736,0.03416667,62.00192,2.277778,0.03416667,2.277778
41.0,18.07849,0.03416667,62.0401,2.277778,0.03416667,2.277778
41.01,18.07372,0.03416667,62.02374,2.277778,0.03416667,2.277778
41.02,18.05464,0.0342,61.95828,2.28,0.0342,2.28
41.03,18.03875,0.0342,61.90374,2.28,0.0342,2.28
41.04,18.04193,0.0342,61.91465,2.28,0.0342,2.28
41.05,18.06259,0.0342,61.98555,2.28,0.0342,2.28
41.06,18.0912,0.03423334,62.08374,2.282222,0.03423334,2.282222
41.07,18.11186,0.03423334,62.15464,2.282222,0.03423334,2.282222
41.08,18.11504,0.03423334,62.16555,2.282222,0.03423334,2.282222
41.09,18.10392,0.03423334,62.12738,2.282222,0.03423334,2.282222
41.1,18.0912,0.03426667,62.08374,2.284444,0.03426667,2.284444
41.11,18.08167,0.03426667,62.05101,2.284444,0.03426667,2.284444
41.12,18.08325,0.03426667,62.05646,2.284444,0.03426667,2.284444
41.13,18.09438,0.03426667,62.09465,2.284444,0.03426667,2.284444
41.14,18.11028,0.0343,62.14919,2.286667,0.0343,2.286667
41.15,18.12458,0.0343,62.19828,2.286667,0.0343,2.286667
41.16,18.14842,0.0343,62.2801,2.286667,0.0343,2.286667
41.17,18.1675,0.0343,62.34555,2.286667,0.0343,2.286667
41.18,18.17226,0.03433333,62.36192,2.288889,0.03433333,2.288889
41.19,18.16432,0.03433333,62.33464,2.288889,0.03433333,2.288889
41.2,18.1516,0.03433333,62.29101,2.288889,0.03433333,2.288889
41.21,18.14047,0.03433333,62.25283,2.288889,0.03433333,2.288889
41.22,18.13253,0.03436667,62.22556,2.291111,0.03436667,2.291111
41.23,18.13253,0.03436667,62.22556,2.291111,0.03436667,2.291111
41.24,18.13889,0.03436667,62.24737,2.291111,0.03436667,2.291111
41.25,18.15637,0.03436667,62.30738,2.291111,0.03436667,2.291111
41.26,18.1818,0.0344,62.39465,2.293334,0.0344,2.293334
41.27,18.21041,0.0344,62.49283,2.293334,0.0344,2.293334
41.28,18.22472,0.0344,62.54192,2.293334,0.0344,2.293334
41.29,18.21359,0.0344,62.50374,2.293334,0.0344,2.293334
41.3,18.20087,0.03443334,62.4601,2.295556,0.03443334,2.295556
41.31,18.19611,0.03443334,62.44374,2.295556,0.03443334,2.295556
41.32,18.19769,0.03443334,62.44919,2.295556,0.03443334,2.295556
41.33,18.19769,0.03443334,62.44919,2.295556,0.03443334,2.295556
41.34,18.18816,0.03446667,62.41646,2.297778,0.03446667,2.297778
41.35,18.18498,0.03446667,62.40556,2.297778,0.03446667,2.297778
41.36,18.20564,0.03446667,62.47646,2.297778,0.03446667,2.297778
41.37,18.24538,0.03446667,62.61283,2.297778,0.03446667,2.297778
41.38,18.27876,0.0345,62.72737,2.3,0.0345,2.3
41.39,18.29465,0.0345,62.78192,2.3,0.0345,2.3
41.4,18.29147,0.0345,62.77101,2.3,0.0345,2.3
41.41,18.27558,0.0345,62.71647,2.3,0.0345,2.3
41.42,18.26763,0.03453333,62.68919,2.302222,0.03453333,2.302222
41.43,18.26763,0.03453333,62.68919,2.302222,0.03453333,2.302222
41.44,18.27399,0.03453333,62.71101,2.302222,0.03453333,2.302222
41.45,18.27876,0.03453333,62.72737,2.302222,0.03453333,2.302222
41.46,18.28194,0.03456667,62.73828,2.304445,0.03456667,2.304445
41.47,18.29465,0.03456667,62.78192,2.304445,0.03456667,2.304445
41.48,18.3169,0.03456667,62.85828,2.304445,0.03456667,2.304445
41.49,18.34075,0.03456667,62.9401,2.304445,0.03456667,2.304445
41.5,18.35346,0.0346,62.98374,2.306667,0.0346,2.306667
41.51,18.34711,0.0346,62.96192,2.306667,0.0346,2.306667
41.52,18.33121,0.0346,62.90737,2.306667,0.0346,2.306667
41.53,18.3169,0.0346,62.85828,2.306667,0.0346,2.306667
41.54,18.31214,0.03463333,62.84192,2.308889,0.03463333,2.308889
41.55,18.31055,0.03463333,62.83646,2.308889,0.03463333,2.308889
41.56,18.30419,0.03463333,62.81465,2.308889,0.03463333,2.308889
41.57,18.31055,0.03463333,62.83646,2.308889,0.03463333,2.308889
41.58,18.32326,0.03466667,62.8801,2.311111,0.03466667,2.311111
41.59,18.3328,0.03466667,62.91283,2.311111,0.03466667,2.311111
41.6,18.33916,0.03466667,62.93465,2.311111,0.03466667,2.311111
41.61,18.33916,0.03466667,62.93465,2.311111,0.03466667,2.311111
41.62,18.34711,0.0347,62.96192,2.313333,0.0347,2.313333
41.63,18.36936,0.0347,63.03828,2.313333,0.0347,2.313333
41.64,18.39002,0.0347,63.1092,2.313333,0.0347,2.313333
41.65,18.39638,0.0347,63.13101,2.313333,0.0347,2.313333
41.66,18.39002,0.03473333,63.1092,2.315556,0.03473333,2.315556
41.67,18.38048,0.03473333,63.07647,2.315556,0.03473333,2.315556
41.68,18.38048,0.03473333,63.07647,2.315556,0.03473333,2.315556
41.69,18.3932,0.03473333,63.1201,2.315556,0.03473333,2.315556
41.7,18.40591,0.03476667,63.16374,2.317778,0.03476667,2.317778
41.71,18.41386,0.03476667,63.19101,2.317778,0.03476667,2.317778
41.72,18.42181,0.03476667,63.21828,2.317778,0.03476667,2.317778
41.73,18.4377,0.03476667,63.27283,2.317778,0.03476667,2.317778
41.74,18.44247,0.0348,63.2892,2.32,0.0348,2.32
41.75,18.4377,0.0348,63.27283,2.32,0.0348,2.32
41.76,18.43294,0.0348,63.25647,2.32,0.0348,2.32
41.77,18.43452,0.0348,63.26192,2.32,0.0348,2.32
41.78,18.45042,0.03483333,63.31646,2.322222,0.03483333,2.322222
41.79,18.46631,0.03483333,63.37101,2.322222,0.03483333,2.322222
41.8,18.47426,0.03483333,63.39828,2.322222,0.03483333,2.322222
41.81,18.47108,0.03483333,63.38738,2.322222,0.03483333,2.322222
41.82,18.46631,0.03486667,63.37101,2.324445,0.03486667,2.324445
41.83,18.46313,0.03486667,63.3601,2.324445,0.03486667,2.324445
41.84,18.46155,0.03486667,63.35465,2.324445,0.03486667,2.324445
41.85,18.46313,0.03486667,63.3601,2.324445,0.03486667,2.324445
41.86,18.47108,0.0349,63.38738,2.326667,0.0349,2.326667
41.87,18.48698,0.0349,63.44192,2.326667,0.0349,2.326667
41.88,18.50287,0.0349,63.49646,2.326667,0.0349,2.326667
41.89,18.51082,0.0349,63.52374,2.326667,0.0349,2.326667
41.9,18.50764,0.03493333,63.51283,2.328889,0.03493333,2.328889
41.91,18.49969,0.03493333,63.48556,2.328889,0.03493333,2.328889
41.92,18.49492,0.03493333,63.4692,2.328889,0.03493333,2.328889
41.93,18.49174,0.03493333,63.45828,2.328889,0.03493333,2.328889
41.94,18.49174,0.03496667,63.45828,2.331111,0.03496667,2.331111
41.95,18.50287,0.03496667,63.49646,2.331111,0.03496667,2.331111
41.96,18.51241,0.03496667,63.52919,2.331111,0.03496667,2.331111
41.97,18.51877,0.03496667,63.55101,2.331111,0.03496667,2.331111
41.98,18.51082,0.035,63.52374,2.333333,0.035,2.333333
41.99,18.49651,0.035,63.47465,2.333333,0.035,2.333333
42.0,18.49016,0.035,63.45283,2.333333,0.035,2.333333
42.01,18.49016,0.035,63.45283,2.333333,0.035,2.333333
42.02,18.49174,0.03503333,63.45828,2.335556,0.03503333,2.335556
42.03,18.49492,0.03503333,63.4692,2.335556,0.03503333,2.335556
42.04,18.50287,0.03503333,63.49646,2.335556,0.03503333,2.335556
42.05,18.52036,0.03503333,63.55647,2.335556,0.03503333,2.335556
42.06,18.53625,0.03506667,63.61101,2.337778,0.03506667,2.337778
42.07,18.53943,0.03506667,63.62192,2.337778,0.03506667,2.337778
42.08,18.53625,0.03506667,63.61101,2.337778,0.03506667,2.337778
42.09,18.53307,0.03506667,63.60011,2.337778,0.03506667,2.337778
42.1,18.53943,0.0351,63.62192,2.34,0.0351,2.34
42.11,18.56009,0.0351,63.69283,2.34,0.0351,2.34
42.12,18.57758,0.0351,63.75283,2.34,0.0351,2.34
42.13,18.58552,0.0351,63.78011,2.34,0.0351,2.34
42.14,18.59029,0.03513333,63.79647,2.342222,0.03513333,2.342222
42.15,18.6046,0.03513333,63.84556,2.342222,0.03513333,2.342222
42.16,18.6189,0.03513333,63.89465,2.342222,0.03513333,2.342222
42.17,18.62685,0.03513333,63.92192,2.342222,0.03513333,2.342222
42.18,18.6189,0.03516667,63.89465,2.344444,0.03516667,2.344444
42.19,18.60142,0.03516667,63.83465,2.344444,0.03516667,2.344444
42.2,18.59347,0.03516667,63.80737,2.344444,0.03516667,2.344444
42.21,18.60619,0.03516667,63.85101,2.344444,0.03516667,2.344444
42.22,18.63321,0.0352,63.94374,2.346667,0.0352,2.346667
42.23,18.65069,0.0352,64.00374,2.346667,0.0352,2.346667
42.24,18.65546,0.0352,64.0201,2.346667,0.0352,2.346667
42.25,18.66182,0.0352,64.04192,2.346667,0.0352,2.346667
42.26,18.67453,0.03523333,64.08556,2.348889,0.03523333,2.348889
42.27,18.6793,0.03523333,64.10192,2.348889,0.03523333,2.348889
42.28,18.67135,0.03523333,64.07465,2.348889,0.03523333,2.348889
42.29,18.66182,0.03523333,64.04192,2.348889,0.03523333,2.348889
42.3,18.65546,0.03526667,64.0201,2.351111,0.03526667,2.351111
42.31,18.65387,0.03526667,64.01465,2.351111,0.03526667,2.351111
42.32,18.65387,0.03526667,64.01465,2.351111,0.03526667,2.351111
42.33,18.65069,0.03526667,64.00374,2.351111,0.03526667,2.351111
42.34,18.65387,0.0353,64.01465,2.353333,0.0353,2.353333
42.35,18.66182,0.0353,64.04192,2.353333,0.0353,2.353333
42.36,18.67453,0.0353,64.08556,2.353333,0.0353,2.353333
42.37,18.68248,0.0353,64.11283,2.353333,0.0353,2.353333
42.38,18.69043,0.03533334,64.14011,2.355556,0.03533334,2.355556
42.39,18.69678,0.03533334,64.16192,2.355556,0.03533334,2.355556
42.4,18.70473,0.03533334,64.18919,2.355556,0.03533334,2.355556
42.41,18.71109,0.03533334,64.21101,2.355556,0.03533334,2.355556
42.42,18.71268,0.03536667,64.21647,2.357778,0.03536667,2.357778
42.43,18.71268,0.03536667,64.21647,2.357778,0.03536667,2.357778
42.44,18.71268,0.03536667,64.21647,2.357778,0.03536667,2.357778
42.45,18.71904,0.03536667,64.23829,2.357778,0.03536667,2.357778
42.46,18.7254,0.0354,64.2601,2.36,0.0354,2.36
42.47,18.72857,0.0354,64.27101,2.36,0.0354,2.36
42.48,18.73175,0.0354,64.28192,2.36,0.0354,2.36
42.49,18.7397,0.0354,64.3092,2.36,0.0354,2.36
42.5,18.74447,0.03543333,64.32556,2.362222,0.03543333,2.362222
42.51,18.74129,0.03543333,64.31464,2.362222,0.03543333,2.362222
42.52,18.74129,0.03543333,64.31464,2.362222,0.03543333,2.362222
42.53,18.75401,0.03543333,64.35828,2.362222,0.03543333,2.362222
42.54,18.77308,0.03546667,64.42374,2.364444,0.03546667,2.364444
42.55,18.78897,0.03546667,64.47829,2.364444,0.03546667,2.364444
42.56,18.79056,0.03546667,64.48374,2.364444,0.03546667,2.364444
42.57,18.79374,0.03546667,64.49464,2.364444,0.03546667,2.364444
42.58,18.80646,0.0355,64.53828,2.366667,0.0355,2.366667
42.59,18.82235,0.0355,64.59283,2.366667,0.0355,2.366667
42.6,18.82712,0.0355,64.60919,2.366667,0.0355,2.366667
42.61,18.8303,0.0355,64.6201,2.366667,0.0355,2.366667
42.62,18.84619,0.03553334,64.67464,2.368889,0.03553334,2.368889
42.63,18.86686,0.03553334,64.74556,2.368889,0.03553334,2.368889
42.64,18.8748,0.03553334,64.77283,2.368889,0.03553334,2.368889
42.65,18.86686,0.03553334,64.74556,2.368889,0.03553334,2.368889
42.66,18.85096,0.03556667,64.69101,2.371111,0.03556667,2.371111
42.67,18.84142,0.03556667,64.65829,2.371111,0.03556667,2.371111
42.68,18.84142,0.03556667,64.65829,2.371111,0.03556667,2.371111
42.69,18.85096,0.03556667,64.69101,2.371111,0.03556667,2.371111
42.7,18.87004,0.0356,64.75647,2.373333,0.0356,2.373333
42.71,18.88752,0.0356,64.81647,2.373333,0.0356,2.373333
42.72,18.905,0.0356,64.87647,2.373333,0.0356,2.373333
42.73,18.91613,0.0356,64.91465,2.373333,0.0356,2.373333
42.74,18.91295,0.03563333,64.90374,2.375556,0.03563333,2.375556
42.75,18.90024,0.03563333,64.86011,2.375556,0.03563333,2.375556
42.76,18.88752,0.03563333,64.81647,2.375556,0.03563333,2.375556
42.77,18.88275,0.03563333,64.8001,2.375556,0.03563333,2.375556
42.78,18.88434,0.03566667,64.80556,2.377778,0.03566667,2.377778
42.79,18.89229,0.03566667,64.83283,2.377778,0.03566667,2.377778
42.8,18.89547,0.03566667,64.84374,2.377778,0.03566667,2.377778
42.81,18.905,0.03566667,64.87647,2.377778,0.03566667,2.377778
42.82,18.92726,0.0357,64.95283,2.38,0.0357,2.38
42.83,18.94474,0.0357,65.01283,2.38,0.0357,2.38
42.84,18.95269,0.0357,65.04011,2.38,0.0357,2.38
42.85,18.95587,0.0357,65.05101,2.38,0.0357,2.38
42.86,18.95269,0.03573333,65.04011,2.382222,0.03573333,2.382222
42.87,18.94792,0.03573333,65.02374,2.382222,0.03573333,2.382222
42.88,18.94474,0.03573333,65.01283,2.382222,0.03573333,2.382222
42.89,18.94951,0.03573333,65.0292,2.382222,0.03573333,2.382222
42.9,18.94951,0.03576667,65.0292,2.384444,0.03576667,2.384444
42.91,18.93679,0.03576667,64.98556,2.384444,0.03576667,2.384444
42.92,18.92408,0.03576667,64.94193,2.384444,0.03576667,2.384444
42.93,18.93361,0.03576667,64.97466,2.384444,0.03576667,2.384444
42.94,18.96222,0.0358,65.07284,2.386667,0.0358,2.386667
42.95,18.9813,0.0358,65.13829,2.386667,0.0358,2.386667
42.96,18.98607,0.0358,65.15466,2.386667,0.0358,2.386667
42.97,18.98448,0.0358,65.14919,2.386667,0.0358,2.386667
42.98,18.98448,0.03583333,65.14919,2.388889,0.03583333,2.388889
42.99,18.9813,0.03583333,65.13829,2.388889,0.03583333,2.388889
43.0,18.97653,0.03583333,65.12193,2.388889,0.03583333,2.388889
43.01,18.97335,0.03583333,65.11102,2.388889,0.03583333,2.388889
43.02,18.97653,0.03586667,65.12193,2.391111,0.03586667,2.391111
43.03,18.9813,0.03586667,65.13829,2.391111,0.03586667,2.391111
43.04,18.97812,0.03586667,65.12738,2.391111,0.03586667,2.391111
43.05,18.9813,0.03586667,65.13829,2.391111,0.03586667,2.391111
43.06,18.99401,0.0359,65.18192,2.393333,0.0359,2.393333
43.07,19.02262,0.0359,65.28011,2.393333,0.0359,2.393333
43.08,19.05441,0.0359,65.3892,2.393333,0.0359,2.393333
43.09,19.06713,0.0359,65.43284,2.393333,0.0359,2.393333
43.1,19.056,0.03593333,65.39465,2.395556,0.03593333,2.395556
43.11,19.03534,0.03593333,65.32374,2.395556,0.03593333,2.395556
43.12,19.02262,0.03593333,65.28011,2.395556,0.03593333,2.395556
43.13,19.01945,0.03593333,65.2692,2.395556,0.03593333,2.395556
43.14,19.02739,0.03596667,65.29646,2.397778,0.03596667,2.397778
43.15,19.05123,0.03596667,65.37829,2.397778,0.03596667,2.397778
43.16,19.07508,0.03596667,65.46011,2.397778,0.03596667,2.397778
43.17,19.09574,0.03596667,65.53101,2.397778,0.03596667,2.397778
43.18,19.10845,0.036,65.57465,2.4,0.036,2.4
43.19,19.12435,0.036,65.6292,2.4,0.036,2.4
43.2,19.12753,0.036,65.64011,2.4,0.036,2.4
43.21,19.12435,0.036,65.6292,2.4,0.036,2.4
43.22,19.12117,0.03603333,65.61829,2.402222,0.03603333,2.402222
43.23,19.12753,0.03603333,65.64011,2.402222,0.03603333,2.402222
43.24,19.1323,0.03603333,65.65646,2.402222,0.03603333,2.402222
43.25,19.13706,0.03603333,65.67283,2.402222,0.03603333,2.402222
43.26,19.14024,0.03606667,65.68374,2.404444,0.03606667,2.404444
43.27,19.1323,0.03606667,65.65646,2.404444,0.03606667,2.404444
43.28,19.1323,0.03606667,65.65646,2.404444,0.03606667,2.404444
43.29,19.14819,0.03606667,65.71101,2.404444,0.03606667,2.404444
43.3,19.18157,0.0361,65.82556,2.406667,0.0361,2.406667
43.31,19.21336,0.0361,65.93465,2.406667,0.0361,2.406667
43.32,19.22766,0.0361,65.98374,2.406667,0.0361,2.406667
43.33,19.22289,0.0361,65.96738,2.406667,0.0361,2.406667
43.34,19.20541,0.03613333,65.90738,2.408889,0.03613333,2.408889
43.35,19.18634,0.03613333,65.84193,2.408889,0.03613333,2.408889
43.36,19.18157,0.03613333,65.82556,2.408889,0.03613333,2.408889
43.37,19.19111,0.03613333,65.85829,2.408889,0.03613333,2.408889
43.38,19.20541,0.03616667,65.90738,2.411111,0.03616667,2.411111
43.39,19.19905,0.03616667,65.88556,2.411111,0.03616667,2.411111
43.4,19.18475,0.03616667,65.83646,2.411111,0.03616667,2.411111
43.41,19.1768,0.03616667,65.8092,2.411111,0.03616667,2.411111
43.42,19.18157,0.0362,65.82556,2.413333,0.0362,2.413333
43.43,19.19905,0.0362,65.88556,2.413333,0.0362,2.413333
43.44,19.21813,0.0362,65.95101,2.413333,0.0362,2.413333
43.45,19.22607,0.0362,65.97829,2.413333,0.0362,2.413333
43.46,19.21972,0.03623333,65.95647,2.415555,0.03623333,2.415555
43.47,19.21336,0.03623333,65.93465,2.415555,0.03623333,2.415555
43.48,19.21336,0.03623333,65.93465,2.415555,0.03623333,2.415555
43.49,19.21972,0.03623333,65.95647,2.415555,0.03623333,2.415555
43.5,19.21972,0.03626667,65.95647,2.417778,0.03626667,2.417778
43.51,19.21018,0.03626667,65.92374,2.417778,0.03626667,2.417778
43.52,19.19746,0.03626667,65.8801,2.417778,0.03626667,2.417778
43.53,19.19746,0.03626667,65.8801,2.417778,0.03626667,2.417778
43.54,19.207,0.0363,65.91283,2.42,0.0363,2.42
43.55,19.21495,0.0363,65.94011,2.42,0.0363,2.42
43.56,19.21495,0.0363,65.94011,2.42,0.0363,2.42
43.57,19.22289,0.0363,65.96738,2.42,0.0363,2.42
43.58,19.24197,0.03633333,66.03283,2.422222,0.03633333,2.422222
43.59,19.25945,0.03633333,66.09283,2.422222,0.03633333,2.422222
43.6,19.2674,0.03633333,66.12011,2.422222,0.03633333,2.422222
43.61,19.26263,0.03633333,66.10374,2.422222,0.03633333,2.422222
43.62,19.2515,0.03636667,66.06556,2.424444,0.03636667,2.424444
43.63,19.24833,0.03636667,66.05466,2.424444,0.03636667,2.424444
43.64,19.25627,0.03636667,66.08192,2.424444,0.03636667,2.424444
43.65,19.27217,0.03636667,66.13647,2.424444,0.03636667,2.424444
43.66,19.28806,0.0364,66.19102,2.426667,0.0364,2.426667
43.67,19.30873,0.0364,66.26192,2.426667,0.0364,2.426667
43.68,19.32462,0.0364,66.31647,2.426667,0.0364,2.426667
43.69,19.33257,0.0364,66.34374,2.426667,0.0364,2.426667
43.7,19.32939,0.03643334,66.33284,2.428889,0.03643334,2.428889
43.71,19.3278,0.03643334,66.32738,2.428889,0.03643334,2.428889
43.72,19.33734,0.03643334,66.36011,2.428889,0.03643334,2.428889
43.73,19.35005,0.03643334,66.40374,2.428889,0.03643334,2.428889
43.74,19.35641,0.03646667,66.42556,2.431111,0.03646667,2.431111
43.75,19.35005,0.03646667,66.40374,2.431111,0.03646667,2.431111
43.76,19.34528,0.03646667,66.38738,2.431111,0.03646667,2.431111
43.77,19.3421,0.03646667,66.37646,2.431111,0.03646667,2.431111
43.78,19.34528,0.0365,66.38738,2.433333,0.0365,2.433333
43.79,19.35005,0.0365,66.40374,2.433333,0.0365,2.433333
43.8,19.36118,0.0365,66.44193,2.433333,0.0365,2.433333
43.81,19.36595,0.0365,66.45829,2.433333,0.0365,2.433333
43.82,19.36595,0.03653333,66.45829,2.435555,0.03653333,2.435555
43.83,19.37389,0.03653333,66.48557,2.435555,0.03653333,2.435555
43.84,19.39456,0.03653333,66.55647,2.435555,0.03653333,2.435555
43.85,19.41363,0.03653333,66.62193,2.435555,0.03653333,2.435555
43.86,19.42317,0.03656667,66.65465,2.437778,0.03656667,2.437778
43.87,19.42317,0.03656667,66.65465,2.437778,0.03656667,2.437778
43.88,19.41522,0.03656667,66.62738,2.437778,0.03656667,2.437778
43.89,19.4025,0.03656667,66.58374,2.437778,0.03656667,2.437778
43.9,19.39774,0.0366,66.56738,2.44,0.0366,2.44
43.91,19.4025,0.0366,66.58374,2.44,0.0366,2.44
43.92,19.42158,0.0366,66.6492,2.44,0.0366,2.44
43.93,19.44224,0.0366,66.72011,2.44,0.0366,2.44
43.94,19.4629,0.03663334,66.79102,2.442222,0.03663334,2.442222
43.95,19.46767,0.03663334,66.80738,2.442222,0.03663334,2.442222
43.96,19.44383,0.03663334,66.72556,2.442222,0.03663334,2.442222
43.97,19.41363,0.03663334,66.62193,2.442222,0.03663334,2.442222
43.98,19.39932,0.03666667,66.57283,2.444444,0.03666667,2.444444
43.99,19.4025,0.03666667,66.58374,2.444444,0.03666667,2.444444
44.0,19.40727,0.03666667,66.60011,2.444444,0.03666667,2.444444
44.01,19.41363,0.03666667,66.62193,2.444444,0.03666667,2.444444
44.02,19.42793,0.0367,66.67101,2.446667,0.0367,2.446667
44.03,19.45654,0.0367,66.7692,2.446667,0.0367,2.446667
44.04,19.48357,0.0367,66.86192,2.446667,0.0367,2.446667
44.05,19.49628,0.0367,66.90556,2.446667,0.0367,2.446667
44.06,19.48833,0.03673333,66.87829,2.448889,0.03673333,2.448889
44.07,19.47244,0.03673333,66.82375,2.448889,0.03673333,2.448889
44.08,19.47244,0.03673333,66.82375,2.448889,0.03673333,2.448889
44.09,19.48516,0.03673333,66.86738,2.448889,0.03673333,2.448889
44.1,19.50105,0.03676667,66.92193,2.451111,0.03676667,2.451111
44.11,19.509,0.03676667,66.9492,2.451111,0.03676667,2.451111
44.12,19.50741,0.03676667,66.94374,2.451111,0.03676667,2.451111
44.13,19.49628,0.03676667,66.90556,2.451111,0.03676667,2.451111
44.14,19.49151,0.0368,66.8892,2.453333,0.0368,2.453333
44.15,19.49628,0.0368,66.90556,2.453333,0.0368,2.453333
44.16,19.51377,0.0368,66.96556,2.453333,0.0368,2.453333
44.17,19.52966,0.0368,67.02011,2.453333,0.0368,2.453333
44.18,19.53602,0.03683333,67.04192,2.455556,0.03683333,2.455556
44.19,19.53284,0.03683333,67.03101,2.455556,0.03683333,2.455556
44.2,19.52489,0.03683333,67.00375,2.455556,0.03683333,2.455556
44.21,19.52012,0.03683333,66.98738,2.455556,0.03683333,2.455556
44.22,19.51694,0.03686667,66.97647,2.457778,0.03686667,2.457778
44.23,19.52807,0.03686667,67.01465,2.457778,0.03686667,2.457778
44.24,19.54556,0.03686667,67.07465,2.457778,0.03686667,2.457778
44.25,19.56145,0.03686667,67.1292,2.457778,0.03686667,2.457778
44.26,19.56622,0.0369,67.14556,2.46,0.0369,2.46
44.27,19.5694,0.0369,67.15647,2.46,0.0369,2.46
44.28,19.56463,0.0369,67.14011,2.46,0.0369,2.46
44.29,19.55668,0.0369,67.11283,2.46,0.0369,2.46
44.3,19.55668,0.03693333,67.11283,2.462222,0.03693333,2.462222
44.31,19.57099,0.03693333,67.16193,2.462222,0.03693333,2.462222
44.32,19.58688,0.03693333,67.21648,2.462222,0.03693333,2.462222
44.33,19.60278,0.03693333,67.27102,2.462222,0.03693333,2.462222
44.34,19.62185,0.03696667,67.33647,2.464444,0.03696667,2.464444
44.35,19.65046,0.03696667,67.43465,2.464444,0.03696667,2.464444
44.36,19.66794,0.03696667,67.49466,2.464444,0.03696667,2.464444
44.37,19.67112,0.03696667,67.50556,2.464444,0.03696667,2.464444
44.38,19.66318,0.037,67.47829,2.466667,0.037,2.466667
44.39,19.65046,0.037,67.43465,2.466667,0.037,2.466667
44.4,19.63933,0.037,67.39648,2.466667,0.037,2.466667
44.41,19.63615,0.037,67.38557,2.466667,0.037,2.466667
44.42,19.63933,0.03703333,67.39648,2.468889,0.03703333,2.468889
44.43,19.64251,0.03703333,67.40738,2.468889,0.03703333,2.468889
44.44,19.63615,0.03703333,67.38557,2.468889,0.03703333,2.468889
44.45,19.62821,0.03703333,67.35829,2.468889,0.03703333,2.468889
44.46,19.62662,0.03706667,67.35284,2.471111,0.03706667,2.471111
44.47,19.63457,0.03706667,67.38011,2.471111,0.03706667,2.471111
44.48,19.65205,0.03706667,67.44011,2.471111,0.03706667,2.471111
44.49,19.66476,0.03706667,67.48374,2.471111,0.03706667,2.471111
44.5,19.66794,0.0371,67.49466,2.473333,0.0371,2.473333
44.51,19.67112,0.0371,67.50556,2.473333,0.0371,2.473333
44.52,19.68066,0.0371,67.53829,2.473333,0.0371,2.473333
44.53,19.69179,0.0371,67.57648,2.473333,0.0371,2.473333
44.54,19.69655,0.03713333,67.59284,2.475555,0.03713333,2.475555
44.55,19.69655,0.03713333,67.59284,2.475555,0.03713333,2.475555
44.56,19.69337,0.03713333,67.58192,2.475555,0.03713333,2.475555
44.57,19.69179,0.03713333,67.57648,2.475555,0.03713333,2.475555
44.58,19.69655,0.03716667,67.59284,2.477778,0.03716667,2.477778
44.59,19.7045,0.03716667,67.62011,2.477778,0.03716667,2.477778
44.6,19.70927,0.03716667,67.63647,2.477778,0.03716667,2.477778
44.61,19.70927,0.03716667,67.63647,2.477778,0.03716667,2.477778
44.62,19.70927,0.0372,67.63647,2.48,0.0372,2.48
44.63,19.72198,0.0372,67.68011,2.48,0.0372,2.48
44.64,19.74901,0.0372,67.77284,2.48,0.0372,2.48
44.65,19.77444,0.0372,67.86011,2.48,0.0372,2.48
44.66,19.79033,0.03723333,67.91465,2.482222,0.03723333,2.482222
44.67,19.79351,0.03723333,67.92557,2.482222,0.03723333,2.482222
44.68,19.78715,0.03723333,67.90375,2.482222,0.03723333,2.482222
44.69,19.77444,0.03723333,67.86011,2.482222,0.03723333,2.482222
44.7,19.7649,0.03726667,67.82738,2.484445,0.03726667,2.484445
44.71,19.76172,0.03726667,67.81647,2.484445,0.03726667,2.484445
44.72,19.7649,0.03726667,67.82738,2.484445,0.03726667,2.484445
44.73,19.7649,0.03726667,67.82738,2.484445,0.03726667,2.484445
44.74,19.7649,0.0373,67.82738,2.486667,0.0373,2.486667
44.75,19.77126,0.0373,67.8492,2.486667,0.0373,2.486667
44.76,19.77921,0.0373,67.87647,2.486667,0.0373,2.486667
44.77,19.78238,0.0373,67.88738,2.486667,0.0373,2.486667
44.78,19.79351,0.03733333,67.92557,2.488889,0.03733333,2.488889
44.79,19.80623,0.03733333,67.9692,2.488889,0.03733333,2.488889
44.8,19.82212,0.03733333,68.02374,2.488889,0.03733333,2.488889
44.81,19.83484,0.03733333,68.06738,2.488889,0.03733333,2.488889
44.82,19.83961,0.03736667,68.08375,2.491111,0.03736667,2.491111
44.83,19.83643,0.03736667,68.07284,2.491111,0.03736667,2.491111
44.84,19.83961,0.03736667,68.08375,2.491111,0.03736667,2.491111
44.85,19.8555,0.03736667,68.13829,2.491111,0.03736667,2.491111
44.86,19.87298,0.0374,68.1983,2.493333,0.0374,2.493333
44.87,19.88729,0.0374,68.24738,2.493333,0.0374,2.493333
44.88,19.88888,0.0374,68.25284,2.493333,0.0374,2.493333
44.89,19.87934,0.0374,68.22011,2.493333,0.0374,2.493333
44.9,19.86345,0.03743333,68.16557,2.495556,0.03743333,2.495556
44.91,19.84755,0.03743333,68.11102,2.495556,0.03743333,2.495556
44.92,19.83166,0.03743333,68.05647,2.495556,0.03743333,2.495556
44.93,19.82371,0.03743333,68.0292,2.495556,0.03743333,2.495556
44.94,19.83643,0.03746667,68.07284,2.497778,0.03746667,2.497778
44.95,19.86027,0.03746667,68.15466,2.497778,0.03746667,2.497778
44.96,19.87934,0.03746667,68.22011,2.497778,0.03746667,2.497778
44.97,19.89365,0.03746667,68.2692,2.497778,0.03746667,2.497778
44.98,19.90795,0.0375,68.31829,2.5,0.0375,2.5
44.99,19.90795,0.0375,68.31829,2.5,0.0375,2.5
45.0,19.89365,0.0375,68.2692,2.5,0.0375,2.5
45.01,19.87616,0.0375,68.2092,2.5,0.0375,2.5
45.02,19.86504,0.03753334,68.17102,2.502222,0.03753334,2.502222
45.03,19.87139,0.03753334,68.19283,2.502222,0.03753334,2.502222
45.04,19.88729,0.03753334,68.24738,2.502222,0.03753334,2.502222
45.05,19.90477,0.03753334,68.30738,2.502222,0.03753334,2.502222
45.06,19.91749,0.03756667,68.35102,2.504444,0.03756667,2.504444
45.07,19.92544,0.03756667,68.3783,2.504444,0.03756667,2.504444
45.08,19.92861,0.03756667,68.3892,2.504444,0.03756667,2.504444
45.09,19.92067,0.03756667,68.36193,2.504444,0.03756667,2.504444
45.1,19.91272,0.0376,68.33466,2.506667,0.0376,2.506667
45.11,19.92226,0.0376,68.36739,2.506667,0.0376,2.506667
45.12,19.94451,0.0376,68.44375,2.506667,0.0376,2.506667
45.13,19.95881,0.0376,68.49284,2.506667,0.0376,2.506667
45.14,19.96676,0.03763333,68.52011,2.508889,0.03763333,2.508889
45.15,19.97471,0.03763333,68.54739,2.508889,0.03763333,2.508889
45.16,19.98583,0.03763333,68.58556,2.508889,0.03763333,2.508889
45.17,19.99537,0.03763333,68.61829,2.508889,0.03763333,2.508889
45.18,19.99537,0.03766667,68.61829,2.511111,0.03766667,2.511111
45.19,20.00173,0.03766667,68.64011,2.511111,0.03766667,2.511111
45.2,20.01604,0.03766667,68.6892,2.511111,0.03766667,2.511111
45.21,20.04465,0.03766667,68.78738,2.511111,0.03766667,2.511111
45.22,20.06531,0.0377,68.85829,2.513333,0.0377,2.513333
45.23,20.07166,0.0377,68.88011,2.513333,0.0377,2.513333
45.24,20.06372,0.0377,68.85284,2.513333,0.0377,2.513333
45.25,20.06054,0.0377,68.84193,2.513333,0.0377,2.513333
45.26,20.06849,0.03773334,68.8692,2.515556,0.03773334,2.515556
45.27,20.06849,0.03773334,68.8692,2.515556,0.03773334,2.515556
45.28,20.06372,0.03773334,68.85284,2.515556,0.03773334,2.515556
45.29,20.06531,0.03773334,68.85829,2.515556,0.03773334,2.515556
45.3,20.08438,0.03776667,68.92374,2.517778,0.03776667,2.517778
45.31,20.10504,0.03776667,68.99465,2.517778,0.03776667,2.517778
45.32,20.11617,0.03776667,69.03284,2.517778,0.03776667,2.517778
45.33,20.11299,0.03776667,69.02193,2.517778,0.03776667,2.517778
45.34,20.10822,0.0378,69.00557,2.52,0.0378,2.52
45.35,20.0971,0.0378,68.96738,2.52,0.0378,2.52
45.36,20.08756,0.0378,68.93466,2.52,0.0378,2.52
45.37,20.0812,0.0378,68.91283,2.52,0.0378,2.52
45.38,20.08438,0.03783333,68.92374,2.522222,0.03783333,2.522222
45.39,20.0971,0.03783333,68.96738,2.522222,0.03783333,2.522222
45.4,20.10822,0.03783333,69.00557,2.522222,0.03783333,2.522222
45.41,20.10187,0.03783333,68.98375,2.522222,0.03783333,2.522222
45.42,20.09392,0.03786667,68.95647,2.524445,0.03786667,2.524445
45.43,20.09392,0.03786667,68.95647,2.524445,0.03786667,2.524445
45.44,20.10822,0.03786667,69.00557,2.524445,0.03786667,2.524445
45.45,20.11299,0.03786667,69.02193,2.524445,0.03786667,2.524445
45.46,20.10822,0.0379,69.00557,2.526667,0.0379,2.526667
45.47,20.10981,0.0379,69.01102,2.526667,0.0379,2.526667
45.48,20.12253,0.0379,69.05466,2.526667,0.0379,2.526667
45.49,20.14478,0.0379,69.13102,2.526667,0.0379,2.526667
45.5,20.16544,0.03793333,69.20193,2.528889,0.03793333,2.528889
45.51,20.17975,0.03793333,69.25102,2.528889,0.03793333,2.528889
45.52,20.19087,0.03793333,69.2892,2.528889,0.03793333,2.528889
45.53,20.18293,0.03793333,69.26193,2.528889,0.03793333,2.528889
45.54,20.15909,0.03796667,69.18011,2.531111,0.03796667,2.531111
45.55,20.14478,0.03796667,69.13102,2.531111,0.03796667,2.531111
45.56,20.14955,0.03796667,69.14738,2.531111,0.03796667,2.531111
45.57,20.16226,0.03796667,69.19102,2.531111,0.03796667,2.531111
45.58,20.17498,0.038,69.23466,2.533333,0.038,2.533333
45.59,20.17975,0.038,69.25102,2.533333,0.038,2.533333
45.6,20.17498,0.038,69.23466,2.533333,0.038,2.533333
45.61,20.17021,0.038,69.21829,2.533333,0.038,2.533333
45.62,20.17021,0.03803333,69.21829,2.535556,0.03803333,2.535556
45.63,20.17498,0.03803333,69.23466,2.535556,0.03803333,2.535556
45.64,20.18611,0.03803333,69.27283,2.535556,0.03803333,2.535556
45.65,20.19882,0.03803333,69.31647,2.535556,0.03803333,2.535556
45.66,20.20677,0.03806667,69.34375,2.537778,0.03806667,2.537778
45.67,20.20836,0.03806667,69.34921,2.537778,0.03806667,2.537778
45.68,20.21631,0.03806667,69.37648,2.537778,0.03806667,2.537778
45.69,20.23061,0.03806667,69.42557,2.537778,0.03806667,2.537778
45.7,20.24015,0.0381,69.4583,2.54,0.0381,2.54
45.71,20.24015,0.0381,69.4583,2.54,0.0381,2.54
45.72,20.23697,0.0381,69.44739,2.54,0.0381,2.54
45.73,20.24492,0.0381,69.47466,2.54,0.0381,2.54
45.74,20.25127,0.03813333,69.49648,2.542222,0.03813333,2.542222
45.75,20.25286,0.03813333,69.50193,2.542222,0.03813333,2.542222
45.76,20.25604,0.03813333,69.51284,2.542222,0.03813333,2.542222
45.77,20.26081,0.03813333,69.52921,2.542222,0.03813333,2.542222
45.78,20.25922,0.03816667,69.52375,2.544445,0.03816667,2.544445
45.79,20.25286,0.03816667,69.50193,2.544445,0.03816667,2.544445
45.8,20.25127,0.03816667,69.49648,2.544445,0.03816667,2.544445
45.81,20.26081,0.03816667,69.52921,2.544445,0.03816667,2.544445
45.82,20.28465,0.0382,69.61102,2.546667,0.0382,2.546667
45.83,20.31008,0.0382,69.6983,2.546667,0.0382,2.546667
45.84,20.32121,0.0382,69.73648,2.546667,0.0382,2.546667
45.85,20.31644,0.0382,69.72012,2.546667,0.0382,2.546667
45.86,20.30849,0.03823333,69.69284,2.548889,0.03823333,2.548889
45.87,20.30214,0.03823333,69.67102,2.548889,0.03823333,2.548889
45.88,20.30214,0.03823333,69.67102,2.548889,0.03823333,2.548889
45.89,20.30849,0.03823333,69.69284,2.548889,0.03823333,2.548889
45.9,20.31803,0.03826667,69.72557,2.551111,0.03826667,2.551111
45.91,20.33075,0.03826667,69.7692,2.551111,0.03826667,2.551111
45.92,20.34505,0.03826667,69.8183,2.551111,0.03826667,2.551111
45.93,20.34664,0.03826667,69.82375,2.551111,0.03826667,2.551111
45.94,20.34187,0.0383,69.80739,2.553333,0.0383,2.553333
45.95,20.33869,0.0383,69.79647,2.553333,0.0383,2.553333
45.96,20.34505,0.0383,69.8183,2.553333,0.0383,2.553333
45.97,20.353,0.0383,69.84557,2.553333,0.0383,2.553333
45.98,20.35777,0.03833333,69.86193,2.555556,0.03833333,2.555556
45.99,20.35936,0.03833333,69.86739,2.555556,0.03833333,2.555556
46.0,20.37048,0.03833333,69.90557,2.555556,0.03833333,2.555556
46.01,20.38638,0.03833333,69.96011,2.555556,0.03833333,2.555556
46.02,20.39909,0.03836667,70.00375,2.557778,0.03836667,2.557778
46.03,20.40386,0.03836667,70.02011,2.557778,0.03836667,2.557778
46.04,20.39433,0.03836667,69.98739,2.557778,0.03836667,2.557778
46.05,20.38161,0.03836667,69.94375,2.557778,0.03836667,2.557778
46.06,20.38161,0.0384,69.94375,2.56,0.0384,2.56
46.07,20.39591,0.0384,69.99284,2.56,0.0384,2.56
46.08,20.41022,0.0384,70.04193,2.56,0.0384,2.56
46.09,20.41181,0.0384,70.04739,2.56,0.0384,2.56
46.1,20.40704,0.03843333,70.03102,2.562222,0.03843333,2.562222
46.11,20.41022,0.03843333,70.04193,2.562222,0.03843333,2.562222
46.12,20.41499,0.03843333,70.0583,2.562222,0.03843333,2.562222
46.13,20.41658,0.03843333,70.06375,2.562222,0.03843333,2.562222
46.14,20.41658,0.03846667,70.06375,2.564444,0.03846667,2.564444
46.15,20.4277,0.03846667,70.10193,2.564444,0.03846667,2.564444
46.16,20.4436,0.03846667,70.15647,2.564444,0.03846667,2.564444
46.17,20.45313,0.03846667,70.1892,2.564444,0.03846667,2.564444
46.18,20.45313,0.0385,70.1892,2.566667,0.0385,2.566667
46.19,20.44519,0.0385,70.16193,2.566667,0.0385,2.566667
46.2,20.43247,0.0385,70.11829,2.566667,0.0385,2.566667
46.21,20.43088,0.0385,70.11285,2.566667,0.0385,2.566667
46.22,20.44519,0.03853333,70.16193,2.568889,0.03853333,2.568889
46.23,20.4738,0.03853333,70.26012,2.568889,0.03853333,2.568889
46.24,20.50559,0.03853333,70.3692,2.568889,0.03853333,2.568889
46.25,20.51671,0.03853333,70.40739,2.568889,0.03853333,2.568889
46.26,20.50877,0.03856667,70.38011,2.571111,0.03856667,2.571111
46.27,20.49605,0.03856667,70.33647,2.571111,0.03856667,2.571111
46.28,20.48969,0.03856667,70.31466,2.571111,0.03856667,2.571111
46.29,20.49605,0.03856667,70.33647,2.571111,0.03856667,2.571111
46.3,20.49764,0.0386,70.34193,2.573334,0.0386,2.573334
46.31,20.50241,0.0386,70.3583,2.573334,0.0386,2.573334
46.32,20.52466,0.0386,70.43465,2.573334,0.0386,2.573334
46.33,20.55486,0.0386,70.5383,2.573334,0.0386,2.573334
46.34,20.58347,0.03863334,70.63648,2.575556,0.03863334,2.575556
46.35,20.58347,0.03863334,70.63648,2.575556,0.03863334,2.575556
46.36,20.56599,0.03863334,70.57648,2.575556,0.03863334,2.575556
46.37,20.54691,0.03863334,70.51102,2.575556,0.03863334,2.575556
46.38,20.54214,0.03866667,70.49466,2.577778,0.03866667,2.577778
46.39,20.54532,0.03866667,70.50557,2.577778,0.03866667,2.577778
46.4,20.55327,0.03866667,70.53284,2.577778,0.03866667,2.577778
46.41,20.56599,0.03866667,70.57648,2.577778,0.03866667,2.577778
46.42,20.57076,0.0387,70.59284,2.58,0.0387,2.58
46.43,20.57076,0.0387,70.59284,2.58,0.0387,2.58
46.44,20.57393,0.0387,70.60375,2.58,0.0387,2.58
46.45,20.58665,0.0387,70.64738,2.58,0.0387,2.58
46.46,20.60254,0.03873333,70.70193,2.582222,0.03873333,2.582222
46.47,20.59937,0.03873333,70.69102,2.582222,0.03873333,2.582222
46.48,20.58665,0.03873333,70.64738,2.582222,0.03873333,2.582222
46.49,20.57393,0.03873333,70.60375,2.582222,0.03873333,2.582222
46.5,20.56758,0.03876667,70.58193,2.584445,0.03876667,2.584445
46.51,20.57393,0.03876667,70.60375,2.584445,0.03876667,2.584445
46.52,20.58665,0.03876667,70.64738,2.584445,0.03876667,2.584445
46.53,20.60731,0.03876667,70.7183,2.584445,0.03876667,2.584445
46.54,20.62798,0.0388,70.78921,2.586667,0.0388,2.586667
46.55,20.64546,0.0388,70.84921,2.586667,0.0388,2.586667
46.56,20.65341,0.0388,70.87647,2.586667,0.0388,2.586667
46.57,20.65659,0.0388,70.88739,2.586667,0.0388,2.586667
46.58,20.65341,0.03883334,70.87647,2.588889,0.03883334,2.588889
46.59,20.65341,0.03883334,70.87647,2.588889,0.03883334,2.588889
46.6,20.66135,0.03883334,70.90375,2.588889,0.03883334,2.588889
46.61,20.67248,0.03883334,70.94193,2.588889,0.03883334,2.588889
46.62,20.67407,0.03886667,70.94739,2.591111,0.03886667,2.591111
46.63,20.6693,0.03886667,70.93102,2.591111,0.03886667,2.591111
46.64,20.66453,0.03886667,70.91467,2.591111,0.03886667,2.591111
46.65,20.66771,0.03886667,70.92557,2.591111,0.03886667,2.591111
46.66,20.68043,0.0389,70.96921,2.593333,0.0389,2.593333
46.67,20.69314,0.0389,71.01284,2.593333,0.0389,2.593333
46.68,20.69314,0.0389,71.01284,2.593333,0.0389,2.593333
46.69,20.68202,0.0389,70.97466,2.593333,0.0389,2.593333
46.7,20.67725,0.03893333,70.9583,2.595556,0.03893333,2.595556
46.71,20.68202,0.03893333,70.97466,2.595556,0.03893333,2.595556
46.72,20.69632,0.03893333,71.02375,2.595556,0.03893333,2.595556
46.73,20.71381,0.03893333,71.08375,2.595556,0.03893333,2.595556
46.74,20.7297,0.03896667,71.1383,2.597778,0.03896667,2.597778
46.75,20.73129,0.03896667,71.14375,2.597778,0.03896667,2.597778
46.76,20.7297,0.03896667,71.1383,2.597778,0.03896667,2.597778
46.77,20.73129,0.03896667,71.14375,2.597778,0.03896667,2.597778
46.78,20.7456,0.039,71.19284,2.6,0.039,2.6
46.79,20.76308,0.039,71.25284,2.6,0.039,2.6
46.8,20.77103,0.039,71.28011,2.6,0.039,2.6
46.81,20.77103,0.039,71.28011,2.6,0.039,2.6
46.82,20.76626,0.03903333,71.26375,2.602222,0.03903333,2.602222
46.83,20.76308,0.03903333,71.25284,2.602222,0.03903333,2.602222
46.84,20.75354,0.03903333,71.22012,2.602222,0.03903333,2.602222
46.85,20.73765,0.03903333,71.16557,2.602222,0.03903333,2.602222
46.86,20.73129,0.03906667,71.14375,2.604445,0.03906667,2.604445
46.87,20.73765,0.03906667,71.16557,2.604445,0.03906667,2.604445
46.88,20.73924,0.03906667,71.17102,2.604445,0.03906667,2.604445
46.89,20.74718,0.03906667,71.1983,2.604445,0.03906667,2.604445
46.9,20.77103,0.0391,71.28011,2.606667,0.0391,2.606667
46.91,20.80758,0.0391,71.40557,2.606667,0.0391,2.606667
46.92,20.84096,0.0391,71.52012,2.606667,0.0391,2.606667
46.93,20.84891,0.0391,71.54739,2.606667,0.0391,2.606667
46.94,20.84096,0.03913333,71.52012,2.608889,0.03913333,2.608889
46.95,20.83302,0.03913333,71.49284,2.608889,0.03913333,2.608889
46.96,20.83302,0.03913333,71.49284,2.608889,0.03913333,2.608889
46.97,20.83302,0.03913333,71.49284,2.608889,0.03913333,2.608889
46.98,20.83302,0.03916667,71.49284,2.611111,0.03916667,2.611111
46.99,20.83302,0.03916667,71.49284,2.611111,0.03916667,2.611111
47.0,20.83619,0.03916667,71.50375,2.611111,0.03916667,2.611111
47.01,20.83619,0.03916667,71.50375,2.611111,0.03916667,2.611111
47.02,20.83937,0.0392,71.51466,2.613333,0.0392,2.613333
47.03,20.84891,0.0392,71.54739,2.613333,0.0392,2.613333
47.04,20.86163,0.0392,71.59103,2.613333,0.0392,2.613333
47.05,20.86957,0.0392,71.6183,2.613333,0.0392,2.613333
47.06,20.86481,0.03923333,71.60194,2.615556,0.03923333,2.615556
47.07,20.84891,0.03923333,71.54739,2.615556,0.03923333,2.615556
47.08,20.83143,0.03923333,71.48739,2.615556,0.03923333,2.615556
47.09,20.83302,0.03923333,71.49284,2.615556,0.03923333,2.615556
47.1,20.85368,0.03926667,71.56375,2.617778,0.03926667,2.617778
47.11,20.88547,0.03926667,71.67284,2.617778,0.03926667,2.617778
47.12,20.90931,0.03926667,71.75466,2.617778,0.03926667,2.617778
47.13,20.92203,0.03926667,71.7983,2.617778,0.03926667,2.617778
47.14,20.92203,0.0393,71.7983,2.62,0.0393,2.62
47.15,20.91408,0.0393,71.77103,2.62,0.0393,2.62
47.16,20.90931,0.0393,71.75466,2.62,0.0393,2.62
47.17,20.90613,0.0393,71.74375,2.62,0.0393,2.62
47.18,20.90613,0.03933333,71.74375,2.622222,0.03933333,2.622222
47.19,20.91408,0.03933333,71.77103,2.622222,0.03933333,2.622222
47.2,20.92679,0.03933333,71.81467,2.622222,0.03933333,2.622222
47.21,20.93315,0.03933333,71.83648,2.622222,0.03933333,2.622222
47.22,20.92997,0.03936667,71.82557,2.624444,0.03936667,2.624444
47.23,20.92679,0.03936667,71.81467,2.624444,0.03936667,2.624444
47.24,20.9252,0.03936667,71.8092,2.624444,0.03936667,2.624444
47.25,20.92997,0.03936667,71.82557,2.624444,0.03936667,2.624444
47.26,20.93792,0.0394,71.85284,2.626667,0.0394,2.626667
47.27,20.94746,0.0394,71.88557,2.626667,0.0394,2.626667
47.28,20.96176,0.0394,71.93466,2.626667,0.0394,2.626667
47.29,20.98242,0.0394,72.00557,2.626667,0.0394,2.626667
47.3,21.00309,0.03943333,72.07648,2.628889,0.03943333,2.628889
47.31,21.00468,0.03943333,72.08193,2.628889,0.03943333,2.628889
47.32,20.98401,0.03943333,72.01102,2.628889,0.03943333,2.628889
47.33,20.96176,0.03943333,71.93466,2.628889,0.03943333,2.628889
47.34,20.9554,0.03946667,71.91284,2.631111,0.03946667,2.631111
47.35,20.96653,0.03946667,71.95103,2.631111,0.03946667,2.631111
47.36,20.97448,0.03946667,71.9783,2.631111,0.03946667,2.631111
47.37,20.97448,0.03946667,71.9783,2.631111,0.03946667,2.631111
47.38,20.9713,0.0395,71.96739,2.633333,0.0395,2.633333
47.39,20.97607,0.0395,71.98375,2.633333,0.0395,2.633333
47.4,20.98242,0.0395,72.00557,2.633333,0.0395,2.633333
47.41,20.98401,0.0395,72.01102,2.633333,0.0395,2.633333
47.42,20.98401,0.03953333,72.01102,2.635556,0.03953333,2.635556
47.43,20.98719,0.03953333,72.02193,2.635556,0.03953333,2.635556
47.44,20.99196,0.03953333,72.0383,2.635556,0.03953333,2.635556
47.45,20.99673,0.03953333,72.05466,2.635556,0.03953333,2.635556
47.46,21.00468,0.03956667,72.08193,2.637778,0.03956667,2.637778
47.47,21.01103,0.03956667,72.10375,2.637778,0.03956667,2.637778
47.48,21.01898,0.03956667,72.13103,2.637778,0.03956667,2.637778
47.49,21.03647,0.03956667,72.19102,2.637778,0.03956667,2.637778
47.5,21.0619,0.0396,72.2783,2.64,0.0396,2.64
47.51,21.08256,0.0396,72.34921,2.64,0.0396,2.64
47.52,21.09686,0.0396,72.3983,2.64,0.0396,2.64
47.53,21.10163,0.0396,72.41466,2.64,0.0396,2.64
47.54,21.09686,0.03963333,72.3983,2.642222,0.03963333,2.642222
47.55,21.08574,0.03963333,72.36012,2.642222,0.03963333,2.642222
47.56,21.08574,0.03963333,72.36012,2.642222,0.03963333,2.642222
47.57,21.10163,0.03963333,72.41466,2.642222,0.03963333,2.642222
47.58,21.11435,0.03966667,72.4583,2.644444,0.03966667,2.644444
47.59,21.1223,0.03966667,72.48557,2.644444,0.03966667,2.644444
47.6,21.12707,0.03966667,72.50194,2.644444,0.03966667,2.644444
47.61,21.13342,0.03966667,72.52375,2.644444,0.03966667,2.644444
47.62,21.13978,0.0397,72.54557,2.646667,0.0397,2.646667
47.63,21.15091,0.0397,72.58376,2.646667,0.0397,2.646667
47.64,21.15885,0.0397,72.61102,2.646667,0.0397,2.646667
47.65,21.15568,0.0397,72.60012,2.646667,0.0397,2.646667
47.66,21.13978,0.03973334,72.54557,2.648889,0.03973334,2.648889
47.67,21.12707,0.03973334,72.50194,2.648889,0.03973334,2.648889
47.68,21.1223,0.03973334,72.48557,2.648889,0.03973334,2.648889
47.69,21.12547,0.03973334,72.49648,2.648889,0.03973334,2.648889
47.7,21.13819,0.03976667,72.54012,2.651111,0.03976667,2.651111
47.71,21.15409,0.03976667,72.59466,2.651111,0.03976667,2.651111
47.72,21.17157,0.03976667,72.65466,2.651111,0.03976667,2.651111
47.73,21.1827,0.03976667,72.69284,2.651111,0.03976667,2.651111
47.74,21.19223,0.0398,72.72557,2.653333,0.0398,2.653333
47.75,21.20495,0.0398,72.76921,2.653333,0.0398,2.653333
47.76,21.21131,0.0398,72.79102,2.653333,0.0398,2.653333
47.77,21.20813,0.0398,72.78012,2.653333,0.0398,2.653333
47.78,21.21131,0.03983333,72.79102,2.655555,0.03983333,2.655555
47.79,21.22084,0.03983333,72.82375,2.655555,0.03983333,2.655555
47.8,21.23356,0.03983333,72.86739,2.655555,0.03983333,2.655555
47.81,21.24468,0.03983333,72.90557,2.655555,0.03983333,2.655555
47.82,21.24468,0.03986667,72.90557,2.657778,0.03986667,2.657778
47.83,21.24468,0.03986667,72.90557,2.657778,0.03986667,2.657778
47.84,21.25263,0.03986667,72.93285,2.657778,0.03986667,2.657778
47.85,21.26535,0.03986667,72.97649,2.657778,0.03986667,2.657778
47.86,21.26853,0.0399,72.98739,2.66,0.0399,2.66
47.87,21.26535,0.0399,72.97649,2.66,0.0399,2.66
47.88,21.26058,0.0399,72.96012,2.66,0.0399,2.66
47.89,21.26058,0.0399,72.96012,2.66,0.0399,2.66
47.9,21.2574,0.03993334,72.94921,2.662222,0.03993334,2.662222
47.91,21.26217,0.03993334,72.96557,2.662222,0.03993334,2.662222
47.92,21.27012,0.03993334,72.99284,2.662222,0.03993334,2.662222
47.93,21.27012,0.03993334,72.99284,2.662222,0.03993334,2.662222
47.94,21.2574,0.03996667,72.94921,2.664445,0.03996667,2.664445
47.95,21.25263,0.03996667,72.93285,2.664445,0.03996667,2.664445
47.96,21.26535,0.03996667,72.97649,2.664445,0.03996667,2.664445
47.97,21.28601,0.03996667,73.04739,2.664445,0.03996667,2.664445
47.98,21.29873,0.04,73.09103,2.666667,0.04,2.666667
47.99,21.30985,0.04,73.12921,2.666667,0.04,2.666667
48.0,21.31462,0.04,73.14557,2.666667,0.04,2.666667
48.01,21.31939,0.04,73.16193,2.666667,0.04,2.666667
48.02,21.32734,0.04003333,73.18921,2.668889,0.04003333,2.668889
48.03,21.34164,0.04003333,73.2383,2.668889,0.04003333,2.668889
48.04,21.3623,0.04003333,73.30921,2.668889,0.04003333,2.668889
48.05,21.38297,0.04003333,73.38012,2.668889,0.04003333,2.668889
48.06,21.38297,0.04006667,73.38012,2.671111,0.04006667,2.671111
48.07,21.35913,0.04006667,73.2983,2.671111,0.04006667,2.671111
48.08,21.33051,0.04006667,73.20012,2.671111,0.04006667,2.671111
48.09,21.31939,0.04006667,73.16193,2.671111,0.04006667,2.671111
48.1,21.33528,0.0401,73.21648,2.673333,0.0401,2.673333
48.11,21.35913,0.0401,73.2983,2.673333,0.0401,2.673333
48.12,21.37502,0.0401,73.35284,2.673333,0.0401,2.673333
48.13,21.37661,0.0401,73.3583,2.673333,0.0401,2.673333
48.14,21.37979,0.04013333,73.36921,2.675556,0.04013333,2.675556
48.15,21.38297,0.04013333,73.38012,2.675556,0.04013333,2.675556
48.16,21.38456,0.04013333,73.38557,2.675556,0.04013333,2.675556
48.17,21.38297,0.04013333,73.38012,2.675556,0.04013333,2.675556
48.18,21.37184,0.04016667,73.34193,2.677778,0.04016667,2.677778
48.19,21.36707,0.04016667,73.32557,2.677778,0.04016667,2.677778
48.2,21.37184,0.04016667,73.34193,2.677778,0.04016667,2.677778
48.21,21.38774,0.04016667,73.39648,2.677778,0.04016667,2.677778
48.22,21.41158,0.0402,73.4783,2.68,0.0402,2.68
48.23,21.43224,0.0402,73.54921,2.68,0.0402,2.68
48.24,21.44496,0.0402,73.59284,2.68,0.0402,2.68
48.25,21.44814,0.0402,73.60375,2.68,0.0402,2.68
48.26,21.44814,0.04023333,73.60375,2.682222,0.04023333,2.682222
48.27,21.45608,0.04023333,73.63103,2.682222,0.04023333,2.682222
48.28,21.46085,0.04023333,73.64739,2.682222,0.04023333,2.682222
48.29,21.45608,0.04023333,73.63103,2.682222,0.04023333,2.682222
48.3,21.44496,0.04026667,73.59284,2.684444,0.04026667,2.684444
48.31,21.44178,0.04026667,73.58194,2.684444,0.04026667,2.684444
48.32,21.45767,0.04026667,73.63648,2.684444,0.04026667,2.684444
48.33,21.4688,0.04026667,73.67466,2.684444,0.04026667,2.684444
48.34,21.46244,0.0403,73.65285,2.686667,0.0403,2.686667
48.35,21.44972,0.0403,73.60921,2.686667,0.0403,2.686667
48.36,21.4529,0.0403,73.62012,2.686667,0.0403,2.686667
48.37,21.47675,0.0403,73.70193,2.686667,0.0403,2.686667
48.38,21.50694,0.04033333,73.80557,2.688889,0.04033333,2.688889
48.39,21.52761,0.04033333,73.87649,2.688889,0.04033333,2.688889
48.4,21.53397,0.04033333,73.8983,2.688889,0.04033333,2.688889
48.41,21.51966,0.04033333,73.84921,2.688889,0.04033333,2.688889
48.42,21.50536,0.04036667,73.80012,2.691111,0.04036667,2.691111
48.43,21.50218,0.04036667,73.78921,2.691111,0.04036667,2.691111
48.44,21.51012,0.04036667,73.81648,2.691111,0.04036667,2.691111
48.45,21.51489,0.04036667,73.83285,2.691111,0.04036667,2.691111
48.46,21.51966,0.0404,73.84921,2.693333,0.0404,2.693333
48.47,21.53397,0.0404,73.8983,2.693333,0.0404,2.693333
48.48,21.54827,0.0404,73.9474,2.693333,0.0404,2.693333
48.49,21.55145,0.0404,73.95831,2.693333,0.0404,2.693333
48.5,21.54191,0.04043333,73.92558,2.695555,0.04043333,2.695555
48.51,21.53079,0.04043333,73.88739,2.695555,0.04043333,2.695555
48.52,21.53555,0.04043333,73.90376,2.695555,0.04043333,2.695555
48.53,21.55145,0.04043333,73.95831,2.695555,0.04043333,2.695555
48.54,21.57529,0.04046667,74.04012,2.697778,0.04046667,2.697778
48.55,21.60072,0.04046667,74.1274,2.697778,0.04046667,2.697778
48.56,21.61344,0.04046667,74.17103,2.697778,0.04046667,2.697778
48.57,21.60549,0.04046667,74.14375,2.697778,0.04046667,2.697778
48.58,21.59119,0.0405,74.09467,2.7,0.0405,2.7
48.59,21.58324,0.0405,74.06739,2.7,0.0405,2.7
48.6,21.59595,0.0405,74.11103,2.7,0.0405,2.7
48.61,21.61185,0.0405,74.16557,2.7,0.0405,2.7
48.62,21.6198,0.04053333,74.19285,2.702222,0.04053333,2.702222
48.63,21.6198,0.04053333,74.19285,2.702222,0.04053333,2.702222
48.64,21.61662,0.04053333,74.18194,2.702222,0.04053333,2.702222
48.65,21.62774,0.04053333,74.22012,2.702222,0.04053333,2.702222
48.66,21.64841,0.04056667,74.29103,2.704444,0.04056667,2.704444
48.67,21.65635,0.04056667,74.31831,2.704444,0.04056667,2.704444
48.68,21.65,0.04056667,74.29648,2.704444,0.04056667,2.704444
48.69,21.64205,0.04056667,74.26921,2.704444,0.04056667,2.704444
48.7,21.64046,0.0406,74.26376,2.706667,0.0406,2.706667
48.71,21.63728,0.0406,74.25285,2.706667,0.0406,2.706667
48.72,21.64205,0.0406,74.26921,2.706667,0.0406,2.706667
48.73,21.66112,0.0406,74.33467,2.706667,0.0406,2.706667
48.74,21.67861,0.04063333,74.39466,2.708889,0.04063333,2.708889
48.75,21.69132,0.04063333,74.4383,2.708889,0.04063333,2.708889
48.76,21.70245,0.04063333,74.47648,2.708889,0.04063333,2.708889
48.77,21.70722,0.04063333,74.49284,2.708889,0.04063333,2.708889
48.78,21.71516,0.04066667,74.52012,2.711111,0.04066667,2.711111
48.79,21.72311,0.04066667,74.54739,2.711111,0.04066667,2.711111
48.8,21.72629,0.04066667,74.5583,2.711111,0.04066667,2.711111
48.81,21.72629,0.04066667,74.5583,2.711111,0.04066667,2.711111
48.82,21.73106,0.0407,74.57466,2.713333,0.0407,2.713333
48.83,21.74219,0.0407,74.61285,2.713333,0.0407,2.713333
48.84,21.7549,0.0407,74.65648,2.713333,0.0407,2.713333
48.85,21.77238,0.0407,74.71648,2.713333,0.0407,2.713333
48.86,21.78828,0.04073333,74.77103,2.715556,0.04073333,2.715556
48.87,21.78828,0.04073333,74.77103,2.715556,0.04073333,2.715556
48.88,21.78033,0.04073333,74.74376,2.715556,0.04073333,2.715556
48.89,21.77238,0.04073333,74.71648,2.715556,0.04073333,2.715556
48.9,21.76444,0.04076667,74.68921,2.717778,0.04076667,2.717778
48.91,21.75649,0.04076667,74.66194,2.717778,0.04076667,2.717778
48.92,21.7549,0.04076667,74.65648,2.717778,0.04076667,2.717778
48.93,21.76444,0.04076667,74.68921,2.717778,0.04076667,2.717778
48.94,21.7851,0.0408,74.76012,2.72,0.0408,2.72
48.95,21.80099,0.0408,74.81467,2.72,0.0408,2.72
48.96,21.80417,0.0408,74.82558,2.72,0.0408,2.72
48.97,21.79623,0.0408,74.7983,2.72,0.0408,2.72
48.98,21.78033,0.04083334,74.74376,2.722222,0.04083334,2.722222
48.99,21.76762,0.04083334,74.70012,2.722222,0.04083334,2.722222
49.0,21.75967,0.04083334,74.67284,2.722222,0.04083334,2.722222
49.01,21.7549,0.04083334,74.65648,2.722222,0.04083334,2.722222
49.02,21.75649,0.04086667,74.66194,2.724444,0.04086667,2.724444
49.03,21.7708,0.04086667,74.71103,2.724444,0.04086667,2.724444
49.04,21.79305,0.04086667,74.78739,2.724444,0.04086667,2.724444
49.05,21.81371,0.04086667,74.85831,2.724444,0.04086667,2.724444
49.06,21.82166,0.0409,74.88557,2.726667,0.0409,2.726667
49.07,21.82007,0.0409,74.88012,2.726667,0.0409,2.726667
49.08,21.81689,0.0409,74.86921,2.726667,0.0409,2.726667
49.09,21.81689,0.0409,74.86921,2.726667,0.0409,2.726667
49.1,21.81689,0.04093333,74.86921,2.728889,0.04093333,2.728889
49.11,21.82007,0.04093333,74.88012,2.728889,0.04093333,2.728889
49.12,21.82166,0.04093333,74.88557,2.728889,0.04093333,2.728889
49.13,21.82166,0.04093333,74.88557,2.728889,0.04093333,2.728889
49.14,21.81689,0.04096667,74.86921,2.731111,0.04096667,2.731111
49.15,21.80894,0.04096667,74.84194,2.731111,0.04096667,2.731111
49.16,21.81371,0.04096667,74.85831,2.731111,0.04096667,2.731111
49.17,21.82961,0.04096667,74.91285,2.731111,0.04096667,2.731111
49.18,21.8455,0.041,74.96739,2.733333,0.041,2.733333
49.19,21.85663,0.041,75.00558,2.733333,0.041,2.733333
49.2,21.86934,0.041,75.04921,2.733333,0.041,2.733333
49.21,21.88524,0.041,75.10376,2.733333,0.041,2.733333
49.22,21.89318,0.04103334,75.13103,2.735556,0.04103334,2.735556
49.23,21.89954,0.04103334,75.15285,2.735556,0.04103334,2.735556
49.24,21.90749,0.04103334,75.18012,2.735556,0.04103334,2.735556
49.25,21.90749,0.04103334,75.18012,2.735556,0.04103334,2.735556
49.26,21.89795,0.04106667,75.14739,2.737778,0.04106667,2.737778
49.27,21.89001,0.04106667,75.12012,2.737778,0.04106667,2.737778
49.28,21.89477,0.04106667,75.13649,2.737778,0.04106667,2.737778
49.29,21.91385,0.04106667,75.20194,2.737778,0.04106667,2.737778
49.3,21.93451,0.0411,75.27285,2.74,0.0411,2.74
49.31,21.94723,0.0411,75.31649,2.74,0.0411,2.74
49.32,21.95199,0.0411,75.33285,2.74,0.0411,2.74
49.33,21.95676,0.0411,75.34921,2.74,0.0411,2.74
49.34,21.97107,0.04113333,75.39831,2.742222,0.04113333,2.742222
49.35,21.97901,0.04113333,75.42558,2.742222,0.04113333,2.742222
49.36,21.97584,0.04113333,75.41467,2.742222,0.04113333,2.742222
49.37,21.96471,0.04113333,75.37648,2.742222,0.04113333,2.742222
49.38,21.96471,0.04116667,75.37648,2.744444,0.04116667,2.744444
49.39,21.98378,0.04116667,75.44194,2.744444,0.04116667,2.744444
49.4,21.99968,0.04116667,75.49649,2.744444,0.04116667,2.744444
49.41,21.9965,0.04116667,75.48557,2.744444,0.04116667,2.744444
49.42,21.98378,0.0412,75.44194,2.746667,0.0412,2.746667
49.43,21.9806,0.0412,75.43103,2.746667,0.0412,2.746667
49.44,21.98378,0.0412,75.44194,2.746667,0.0412,2.746667
49.45,21.98537,0.0412,75.4474,2.746667,0.0412,2.746667
49.46,21.99968,0.04123333,75.49649,2.748889,0.04123333,2.748889
49.47,22.02193,0.04123333,75.57285,2.748889,0.04123333,2.748889
49.48,22.03782,0.04123333,75.6274,2.748889,0.04123333,2.748889
49.49,22.03782,0.04123333,75.6274,2.748889,0.04123333,2.748889
49.5,22.03782,0.04126667,75.6274,2.751111,0.04126667,2.751111
49.51,22.03306,0.04126667,75.61103,2.751111,0.04126667,2.751111
49.52,22.02511,0.04126667,75.58376,2.751111,0.04126667,2.751111
49.53,22.02511,0.04126667,75.58376,2.751111,0.04126667,2.751111
49.54,22.041,0.0413,75.6383,2.753333,0.0413,2.753333
49.55,22.05372,0.0413,75.68194,2.753333,0.0413,2.753333
49.56,22.05849,0.0413,75.6983,2.753333,0.0413,2.753333
49.57,22.06167,0.0413,75.70921,2.753333,0.0413,2.753333
49.58,22.07438,0.04133333,75.75285,2.755556,0.04133333,2.755556
49.59,22.0871,0.04133333,75.79649,2.755556,0.04133333,2.755556
49.6,22.10299,0.04133333,75.85103,2.755556,0.04133333,2.755556
49.61,22.11412,0.04133333,75.88921,2.755556,0.04133333,2.755556
49.62,22.11571,0.04136667,75.89467,2.757778,0.04136667,2.757778
49.63,22.10299,0.04136667,75.85103,2.757778,0.04136667,2.757778
49.64,22.0871,0.04136667,75.79649,2.757778,0.04136667,2.757778
49.65,22.07756,0.04136667,75.76376,2.757778,0.04136667,2.757778
49.66,22.07438,0.0414,75.75285,2.76,0.0414,2.76
49.67,22.07915,0.0414,75.76921,2.76,0.0414,2.76
49.68,22.08551,0.0414,75.79103,2.76,0.0414,2.76
49.69,22.08551,0.0414,75.79103,2.76,0.0414,2.76
49.7,22.0871,0.04143333,75.79649,2.762222,0.04143333,2.762222
49.71,22.10617,0.04143333,75.86194,2.762222,0.04143333,2.762222
49.72,22.13955,0.04143333,75.97649,2.762222,0.04143333,2.762222
49.73,22.16816,0.04143333,76.07467,2.762222,0.04143333,2.762222
49.74,22.18405,0.04146667,76.12921,2.764445,0.04146667,2.764445
49.75,22.19677,0.04146667,76.17285,2.764445,0.04146667,2.764445
49.76,22.20472,0.04146667,76.20013,2.764445,0.04146667,2.764445
49.77,22.20472,0.04146667,76.20013,2.764445,0.04146667,2.764445
49.78,22.21266,0.0415,76.22739,2.766667,0.0415,2.766667
49.79,22.23333,0.0415,76.29831,2.766667,0.0415,2.766667
49.8,22.24922,0.0415,76.35285,2.766667,0.0415,2.766667
49.81,22.24922,0.0415,76.35285,2.766667,0.0415,2.766667
49.82,22.2381,0.04153333,76.31467,2.768889,0.04153333,2.768889
49.83,22.23651,0.04153333,76.30921,2.768889,0.04153333,2.768889
49.84,22.23333,0.04153333,76.29831,2.768889,0.04153333,2.768889
49.85,22.23333,0.04153333,76.29831,2.768889,0.04153333,2.768889
49.86,22.23651,0.04156667,76.30921,2.771111,0.04156667,2.771111
49.87,22.24286,0.04156667,76.33103,2.771111,0.04156667,2.771111
49.88,22.25081,0.04156667,76.3583,2.771111,0.04156667,2.771111
49.89,22.25399,0.04156667,76.36922,2.771111,0.04156667,2.771111
49.9,22.25876,0.0416,76.38557,2.773333,0.0416,2.773333
49.91,22.26988,0.0416,76.42376,2.773333,0.0416,2.773333
49.92,22.27465,0.0416,76.44012,2.773333,0.0416,2.773333
49.93,22.26194,0.0416,76.39649,2.773333,0.0416,2.773333
49.94,22.24922,0.04163333,76.35285,2.775556,0.04163333,2.775556
49.95,22.25081,0.04163333,76.3583,2.775556,0.04163333,2.775556
49.96,22.26512,0.04163333,76.40739,2.775556,0.04163333,2.775556
49.97,22.27147,0.04163333,76.42921,2.775556,0.04163333,2.775556
49.98,22.27147,0.04166667,76.42921,2.777778,0.04166667,2.777778
49.99,22.26512,0.04166667,76.40739,2.777778,0.04166667,2.777778
50.0,22.25876,0.04166667,76.38557,2.777778,0.04166667,2.777778
50.01,22.25876,0.04166667,76.38557,2.777778,0.04166667,2.777778
50.02,22.26194,0.0417,76.39649,2.78,0.0417,2.78
50.03,22.26512,0.0417,76.40739,2.78,0.0417,2.78
50.04,22.26671,0.0417,76.41285,2.78,0.0417,2.78
50.05,22.27942,0.0417,76.45648,2.78,0.0417,2.78
50.06,22.30803,0.04173333,76.55466,2.782222,0.04173333,2.782222
50.07,22.33982,0.04173333,76.66376,2.782222,0.04173333,2.782222
50.08,22.36048,0.04173333,76.73466,2.782222,0.04173333,2.782222
50.09,22.36525,0.04173333,76.75103,2.782222,0.04173333,2.782222
50.1,22.36843,0.04176667,76.76194,2.784444,0.04176667,2.784444
50.11,22.36843,0.04176667,76.76194,2.784444,0.04176667,2.784444
50.12,22.36525,0.04176667,76.75103,2.784444,0.04176667,2.784444
50.13,22.35571,0.04176667,76.7183,2.784444,0.04176667,2.784444
50.14,22.34459,0.0418,76.68012,2.786667,0.0418,2.786667
50.15,22.33664,0.0418,76.65285,2.786667,0.0418,2.786667
50.16,22.33505,0.0418,76.6474,2.786667,0.0418,2.786667
50.17,22.33982,0.0418,76.66376,2.786667,0.0418,2.786667
50.18,22.35571,0.04183333,76.7183,2.788889,0.04183333,2.788889
50.19,22.36525,0.04183333,76.75103,2.788889,0.04183333,2.788889
50.2,22.36843,0.04183333,76.76194,2.788889,0.04183333,2.788889
50.21,22.35889,0.04183333,76.72922,2.788889,0.04183333,2.788889
50.22,22.35095,0.04186667,76.70194,2.791111,0.04186667,2.791111
50.23,22.36048,0.04186667,76.73466,2.791111,0.04186667,2.791111
50.24,22.38909,0.04186667,76.83285,2.791111,0.04186667,2.791111
50.25,22.4177,0.04186667,76.93103,2.791111,0.04186667,2.791111
50.26,22.4336,0.0419,76.98558,2.793334,0.0419,2.793334
50.27,22.43837,0.0419,77.00195,2.793334,0.0419,2.793334
50.28,22.43837,0.0419,77.00195,2.793334,0.0419,2.793334
50.29,22.43042,0.0419,76.97467,2.793334,0.0419,2.793334
50.3,22.42088,0.04193334,76.94194,2.795556,0.04193334,2.795556
50.31,22.41611,0.04193334,76.92558,2.795556,0.04193334,2.795556
50.32,22.42247,0.04193334,76.9474,2.795556,0.04193334,2.795556
50.33,22.43678,0.04193334,76.99648,2.795556,0.04193334,2.795556
50.34,22.44949,0.04196667,77.04012,2.797778,0.04196667,2.797778
50.35,22.45744,0.04196667,77.0674,2.797778,0.04196667,2.797778
50.36,22.45744,0.04196667,77.0674,2.797778,0.04196667,2.797778
50.37,22.45108,0.04196667,77.04558,2.797778,0.04196667,2.797778
50.38,22.45744,0.042,77.0674,2.8,0.042,2.8
50.39,22.47334,0.042,77.12194,2.8,0.042,2.8
50.4,22.48605,0.042,77.16558,2.8,0.042,2.8
50.41,22.49877,0.042,77.20921,2.8,0.042,2.8
50.42,22.50671,0.04203333,77.23649,2.802222,0.04203333,2.802222
50.43,22.50671,0.04203333,77.23649,2.802222,0.04203333,2.802222
50.44,22.50195,0.04203333,77.22012,2.802222,0.04203333,2.802222
50.45,22.49559,0.04203333,77.19831,2.802222,0.04203333,2.802222
50.46,22.49877,0.04206667,77.20921,2.804445,0.04206667,2.804445
50.47,22.50195,0.04206667,77.22012,2.804445,0.04206667,2.804445
50.48,22.50195,0.04206667,77.22012,2.804445,0.04206667,2.804445
50.49,22.50353,0.04206667,77.22558,2.804445,0.04206667,2.804445
50.5,22.51466,0.0421,77.26376,2.806667,0.0421,2.806667
50.51,22.52261,0.0421,77.29103,2.806667,0.0421,2.806667
50.52,22.5242,0.0421,77.29649,2.806667,0.0421,2.806667
50.53,22.51625,0.0421,77.26922,2.806667,0.0421,2.806667
50.54,22.5083,0.04213334,77.24194,2.808889,0.04213334,2.808889
50.55,22.51466,0.04213334,77.26376,2.808889,0.04213334,2.808889
50.56,22.53532,0.04213334,77.33467,2.808889,0.04213334,2.808889
50.57,22.55281,0.04213334,77.39468,2.808889,0.04213334,2.808889
50.58,22.56393,0.04216667,77.43285,2.811111,0.04216667,2.811111
50.59,22.56393,0.04216667,77.43285,2.811111,0.04216667,2.811111
50.6,22.55917,0.04216667,77.41649,2.811111,0.04216667,2.811111
50.61,22.55281,0.04216667,77.39468,2.811111,0.04216667,2.811111
50.62,22.55599,0.0422,77.40558,2.813333,0.0422,2.813333
50.63,22.5687,0.0422,77.44922,2.813333,0.0422,2.813333
50.64,22.58142,0.0422,77.49285,2.813333,0.0422,2.813333
50.65,22.59254,0.0422,77.53104,2.813333,0.0422,2.813333
50.66,22.59413,0.04223333,77.53648,2.815556,0.04223333,2.815556
50.67,22.59413,0.04223333,77.53648,2.815556,0.04223333,2.815556
50.68,22.59731,0.04223333,77.5474,2.815556,0.04223333,2.815556
50.69,22.60049,0.04223333,77.55831,2.815556,0.04223333,2.815556
50.7,22.59731,0.04226667,77.5474,2.817778,0.04226667,2.817778
50.71,22.58937,0.04226667,77.52013,2.817778,0.04226667,2.817778
50.72,22.59413,0.04226667,77.53648,2.817778,0.04226667,2.817778
50.73,22.61321,0.04226667,77.60194,2.817778,0.04226667,2.817778
50.74,22.63387,0.0423,77.67285,2.82,0.0423,2.82
50.75,22.65135,0.0423,77.73285,2.82,0.0423,2.82
50.76,22.65771,0.0423,77.75468,2.82,0.0423,2.82
50.77,22.6593,0.0423,77.76012,2.82,0.0423,2.82
50.78,22.66248,0.04233333,77.77103,2.822222,0.04233333,2.822222
50.79,22.6752,0.04233333,77.81467,2.822222,0.04233333,2.822222
50.8,22.68791,0.04233333,77.85831,2.822222,0.04233333,2.822222
50.81,22.70222,0.04233333,77.9074,2.822222,0.04233333,2.822222
50.82,22.70699,0.04236667,77.92376,2.824445,0.04236667,2.824445
50.83,22.70857,0.04236667,77.92921,2.824445,0.04236667,2.824445
50.84,22.71493,0.04236667,77.95103,2.824445,0.04236667,2.824445
50.85,22.71493,0.04236667,77.95103,2.824445,0.04236667,2.824445
50.86,22.71175,0.0424,77.94012,2.826667,0.0424,2.826667
50.87,22.71493,0.0424,77.95103,2.826667,0.0424,2.826667
50.88,22.7197,0.0424,77.9674,2.826667,0.0424,2.826667
50.89,22.72765,0.0424,77.99467,2.826667,0.0424,2.826667
50.9,22.72447,0.04243333,77.98376,2.828889,0.04243333,2.828889
50.91,22.71175,0.04243333,77.94012,2.828889,0.04243333,2.828889
50.92,22.69586,0.04243333,77.88558,2.828889,0.04243333,2.828889
50.93,22.69586,0.04243333,77.88558,2.828889,0.04243333,2.828889
50.94,22.71175,0.04246667,77.94012,2.831111,0.04246667,2.831111
50.95,22.74036,0.04246667,78.03831,2.831111,0.04246667,2.831111
50.96,22.76897,0.04246667,78.13649,2.831111,0.04246667,2.831111
50.97,22.78169,0.04246667,78.18013,2.831111,0.04246667,2.831111
50.98,22.78169,0.0425,78.18013,2.833333,0.0425,2.833333
50.99,22.78169,0.0425,78.18013,2.833333,0.0425,2.833333
51.0,22.78805,0.0425,78.20194,2.833333,0.0425,2.833333
51.01,22.79282,0.0425,78.21831,2.833333,0.0425,2.833333
51.02,22.79282,0.04253333,78.21831,2.835556,0.04253333,2.835556
51.03,22.79758,0.04253333,78.23467,2.835556,0.04253333,2.835556
51.04,22.80235,0.04253333,78.25104,2.835556,0.04253333,2.835556
51.05,22.80076,0.04253333,78.24558,2.835556,0.04253333,2.835556
51.06,22.78805,0.04256667,78.20194,2.837778,0.04256667,2.837778
51.07,22.78487,0.04256667,78.19103,2.837778,0.04256667,2.837778
51.08,22.80235,0.04256667,78.25104,2.837778,0.04256667,2.837778
51.09,22.81825,0.04256667,78.30558,2.837778,0.04256667,2.837778
51.1,22.82143,0.0426,78.31649,2.84,0.0426,2.84
51.11,22.82461,0.0426,78.3274,2.84,0.0426,2.84
51.12,22.84209,0.0426,78.3874,2.84,0.0426,2.84
51.13,22.8548,0.0426,78.43104,2.84,0.0426,2.84
51.14,22.85004,0.04263333,78.41467,2.842222,0.04263333,2.842222
51.15,22.83732,0.04263333,78.37103,2.842222,0.04263333,2.842222
51.16,22.83732,0.04263333,78.37103,2.842222,0.04263333,2.842222
51.17,22.84686,0.04263333,78.40376,2.842222,0.04263333,2.842222
51.18,22.8548,0.04266667,78.43104,2.844445,0.04266667,2.844445
51.19,22.85798,0.04266667,78.44195,2.844445,0.04266667,2.844445
51.2,22.86275,0.04266667,78.45831,2.844445,0.04266667,2.844445
51.21,22.87865,0.04266667,78.51286,2.844445,0.04266667,2.844445
51.22,22.89454,0.0427,78.5674,2.846667,0.0427,2.846667
51.23,22.89931,0.0427,78.58376,2.846667,0.0427,2.846667
51.24,22.90408,0.0427,78.60013,2.846667,0.0427,2.846667
51.25,22.90726,0.0427,78.61104,2.846667,0.0427,2.846667
51.26,22.90408,0.04273333,78.60013,2.848889,0.04273333,2.848889
51.27,22.90408,0.04273333,78.60013,2.848889,0.04273333,2.848889
51.28,22.91521,0.04273333,78.63831,2.848889,0.04273333,2.848889
51.29,22.92315,0.04273333,78.66558,2.848889,0.04273333,2.848889
51.3,22.92792,0.04276667,78.68195,2.851111,0.04276667,2.851111
51.31,22.9311,0.04276667,78.69286,2.851111,0.04276667,2.851111
51.32,22.92474,0.04276667,78.67104,2.851111,0.04276667,2.851111
51.33,22.91997,0.04276667,78.65468,2.851111,0.04276667,2.851111
51.34,22.92474,0.0428,78.67104,2.853333,0.0428,2.853333
51.35,22.94064,0.0428,78.72558,2.853333,0.0428,2.853333
51.36,22.95971,0.0428,78.79104,2.853333,0.0428,2.853333
51.37,22.96766,0.0428,78.81831,2.853333,0.0428,2.853333
51.38,22.97401,0.04283333,78.84013,2.855556,0.04283333,2.855556
51.39,22.98832,0.04283333,78.88922,2.855556,0.04283333,2.855556
51.4,22.99627,0.04283333,78.9165,2.855556,0.04283333,2.855556
51.41,22.99786,0.04283333,78.92194,2.855556,0.04283333,2.855556
51.42,23.00104,0.04286667,78.93285,2.857778,0.04286667,2.857778
51.43,23.0058,0.04286667,78.94922,2.857778,0.04286667,2.857778
51.44,23.00104,0.04286667,78.93285,2.857778,0.04286667,2.857778
51.45,22.98514,0.04286667,78.8783,2.857778,0.04286667,2.857778
51.46,22.96925,0.0429,78.82376,2.86,0.0429,2.86
51.47,22.96448,0.0429,78.8074,2.86,0.0429,2.86
51.48,22.97401,0.0429,78.84013,2.86,0.0429,2.86
51.49,22.99786,0.0429,78.92194,2.86,0.0429,2.86
51.5,23.01693,0.04293333,78.9874,2.862222,0.04293333,2.862222
51.51,23.03123,0.04293333,79.03649,2.862222,0.04293333,2.862222
51.52,23.05349,0.04293333,79.11285,2.862222,0.04293333,2.862222
51.53,23.06302,0.04293333,79.14558,2.862222,0.04293333,2.862222
51.54,23.05508,0.04296667,79.11831,2.864444,0.04296667,2.864444
51.55,23.03759,0.04296667,79.0583,2.864444,0.04296667,2.864444
51.56,23.02965,0.04296667,79.03104,2.864444,0.04296667,2.864444
51.57,23.03759,0.04296667,79.0583,2.864444,0.04296667,2.864444
51.58,23.04713,0.043,79.09103,2.866667,0.043,2.866667
51.59,23.05508,0.043,79.11831,2.866667,0.043,2.866667
51.6,23.05508,0.043,79.11831,2.866667,0.043,2.866667
51.61,23.05508,0.043,79.11831,2.866667,0.043,2.866667
51.62,23.06779,0.04303334,79.16195,2.868889,0.04303334,2.868889
51.63,23.08687,0.04303334,79.2274,2.868889,0.04303334,2.868889
51.64,23.0964,0.04303334,79.26013,2.868889,0.04303334,2.868889
51.65,23.08846,0.04303334,79.23286,2.868889,0.04303334,2.868889
51.66,23.0821,0.04306667,79.21104,2.871111,0.04306667,2.871111
51.67,23.07892,0.04306667,79.20013,2.871111,0.04306667,2.871111
51.68,23.0821,0.04306667,79.21104,2.871111,0.04306667,2.871111
51.69,23.07892,0.04306667,79.20013,2.871111,0.04306667,2.871111
51.7,23.07574,0.0431,79.18922,2.873333,0.0431,2.873333
51.71,23.08687,0.0431,79.2274,2.873333,0.0431,2.873333
51.72,23.10435,0.0431,79.2874,2.873333,0.0431,2.873333
51.73,23.12342,0.0431,79.35285,2.873333,0.0431,2.873333
51.74,23.13296,0.04313333,79.38558,2.875556,0.04313333,2.875556
51.75,23.12819,0.04313333,79.36922,2.875556,0.04313333,2.875556
51.76,23.12024,0.04313333,79.34195,2.875556,0.04313333,2.875556
51.77,23.12342,0.04313333,79.35285,2.875556,0.04313333,2.875556
51.78,23.13296,0.04316667,79.38558,2.877778,0.04316667,2.877778
51.79,23.13932,0.04316667,79.4074,2.877778,0.04316667,2.877778
51.8,23.14409,0.04316667,79.42377,2.877778,0.04316667,2.877778
51.81,23.1568,0.04316667,79.4674,2.877778,0.04316667,2.877778
51.82,23.18223,0.0432,79.55467,2.88,0.0432,2.88
51.83,23.20131,0.0432,79.62013,2.88,0.0432,2.88
51.84,23.20925,0.0432,79.6474,2.88,0.0432,2.88
51.85,23.21084,0.0432,79.65285,2.88,0.0432,2.88
51.86,23.21402,0.04323334,79.66376,2.882222,0.04323334,2.882222
51.87,23.21402,0.04323334,79.66376,2.882222,0.04323334,2.882222
51.88,23.22197,0.04323334,79.69104,2.882222,0.04323334,2.882222
51.89,23.23786,0.04323334,79.74558,2.882222,0.04323334,2.882222
51.9,23.25058,0.04326667,79.78922,2.884445,0.04326667,2.884445
51.91,23.2474,0.04326667,79.77831,2.884445,0.04326667,2.884445
51.92,23.2474,0.04326667,79.77831,2.884445,0.04326667,2.884445
51.93,23.2633,0.04326667,79.83286,2.884445,0.04326667,2.884445
51.94,23.27919,0.0433,79.88741,2.886667,0.0433,2.886667
51.95,23.28396,0.0433,79.90376,2.886667,0.0433,2.886667
51.96,23.27601,0.0433,79.87649,2.886667,0.0433,2.886667
51.97,23.26647,0.0433,79.84377,2.886667,0.0433,2.886667
51.98,23.2633,0.04333333,79.83286,2.888889,0.04333333,2.888889
51.99,23.27442,0.04333333,79.87104,2.888889,0.04333333,2.888889
52.0,23.28714,0.04333333,79.91467,2.888889,0.04333333,2.888889
52.01,23.29508,0.04333333,79.94195,2.888889,0.04333333,2.888889
52.02,23.28873,0.04336667,79.92013,2.891111,0.04336667,2.891111
52.03,23.28873,0.04336667,79.92013,2.891111,0.04336667,2.891111
52.04,23.29667,0.04336667,79.9474,2.891111,0.04336667,2.891111
52.05,23.30303,0.04336667,79.96922,2.891111,0.04336667,2.891111
52.06,23.29191,0.0434,79.93104,2.893333,0.0434,2.893333
52.07,23.27601,0.0434,79.87649,2.893333,0.0434,2.893333
52.08,23.27442,0.0434,79.87104,2.893333,0.0434,2.893333
52.09,23.28237,0.0434,79.89832,2.893333,0.0434,2.893333
52.1,23.29667,0.04343333,79.9474,2.895556,0.04343333,2.895556
52.11,23.3078,0.04343333,79.98558,2.895556,0.04343333,2.895556
52.12,23.31575,0.04343333,80.01286,2.895556,0.04343333,2.895556
52.13,23.32369,0.04343333,80.04013,2.895556,0.04343333,2.895556
52.14,23.32528,0.04346667,80.04559,2.897778,0.04346667,2.897778
52.15,23.32528,0.04346667,80.04559,2.897778,0.04346667,2.897778
52.16,23.33323,0.04346667,80.07285,2.897778,0.04346667,2.897778
52.17,23.34754,0.04346667,80.12195,2.897778,0.04346667,2.897778
52.18,23.3539,0.0435,80.14377,2.9,0.0435,2.9
52.19,23.35707,0.0435,80.15467,2.9,0.0435,2.9
52.2,23.35707,0.0435,80.15467,2.9,0.0435,2.9
52.21,23.3682,0.0435,80.19286,2.9,0.0435,2.9
52.22,23.38251,0.04353333,80.24195,2.902222,0.04353333,2.902222
52.23,23.39681,0.04353333,80.29104,2.902222,0.04353333,2.902222
52.24,23.40635,0.04353333,80.32377,2.902222,0.04353333,2.902222
52.25,23.40952,0.04353333,80.33467,2.902222,0.04353333,2.902222
52.26,23.41747,0.04356667,80.36195,2.904444,0.04356667,2.904444
52.27,23.41906,0.04356667,80.3674,2.904444,0.04356667,2.904444
52.28,23.41112,0.04356667,80.34013,2.904444,0.04356667,2.904444
52.29,23.3984,0.04356667,80.29649,2.904444,0.04356667,2.904444
52.3,23.3984,0.0436,80.29649,2.906667,0.0436,2.906667
52.31,23.41429,0.0436,80.35104,2.906667,0.0436,2.906667
52.32,23.43496,0.0436,80.42195,2.906667,0.0436,2.906667
52.33,23.45085,0.0436,80.47649,2.906667,0.0436,2.906667
52.34,23.4588,0.04363333,80.50377,2.908889,0.04363333,2.908889
52.35,23.46357,0.04363333,80.52013,2.908889,0.04363333,2.908889
52.36,23.46675,0.04363333,80.53104,2.908889,0.04363333,2.908889
52.37,23.47151,0.04363333,80.5474,2.908889,0.04363333,2.908889
52.38,23.48423,0.04366667,80.59104,2.911111,0.04366667,2.911111
52.39,23.49536,0.04366667,80.62922,2.911111,0.04366667,2.911111
52.4,23.49536,0.04366667,80.62922,2.911111,0.04366667,2.911111
52.41,23.49059,0.04366667,80.61285,2.911111,0.04366667,2.911111
52.42,23.49536,0.0437,80.62922,2.913333,0.0437,2.913333
52.43,23.50807,0.0437,80.67286,2.913333,0.0437,2.913333
52.44,23.52397,0.0437,80.7274,2.913333,0.0437,2.913333
52.45,23.53986,0.0437,80.78195,2.913333,0.0437,2.913333
52.46,23.55258,0.04373333,80.82558,2.915555,0.04373333,2.915555
52.47,23.56211,0.04373333,80.85831,2.915555,0.04373333,2.915555
52.48,23.56529,0.04373333,80.86922,2.915555,0.04373333,2.915555
52.49,23.56847,0.04373333,80.88013,2.915555,0.04373333,2.915555
52.5,23.56529,0.04376667,80.86922,2.917778,0.04376667,2.917778
52.51,23.55258,0.04376667,80.82558,2.917778,0.04376667,2.917778
52.52,23.53191,0.04376667,80.75468,2.917778,0.04376667,2.917778
52.53,23.51284,0.04376667,80.68922,2.917778,0.04376667,2.917778
52.54,23.51125,0.0438,80.68377,2.92,0.0438,2.92
52.55,23.5192,0.0438,80.71104,2.92,0.0438,2.92
52.56,23.53191,0.0438,80.75468,2.92,0.0438,2.92
52.57,23.54145,0.0438,80.7874,2.92,0.0438,2.92
52.58,23.55258,0.04383333,80.82558,2.922222,0.04383333,2.922222
52.59,23.56052,0.04383333,80.85286,2.922222,0.04383333,2.922222
52.6,23.56847,0.04383333,80.88013,2.922222,0.04383333,2.922222
52.61,23.57006,0.04383333,80.88558,2.922222,0.04383333,2.922222
52.62,23.57801,0.04386667,80.91286,2.924444,0.04386667,2.924444
52.63,23.59072,0.04386667,80.95649,2.924444,0.04386667,2.924444
52.64,23.60503,0.04386667,81.00558,2.924444,0.04386667,2.924444
52.65,23.60662,0.04386667,81.01104,2.924444,0.04386667,2.924444
52.66,23.60185,0.0439,80.99467,2.926667,0.0439,2.926667
52.67,23.60185,0.0439,80.99467,2.926667,0.0439,2.926667
52.68,23.60662,0.0439,81.01104,2.926667,0.0439,2.926667
52.69,23.61456,0.0439,81.03831,2.926667,0.0439,2.926667
52.7,23.62569,0.04393333,81.0765,2.928889,0.04393333,2.928889
52.71,23.63364,0.04393333,81.10377,2.928889,0.04393333,2.928889
52.72,23.64318,0.04393333,81.13649,2.928889,0.04393333,2.928889
52.73,23.6543,0.04393333,81.17467,2.928889,0.04393333,2.928889
52.74,23.66225,0.04396667,81.20195,2.931111,0.04396667,2.931111
52.75,23.66702,0.04396667,81.21831,2.931111,0.04396667,2.931111
52.76,23.67179,0.04396667,81.23467,2.931111,0.04396667,2.931111
52.77,23.67655,0.04396667,81.25104,2.931111,0.04396667,2.931111
52.78,23.69086,0.044,81.30013,2.933333,0.044,2.933333
52.79,23.69722,0.044,81.32195,2.933333,0.044,2.933333
52.8,23.69722,0.044,81.32195,2.933333,0.044,2.933333
52.81,23.69563,0.044,81.31649,2.933333,0.044,2.933333
52.82,23.69722,0.04403333,81.32195,2.935555,0.04403333,2.935555
52.83,23.70358,0.04403333,81.34377,2.935555,0.04403333,2.935555
52.84,23.71311,0.04403333,81.3765,2.935555,0.04403333,2.935555
52.85,23.72583,0.04403333,81.42014,2.935555,0.04403333,2.935555
52.86,23.73219,0.04406667,81.44195,2.937778,0.04406667,2.937778
52.87,23.73377,0.04406667,81.4474,2.937778,0.04406667,2.937778
52.88,23.74172,0.04406667,81.47468,2.937778,0.04406667,2.937778
52.89,23.74808,0.04406667,81.49649,2.937778,0.04406667,2.937778
52.9,23.74967,0.0441,81.50195,2.94,0.0441,2.94
52.91,23.75285,0.0441,81.51286,2.94,0.0441,2.94
52.92,23.75285,0.0441,81.51286,2.94,0.0441,2.94
52.93,23.75285,0.0441,81.51286,2.94,0.0441,2.94
52.94,23.74808,0.04413334,81.49649,2.942222,0.04413334,2.942222
52.95,23.7449,0.04413334,81.48559,2.942222,0.04413334,2.942222
52.96,23.74808,0.04413334,81.49649,2.942222,0.04413334,2.942222
52.97,23.74967,0.04413334,81.50195,2.942222,0.04413334,2.942222
52.98,23.7608,0.04416667,81.54013,2.944444,0.04416667,2.944444
52.99,23.77669,0.04416667,81.59467,2.944444,0.04416667,2.944444
53.0,23.78941,0.04416667,81.63831,2.944444,0.04416667,2.944444
53.01,23.78623,0.04416667,81.6274,2.944444,0.04416667,2.944444
53.02,23.78146,0.0442,81.61104,2.946667,0.0442,2.946667
53.03,23.78305,0.0442,81.6165,2.946667,0.0442,2.946667
53.04,23.80212,0.0442,81.68195,2.946667,0.0442,2.946667
53.05,23.82278,0.0442,81.75286,2.946667,0.0442,2.946667
53.06,23.83391,0.04423333,81.79104,2.948889,0.04423333,2.948889
53.07,23.83073,0.04423333,81.78014,2.948889,0.04423333,2.948889
53.08,23.8196,0.04423333,81.74195,2.948889,0.04423333,2.948889
53.09,23.81325,0.04423333,81.72013,2.948889,0.04423333,2.948889
53.1,23.81325,0.04426667,81.72013,2.951111,0.04426667,2.951111
53.11,23.81802,0.04426667,81.7365,2.951111,0.04426667,2.951111
53.12,23.8196,0.04426667,81.74195,2.951111,0.04426667,2.951111
53.13,23.83073,0.04426667,81.78014,2.951111,0.04426667,2.951111
53.14,23.85616,0.0443,81.8674,2.953333,0.0443,2.953333
53.15,23.88,0.0443,81.94923,2.953333,0.0443,2.953333
53.16,23.88318,0.0443,81.96014,2.953333,0.0443,2.953333
53.17,23.87206,0.0443,81.92195,2.953333,0.0443,2.953333
53.18,23.86729,0.04433334,81.90559,2.955556,0.04433334,2.955556
53.19,23.87206,0.04433334,81.92195,2.955556,0.04433334,2.955556
53.2,23.87683,0.04433334,81.93831,2.955556,0.04433334,2.955556
53.21,23.87524,0.04433334,81.93286,2.955556,0.04433334,2.955556
53.22,23.87206,0.04436667,81.92195,2.957778,0.04436667,2.957778
53.23,23.88318,0.04436667,81.96014,2.957778,0.04436667,2.957778
53.24,23.89908,0.04436667,82.01468,2.957778,0.04436667,2.957778
53.25,23.90544,0.04436667,82.03649,2.957778,0.04436667,2.957778
53.26,23.90385,0.0444,82.03104,2.96,0.0444,2.96
53.27,23.89908,0.0444,82.01468,2.96,0.0444,2.96
53.28,23.90385,0.0444,82.03104,2.96,0.0444,2.96
53.29,23.91974,0.0444,82.08559,2.96,0.0444,2.96
53.3,23.9404,0.04443333,82.1565,2.962222,0.04443333,2.962222
53.31,23.95312,0.04443333,82.20013,2.962222,0.04443333,2.962222
53.32,23.95789,0.04443333,82.21649,2.962222,0.04443333,2.962222
53.33,23.96584,0.04443333,82.24377,2.962222,0.04443333,2.962222
53.34,23.97378,0.04446667,82.27104,2.964444,0.04446667,2.964444
53.35,23.97378,0.04446667,82.27104,2.964444,0.04446667,2.964444
53.36,23.9563,0.04446667,82.21104,2.964444,0.04446667,2.964444
53.37,23.93723,0.04446667,82.14558,2.964444,0.04446667,2.964444
53.38,23.92769,0.0445,82.11286,2.966667,0.0445,2.966667
53.39,23.92928,0.0445,82.11831,2.966667,0.0445,2.966667
53.4,23.9404,0.0445,82.1565,2.966667,0.0445,2.966667
53.41,23.95789,0.0445,82.21649,2.966667,0.0445,2.966667
53.42,23.97855,0.04453333,82.28741,2.968889,0.04453333,2.968889
53.43,23.99127,0.04453333,82.33104,2.968889,0.04453333,2.968889
53.44,23.99763,0.04453333,82.35286,2.968889,0.04453333,2.968889
53.45,23.99127,0.04453333,82.33104,2.968889,0.04453333,2.968889
53.46,23.9865,0.04456667,82.31467,2.971111,0.04456667,2.971111
53.47,23.98968,0.04456667,82.32558,2.971111,0.04456667,2.971111
53.48,23.99921,0.04456667,82.35831,2.971111,0.04456667,2.971111
53.49,24.01034,0.04456667,82.39649,2.971111,0.04456667,2.971111
53.5,24.01511,0.0446,82.41286,2.973333,0.0446,2.973333
53.51,24.01988,0.0446,82.42922,2.973333,0.0446,2.973333
53.52,24.02782,0.0446,82.4565,2.973333,0.0446,2.973333
53.53,24.03577,0.0446,82.48377,2.973333,0.0446,2.973333
53.54,24.04849,0.04463333,82.5274,2.975555,0.04463333,2.975555
53.55,24.05961,0.04463333,82.56559,2.975555,0.04463333,2.975555
53.56,24.05961,0.04463333,82.56559,2.975555,0.04463333,2.975555
53.57,24.05485,0.04463333,82.54922,2.975555,0.04463333,2.975555
53.58,24.05961,0.04466667,82.56559,2.977778,0.04466667,2.977778
53.59,24.06438,0.04466667,82.58195,2.977778,0.04466667,2.977778
53.6,24.06756,0.04466667,82.59286,2.977778,0.04466667,2.977778
53.61,24.06756,0.04466667,82.59286,2.977778,0.04466667,2.977778
53.62,24.07551,0.0447,82.62013,2.98,0.0447,2.98
53.63,24.08822,0.0447,82.66377,2.98,0.0447,2.98
53.64,24.10889,0.0447,82.73468,2.98,0.0447,2.98
53.65,24.1216,0.0447,82.77832,2.98,0.0447,2.98
53.66,24.12955,0.04473333,82.80559,2.982222,0.04473333,2.982222
53.67,24.13273,0.04473333,82.8165,2.982222,0.04473333,2.982222
53.68,24.13432,0.04473333,82.82195,2.982222,0.04473333,2.982222
53.69,24.13273,0.04473333,82.8165,2.982222,0.04473333,2.982222
53.7,24.12955,0.04476667,82.80559,2.984445,0.04476667,2.984445
53.71,24.12955,0.04476667,82.80559,2.984445,0.04476667,2.984445
53.72,24.12796,0.04476667,82.80013,2.984445,0.04476667,2.984445
53.73,24.12796,0.04476667,82.80013,2.984445,0.04476667,2.984445
53.74,24.13432,0.0448,82.82195,2.986667,0.0448,2.986667
53.75,24.15339,0.0448,82.88741,2.986667,0.0448,2.986667
53.76,24.16611,0.0448,82.93105,2.986667,0.0448,2.986667
53.77,24.17088,0.0448,82.9474,2.986667,0.0448,2.986667
53.78,24.17406,0.04483333,82.95832,2.988889,0.04483333,2.988889
53.79,24.18995,0.04483333,83.01286,2.988889,0.04483333,2.988889
53.8,24.21061,0.04483333,83.08377,2.988889,0.04483333,2.988889
53.81,24.21379,0.04483333,83.09468,2.988889,0.04483333,2.988889
53.82,24.19949,0.04486667,83.04559,2.991111,0.04486667,2.991111
53.83,24.19154,0.04486667,83.01831,2.991111,0.04486667,2.991111
53.84,24.19472,0.04486667,83.02923,2.991111,0.04486667,2.991111
53.85,24.19154,0.04486667,83.01831,2.991111,0.04486667,2.991111
53.86,24.18995,0.0449,83.01286,2.993333,0.0449,2.993333
53.87,24.20267,0.0449,83.0565,2.993333,0.0449,2.993333
53.88,24.2281,0.0449,83.14377,2.993333,0.0449,2.993333
53.89,24.24717,0.0449,83.20923,2.993333,0.0449,2.993333
53.9,24.24399,0.04493333,83.19831,2.995556,0.04493333,2.995556
53.91,24.23128,0.04493333,83.15468,2.995556,0.04493333,2.995556
53.92,24.22015,0.04493333,83.11649,2.995556,0.04493333,2.995556
53.93,24.22333,0.04493333,83.1274,2.995556,0.04493333,2.995556
53.94,24.22333,0.04496667,83.1274,2.997778,0.04496667,2.997778
53.95,24.22651,0.04496667,83.13832,2.997778,0.04496667,2.997778
53.96,24.23604,0.04496667,83.17104,2.997778,0.04496667,2.997778
53.97,24.25194,0.04496667,83.22559,2.997778,0.04496667,2.997778
53.98,24.26783,0.045,83.28013,3.0,0.045,3.0
53.99,24.28373,0.045,83.33468,3.0,0.045,3.0
54.0,24.29644,0.045,83.37831,3.0,0.045,3.0
54.01,24.31234,0.045,83.43286,3.0,0.045,3.0
54.02,24.31393,0.04503334,83.43832,3.002222,0.04503334,3.002222
54.03,24.30439,0.04503334,83.40559,3.002222,0.04503334,3.002222
54.04,24.28055,0.04503334,83.32377,3.002222,0.04503334,3.002222
54.05,24.26465,0.04503334,83.26923,3.002222,0.04503334,3.002222
54.06,24.26783,0.04506667,83.28013,3.004444,0.04506667,3.004444
54.07,24.27737,0.04506667,83.31286,3.004444,0.04506667,3.004444
54.08,24.2885,0.04506667,83.35104,3.004444,0.04506667,3.004444
54.09,24.29962,0.04506667,83.38923,3.004444,0.04506667,3.004444
54.1,24.31234,0.0451,83.43286,3.006667,0.0451,3.006667
54.11,24.32028,0.0451,83.46013,3.006667,0.0451,3.006667
54.12,24.31711,0.0451,83.44923,3.006667,0.0451,3.006667
54.13,24.31393,0.0451,83.43832,3.006667,0.0451,3.006667
54.14,24.32028,0.04513333,83.46013,3.008889,0.04513333,3.008889
54.15,24.32823,0.04513333,83.4874,3.008889,0.04513333,3.008889
54.16,24.33777,0.04513333,83.52013,3.008889,0.04513333,3.008889
54.17,24.34572,0.04513333,83.54741,3.008889,0.04513333,3.008889
54.18,24.34889,0.04516667,83.55831,3.011111,0.04516667,3.011111
54.19,24.34254,0.04516667,83.5365,3.011111,0.04516667,3.011111
54.2,24.34254,0.04516667,83.5365,3.011111,0.04516667,3.011111
54.21,24.34889,0.04516667,83.55831,3.011111,0.04516667,3.011111
54.22,24.35048,0.0452,83.56377,3.013333,0.0452,3.013333
54.23,24.34889,0.0452,83.55831,3.013333,0.0452,3.013333
54.24,24.35048,0.0452,83.56377,3.013333,0.0452,3.013333
54.25,24.36956,0.0452,83.62923,3.013333,0.0452,3.013333
54.26,24.3934,0.04523334,83.71104,3.015556,0.04523334,3.015556
54.27,24.40294,0.04523334,83.74377,3.015556,0.04523334,3.015556
54.28,24.39499,0.04523334,83.7165,3.015556,0.04523334,3.015556
54.29,24.38704,0.04523334,83.68922,3.015556,0.04523334,3.015556
54.3,24.39499,0.04526667,83.7165,3.017778,0.04526667,3.017778
54.31,24.41406,0.04526667,83.78195,3.017778,0.04526667,3.017778
54.32,24.42678,0.04526667,83.82559,3.017778,0.04526667,3.017778
54.33,24.42678,0.04526667,83.82559,3.017778,0.04526667,3.017778
54.34,24.41565,0.0453,83.78741,3.02,0.0453,3.02
54.35,24.41406,0.0453,83.78195,3.02,0.0453,3.02
54.36,24.42201,0.0453,83.80923,3.02,0.0453,3.02
54.37,24.42837,0.0453,83.83105,3.02,0.0453,3.02
54.38,24.4236,0.04533333,83.81468,3.022222,0.04533333,3.022222
54.39,24.41565,0.04533333,83.78741,3.022222,0.04533333,3.022222
54.4,24.41406,0.04533333,83.78195,3.022222,0.04533333,3.022222
54.41,24.4236,0.04533333,83.81468,3.022222,0.04533333,3.022222
54.42,24.44426,0.04536667,83.88559,3.024445,0.04536667,3.024445
54.43,24.46016,0.04536667,83.94014,3.024445,0.04536667,3.024445
54.44,24.4681,0.04536667,83.96741,3.024445,0.04536667,3.024445
54.45,24.46493,0.04536667,83.9565,3.024445,0.04536667,3.024445
54.46,24.46493,0.0454,83.9565,3.026667,0.0454,3.026667
54.47,24.47923,0.0454,84.00559,3.026667,0.0454,3.026667
54.48,24.49671,0.0454,84.06559,3.026667,0.0454,3.026667
54.49,24.50943,0.0454,84.10923,3.026667,0.0454,3.026667
54.5,24.51738,0.04543334,84.13651,3.028889,0.04543334,3.028889
54.51,24.52215,0.04543334,84.15286,3.028889,0.04543334,3.028889
54.52,24.52215,0.04543334,84.15286,3.028889,0.04543334,3.028889
54.53,24.52532,0.04543334,84.16377,3.028889,0.04543334,3.028889
54.54,24.53009,0.04546667,84.18013,3.031111,0.04546667,3.031111
54.55,24.53327,0.04546667,84.19105,3.031111,0.04546667,3.031111
54.56,24.53327,0.04546667,84.19105,3.031111,0.04546667,3.031111
54.57,24.53645,0.04546667,84.20196,3.031111,0.04546667,3.031111
54.58,24.54281,0.0455,84.22377,3.033333,0.0455,3.033333
54.59,24.55076,0.0455,84.25105,3.033333,0.0455,3.033333
54.6,24.55711,0.0455,84.27287,3.033333,0.0455,3.033333
54.61,24.56665,0.0455,84.30559,3.033333,0.0455,3.033333
54.62,24.57778,0.04553333,84.34377,3.035556,0.04553333,3.035556
54.63,24.58572,0.04553333,84.37105,3.035556,0.04553333,3.035556
54.64,24.59367,0.04553333,84.39832,3.035556,0.04553333,3.035556
54.65,24.60003,0.04553333,84.42014,3.035556,0.04553333,3.035556
54.66,24.59526,0.04556667,84.40377,3.037778,0.04556667,3.037778
54.67,24.58572,0.04556667,84.37105,3.037778,0.04556667,3.037778
54.68,24.57142,0.04556667,84.32195,3.037778,0.04556667,3.037778
54.69,24.5587,0.04556667,84.27831,3.037778,0.04556667,3.037778
54.7,24.54599,0.0456,84.23468,3.04,0.0456,3.04
54.71,24.54917,0.0456,84.24559,3.04,0.0456,3.04
54.72,24.56665,0.0456,84.30559,3.04,0.0456,3.04
54.73,24.59049,0.0456,84.38741,3.04,0.0456,3.04
54.74,24.61115,0.04563333,84.45831,3.042222,0.04563333,3.042222
54.75,24.62864,0.04563333,84.51832,3.042222,0.04563333,3.042222
54.76,24.635,0.04563333,84.54013,3.042222,0.04563333,3.042222
54.77,24.62864,0.04563333,84.51832,3.042222,0.04563333,3.042222
54.78,24.62228,0.04566667,84.49651,3.044445,0.04566667,3.044445
54.79,24.62387,0.04566667,84.50195,3.044445,0.04566667,3.044445
54.8,24.62387,0.04566667,84.50195,3.044445,0.04566667,3.044445
54.81,24.62387,0.04566667,84.50195,3.044445,0.04566667,3.044445
54.82,24.62705,0.0457,84.51286,3.046667,0.0457,3.046667
54.83,24.63976,0.0457,84.5565,3.046667,0.0457,3.046667
54.84,24.65566,0.0457,84.61105,3.046667,0.0457,3.046667
54.85,24.6652,0.0457,84.64378,3.046667,0.0457,3.046667
54.86,24.6795,0.04573333,84.69286,3.048889,0.04573333,3.048889
54.87,24.69222,0.04573333,84.7365,3.048889,0.04573333,3.048889
54.88,24.69699,0.04573333,84.75286,3.048889,0.04573333,3.048889
54.89,24.69222,0.04573333,84.7365,3.048889,0.04573333,3.048889
54.9,24.68427,0.04576667,84.70923,3.051111,0.04576667,3.051111
54.91,24.6795,0.04576667,84.69286,3.051111,0.04576667,3.051111
54.92,24.68109,0.04576667,84.69832,3.051111,0.04576667,3.051111
54.93,24.69381,0.04576667,84.74196,3.051111,0.04576667,3.051111
54.94,24.70811,0.0458,84.79105,3.053333,0.0458,3.053333
54.95,24.72083,0.0458,84.83468,3.053333,0.0458,3.053333
54.96,24.72878,0.0458,84.86195,3.053333,0.0458,3.053333
54.97,24.72878,0.0458,84.86195,3.053333,0.0458,3.053333
54.98,24.72878,0.04583333,84.86195,3.055556,0.04583333,3.055556
54.99,24.73354,0.04583333,84.87832,3.055556,0.04583333,3.055556
55.0,24.73831,0.04583333,84.89468,3.055556,0.04583333,3.055556
55.01,24.73831,0.04583333,84.89468,3.055556,0.04583333,3.055556
55.02,24.73354,0.04586667,84.87832,3.057778,0.04586667,3.057778
55.03,24.73354,0.04586667,84.87832,3.057778,0.04586667,3.057778
55.04,24.74626,0.04586667,84.92196,3.057778,0.04586667,3.057778
55.05,24.77487,0.04586667,85.02014,3.057778,0.04586667,3.057778
55.06,24.80348,0.0459,85.11832,3.06,0.0459,3.06
55.07,24.81143,0.0459,85.14559,3.06,0.0459,3.06
55.08,24.80348,0.0459,85.11832,3.06,0.0459,3.06
55.09,24.79394,0.0459,85.08559,3.06,0.0459,3.06
55.1,24.79553,0.04593333,85.09105,3.062222,0.04593333,3.062222
55.11,24.80825,0.04593333,85.13468,3.062222,0.04593333,3.062222
55.12,24.8305,0.04593333,85.21104,3.062222,0.04593333,3.062222
55.13,24.85593,0.04593333,85.29832,3.062222,0.04593333,3.062222
55.14,24.87659,0.04596667,85.36923,3.064444,0.04596667,3.064444
55.15,24.88931,0.04596667,85.41286,3.064444,0.04596667,3.064444
55.16,24.89408,0.04596667,85.42923,3.064444,0.04596667,3.064444
55.17,24.89726,0.04596667,85.44013,3.064444,0.04596667,3.064444
55.18,24.89249,0.046,85.42377,3.066667,0.046,3.066667
55.19,24.87977,0.046,85.38014,3.066667,0.046,3.066667
55.2,24.86547,0.046,85.33105,3.066667,0.046,3.066667
55.21,24.85911,0.046,85.30923,3.066667,0.046,3.066667
55.22,24.85911,0.04603333,85.30923,3.068889,0.04603333,3.068889
55.23,24.8607,0.04603333,85.31468,3.068889,0.04603333,3.068889
55.24,24.87183,0.04603333,85.35287,3.068889,0.04603333,3.068889
55.25,24.88454,0.04603333,85.39651,3.068889,0.04603333,3.068889
55.26,24.89726,0.04606667,85.44013,3.071111,0.04606667,3.071111
55.27,24.90997,0.04606667,85.48377,3.071111,0.04606667,3.071111
55.28,24.92905,0.04606667,85.54923,3.071111,0.04606667,3.071111
55.29,24.94494,0.04606667,85.60378,3.071111,0.04606667,3.071111
55.3,24.9513,0.0461,85.6256,3.073334,0.0461,3.073334
55.31,24.9513,0.0461,85.6256,3.073334,0.0461,3.073334
55.32,24.94971,0.0461,85.62013,3.073334,0.0461,3.073334
55.33,24.93858,0.0461,85.58195,3.073334,0.0461,3.073334
55.34,24.9211,0.04613334,85.52196,3.075556,0.04613334,3.075556
55.35,24.91792,0.04613334,85.51105,3.075556,0.04613334,3.075556
55.36,24.93858,0.04613334,85.58195,3.075556,0.04613334,3.075556
55.37,24.97037,0.04613334,85.69105,3.075556,0.04613334,3.075556
55.38,24.99104,0.04616667,85.76196,3.077778,0.04616667,3.077778
55.39,24.9958,0.04616667,85.77832,3.077778,0.04616667,3.077778
55.4,24.99898,0.04616667,85.78923,3.077778,0.04616667,3.077778
55.41,25.00375,0.04616667,85.8056,3.077778,0.04616667,3.077778
55.42,25.00216,0.0462,85.80013,3.08,0.0462,3.08
55.43,25.00375,0.0462,85.8056,3.08,0.0462,3.08
55.44,25.02441,0.0462,85.8765,3.08,0.0462,3.08
55.45,25.05144,0.0462,85.96923,3.08,0.0462,3.08
55.46,25.06574,0.04623333,86.01833,3.082222,0.04623333,3.082222
55.47,25.0721,0.04623333,86.04014,3.082222,0.04623333,3.082222
55.48,25.06415,0.04623333,86.01286,3.082222,0.04623333,3.082222
55.49,25.04826,0.04623333,85.95832,3.082222,0.04623333,3.082222
55.5,25.04031,0.04626667,85.93105,3.084445,0.04626667,3.084445
55.51,25.04826,0.04626667,85.95832,3.084445,0.04626667,3.084445
55.52,25.06097,0.04626667,86.00196,3.084445,0.04626667,3.084445
55.53,25.06892,0.04626667,86.02923,3.084445,0.04626667,3.084445
55.54,25.07369,0.0463,86.04559,3.086667,0.0463,3.086667
55.55,25.07687,0.0463,86.0565,3.086667,0.0463,3.086667
55.56,25.08005,0.0463,86.06741,3.086667,0.0463,3.086667
55.57,25.08481,0.0463,86.08378,3.086667,0.0463,3.086667
55.58,25.08958,0.04633334,86.10014,3.088889,0.04633334,3.088889
55.59,25.09276,0.04633334,86.11105,3.088889,0.04633334,3.088889
55.6,25.09276,0.04633334,86.11105,3.088889,0.04633334,3.088889
55.61,25.09276,0.04633334,86.11105,3.088889,0.04633334,3.088889
55.62,25.09435,0.04636667,86.11651,3.091111,0.04636667,3.091111
55.63,25.10866,0.04636667,86.1656,3.091111,0.04636667,3.091111
55.64,25.12137,0.04636667,86.20923,3.091111,0.04636667,3.091111
55.65,25.12137,0.04636667,86.20923,3.091111,0.04636667,3.091111
55.66,25.1166,0.0464,86.19286,3.093333,0.0464,3.093333
55.67,25.10866,0.0464,86.1656,3.093333,0.0464,3.093333
55.68,25.09753,0.0464,86.12741,3.093333,0.0464,3.093333
55.69,25.08958,0.0464,86.10014,3.093333,0.0464,3.093333
55.7,25.09753,0.04643333,86.12741,3.095556,0.04643333,3.095556
55.71,25.11819,0.04643333,86.19833,3.095556,0.04643333,3.095556
55.72,25.13409,0.04643333,86.25287,3.095556,0.04643333,3.095556
55.73,25.1468,0.04643333,86.29651,3.095556,0.04643333,3.095556
55.74,25.16588,0.04646667,86.36196,3.097778,0.04646667,3.097778
55.75,25.18654,0.04646667,86.43287,3.097778,0.04646667,3.097778
55.76,25.19131,0.04646667,86.44923,3.097778,0.04646667,3.097778
55.77,25.18018,0.04646667,86.41105,3.097778,0.04646667,3.097778
55.78,25.17859,0.0465,86.40559,3.1,0.0465,3.1
55.79,25.18018,0.0465,86.41105,3.1,0.0465,3.1
55.8,25.18018,0.0465,86.41105,3.1,0.0465,3.1
55.81,25.18018,0.0465,86.41105,3.1,0.0465,3.1
55.82,25.19131,0.04653334,86.44923,3.102222,0.04653334,3.102222
55.83,25.2072,0.04653334,86.50378,3.102222,0.04653334,3.102222
55.84,25.21992,0.04653334,86.54741,3.102222,0.04653334,3.102222
55.85,25.22469,0.04653334,86.56377,3.102222,0.04653334,3.102222
55.86,25.22787,0.04656667,86.57468,3.104445,0.04656667,3.104445
55.87,25.23263,0.04656667,86.59105,3.104445,0.04656667,3.104445
55.88,25.2374,0.04656667,86.60741,3.104445,0.04656667,3.104445
55.89,25.23263,0.04656667,86.59105,3.104445,0.04656667,3.104445
55.9,25.21992,0.0466,86.54741,3.106667,0.0466,3.106667
55.91,25.21674,0.0466,86.5365,3.106667,0.0466,3.106667
55.92,25.2231,0.0466,86.55833,3.106667,0.0466,3.106667
55.93,25.22787,0.0466,86.57468,3.106667,0.0466,3.106667
55.94,25.23104,0.04663333,86.58559,3.108889,0.04663333,3.108889
55.95,25.24058,0.04663333,86.61832,3.108889,0.04663333,3.108889
55.96,25.25171,0.04663333,86.65651,3.108889,0.04663333,3.108889
55.97,25.25648,0.04663333,86.67287,3.108889,0.04663333,3.108889
55.98,25.26124,0.04666667,86.68923,3.111111,0.04666667,3.111111
55.99,25.27237,0.04666667,86.72741,3.111111,0.04666667,3.111111
56.0,25.29621,0.04666667,86.80923,3.111111,0.04666667,3.111111
56.01,25.31846,0.04666667,86.8856,3.111111,0.04666667,3.111111
56.02,25.33754,0.0467,86.95105,3.113333,0.0467,3.113333
56.03,25.34231,0.0467,86.96741,3.113333,0.0467,3.113333
56.04,25.33913,0.0467,86.9565,3.113333,0.0467,3.113333
56.05,25.34231,0.0467,86.96741,3.113333,0.0467,3.113333
56.06,25.34548,0.04673333,86.97832,3.115556,0.04673333,3.115556
56.07,25.33913,0.04673333,86.9565,3.115556,0.04673333,3.115556
56.08,25.32482,0.04673333,86.90741,3.115556,0.04673333,3.115556
56.09,25.31052,0.04673333,86.85832,3.115556,0.04673333,3.115556
56.1,25.30893,0.04676667,86.85287,3.117778,0.04676667,3.117778
56.11,25.3137,0.04676667,86.86923,3.117778,0.04676667,3.117778
56.12,25.32641,0.04676667,86.91286,3.117778,0.04676667,3.117778
56.13,25.34231,0.04676667,86.96741,3.117778,0.04676667,3.117778
56.14,25.3582,0.0468,87.02196,3.12,0.0468,3.12
56.15,25.36297,0.0468,87.03832,3.12,0.0468,3.12
56.16,25.35502,0.0468,87.01105,3.12,0.0468,3.12
56.17,25.33754,0.0468,86.95105,3.12,0.0468,3.12
56.18,25.32641,0.04683333,86.91286,3.122222,0.04683333,3.122222
56.19,25.33754,0.04683333,86.95105,3.122222,0.04683333,3.122222
56.2,25.36297,0.04683333,87.03832,3.122222,0.04683333,3.122222
56.21,25.3884,0.04683333,87.1256,3.122222,0.04683333,3.122222
56.22,25.40429,0.04686667,87.18015,3.124444,0.04686667,3.124444
56.23,25.41701,0.04686667,87.22378,3.124444,0.04686667,3.124444
56.24,25.41701,0.04686667,87.22378,3.124444,0.04686667,3.124444
56.25,25.41224,0.04686667,87.20741,3.124444,0.04686667,3.124444
56.26,25.41224,0.0469,87.20741,3.126667,0.0469,3.126667
56.27,25.41701,0.0469,87.22378,3.126667,0.0469,3.126667
56.28,25.42337,0.0469,87.2456,3.126667,0.0469,3.126667
56.29,25.41701,0.0469,87.22378,3.126667,0.0469,3.126667
56.3,25.41065,0.04693333,87.20196,3.128889,0.04693333,3.128889
56.31,25.40747,0.04693333,87.19105,3.128889,0.04693333,3.128889
56.32,25.41065,0.04693333,87.20196,3.128889,0.04693333,3.128889
56.33,25.41542,0.04693333,87.21832,3.128889,0.04693333,3.128889
56.34,25.41701,0.04696667,87.22378,3.131111,0.04696667,3.131111
56.35,25.41701,0.04696667,87.22378,3.131111,0.04696667,3.131111
56.36,25.42814,0.04696667,87.26196,3.131111,0.04696667,3.131111
56.37,25.44562,0.04696667,87.32196,3.131111,0.04696667,3.131111
56.38,25.46787,0.047,87.39832,3.133333,0.047,3.133333
56.39,25.48059,0.047,87.44196,3.133333,0.047,3.133333
56.4,25.48536,0.047,87.45833,3.133333,0.047,3.133333
56.41,25.47741,0.047,87.43105,3.133333,0.047,3.133333
56.42,25.46787,0.04703333,87.39832,3.135556,0.04703333,3.135556
56.43,25.46152,0.04703333,87.37651,3.135556,0.04703333,3.135556
56.44,25.46469,0.04703333,87.38741,3.135556,0.04703333,3.135556
56.45,25.48059,0.04703333,87.44196,3.135556,0.04703333,3.135556
56.46,25.50125,0.04706667,87.51287,3.137778,0.04706667,3.137778
56.47,25.50602,0.04706667,87.52924,3.137778,0.04706667,3.137778
56.48,25.50602,0.04706667,87.52924,3.137778,0.04706667,3.137778
56.49,25.50284,0.04706667,87.51832,3.137778,0.04706667,3.137778
56.5,25.50125,0.0471,87.51287,3.14,0.0471,3.14
56.51,25.50125,0.0471,87.51287,3.14,0.0471,3.14
56.52,25.50284,0.0471,87.51832,3.14,0.0471,3.14
56.53,25.5092,0.0471,87.54015,3.14,0.0471,3.14
56.54,25.52509,0.04713333,87.59469,3.142222,0.04713333,3.142222
56.55,25.5394,0.04713333,87.64378,3.142222,0.04713333,3.142222
56.56,25.54576,0.04713333,87.6656,3.142222,0.04713333,3.142222
56.57,25.53463,0.04713333,87.62741,3.142222,0.04713333,3.142222
56.58,25.52668,0.04716667,87.60014,3.144444,0.04716667,3.144444
56.59,25.53781,0.04716667,87.63833,3.144444,0.04716667,3.144444
56.6,25.56006,0.04716667,87.71468,3.144444,0.04716667,3.144444
56.61,25.57437,0.04716667,87.76378,3.144444,0.04716667,3.144444
56.62,25.56801,0.0472,87.74196,3.146667,0.0472,3.146667
56.63,25.56006,0.0472,87.71468,3.146667,0.0472,3.146667
56.64,25.55529,0.0472,87.69832,3.146667,0.0472,3.146667
56.65,25.55529,0.0472,87.69832,3.146667,0.0472,3.146667
56.66,25.56642,0.04723334,87.7365,3.148889,0.04723334,3.148889
56.67,25.58867,0.04723334,87.81287,3.148889,0.04723334,3.148889
56.68,25.61092,0.04723334,87.88924,3.148889,0.04723334,3.148889
56.69,25.61569,0.04723334,87.90559,3.148889,0.04723334,3.148889
56.7,25.60457,0.04726667,87.86742,3.151111,0.04726667,3.151111
56.71,25.59503,0.04726667,87.83469,3.151111,0.04726667,3.151111
56.72,25.59185,0.04726667,87.82378,3.151111,0.04726667,3.151111
56.73,25.61251,0.04726667,87.89468,3.151111,0.04726667,3.151111
56.74,25.64589,0.0473,88.00923,3.153333,0.0473,3.153333
56.75,25.67291,0.0473,88.10196,3.153333,0.0473,3.153333
56.76,25.67768,0.0473,88.11832,3.153333,0.0473,3.153333
56.77,25.66973,0.0473,88.09105,3.153333,0.0473,3.153333
56.78,25.66179,0.04733333,88.06378,3.155555,0.04733333,3.155555
56.79,25.65384,0.04733333,88.03651,3.155555,0.04733333,3.155555
56.8,25.64907,0.04733333,88.02014,3.155555,0.04733333,3.155555
56.81,25.6602,0.04733333,88.05832,3.155555,0.04733333,3.155555
56.82,25.68086,0.04736667,88.12923,3.157778,0.04736667,3.157778
56.83,25.69834,0.04736667,88.18923,3.157778,0.04736667,3.157778
56.84,25.70311,0.04736667,88.2056,3.157778,0.04736667,3.157778
56.85,25.70311,0.04736667,88.2056,3.157778,0.04736667,3.157778
56.86,25.70947,0.0474,88.22742,3.16,0.0474,3.16
56.87,25.71424,0.0474,88.24378,3.16,0.0474,3.16
56.88,25.71901,0.0474,88.26015,3.16,0.0474,3.16
56.89,25.72536,0.0474,88.28196,3.16,0.0474,3.16
56.9,25.72695,0.04743334,88.28741,3.162222,0.04743334,3.162222
56.91,25.73013,0.04743334,88.29832,3.162222,0.04743334,3.162222
56.92,25.7349,0.04743334,88.31469,3.162222,0.04743334,3.162222
56.93,25.74603,0.04743334,88.35287,3.162222,0.04743334,3.162222
56.94,25.75397,0.04746667,88.38014,3.164444,0.04746667,3.164444
56.95,25.75556,0.04746667,88.3856,3.164444,0.04746667,3.164444
56.96,25.76669,0.04746667,88.42378,3.164444,0.04746667,3.164444
56.97,25.77623,0.04746667,88.4565,3.164444,0.04746667,3.164444
56.98,25.77623,0.0475,88.4565,3.166667,0.0475,3.166667
56.99,25.76033,0.0475,88.40196,3.166667,0.0475,3.166667
57.0,25.74603,0.0475,88.35287,3.166667,0.0475,3.166667
57.01,25.74762,0.0475,88.35833,3.166667,0.0475,3.166667
57.02,25.75874,0.04753333,88.39651,3.168889,0.04753333,3.168889
57.03,25.76828,0.04753333,88.42924,3.168889,0.04753333,3.168889
57.04,25.76669,0.04753333,88.42378,3.168889,0.04753333,3.168889
57.05,25.76828,0.04753333,88.42924,3.168889,0.04753333,3.168889
57.06,25.78735,0.04756667,88.49469,3.171111,0.04756667,3.171111
57.07,25.81278,0.04756667,88.58196,3.171111,0.04756667,3.171111
57.08,25.83186,0.04756667,88.64742,3.171111,0.04756667,3.171111
57.09,25.83345,0.04756667,88.65287,3.171111,0.04756667,3.171111
57.1,25.8255,0.0476,88.6256,3.173333,0.0476,3.173333
57.11,25.81914,0.0476,88.60378,3.173333,0.0476,3.173333
57.12,25.82391,0.0476,88.62015,3.173333,0.0476,3.173333
57.13,25.84139,0.0476,88.68014,3.173333,0.0476,3.173333
57.14,25.85411,0.04763333,88.72378,3.175556,0.04763333,3.175556
57.15,25.84775,0.04763333,88.70197,3.175556,0.04763333,3.175556
57.16,25.84457,0.04763333,88.69106,3.175556,0.04763333,3.175556
57.17,25.86047,0.04763333,88.7456,3.175556,0.04763333,3.175556
57.18,25.87795,0.04766667,88.8056,3.177778,0.04766667,3.177778
57.19,25.87636,0.04766667,88.80015,3.177778,0.04766667,3.177778
57.2,25.86524,0.04766667,88.76196,3.177778,0.04766667,3.177778
57.21,25.87,0.04766667,88.77832,3.177778,0.04766667,3.177778
57.22,25.8859,0.0477,88.83287,3.18,0.0477,3.18
57.23,25.8859,0.0477,88.83287,3.18,0.0477,3.18
57.24,25.87,0.0477,88.77832,3.18,0.0477,3.18
57.25,25.85411,0.0477,88.72378,3.18,0.0477,3.18
57.26,25.85411,0.04773333,88.72378,3.182222,0.04773333,3.182222
57.27,25.87318,0.04773333,88.78924,3.182222,0.04773333,3.182222
57.28,25.89703,0.04773333,88.87106,3.182222,0.04773333,3.182222
57.29,25.91133,0.04773333,88.92014,3.182222,0.04773333,3.182222
57.3,25.91451,0.04776667,88.93105,3.184444,0.04776667,3.184444
57.31,25.91133,0.04776667,88.92014,3.184444,0.04776667,3.184444
57.32,25.91769,0.04776667,88.94196,3.184444,0.04776667,3.184444
57.33,25.92723,0.04776667,88.97469,3.184444,0.04776667,3.184444
57.34,25.9304,0.0478,88.9856,3.186667,0.0478,3.186667
57.35,25.9304,0.0478,88.9856,3.186667,0.0478,3.186667
57.36,25.92723,0.0478,88.97469,3.186667,0.0478,3.186667
57.37,25.92564,0.0478,88.96924,3.186667,0.0478,3.186667
57.38,25.93358,0.04783333,88.99651,3.188889,0.04783333,3.188889
57.39,25.9463,0.04783333,89.04014,3.188889,0.04783333,3.188889
57.4,25.95901,0.04783333,89.08378,3.188889,0.04783333,3.188889
57.41,25.96378,0.04783333,89.10014,3.188889,0.04783333,3.188889
57.42,25.96378,0.04786667,89.10014,3.191111,0.04786667,3.191111
57.43,25.96219,0.04786667,89.09469,3.191111,0.04786667,3.191111
57.44,25.95901,0.04786667,89.08378,3.191111,0.04786667,3.191111
57.45,25.96219,0.04786667,89.09469,3.191111,0.04786667,3.191111
57.46,25.96855,0.0479,89.11651,3.193333,0.0479,3.193333
57.47,25.97968,0.0479,89.15469,3.193333,0.0479,3.193333
57.48,25.97968,0.0479,89.15469,3.193333,0.0479,3.193333
57.49,25.97173,0.0479,89.12742,3.193333,0.0479,3.193333
57.5,25.97491,0.04793333,89.13832,3.195555,0.04793333,3.195555
57.51,25.98763,0.04793333,89.18196,3.195555,0.04793333,3.195555
57.52,26.00034,0.04793333,89.2256,3.195555,0.04793333,3.195555
57.53,26.00511,0.04793333,89.24197,3.195555,0.04793333,3.195555
57.54,26.01306,0.04796667,89.26923,3.197778,0.04796667,3.197778
57.55,26.021,0.04796667,89.29651,3.197778,0.04796667,3.197778
57.56,26.02418,0.04796667,89.30742,3.197778,0.04796667,3.197778
57.57,26.02895,0.04796667,89.32378,3.197778,0.04796667,3.197778
57.58,26.04008,0.048,89.36196,3.2,0.048,3.2
57.59,26.06074,0.048,89.43287,3.2,0.048,3.2
57.6,26.0814,0.048,89.50378,3.2,0.048,3.2
57.61,26.09094,0.048,89.53651,3.2,0.048,3.2
57.62,26.09412,0.04803333,89.54742,3.202222,0.04803333,3.202222
57.63,26.09094,0.04803333,89.53651,3.202222,0.04803333,3.202222
57.64,26.08299,0.04803333,89.50923,3.202222,0.04803333,3.202222
57.65,26.08299,0.04803333,89.50923,3.202222,0.04803333,3.202222
57.66,26.09412,0.04806667,89.54742,3.204445,0.04806667,3.204445
57.67,26.10525,0.04806667,89.5856,3.204445,0.04806667,3.204445
57.68,26.11001,0.04806667,89.60197,3.204445,0.04806667,3.204445
57.69,26.11478,0.04806667,89.61833,3.204445,0.04806667,3.204445
57.7,26.11796,0.0481,89.62923,3.206667,0.0481,3.206667
57.71,26.12591,0.0481,89.65651,3.206667,0.0481,3.206667
57.72,26.13068,0.0481,89.67287,3.206667,0.0481,3.206667
57.73,26.13068,0.0481,89.67287,3.206667,0.0481,3.206667
57.74,26.13386,0.04813333,89.68378,3.208889,0.04813333,3.208889
57.75,26.14021,0.04813333,89.7056,3.208889,0.04813333,3.208889
57.76,26.14657,0.04813333,89.72742,3.208889,0.04813333,3.208889
57.77,26.13862,0.04813333,89.70015,3.208889,0.04813333,3.208889
57.78,26.12273,0.04816667,89.6456,3.211111,0.04816667,3.211111
57.79,26.1116,0.04816667,89.60741,3.211111,0.04816667,3.211111
57.8,26.1116,0.04816667,89.60741,3.211111,0.04816667,3.211111
57.81,26.12273,0.04816667,89.6456,3.211111,0.04816667,3.211111
57.82,26.13386,0.0482,89.68378,3.213333,0.0482,3.213333
57.83,26.13544,0.0482,89.68923,3.213333,0.0482,3.213333
57.84,26.13068,0.0482,89.67287,3.213333,0.0482,3.213333
57.85,26.13068,0.0482,89.67287,3.213333,0.0482,3.213333
57.86,26.14021,0.04823333,89.7056,3.215556,0.04823333,3.215556
57.87,26.15134,0.04823333,89.74378,3.215556,0.04823333,3.215556
57.88,26.16723,0.04823333,89.79833,3.215556,0.04823333,3.215556
57.89,26.1879,0.04823333,89.86923,3.215556,0.04823333,3.215556
57.9,26.20856,0.04826667,89.94014,3.217778,0.04826667,3.217778
57.91,26.22445,0.04826667,89.99469,3.217778,0.04826667,3.217778
57.92,26.23399,0.04826667,90.02742,3.217778,0.04826667,3.217778
57.93,26.24035,0.04826667,90.04923,3.217778,0.04826667,3.217778
57.94,26.2324,0.0483,90.02197,3.22,0.0483,3.22
57.95,26.22128,0.0483,89.98378,3.22,0.0483,3.22
57.96,26.22128,0.0483,89.98378,3.22,0.0483,3.22
57.97,26.22922,0.0483,90.01105,3.22,0.0483,3.22
57.98,26.23717,0.04833334,90.03832,3.222222,0.04833334,3.222222
57.99,26.24194,0.04833334,90.05469,3.222222,0.04833334,3.222222
58.0,26.2483,0.04833334,90.07651,3.222222,0.04833334,3.222222
58.01,26.24512,0.04833334,90.0656,3.222222,0.04833334,3.222222
58.02,26.23399,0.04836667,90.02742,3.224444,0.04836667,3.224444
58.03,26.22128,0.04836667,89.98378,3.224444,0.04836667,3.224444
58.04,26.22604,0.04836667,90.00014,3.224444,0.04836667,3.224444
58.05,26.25465,0.04836667,90.09833,3.224444,0.04836667,3.224444
58.06,26.29916,0.0484,90.25105,3.226667,0.0484,3.226667
58.07,26.3389,0.0484,90.38742,3.226667,0.0484,3.226667
58.08,26.35479,0.0484,90.44196,3.226667,0.0484,3.226667
58.09,26.34684,0.0484,90.41469,3.226667,0.0484,3.226667
58.1,26.33095,0.04843333,90.36015,3.228889,0.04843333,3.228889
58.11,26.32777,0.04843333,90.34924,3.228889,0.04843333,3.228889
58.12,26.33572,0.04843333,90.37651,3.228889,0.04843333,3.228889
58.13,26.3389,0.04843333,90.38742,3.228889,0.04843333,3.228889
58.14,26.3389,0.04846667,90.38742,3.231111,0.04846667,3.231111
58.15,26.34366,0.04846667,90.40379,3.231111,0.04846667,3.231111
58.16,26.34684,0.04846667,90.41469,3.231111,0.04846667,3.231111
58.17,26.34684,0.04846667,90.41469,3.231111,0.04846667,3.231111
58.18,26.34207,0.0485,90.39832,3.233333,0.0485,3.233333
58.19,26.34207,0.0485,90.39832,3.233333,0.0485,3.233333
58.2,26.3389,0.0485,90.38742,3.233333,0.0485,3.233333
58.21,26.34207,0.0485,90.39832,3.233333,0.0485,3.233333
58.22,26.35638,0.04853334,90.44742,3.235556,0.04853334,3.235556
58.23,26.37704,0.04853334,90.51833,3.235556,0.04853334,3.235556
58.24,26.39929,0.04853334,90.59469,3.235556,0.04853334,3.235556
58.25,26.41201,0.04853334,90.63833,3.235556,0.04853334,3.235556
58.26,26.41678,0.04856667,90.65469,3.237778,0.04856667,3.237778
58.27,26.40883,0.04856667,90.62742,3.237778,0.04856667,3.237778
58.28,26.39929,0.04856667,90.59469,3.237778,0.04856667,3.237778
58.29,26.39929,0.04856667,90.59469,3.237778,0.04856667,3.237778
58.3,26.41201,0.0486,90.63833,3.24,0.0486,3.24
58.31,26.43426,0.0486,90.71469,3.24,0.0486,3.24
58.32,26.44539,0.0486,90.75288,3.24,0.0486,3.24
58.33,26.44221,0.0486,90.74196,3.24,0.0486,3.24
58.34,26.44062,0.04863333,90.73651,3.242222,0.04863333,3.242222
58.35,26.44062,0.04863333,90.73651,3.242222,0.04863333,3.242222
58.36,26.43426,0.04863333,90.71469,3.242222,0.04863333,3.242222
58.37,26.43267,0.04863333,90.70924,3.242222,0.04863333,3.242222
58.38,26.43744,0.04866667,90.7256,3.244444,0.04866667,3.244444
58.39,26.45016,0.04866667,90.76923,3.244444,0.04866667,3.244444
58.4,26.46287,0.04866667,90.81287,3.244444,0.04866667,3.244444
58.41,26.474,0.04866667,90.85106,3.244444,0.04866667,3.244444
58.42,26.47877,0.0487,90.86742,3.246667,0.0487,3.246667
58.43,26.47877,0.0487,90.86742,3.246667,0.0487,3.246667
58.44,26.47082,0.0487,90.84014,3.246667,0.0487,3.246667
58.45,26.46128,0.0487,90.80742,3.246667,0.0487,3.246667
58.46,26.46605,0.04873333,90.82378,3.248889,0.04873333,3.248889
58.47,26.48195,0.04873333,90.87833,3.248889,0.04873333,3.248889
58.48,26.49148,0.04873333,90.91106,3.248889,0.04873333,3.248889
58.49,26.49148,0.04873333,90.91106,3.248889,0.04873333,3.248889
58.5,26.49466,0.04876667,90.92196,3.251111,0.04876667,3.251111
58.51,26.50261,0.04876667,90.94923,3.251111,0.04876667,3.251111
58.52,26.51373,0.04876667,90.98742,3.251111,0.04876667,3.251111
58.53,26.52327,0.04876667,91.02014,3.251111,0.04876667,3.251111
58.54,26.5344,0.0488,91.05833,3.253333,0.0488,3.253333
58.55,26.54394,0.0488,91.09106,3.253333,0.0488,3.253333
58.56,26.54711,0.0488,91.10196,3.253333,0.0488,3.253333
58.57,26.5487,0.0488,91.10742,3.253333,0.0488,3.253333
58.58,26.55983,0.04883333,91.1456,3.255556,0.04883333,3.255556
58.59,26.57572,0.04883333,91.20014,3.255556,0.04883333,3.255556
58.6,26.59162,0.04883333,91.25469,3.255556,0.04883333,3.255556
58.61,26.59162,0.04883333,91.25469,3.255556,0.04883333,3.255556
58.62,26.58049,0.04886667,91.21651,3.257778,0.04886667,3.257778
58.63,26.57255,0.04886667,91.18924,3.257778,0.04886667,3.257778
58.64,26.57731,0.04886667,91.2056,3.257778,0.04886667,3.257778
58.65,26.58526,0.04886667,91.23287,3.257778,0.04886667,3.257778
58.66,26.58526,0.0489,91.23287,3.26,0.0489,3.26
58.67,26.58844,0.0489,91.24378,3.26,0.0489,3.26
58.68,26.60116,0.0489,91.28742,3.26,0.0489,3.26
58.69,26.62023,0.0489,91.35287,3.26,0.0489,3.26
58.7,26.62977,0.04893333,91.3856,3.262222,0.04893333,3.262222
58.71,26.63453,0.04893333,91.40197,3.262222,0.04893333,3.262222
58.72,26.63453,0.04893333,91.40197,3.262222,0.04893333,3.262222
58.73,26.62977,0.04893333,91.3856,3.262222,0.04893333,3.262222
58.74,26.63453,0.04896667,91.40197,3.264445,0.04896667,3.264445
58.75,26.64566,0.04896667,91.44015,3.264445,0.04896667,3.264445
58.76,26.65361,0.04896667,91.46742,3.264445,0.04896667,3.264445
58.77,26.65361,0.04896667,91.46742,3.264445,0.04896667,3.264445
58.78,26.65361,0.049,91.46742,3.266667,0.049,3.266667
58.79,26.66155,0.049,91.49469,3.266667,0.049,3.266667
58.8,26.6695,0.049,91.52197,3.266667,0.049,3.266667
58.81,26.67745,0.049,91.54924,3.266667,0.049,3.266667
58.82,26.6854,0.04903333,91.57651,3.268889,0.04903333,3.268889
58.83,26.69176,0.04903333,91.59834,3.268889,0.04903333,3.268889
58.84,26.69176,0.04903333,91.59834,3.268889,0.04903333,3.268889
58.85,26.69493,0.04903333,91.60924,3.268889,0.04903333,3.268889
58.86,26.7156,0.04906667,91.68015,3.271111,0.04906667,3.271111
58.87,26.74739,0.04906667,91.78924,3.271111,0.04906667,3.271111
58.88,26.75692,0.04906667,91.82196,3.271111,0.04906667,3.271111
58.89,26.74739,0.04906667,91.78924,3.271111,0.04906667,3.271111
58.9,26.74421,0.0491,91.77834,3.273333,0.0491,3.273333
58.91,26.74898,0.0491,91.79469,3.273333,0.0491,3.273333
58.92,26.74262,0.0491,91.77287,3.273333,0.0491,3.273333
58.93,26.73149,0.0491,91.7347,3.273333,0.0491,3.273333
58.94,26.73467,0.04913333,91.74561,3.275556,0.04913333,3.275556
58.95,26.75215,0.04913333,91.8056,3.275556,0.04913333,3.275556
58.96,26.76805,0.04913333,91.86015,3.275556,0.04913333,3.275556
58.97,26.77917,0.04913333,91.89833,3.275556,0.04913333,3.275556
58.98,26.78076,0.04916667,91.90379,3.277778,0.04916667,3.277778
58.99,26.77282,0.04916667,91.87651,3.277778,0.04916667,3.277778
59.0,26.75533,0.04916667,91.81651,3.277778,0.04916667,3.277778
59.01,26.74421,0.04916667,91.77834,3.277778,0.04916667,3.277778
59.02,26.74898,0.0492,91.79469,3.28,0.0492,3.28
59.03,26.76328,0.0492,91.84379,3.28,0.0492,3.28
59.04,26.77917,0.0492,91.89833,3.28,0.0492,3.28
59.05,26.79189,0.0492,91.94197,3.28,0.0492,3.28
59.06,26.80143,0.04923333,91.97469,3.282222,0.04923333,3.282222
59.07,26.81255,0.04923333,92.01288,3.282222,0.04923333,3.282222
59.08,26.82527,0.04923333,92.05651,3.282222,0.04923333,3.282222
59.09,26.83798,0.04923333,92.10014,3.282222,0.04923333,3.282222
59.1,26.84116,0.04926667,92.11106,3.284444,0.04926667,3.284444
59.11,26.84275,0.04926667,92.11651,3.284444,0.04926667,3.284444
59.12,26.84275,0.04926667,92.11651,3.284444,0.04926667,3.284444
59.13,26.84593,0.04926667,92.12742,3.284444,0.04926667,3.284444
59.14,26.84911,0.0493,92.13834,3.286667,0.0493,3.286667
59.15,26.8507,0.0493,92.14378,3.286667,0.0493,3.286667
59.16,26.8507,0.0493,92.14378,3.286667,0.0493,3.286667
59.17,26.84911,0.0493,92.13834,3.286667,0.0493,3.286667
59.18,26.8507,0.04933333,92.14378,3.288889,0.04933333,3.288889
59.19,26.85865,0.04933333,92.17106,3.288889,0.04933333,3.288889
59.2,26.86977,0.04933333,92.20924,3.288889,0.04933333,3.288889
59.21,26.88249,0.04933333,92.25288,3.288889,0.04933333,3.288889
59.22,26.90315,0.04936667,92.32378,3.291111,0.04936667,3.291111
59.23,26.92223,0.04936667,92.38924,3.291111,0.04936667,3.291111
59.24,26.92699,0.04936667,92.4056,3.291111,0.04936667,3.291111
59.25,26.92699,0.04936667,92.4056,3.291111,0.04936667,3.291111
59.26,26.91587,0.0494,92.36742,3.293334,0.0494,3.293334
59.27,26.90633,0.0494,92.33469,3.293334,0.0494,3.293334
59.28,26.90315,0.0494,92.32378,3.293334,0.0494,3.293334
59.29,26.91428,0.0494,92.36196,3.293334,0.0494,3.293334
59.3,26.92699,0.04943334,92.4056,3.295556,0.04943334,3.295556
59.31,26.93176,0.04943334,92.42197,3.295556,0.04943334,3.295556
59.32,26.92858,0.04943334,92.41106,3.295556,0.04943334,3.295556
59.33,26.92381,0.04943334,92.39469,3.295556,0.04943334,3.295556
59.34,26.92381,0.04946667,92.39469,3.297778,0.04946667,3.297778
59.35,26.93176,0.04946667,92.42197,3.297778,0.04946667,3.297778
59.36,26.94289,0.04946667,92.46014,3.297778,0.04946667,3.297778
59.37,26.95084,0.04946667,92.48742,3.297778,0.04946667,3.297778
59.38,26.94448,0.0495,92.46561,3.3,0.0495,3.3
59.39,26.93653,0.0495,92.43833,3.3,0.0495,3.3
59.4,26.93653,0.0495,92.43833,3.3,0.0495,3.3
59.41,26.95084,0.0495,92.48742,3.3,0.0495,3.3
59.42,26.96832,0.04953333,92.54742,3.302222,0.04953333,3.302222
59.43,26.98898,0.04953333,92.61833,3.302222,0.04953333,3.302222
59.44,27.01283,0.04953333,92.70015,3.302222,0.04953333,3.302222
59.45,27.02236,0.04953333,92.73288,3.302222,0.04953333,3.302222
59.46,27.03349,0.04956667,92.77106,3.304445,0.04956667,3.304445
59.47,27.03826,0.04956667,92.78742,3.304445,0.04956667,3.304445
59.48,27.03667,0.04956667,92.78197,3.304445,0.04956667,3.304445
59.49,27.03349,0.04956667,92.77106,3.304445,0.04956667,3.304445
59.5,27.0462,0.0496,92.8147,3.306667,0.0496,3.306667
59.51,27.06687,0.0496,92.8856,3.306667,0.0496,3.306667
59.52,27.07958,0.0496,92.92924,3.306667,0.0496,3.306667
59.53,27.08753,0.0496,92.95651,3.306667,0.0496,3.306667
59.54,27.08753,0.04963334,92.95651,3.308889,0.04963334,3.308889
59.55,27.07163,0.04963334,92.90196,3.308889,0.04963334,3.308889
59.56,27.05415,0.04963334,92.84197,3.308889,0.04963334,3.308889
59.57,27.05415,0.04963334,92.84197,3.308889,0.04963334,3.308889
59.58,27.07163,0.04966667,92.90196,3.311111,0.04966667,3.311111
59.59,27.08276,0.04966667,92.94016,3.311111,0.04966667,3.311111
59.6,27.07799,0.04966667,92.92379,3.311111,0.04966667,3.311111
59.61,27.07799,0.04966667,92.92379,3.311111,0.04966667,3.311111
59.62,27.09389,0.0497,92.97833,3.313333,0.0497,3.313333
59.63,27.11455,0.0497,93.04924,3.313333,0.0497,3.313333
59.64,27.1225,0.0497,93.07652,3.313333,0.0497,3.313333
59.65,27.11614,0.0497,93.0547,3.313333,0.0497,3.313333
59.66,27.10342,0.04973333,93.01106,3.315556,0.04973333,3.315556
59.67,27.09389,0.04973333,92.97833,3.315556,0.04973333,3.315556
59.68,27.09548,0.04973333,92.98379,3.315556,0.04973333,3.315556
59.69,27.11137,0.04973333,93.03834,3.315556,0.04973333,3.315556
59.7,27.13203,0.04976667,93.10924,3.317778,0.04976667,3.317778
59.71,27.14793,0.04976667,93.16379,3.317778,0.04976667,3.317778
59.72,27.14793,0.04976667,93.16379,3.317778,0.04976667,3.317778
59.73,27.13521,0.04976667,93.12016,3.317778,0.04976667,3.317778
59.74,27.11932,0.0498,93.06561,3.32,0.0498,3.32
59.75,27.11932,0.0498,93.06561,3.32,0.0498,3.32
59.76,27.13521,0.0498,93.12016,3.32,0.0498,3.32
59.77,27.14793,0.0498,93.16379,3.32,0.0498,3.32
59.78,27.15588,0.04983333,93.19106,3.322222,0.04983333,3.322222
59.79,27.16064,0.04983333,93.20742,3.322222,0.04983333,3.322222
59.8,27.15746,0.04983333,93.19651,3.322222,0.04983333,3.322222
59.81,27.15111,0.04983333,93.1747,3.322222,0.04983333,3.322222
59.82,27.15746,0.04986667,93.19651,3.324445,0.04986667,3.324445
59.83,27.17972,0.04986667,93.27288,3.324445,0.04986667,3.324445
59.84,27.20038,0.04986667,93.34379,3.324445,0.04986667,3.324445
59.85,27.2131,0.04986667,93.38742,3.324445,0.04986667,3.324445
59.86,27.22104,0.0499,93.4147,3.326667,0.0499,3.326667
59.87,27.22104,0.0499,93.4147,3.326667,0.0499,3.326667
59.88,27.22263,0.0499,93.42015,3.326667,0.0499,3.326667
59.89,27.23058,0.0499,93.44743,3.326667,0.0499,3.326667
59.9,27.22899,0.04993333,93.44196,3.328889,0.04993333,3.328889
59.91,27.22104,0.04993333,93.4147,3.328889,0.04993333,3.328889
59.92,27.22263,0.04993333,93.42015,3.328889,0.04993333,3.328889
59.93,27.24171,0.04993333,93.4856,3.328889,0.04993333,3.328889
59.94,27.2576,0.04996667,93.54015,3.331111,0.04996667,3.331111
59.95,27.2576,0.04996667,93.54015,3.331111,0.04996667,3.331111
59.96,27.24965,0.04996667,93.51288,3.331111,0.04996667,3.331111
59.97,27.23376,0.04996667,93.45833,3.331111,0.04996667,3.331111
59.98,27.21786,0.05,93.40379,3.333333,0.05,3.333333
59.99,27.22104,0.05,93.4147,3.333333,0.05,3.333333
60.0,27.23694,0.05,93.46924,3.333333,0.05,3.333333
60.01,27.25124,0.05,93.51833,3.333333,0.05,3.333333
60.02,27.26555,0.05003333,93.56742,3.335556,0.05003333,3.335556
60.03,27.28621,0.05003333,93.63833,3.335556,0.05003333,3.335556
60.04,27.3037,0.05003333,93.69833,3.335556,0.05003333,3.335556
60.05,27.3037,0.05003333,93.69833,3.335556,0.05003333,3.335556
60.06,27.28621,0.05006667,93.63833,3.337778,0.05006667,3.337778
60.07,27.2735,0.05006667,93.5947,3.337778,0.05006667,3.337778
60.08,27.28303,0.05006667,93.62743,3.337778,0.05006667,3.337778
60.09,27.31482,0.05006667,93.73651,3.337778,0.05006667,3.337778
60.1,27.33707,0.0501,93.81288,3.34,0.0501,3.34
60.11,27.34343,0.0501,93.83469,3.34,0.0501,3.34
60.12,27.34502,0.0501,93.84016,3.34,0.0501,3.34
60.13,27.3482,0.0501,93.85106,3.34,0.0501,3.34
60.14,27.35615,0.05013333,93.87833,3.342222,0.05013333,3.342222
60.15,27.36886,0.05013333,93.92197,3.342222,0.05013333,3.342222
60.16,27.38158,0.05013333,93.96561,3.342222,0.05013333,3.342222
60.17,27.39429,0.05013333,94.00924,3.342222,0.05013333,3.342222
60.18,27.40542,0.05016667,94.04742,3.344445,0.05016667,3.344445
60.19,27.4086,0.05016667,94.05833,3.344445,0.05016667,3.344445
60.2,27.4086,0.05016667,94.05833,3.344445,0.05016667,3.344445
60.21,27.40065,0.05016667,94.03106,3.344445,0.05016667,3.344445
60.22,27.38953,0.0502,93.99288,3.346667,0.0502,3.346667
60.23,27.38158,0.0502,93.96561,3.346667,0.0502,3.346667
60.24,27.37681,0.0502,93.94924,3.346667,0.0502,3.346667
60.25,27.37681,0.0502,93.94924,3.346667,0.0502,3.346667
60.26,27.38953,0.05023333,93.99288,3.348889,0.05023333,3.348889
60.27,27.40542,0.05023333,94.04742,3.348889,0.05023333,3.348889
60.28,27.41337,0.05023333,94.0747,3.348889,0.05023333,3.348889
60.29,27.41655,0.05023333,94.08561,3.348889,0.05023333,3.348889
60.3,27.42132,0.05026667,94.10197,3.351111,0.05026667,3.351111
60.31,27.42132,0.05026667,94.10197,3.351111,0.05026667,3.351111
60.32,27.4086,0.05026667,94.05833,3.351111,0.05026667,3.351111
60.33,27.40065,0.05026667,94.03106,3.351111,0.05026667,3.351111
60.34,27.4086,0.0503,94.05833,3.353333,0.0503,3.353333
60.35,27.42608,0.0503,94.11834,3.353333,0.0503,3.353333
60.36,27.42926,0.0503,94.12924,3.353333,0.0503,3.353333
60.37,27.42608,0.0503,94.11834,3.353333,0.0503,3.353333
60.38,27.44675,0.05033333,94.18924,3.355556,0.05033333,3.355556
60.39,27.48013,0.05033333,94.30379,3.355556,0.05033333,3.355556
60.4,27.50238,0.05033333,94.38016,3.355556,0.05033333,3.355556
60.41,27.4992,0.05033333,94.36924,3.355556,0.05033333,3.355556
60.42,27.50397,0.05036667,94.3856,3.357778,0.05036667,3.357778
60.43,27.52304,0.05036667,94.45107,3.357778,0.05036667,3.357778
60.44,27.53735,0.05036667,94.50015,3.357778,0.05036667,3.357778
60.45,27.53576,0.05036667,94.4947,3.357778,0.05036667,3.357778
60.46,27.51986,0.0504,94.44015,3.36,0.0504,3.36
60.47,27.50874,0.0504,94.40197,3.36,0.0504,3.36
60.48,27.50715,0.0504,94.39651,3.36,0.0504,3.36
60.49,27.51192,0.0504,94.41288,3.36,0.0504,3.36
60.5,27.52304,0.05043333,94.45107,3.362222,0.05043333,3.362222
60.51,27.53258,0.05043333,94.48379,3.362222,0.05043333,3.362222
60.52,27.53735,0.05043333,94.50015,3.362222,0.05043333,3.362222
60.53,27.5437,0.05043333,94.52197,3.362222,0.05043333,3.362222
60.54,27.55165,0.05046667,94.54924,3.364444,0.05046667,3.364444
60.55,27.56596,0.05046667,94.59834,3.364444,0.05046667,3.364444
60.56,27.58026,0.05046667,94.64742,3.364444,0.05046667,3.364444
60.57,27.58185,0.05046667,94.65288,3.364444,0.05046667,3.364444
60.58,27.56914,0.0505,94.60925,3.366667,0.0505,3.366667
60.59,27.55324,0.0505,94.5547,3.366667,0.0505,3.366667
60.6,27.54847,0.0505,94.53833,3.366667,0.0505,3.366667
60.61,27.56119,0.0505,94.58197,3.366667,0.0505,3.366667
60.62,27.58185,0.05053334,94.65288,3.368889,0.05053334,3.368889
60.63,27.59298,0.05053334,94.69106,3.368889,0.05053334,3.368889
60.64,27.59298,0.05053334,94.69106,3.368889,0.05053334,3.368889
60.65,27.59298,0.05053334,94.69106,3.368889,0.05053334,3.368889
60.66,27.59457,0.05056667,94.69652,3.371111,0.05056667,3.371111
60.67,27.59775,0.05056667,94.70743,3.371111,0.05056667,3.371111
60.68,27.60569,0.05056667,94.7347,3.371111,0.05056667,3.371111
60.69,27.61682,0.05056667,94.77288,3.371111,0.05056667,3.371111
60.7,27.62636,0.0506,94.80561,3.373333,0.0506,3.373333
60.71,27.63112,0.0506,94.82198,3.373333,0.0506,3.373333
60.72,27.62953,0.0506,94.81651,3.373333,0.0506,3.373333
60.73,27.62636,0.0506,94.80561,3.373333,0.0506,3.373333
60.74,27.6343,0.05063333,94.83288,3.375556,0.05063333,3.375556
60.75,27.64225,0.05063333,94.86015,3.375556,0.05063333,3.375556
60.76,27.64702,0.05063333,94.87652,3.375556,0.05063333,3.375556
60.77,27.65814,0.05063333,94.9147,3.375556,0.05063333,3.375556
60.78,27.67881,0.05066667,94.98561,3.377778,0.05066667,3.377778
60.79,27.69947,0.05066667,95.05652,3.377778,0.05066667,3.377778
60.8,27.69947,0.05066667,95.05652,3.377778,0.05066667,3.377778
60.81,27.68675,0.05066667,95.01288,3.377778,0.05066667,3.377778
60.82,27.67563,0.0507,94.9747,3.38,0.0507,3.38
60.83,27.67881,0.0507,94.98561,3.38,0.0507,3.38
60.84,27.68834,0.0507,95.01834,3.38,0.0507,3.38
60.85,27.69947,0.0507,95.05652,3.38,0.0507,3.38
60.86,27.70742,0.05073334,95.08379,3.382222,0.05073334,3.382222
60.87,27.70742,0.05073334,95.08379,3.382222,0.05073334,3.382222
60.88,27.69947,0.05073334,95.05652,3.382222,0.05073334,3.382222
60.89,27.69152,0.05073334,95.02924,3.382222,0.05073334,3.382222
60.9,27.69152,0.05076667,95.02924,3.384444,0.05076667,3.384444
60.91,27.70901,0.05076667,95.08924,3.384444,0.05076667,3.384444
60.92,27.73285,0.05076667,95.17107,3.384444,0.05076667,3.384444
60.93,27.74874,0.05076667,95.22561,3.384444,0.05076667,3.384444
60.94,27.76146,0.0508,95.26924,3.386667,0.0508,3.386667
60.95,27.77418,0.0508,95.31288,3.386667,0.0508,3.386667
60.96,27.78212,0.0508,95.34015,3.386667,0.0508,3.386667
60.97,27.77735,0.0508,95.32379,3.386667,0.0508,3.386667
60.98,27.76146,0.05083333,95.26924,3.388889,0.05083333,3.388889
60.99,27.74557,0.05083333,95.2147,3.388889,0.05083333,3.388889
61.0,27.7408,0.05083333,95.19834,3.388889,0.05083333,3.388889
61.01,27.75351,0.05083333,95.24197,3.388889,0.05083333,3.388889
61.02,27.77258,0.05086667,95.30743,3.391111,0.05086667,3.391111
61.03,27.78848,0.05086667,95.36198,3.391111,0.05086667,3.391111
61.04,27.79325,0.05086667,95.37834,3.391111,0.05086667,3.391111
61.05,27.79007,0.05086667,95.36742,3.391111,0.05086667,3.391111
61.06,27.79325,0.0509,95.37834,3.393333,0.0509,3.393333
61.07,27.80279,0.0509,95.41106,3.393333,0.0509,3.393333
61.08,27.81709,0.0509,95.46016,3.393333,0.0509,3.393333
61.09,27.82663,0.0509,95.49288,3.393333,0.0509,3.393333
61.1,27.82663,0.05093333,95.49288,3.395556,0.05093333,3.395556
61.11,27.81868,0.05093333,95.46561,3.395556,0.05093333,3.395556
61.12,27.81391,0.05093333,95.44924,3.395556,0.05093333,3.395556
61.13,27.81868,0.05093333,95.46561,3.395556,0.05093333,3.395556
61.14,27.83775,0.05096667,95.53107,3.397778,0.05096667,3.397778
61.15,27.85842,0.05096667,95.60197,3.397778,0.05096667,3.397778
61.16,27.87431,0.05096667,95.65652,3.397778,0.05096667,3.397778
61.17,27.87113,0.05096667,95.64561,3.397778,0.05096667,3.397778
61.18,27.85524,0.051,95.59106,3.4,0.051,3.4
61.19,27.8457,0.051,95.55834,3.4,0.051,3.4
61.2,27.85365,0.051,95.58561,3.4,0.051,3.4
61.21,27.86795,0.051,95.6347,3.4,0.051,3.4
61.22,27.88862,0.05103333,95.70561,3.402222,0.05103333,3.402222
61.23,27.90292,0.05103333,95.7547,3.402222,0.05103333,3.402222
61.24,27.91246,0.05103333,95.78743,3.402222,0.05103333,3.402222
61.25,27.9204,0.05103333,95.8147,3.402222,0.05103333,3.402222
61.26,27.92517,0.05106667,95.83106,3.404444,0.05106667,3.404444
61.27,27.93312,0.05106667,95.85834,3.404444,0.05106667,3.404444
61.28,27.94425,0.05106667,95.89651,3.404444,0.05106667,3.404444
61.29,27.94901,0.05106667,95.91288,3.404444,0.05106667,3.404444
61.3,27.95219,0.0511,95.92379,3.406667,0.0511,3.406667
61.31,27.94901,0.0511,95.91288,3.406667,0.0511,3.406667
61.32,27.94425,0.0511,95.89651,3.406667,0.0511,3.406667
61.33,27.9363,0.0511,95.86925,3.406667,0.0511,3.406667
61.34,27.94107,0.05113333,95.88561,3.408889,0.05113333,3.408889
61.35,27.95219,0.05113333,95.92379,3.408889,0.05113333,3.408889
61.36,27.95696,0.05113333,95.94016,3.408889,0.05113333,3.408889
61.37,27.95219,0.05113333,95.92379,3.408889,0.05113333,3.408889
61.38,27.95219,0.05116667,95.92379,3.411111,0.05116667,3.411111
61.39,27.96014,0.05116667,95.95107,3.411111,0.05116667,3.411111
61.4,27.97445,0.05116667,96.00016,3.411111,0.05116667,3.411111
61.41,27.9967,0.05116667,96.07652,3.411111,0.05116667,3.411111
61.42,28.00941,0.0512,96.12016,3.413333,0.0512,3.413333
61.43,28.00147,0.0512,96.09288,3.413333,0.0512,3.413333
61.44,27.9808,0.0512,96.02197,3.413333,0.0512,3.413333
61.45,27.96491,0.0512,95.96743,3.413333,0.0512,3.413333
61.46,27.97286,0.05123333,95.9947,3.415555,0.05123333,3.415555
61.47,27.99352,0.05123333,96.06561,3.415555,0.05123333,3.415555
61.48,28.01736,0.05123333,96.14743,3.415555,0.05123333,3.415555
61.49,28.03802,0.05123333,96.21834,3.415555,0.05123333,3.415555
61.5,28.05074,0.05126667,96.26198,3.417778,0.05126667,3.417778
61.51,28.06028,0.05126667,96.2947,3.417778,0.05126667,3.417778
61.52,28.06346,0.05126667,96.30561,3.417778,0.05126667,3.417778
61.53,28.06664,0.05126667,96.31652,3.417778,0.05126667,3.417778
61.54,28.07458,0.0513,96.3438,3.42,0.0513,3.42
61.55,28.07617,0.0513,96.34924,3.42,0.0513,3.42
61.56,28.06346,0.0513,96.30561,3.42,0.0513,3.42
61.57,28.04597,0.0513,96.24561,3.42,0.0513,3.42
61.58,28.03485,0.05133333,96.20743,3.422222,0.05133333,3.422222
61.59,28.04279,0.05133333,96.2347,3.422222,0.05133333,3.422222
61.6,28.06664,0.05133333,96.31652,3.422222,0.05133333,3.422222
61.61,28.0873,0.05133333,96.38743,3.422222,0.05133333,3.422222
61.62,28.10001,0.05136667,96.43107,3.424444,0.05136667,3.424444
61.63,28.10478,0.05136667,96.44743,3.424444,0.05136667,3.424444
61.64,28.11273,0.05136667,96.4747,3.424444,0.05136667,3.424444
61.65,28.12386,0.05136667,96.51289,3.424444,0.05136667,3.424444
61.66,28.14452,0.0514,96.58379,3.426667,0.0514,3.426667
61.67,28.15723,0.0514,96.62743,3.426667,0.0514,3.426667
61.68,28.15405,0.0514,96.61652,3.426667,0.0514,3.426667
61.69,28.13975,0.0514,96.56743,3.426667,0.0514,3.426667
61.7,28.12544,0.05143333,96.51833,3.428889,0.05143333,3.428889
61.71,28.12862,0.05143333,96.52924,3.428889,0.05143333,3.428889
61.72,28.13657,0.05143333,96.55652,3.428889,0.05143333,3.428889
61.73,28.14452,0.05143333,96.58379,3.428889,0.05143333,3.428889
61.74,28.14452,0.05146667,96.58379,3.431111,0.05146667,3.431111
61.75,28.14452,0.05146667,96.58379,3.431111,0.05146667,3.431111
61.76,28.14929,0.05146667,96.60015,3.431111,0.05146667,3.431111
61.77,28.15405,0.05146667,96.61652,3.431111,0.05146667,3.431111
61.78,28.15405,0.0515,96.61652,3.433333,0.0515,3.433333
61.79,28.15405,0.0515,96.61652,3.433333,0.0515,3.433333
61.8,28.15723,0.0515,96.62743,3.433333,0.0515,3.433333
61.81,28.162,0.0515,96.64379,3.433333,0.0515,3.433333
61.82,28.16995,0.05153333,96.67107,3.435556,0.05153333,3.435556
61.83,28.18108,0.05153333,96.70924,3.435556,0.05153333,3.435556
61.84,28.19061,0.05153333,96.74197,3.435556,0.05153333,3.435556
61.85,28.20174,0.05153333,96.78015,3.435556,0.05153333,3.435556
61.86,28.20969,0.05156667,96.80743,3.437778,0.05156667,3.437778
61.87,28.21445,0.05156667,96.82379,3.437778,0.05156667,3.437778
61.88,28.21763,0.05156667,96.8347,3.437778,0.05156667,3.437778
61.89,28.21763,0.05156667,96.8347,3.437778,0.05156667,3.437778
61.9,28.2224,0.0516,96.85107,3.44,0.0516,3.44
61.91,28.2224,0.0516,96.85107,3.44,0.0516,3.44
61.92,28.20651,0.0516,96.79652,3.44,0.0516,3.44
61.93,28.18902,0.0516,96.73652,3.44,0.0516,3.44
61.94,28.18902,0.05163334,96.73652,3.442222,0.05163334,3.442222
61.95,28.20333,0.05163334,96.78561,3.442222,0.05163334,3.442222
61.96,28.21763,0.05163334,96.8347,3.442222,0.05163334,3.442222
61.97,28.2224,0.05163334,96.85107,3.442222,0.05163334,3.442222
61.98,28.23512,0.05166667,96.8947,3.444444,0.05166667,3.444444
61.99,28.25101,0.05166667,96.94925,3.444444,0.05166667,3.444444
62.0,28.27168,0.05166667,97.02016,3.444444,0.05166667,3.444444
62.01,28.29234,0.05166667,97.09106,3.444444,0.05166667,3.444444
62.02,28.31141,0.0517,97.15652,3.446667,0.0517,3.446667
62.03,28.31936,0.0517,97.18379,3.446667,0.0517,3.446667
62.04,28.31618,0.0517,97.17288,3.446667,0.0517,3.446667
62.05,28.30029,0.0517,97.11834,3.446667,0.0517,3.446667
62.06,28.29075,0.05173333,97.08561,3.448889,0.05173333,3.448889
62.07,28.29711,0.05173333,97.10743,3.448889,0.05173333,3.448889
62.08,28.313,0.05173333,97.16198,3.448889,0.05173333,3.448889
62.09,28.32095,0.05173333,97.18925,3.448889,0.05173333,3.448889
62.1,28.32572,0.05176667,97.20561,3.451111,0.05176667,3.451111
62.11,28.33208,0.05176667,97.22743,3.451111,0.05176667,3.451111
62.12,28.33366,0.05176667,97.23289,3.451111,0.05176667,3.451111
62.13,28.33366,0.05176667,97.23289,3.451111,0.05176667,3.451111
62.14,28.34002,0.0518,97.2547,3.453333,0.0518,3.453333
62.15,28.34161,0.0518,97.26016,3.453333,0.0518,3.453333
62.16,28.34479,0.0518,97.27106,3.453333,0.0518,3.453333
62.17,28.35274,0.0518,97.29834,3.453333,0.0518,3.453333
62.18,28.35433,0.05183334,97.30379,3.455556,0.05183334,3.455556
62.19,28.35274,0.05183334,97.29834,3.455556,0.05183334,3.455556
62.2,28.34797,0.05183334,97.28197,3.455556,0.05183334,3.455556
62.21,28.34161,0.05183334,97.26016,3.455556,0.05183334,3.455556
62.22,28.33366,0.05186667,97.23289,3.457778,0.05186667,3.457778
62.23,28.33684,0.05186667,97.2438,3.457778,0.05186667,3.457778
62.24,28.35433,0.05186667,97.30379,3.457778,0.05186667,3.457778
62.25,28.37658,0.05186667,97.38016,3.457778,0.05186667,3.457778
62.26,28.38612,0.0519,97.41289,3.46,0.0519,3.46
62.27,28.39088,0.0519,97.42924,3.46,0.0519,3.46
62.28,28.39088,0.0519,97.42924,3.46,0.0519,3.46
62.29,28.39088,0.0519,97.42924,3.46,0.0519,3.46
62.3,28.38294,0.05193333,97.40197,3.462222,0.05193333,3.462222
62.31,28.37817,0.05193333,97.38561,3.462222,0.05193333,3.462222
62.32,28.38294,0.05193333,97.40197,3.462222,0.05193333,3.462222
62.33,28.39883,0.05193333,97.45652,3.462222,0.05193333,3.462222
62.34,28.41949,0.05196667,97.52743,3.464444,0.05196667,3.464444
62.35,28.43539,0.05196667,97.58197,3.464444,0.05196667,3.464444
62.36,28.4481,0.05196667,97.62561,3.464444,0.05196667,3.464444
62.37,28.46241,0.05196667,97.67471,3.464444,0.05196667,3.464444
62.38,28.47195,0.052,97.70743,3.466667,0.052,3.466667
62.39,28.48307,0.052,97.74561,3.466667,0.052,3.466667
62.4,28.49261,0.052,97.77834,3.466667,0.052,3.466667
62.41,28.50056,0.052,97.80561,3.466667,0.052,3.466667
62.42,28.50056,0.05203333,97.80561,3.468889,0.05203333,3.468889
62.43,28.48784,0.05203333,97.76197,3.468889,0.05203333,3.468889
62.44,28.47513,0.05203333,97.71834,3.468889,0.05203333,3.468889
62.45,28.47195,0.05203333,97.70743,3.468889,0.05203333,3.468889
62.46,28.48307,0.05206667,97.74561,3.471111,0.05206667,3.471111
62.47,28.49261,0.05206667,97.77834,3.471111,0.05206667,3.471111
62.48,28.50056,0.05206667,97.80561,3.471111,0.05206667,3.471111
62.49,28.50533,0.05206667,97.82198,3.471111,0.05206667,3.471111
62.5,28.50374,0.0521,97.81652,3.473333,0.0521,3.473333
62.51,28.49579,0.0521,97.78925,3.473333,0.0521,3.473333
62.52,28.48784,0.0521,97.76197,3.473333,0.0521,3.473333
62.53,28.49579,0.0521,97.78925,3.473333,0.0521,3.473333
62.54,28.52122,0.05213333,97.87652,3.475555,0.05213333,3.475555
62.55,28.5546,0.05213333,97.99107,3.475555,0.05213333,3.475555
62.56,28.57367,0.05213333,98.05652,3.475555,0.05213333,3.475555
62.57,28.57049,0.05213333,98.04562,3.475555,0.05213333,3.475555
62.58,28.56573,0.05216667,98.02925,3.477778,0.05216667,3.477778
62.59,28.57367,0.05216667,98.05652,3.477778,0.05216667,3.477778
62.6,28.58957,0.05216667,98.11107,3.477778,0.05216667,3.477778
62.61,28.60228,0.05216667,98.1547,3.477778,0.05216667,3.477778
62.62,28.61023,0.0522,98.18198,3.48,0.0522,3.48
62.63,28.615,0.0522,98.19834,3.48,0.0522,3.48
62.64,28.61818,0.0522,98.20925,3.48,0.0522,3.48
62.65,28.62612,0.0522,98.23652,3.48,0.0522,3.48
62.66,28.63566,0.05223333,98.26925,3.482222,0.05223333,3.482222
62.67,28.63566,0.05223333,98.26925,3.482222,0.05223333,3.482222
62.68,28.62771,0.05223333,98.24198,3.482222,0.05223333,3.482222
62.69,28.61818,0.05223333,98.20925,3.482222,0.05223333,3.482222
62.7,28.61818,0.05226667,98.20925,3.484445,0.05226667,3.484445
62.71,28.63407,0.05226667,98.26379,3.484445,0.05226667,3.484445
62.72,28.65632,0.05226667,98.34016,3.484445,0.05226667,3.484445
62.73,28.6754,0.05226667,98.40562,3.484445,0.05226667,3.484445
62.74,28.68811,0.0523,98.44925,3.486667,0.0523,3.486667
62.75,28.69129,0.0523,98.46016,3.486667,0.0523,3.486667
62.76,28.69288,0.0523,98.46561,3.486667,0.0523,3.486667
62.77,28.69288,0.0523,98.46561,3.486667,0.0523,3.486667
62.78,28.69129,0.05233333,98.46016,3.488889,0.05233333,3.488889
62.79,28.6754,0.05233333,98.40562,3.488889,0.05233333,3.488889
62.8,28.66745,0.05233333,98.37834,3.488889,0.05233333,3.488889
62.81,28.6754,0.05233333,98.40562,3.488889,0.05233333,3.488889
62.82,28.69129,0.05236667,98.46016,3.491111,0.05236667,3.491111
62.83,28.70083,0.05236667,98.49289,3.491111,0.05236667,3.491111
62.84,28.7056,0.05236667,98.50925,3.491111,0.05236667,3.491111
62.85,28.71354,0.05236667,98.53652,3.491111,0.05236667,3.491111
62.86,28.72149,0.0524,98.5638,3.493333,0.0524,3.493333
62.87,28.72944,0.0524,98.59106,3.493333,0.0524,3.493333
62.88,28.73739,0.0524,98.61834,3.493333,0.0524,3.493333
62.89,28.7501,0.0524,98.66197,3.493333,0.0524,3.493333
62.9,28.75805,0.05243333,98.68925,3.495556,0.05243333,3.495556
62.91,28.75646,0.05243333,98.6838,3.495556,0.05243333,3.495556
62.92,28.7501,0.05243333,98.66197,3.495556,0.05243333,3.495556
62.93,28.7501,0.05243333,98.66197,3.495556,0.05243333,3.495556
62.94,28.7501,0.05246667,98.66197,3.497778,0.05246667,3.497778
62.95,28.74216,0.05246667,98.6347,3.497778,0.05246667,3.497778
62.96,28.73739,0.05246667,98.61834,3.497778,0.05246667,3.497778
62.97,28.7501,0.05246667,98.66197,3.497778,0.05246667,3.497778
62.98,28.766,0.0525,98.71652,3.5,0.0525,3.5
62.99,28.766,0.0525,98.71652,3.5,0.0525,3.5
63.0,28.75805,0.0525,98.68925,3.5,0.0525,3.5
63.01,28.76123,0.0525,98.70016,3.5,0.0525,3.5
63.02,28.77712,0.05253333,98.75471,3.502222,0.05253333,3.502222
63.03,28.78666,0.05253333,98.78743,3.502222,0.05253333,3.502222
63.04,28.78984,0.05253333,98.79834,3.502222,0.05253333,3.502222
63.05,28.79461,0.05253333,98.8147,3.502222,0.05253333,3.502222
63.06,28.79938,0.05256667,98.83107,3.504444,0.05256667,3.504444
63.07,28.80573,0.05256667,98.85289,3.504444,0.05256667,3.504444
63.08,28.81368,0.05256667,98.88017,3.504444,0.05256667,3.504444
63.09,28.8264,0.05256667,98.9238,3.504444,0.05256667,3.504444
63.1,28.83593,0.0526,98.95652,3.506667,0.0526,3.506667
63.11,28.84388,0.0526,98.9838,3.506667,0.0526,3.506667
63.12,28.83911,0.0526,98.96743,3.506667,0.0526,3.506667
63.13,28.83593,0.0526,98.95652,3.506667,0.0526,3.506667
63.14,28.84706,0.05263333,98.99471,3.508889,0.05263333,3.508889
63.15,28.86772,0.05263333,99.06561,3.508889,0.05263333,3.508889
63.16,28.87726,0.05263333,99.09834,3.508889,0.05263333,3.508889
63.17,28.86772,0.05263333,99.06561,3.508889,0.05263333,3.508889
63.18,28.85501,0.05266667,99.02197,3.511111,0.05266667,3.511111
63.19,28.85183,0.05266667,99.01107,3.511111,0.05266667,3.511111
63.2,28.85501,0.05266667,99.02197,3.511111,0.05266667,3.511111
63.21,28.85977,0.05266667,99.03834,3.511111,0.05266667,3.511111
63.22,28.86772,0.0527,99.06561,3.513334,0.0527,3.513334
63.23,28.88521,0.0527,99.12562,3.513334,0.0527,3.513334
63.24,28.91223,0.0527,99.21834,3.513334,0.0527,3.513334
63.25,28.92971,0.0527,99.27834,3.513334,0.0527,3.513334
63.26,28.94243,0.05273334,99.32198,3.515556,0.05273334,3.515556
63.27,28.9456,0.05273334,99.33289,3.515556,0.05273334,3.515556
63.28,28.94243,0.05273334,99.32198,3.515556,0.05273334,3.515556
63.29,28.92812,0.05273334,99.27289,3.515556,0.05273334,3.515556
63.3,28.90428,0.05276667,99.19107,3.517778,0.05276667,3.517778
63.31,28.88838,0.05276667,99.13652,3.517778,0.05276667,3.517778
63.32,28.88521,0.05276667,99.12562,3.517778,0.05276667,3.517778
63.33,28.89156,0.05276667,99.14743,3.517778,0.05276667,3.517778
63.34,28.89951,0.0528,99.17471,3.52,0.0528,3.52
63.35,28.90587,0.0528,99.19653,3.52,0.0528,3.52
63.36,28.91699,0.0528,99.2347,3.52,0.0528,3.52
63.37,28.92494,0.0528,99.26198,3.52,0.0528,3.52
63.38,28.92971,0.05283333,99.27834,3.522222,0.05283333,3.522222
63.39,28.92812,0.05283333,99.27289,3.522222,0.05283333,3.522222
63.4,28.93766,0.05283333,99.30562,3.522222,0.05283333,3.522222
63.41,28.95355,0.05283333,99.36016,3.522222,0.05283333,3.522222
63.42,28.96627,0.05286667,99.4038,3.524445,0.05286667,3.524445
63.43,28.96945,0.05286667,99.4147,3.524445,0.05286667,3.524445
63.44,28.97421,0.05286667,99.43107,3.524445,0.05286667,3.524445
63.45,28.98216,0.05286667,99.45834,3.524445,0.05286667,3.524445
63.46,28.98693,0.0529,99.47471,3.526667,0.0529,3.526667
63.47,28.9917,0.0529,99.49107,3.526667,0.0529,3.526667
63.48,28.99965,0.0529,99.51834,3.526667,0.0529,3.526667
63.49,29.01395,0.0529,99.56744,3.526667,0.0529,3.526667
63.5,29.02667,0.05293334,99.61107,3.528889,0.05293334,3.528889
63.51,29.03144,0.05293334,99.62743,3.528889,0.05293334,3.528889
63.52,29.02826,0.05293334,99.61652,3.528889,0.05293334,3.528889
63.53,29.01872,0.05293334,99.5838,3.528889,0.05293334,3.528889
63.54,29.01554,0.05296667,99.57289,3.531111,0.05296667,3.531111
63.55,29.02349,0.05296667,99.60017,3.531111,0.05296667,3.531111
63.56,29.0362,0.05296667,99.64379,3.531111,0.05296667,3.531111
63.57,29.04892,0.05296667,99.68743,3.531111,0.05296667,3.531111
63.58,29.07117,0.053,99.7638,3.533333,0.053,3.533333
63.59,29.09184,0.053,99.83471,3.533333,0.053,3.533333
63.6,29.10137,0.053,99.86743,3.533333,0.053,3.533333
63.61,29.10455,0.053,99.87834,3.533333,0.053,3.533333
63.62,29.10137,0.05303333,99.86743,3.535556,0.05303333,3.535556
63.63,29.10455,0.05303333,99.87834,3.535556,0.05303333,3.535556
63.64,29.10932,0.05303333,99.89471,3.535556,0.05303333,3.535556
63.65,29.10932,0.05303333,99.89471,3.535556,0.05303333,3.535556
63.66,29.11727,0.05306667,99.92197,3.537778,0.05306667,3.537778
63.67,29.12998,0.05306667,99.96561,3.537778,0.05306667,3.537778
63.68,29.1427,0.05306667,100.0093,3.537778,0.05306667,3.537778
63.69,29.15382,0.05306667,100.0474,3.537778,0.05306667,3.537778
63.7,29.16336,0.0531,100.0802,3.54,0.0531,3.54
63.71,29.15859,0.0531,100.0638,3.54,0.0531,3.54
63.72,29.14111,0.0531,100.0038,3.54,0.0531,3.54
63.73,29.12839,0.0531,99.96017,3.54,0.0531,3.54
63.74,29.12998,0.05313333,99.96561,3.542222,0.05313333,3.542222
63.75,29.1427,0.05313333,100.0093,3.542222,0.05313333,3.542222
63.76,29.15064,0.05313333,100.0365,3.542222,0.05313333,3.542222
63.77,29.14906,0.05313333,100.0311,3.542222,0.05313333,3.542222
63.78,29.14588,0.05316667,100.0202,3.544445,0.05316667,3.544445
63.79,29.15064,0.05316667,100.0365,3.544445,0.05316667,3.544445
63.8,29.157,0.05316667,100.0583,3.544445,0.05316667,3.544445
63.81,29.16336,0.05316667,100.0802,3.544445,0.05316667,3.544445
63.82,29.17925,0.0532,100.1347,3.546667,0.0532,3.546667
63.83,29.19515,0.0532,100.1893,3.546667,0.0532,3.546667
63.84,29.19992,0.0532,100.2056,3.546667,0.0532,3.546667
63.85,29.2031,0.0532,100.2165,3.546667,0.0532,3.546667
63.86,29.21422,0.05323333,100.2547,3.548889,0.05323333,3.548889
63.87,29.22376,0.05323333,100.2874,3.548889,0.05323333,3.548889
63.88,29.22058,0.05323333,100.2765,3.548889,0.05323333,3.548889
63.89,29.21581,0.05323333,100.2602,3.548889,0.05323333,3.548889
63.9,29.22694,0.05326667,100.2983,3.551111,0.05326667,3.551111
63.91,29.23647,0.05326667,100.3311,3.551111,0.05326667,3.551111
63.92,29.23647,0.05326667,100.3311,3.551111,0.05326667,3.551111
63.93,29.23647,0.05326667,100.3311,3.551111,0.05326667,3.551111
63.94,29.24442,0.0533,100.3583,3.553333,0.0533,3.553333
63.95,29.25555,0.0533,100.3965,3.553333,0.0533,3.553333
63.96,29.25714,0.0533,100.402,3.553333,0.0533,3.553333
63.97,29.24442,0.0533,100.3583,3.553333,0.0533,3.553333
63.98,29.23489,0.05333333,100.3256,3.555556,0.05333333,3.555556
63.99,29.24442,0.05333333,100.3583,3.555556,0.05333333,3.555556
64.0,29.26826,0.05333333,100.4402,3.555556,0.05333333,3.555556
64.01,29.28893,0.05333333,100.5111,3.555556,0.05333333,3.555556
64.02,29.30005,0.05336667,100.5493,3.557778,0.05336667,3.557778
64.03,29.30005,0.05336667,100.5493,3.557778,0.05336667,3.557778
64.04,29.29688,0.05336667,100.5383,3.557778,0.05336667,3.557778
64.05,29.30164,0.05336667,100.5547,3.557778,0.05336667,3.557778
64.06,29.32072,0.0534,100.6202,3.56,0.0534,3.56
64.07,29.3382,0.0534,100.6802,3.56,0.0534,3.56
64.08,29.3382,0.0534,100.6802,3.56,0.0534,3.56
64.09,29.32231,0.0534,100.6256,3.56,0.0534,3.56
64.1,29.30959,0.05343333,100.582,3.562222,0.05343333,3.562222
64.11,29.30482,0.05343333,100.5656,3.562222,0.05343333,3.562222
64.12,29.30164,0.05343333,100.5547,3.562222,0.05343333,3.562222
64.13,29.308,0.05343333,100.5765,3.562222,0.05343333,3.562222
64.14,29.32072,0.05346667,100.6202,3.564445,0.05346667,3.564445
64.15,29.32866,0.05346667,100.6474,3.564445,0.05346667,3.564445
64.16,29.32866,0.05346667,100.6474,3.564445,0.05346667,3.564445
64.17,29.33661,0.05346667,100.6747,3.564445,0.05346667,3.564445
64.18,29.35092,0.0535,100.7238,3.566667,0.0535,3.566667
64.19,29.36681,0.0535,100.7783,3.566667,0.0535,3.566667
64.2,29.37476,0.0535,100.8056,3.566667,0.0535,3.566667
64.21,29.37794,0.0535,100.8165,3.566667,0.0535,3.566667
64.22,29.38747,0.05353333,100.8493,3.568889,0.05353333,3.568889
64.23,29.40337,0.05353333,100.9038,3.568889,0.05353333,3.568889
64.24,29.41132,0.05353333,100.9311,3.568889,0.05353333,3.568889
64.25,29.40655,0.05353333,100.9147,3.568889,0.05353333,3.568889
64.26,29.39065,0.05356667,100.8602,3.571111,0.05356667,3.571111
64.27,29.37794,0.05356667,100.8165,3.571111,0.05356667,3.571111
64.28,29.37953,0.05356667,100.822,3.571111,0.05356667,3.571111
64.29,29.3986,0.05356667,100.8874,3.571111,0.05356667,3.571111
64.3,29.41608,0.0536,100.9474,3.573334,0.0536,3.573334
64.31,29.41926,0.0536,100.9583,3.573334,0.0536,3.573334
64.32,29.41132,0.0536,100.9311,3.573334,0.0536,3.573334
64.33,29.40337,0.0536,100.9038,3.573334,0.0536,3.573334
64.34,29.41132,0.05363333,100.9311,3.575556,0.05363333,3.575556
64.35,29.42721,0.05363333,100.9856,3.575556,0.05363333,3.575556
64.36,29.43993,0.05363333,101.0293,3.575556,0.05363333,3.575556
64.37,29.44469,0.05363333,101.0456,3.575556,0.05363333,3.575556
64.38,29.44787,0.05366667,101.0565,3.577778,0.05366667,3.577778
64.39,29.44787,0.05366667,101.0565,3.577778,0.05366667,3.577778
64.4,29.44469,0.05366667,101.0456,3.577778,0.05366667,3.577778
64.41,29.45264,0.05366667,101.0729,3.577778,0.05366667,3.577778
64.42,29.46536,0.0537,101.1165,3.58,0.0537,3.58
64.43,29.48125,0.0537,101.1711,3.58,0.0537,3.58
64.44,29.48602,0.0537,101.1874,3.58,0.0537,3.58
64.45,29.48602,0.0537,101.1874,3.58,0.0537,3.58
64.46,29.49238,0.05373333,101.2093,3.582222,0.05373333,3.582222
64.47,29.50509,0.05373333,101.2529,3.582222,0.05373333,3.582222
64.48,29.51781,0.05373333,101.2965,3.582222,0.05373333,3.582222
64.49,29.52576,0.05373333,101.3238,3.582222,0.05373333,3.582222
64.5,29.52894,0.05376667,101.3347,3.584445,0.05376667,3.584445
64.51,29.52099,0.05376667,101.3074,3.584445,0.05376667,3.584445
64.52,29.51304,0.05376667,101.2802,3.584445,0.05376667,3.584445
64.53,29.51304,0.05376667,101.2802,3.584445,0.05376667,3.584445
64.54,29.51781,0.0538,101.2965,3.586667,0.0538,3.586667
64.55,29.52894,0.0538,101.3347,3.586667,0.0538,3.586667
64.56,29.53847,0.0538,101.3674,3.586667,0.0538,3.586667
64.57,29.5496,0.0538,101.4056,3.586667,0.0538,3.586667
64.58,29.56231,0.05383334,101.4493,3.588889,0.05383334,3.588889
64.59,29.57821,0.05383334,101.5038,3.588889,0.05383334,3.588889
64.6,29.59093,0.05383334,101.5474,3.588889,0.05383334,3.588889
64.61,29.59887,0.05383334,101.5747,3.588889,0.05383334,3.588889
64.62,29.59569,0.05386667,101.5638,3.591111,0.05386667,3.591111
64.63,29.58298,0.05386667,101.5202,3.591111,0.05386667,3.591111
64.64,29.57821,0.05386667,101.5038,3.591111,0.05386667,3.591111
64.65,29.58616,0.05386667,101.5311,3.591111,0.05386667,3.591111
64.66,29.60046,0.0539,101.5802,3.593333,0.0539,3.593333
64.67,29.61477,0.0539,101.6293,3.593333,0.0539,3.593333
64.68,29.62271,0.0539,101.6565,3.593333,0.0539,3.593333
64.69,29.62907,0.0539,101.6783,3.593333,0.0539,3.593333
64.7,29.64338,0.05393333,101.7274,3.595556,0.05393333,3.595556
64.71,29.65768,0.05393333,101.7765,3.595556,0.05393333,3.595556
64.72,29.65609,0.05393333,101.7711,3.595556,0.05393333,3.595556
64.73,29.64338,0.05393333,101.7274,3.595556,0.05393333,3.595556
64.74,29.63225,0.05396667,101.6893,3.597778,0.05396667,3.597778
64.75,29.62907,0.05396667,101.6783,3.597778,0.05396667,3.597778
64.76,29.63225,0.05396667,101.6893,3.597778,0.05396667,3.597778
64.77,29.62748,0.05396667,101.6729,3.597778,0.05396667,3.597778
64.78,29.62271,0.054,101.6565,3.6,0.054,3.6
64.79,29.6243,0.054,101.662,3.6,0.054,3.6
64.8,29.64338,0.054,101.7274,3.6,0.054,3.6
64.81,29.66563,0.054,101.8038,3.6,0.054,3.6
64.82,29.6847,0.05403334,101.8693,3.602222,0.05403334,3.602222
64.83,29.68947,0.05403334,101.8856,3.602222,0.05403334,3.602222
64.84,29.69424,0.05403334,101.902,3.602222,0.05403334,3.602222
64.85,29.7006,0.05403334,101.9238,3.602222,0.05403334,3.602222
64.86,29.69742,0.05406667,101.9129,3.604444,0.05406667,3.604444
64.87,29.68629,0.05406667,101.8747,3.604444,0.05406667,3.604444
64.88,29.68629,0.05406667,101.8747,3.604444,0.05406667,3.604444
64.89,29.7006,0.05406667,101.9238,3.604444,0.05406667,3.604444
64.9,29.71808,0.0541,101.9838,3.606667,0.0541,3.606667
64.91,29.7308,0.0541,102.0274,3.606667,0.0541,3.606667
64.92,29.74192,0.0541,102.0656,3.606667,0.0541,3.606667
64.93,29.7451,0.0541,102.0765,3.606667,0.0541,3.606667
64.94,29.7451,0.05413333,102.0765,3.608889,0.05413333,3.608889
64.95,29.7451,0.05413333,102.0765,3.608889,0.05413333,3.608889
64.96,29.74669,0.05413333,102.082,3.608889,0.05413333,3.608889
64.97,29.74669,0.05413333,102.082,3.608889,0.05413333,3.608889
64.98,29.74192,0.05416667,102.0656,3.611111,0.05416667,3.611111
64.99,29.73715,0.05416667,102.0493,3.611111,0.05416667,3.611111
65.0,29.74987,0.05416667,102.0929,3.611111,0.05416667,3.611111
65.01,29.77371,0.05416667,102.1747,3.611111,0.05416667,3.611111
65.02,29.79597,0.0542,102.2511,3.613333,0.0542,3.613333
65.03,29.81186,0.0542,102.3056,3.613333,0.0542,3.613333
65.04,29.82458,0.0542,102.3493,3.613333,0.0542,3.613333
65.05,29.82775,0.0542,102.3602,3.613333,0.0542,3.613333
65.06,29.80868,0.05423333,102.2947,3.615556,0.05423333,3.615556
65.07,29.78802,0.05423333,102.2238,3.615556,0.05423333,3.615556
65.08,29.78325,0.05423333,102.2074,3.615556,0.05423333,3.615556
65.09,29.79437,0.05423333,102.2456,3.615556,0.05423333,3.615556
65.1,29.80868,0.05426667,102.2947,3.617778,0.05426667,3.617778
65.11,29.82298,0.05426667,102.3438,3.617778,0.05426667,3.617778
65.12,29.8357,0.05426667,102.3874,3.617778,0.05426667,3.617778
65.13,29.85636,0.05426667,102.4583,3.617778,0.05426667,3.617778
65.14,29.87385,0.0543,102.5183,3.62,0.0543,3.62
65.15,29.8818,0.0543,102.5456,3.62,0.0543,3.62
65.16,29.8818,0.0543,102.5456,3.62,0.0543,3.62
65.17,29.88021,0.0543,102.5402,3.62,0.0543,3.62
65.18,29.87226,0.05433333,102.5129,3.622222,0.05433333,3.622222
65.19,29.86431,0.05433333,102.4856,3.622222,0.05433333,3.622222
65.2,29.8659,0.05433333,102.4911,3.622222,0.05433333,3.622222
65.21,29.88021,0.05433333,102.5402,3.622222,0.05433333,3.622222
65.22,29.88974,0.05436667,102.5729,3.624444,0.05436667,3.624444
65.23,29.90246,0.05436667,102.6165,3.624444,0.05436667,3.624444
65.24,29.91041,0.05436667,102.6438,3.624444,0.05436667,3.624444
65.25,29.91358,0.05436667,102.6547,3.624444,0.05436667,3.624444
65.26,29.91676,0.0544,102.6656,3.626667,0.0544,3.626667
65.27,29.92153,0.0544,102.682,3.626667,0.0544,3.626667
65.28,29.92312,0.0544,102.6874,3.626667,0.0544,3.626667
65.29,29.92948,0.0544,102.7093,3.626667,0.0544,3.626667
65.3,29.93743,0.05443333,102.7365,3.628889,0.05443333,3.628889
65.31,29.94537,0.05443333,102.7638,3.628889,0.05443333,3.628889
65.32,29.94537,0.05443333,102.7638,3.628889,0.05443333,3.628889
65.33,29.93743,0.05443333,102.7365,3.628889,0.05443333,3.628889
65.34,29.93107,0.05446667,102.7147,3.631111,0.05446667,3.631111
65.35,29.93425,0.05446667,102.7256,3.631111,0.05446667,3.631111
65.36,29.94219,0.05446667,102.7529,3.631111,0.05446667,3.631111
65.37,29.95014,0.05446667,102.7802,3.631111,0.05446667,3.631111
65.38,29.95491,0.0545,102.7965,3.633333,0.0545,3.633333
65.39,29.95968,0.0545,102.8129,3.633333,0.0545,3.633333
65.4,29.96604,0.0545,102.8347,3.633333,0.0545,3.633333
65.41,29.97398,0.0545,102.862,3.633333,0.0545,3.633333
65.42,29.9867,0.05453333,102.9056,3.635556,0.05453333,3.635556
65.43,29.99941,0.05453333,102.9493,3.635556,0.05453333,3.635556
65.44,30.01213,0.05453333,102.9929,3.635556,0.05453333,3.635556
65.45,30.01531,0.05453333,103.0038,3.635556,0.05453333,3.635556
65.46,30.0169,0.05456667,103.0093,3.637778,0.05456667,3.637778
65.47,30.02326,0.05456667,103.0311,3.637778,0.05456667,3.637778
65.48,30.0169,0.05456667,103.0093,3.637778,0.05456667,3.637778
65.49,30.00418,0.05456667,102.9656,3.637778,0.05456667,3.637778
65.5,29.99624,0.0546,102.9383,3.64,0.0546,3.64
65.51,29.99465,0.0546,102.9329,3.64,0.0546,3.64
65.52,29.99465,0.0546,102.9329,3.64,0.0546,3.64
65.53,29.99147,0.0546,102.922,3.64,0.0546,3.64
65.54,30.00259,0.05463333,102.9602,3.642222,0.05463333,3.642222
65.55,30.0169,0.05463333,103.0093,3.642222,0.05463333,3.642222
65.56,30.02326,0.05463333,103.0311,3.642222,0.05463333,3.642222
65.57,30.02485,0.05463333,103.0365,3.642222,0.05463333,3.642222
65.58,30.03756,0.05466667,103.0802,3.644444,0.05466667,3.644444
65.59,30.05981,0.05466667,103.1565,3.644444,0.05466667,3.644444
65.6,30.07412,0.05466667,103.2056,3.644444,0.05466667,3.644444
65.61,30.0773,0.05466667,103.2165,3.644444,0.05466667,3.644444
65.62,30.06617,0.0547,103.1783,3.646667,0.0547,3.646667
65.63,30.05187,0.0547,103.1293,3.646667,0.0547,3.646667
65.64,30.04551,0.0547,103.1074,3.646667,0.0547,3.646667
65.65,30.05346,0.0547,103.1347,3.646667,0.0547,3.646667
65.66,30.08048,0.05473333,103.2274,3.648889,0.05473333,3.648889
65.67,30.10273,0.05473333,103.3038,3.648889,0.05473333,3.648889
65.68,30.10591,0.05473333,103.3147,3.648889,0.05473333,3.648889
65.69,30.09478,0.05473333,103.2765,3.648889,0.05473333,3.648889
65.7,30.09478,0.05476667,103.2765,3.651111,0.05476667,3.651111
65.71,30.11386,0.05476667,103.342,3.651111,0.05476667,3.651111
65.72,30.14247,0.05476667,103.4402,3.651111,0.05476667,3.651111
65.73,30.15836,0.05476667,103.4947,3.651111,0.05476667,3.651111
65.74,30.152,0.0548,103.4729,3.653333,0.0548,3.653333
65.75,30.14247,0.0548,103.4402,3.653333,0.0548,3.653333
65.76,30.14247,0.0548,103.4402,3.653333,0.0548,3.653333
65.77,30.15041,0.0548,103.4674,3.653333,0.0548,3.653333
65.78,30.16313,0.05483333,103.5111,3.655555,0.05483333,3.655555
65.79,30.17108,0.05483333,103.5383,3.655555,0.05483333,3.655555
65.8,30.17426,0.05483333,103.5493,3.655555,0.05483333,3.655555
65.81,30.18061,0.05483333,103.5711,3.655555,0.05483333,3.655555
65.82,30.19174,0.05486667,103.6093,3.657778,0.05486667,3.657778
65.83,30.19969,0.05486667,103.6365,3.657778,0.05486667,3.657778
65.84,30.20445,0.05486667,103.6529,3.657778,0.05486667,3.657778
65.85,30.21558,0.05486667,103.6911,3.657778,0.05486667,3.657778
65.86,30.23148,0.0549,103.7456,3.66,0.0549,3.66
65.87,30.25214,0.0549,103.8165,3.66,0.0549,3.66
65.88,30.26009,0.0549,103.8438,3.66,0.0549,3.66
65.89,30.25214,0.0549,103.8165,3.66,0.0549,3.66
65.9,30.23942,0.05493334,103.7729,3.662222,0.05493334,3.662222
65.91,30.23148,0.05493334,103.7456,3.662222,0.05493334,3.662222
65.92,30.2283,0.05493334,103.7347,3.662222,0.05493334,3.662222
65.93,30.2283,0.05493334,103.7347,3.662222,0.05493334,3.662222
65.94,30.23306,0.05496667,103.7511,3.664444,0.05496667,3.664444
65.95,30.23624,0.05496667,103.762,3.664444,0.05496667,3.664444
65.96,30.24419,0.05496667,103.7893,3.664444,0.05496667,3.664444
65.97,30.24896,0.05496667,103.8056,3.664444,0.05496667,3.664444
65.98,30.25691,0.055,103.8329,3.666667,0.055,3.666667
65.99,30.26167,0.055,103.8493,3.666667,0.055,3.666667
66.0,30.26803,0.055,103.8711,3.666667,0.055,3.666667
66.01,30.26485,0.055,103.8602,3.666667,0.055,3.666667
66.02,30.25373,0.05503333,103.822,3.668889,0.05503333,3.668889
66.03,30.25373,0.05503333,103.822,3.668889,0.05503333,3.668889
66.04,30.28075,0.05503333,103.9147,3.668889,0.05503333,3.668889
66.05,30.31731,0.05503333,104.0402,3.668889,0.05503333,3.668889
66.06,30.32525,0.05506667,104.0674,3.671111,0.05506667,3.671111
66.07,30.30936,0.05506667,104.0129,3.671111,0.05506667,3.671111
66.08,30.303,0.05506667,103.9911,3.671111,0.05506667,3.671111
66.09,30.3189,0.05506667,104.0456,3.671111,0.05506667,3.671111
66.1,30.33479,0.0551,104.1002,3.673333,0.0551,3.673333
66.11,30.33479,0.0551,104.1002,3.673333,0.0551,3.673333
66.12,30.33479,0.0551,104.1002,3.673333,0.0551,3.673333
66.13,30.34592,0.0551,104.1384,3.673333,0.0551,3.673333
66.14,30.35069,0.05513334,104.1547,3.675556,0.05513334,3.675556
66.15,30.34751,0.05513334,104.1438,3.675556,0.05513334,3.675556
66.16,30.34751,0.05513334,104.1438,3.675556,0.05513334,3.675556
66.17,30.34751,0.05513334,104.1438,3.675556,0.05513334,3.675556
66.18,30.35069,0.05516667,104.1547,3.677778,0.05516667,3.677778
66.19,30.35386,0.05516667,104.1656,3.677778,0.05516667,3.677778
66.2,30.35545,0.05516667,104.1711,3.677778,0.05516667,3.677778
66.21,30.37135,0.05516667,104.2256,3.677778,0.05516667,3.677778
66.22,30.39678,0.0552,104.3129,3.68,0.0552,3.68
66.23,30.41109,0.0552,104.362,3.68,0.0552,3.68
66.24,30.40791,0.0552,104.3511,3.68,0.0552,3.68
66.25,30.39678,0.0552,104.3129,3.68,0.0552,3.68
66.26,30.38724,0.05523333,104.2802,3.682222,0.05523333,3.682222
66.27,30.38406,0.05523333,104.2693,3.682222,0.05523333,3.682222
66.28,30.38724,0.05523333,104.2802,3.682222,0.05523333,3.682222
66.29,30.39996,0.05523333,104.3238,3.682222,0.05523333,3.682222
66.3,30.41585,0.05526667,104.3783,3.684444,0.05526667,3.684444
66.31,30.42857,0.05526667,104.422,3.684444,0.05526667,3.684444
66.32,30.43175,0.05526667,104.4329,3.684444,0.05526667,3.684444
66.33,30.43175,0.05526667,104.4329,3.684444,0.05526667,3.684444
66.34,30.42857,0.0553,104.422,3.686667,0.0553,3.686667
66.35,30.42062,0.0553,104.3947,3.686667,0.0553,3.686667
66.36,30.41267,0.0553,104.3674,3.686667,0.0553,3.686667
66.37,30.41109,0.0553,104.362,3.686667,0.0553,3.686667
66.38,30.41744,0.05533333,104.3838,3.688889,0.05533333,3.688889
66.39,30.42539,0.05533333,104.4111,3.688889,0.05533333,3.688889
66.4,30.43652,0.05533333,104.4493,3.688889,0.05533333,3.688889
66.41,30.45241,0.05533333,104.5038,3.688889,0.05533333,3.688889
66.42,30.47466,0.05536667,104.5802,3.691111,0.05536667,3.691111
66.43,30.49374,0.05536667,104.6456,3.691111,0.05536667,3.691111
66.44,30.50963,0.05536667,104.7002,3.691111,0.05536667,3.691111
66.45,30.51758,0.05536667,104.7274,3.691111,0.05536667,3.691111
66.46,30.51122,0.0554,104.7056,3.693333,0.0554,3.693333
66.47,30.50168,0.0554,104.6729,3.693333,0.0554,3.693333
66.48,30.48897,0.0554,104.6293,3.693333,0.0554,3.693333
66.49,30.47784,0.0554,104.5911,3.693333,0.0554,3.693333
66.5,30.48579,0.05543333,104.6183,3.695555,0.05543333,3.695555
66.51,30.51122,0.05543333,104.7056,3.695555,0.05543333,3.695555
66.52,30.54301,0.05543333,104.8147,3.695555,0.05543333,3.695555
66.53,30.55573,0.05543333,104.8584,3.695555,0.05543333,3.695555
66.54,30.55414,0.05546667,104.8529,3.697778,0.05546667,3.697778
66.55,30.56049,0.05546667,104.8747,3.697778,0.05546667,3.697778
66.56,30.58275,0.05546667,104.9511,3.697778,0.05546667,3.697778
66.57,30.59228,0.05546667,104.9838,3.697778,0.05546667,3.697778
66.58,30.58434,0.0555,104.9565,3.7,0.0555,3.7
66.59,30.5748,0.0555,104.9238,3.7,0.0555,3.7
66.6,30.57957,0.0555,104.9402,3.7,0.0555,3.7
66.61,30.58751,0.0555,104.9674,3.7,0.0555,3.7
66.62,30.58751,0.05553333,104.9674,3.702222,0.05553333,3.702222
66.63,30.5891,0.05553333,104.9729,3.702222,0.05553333,3.702222
66.64,30.60023,0.05553333,105.0111,3.702222,0.05553333,3.702222
66.65,30.61136,0.05553333,105.0493,3.702222,0.05553333,3.702222
66.66,30.61136,0.05556667,105.0493,3.704445,0.05556667,3.704445
66.67,30.605,0.05556667,105.0274,3.704445,0.05556667,3.704445
66.68,30.61136,0.05556667,105.0493,3.704445,0.05556667,3.704445
66.69,30.62566,0.05556667,105.0984,3.704445,0.05556667,3.704445
66.7,30.64156,0.0556,105.1529,3.706667,0.0556,3.706667
66.71,30.64156,0.0556,105.1529,3.706667,0.0556,3.706667
66.72,30.63202,0.0556,105.1202,3.706667,0.0556,3.706667
66.73,30.62407,0.0556,105.0929,3.706667,0.0556,3.706667
66.74,30.62884,0.05563333,105.1093,3.708889,0.05563333,3.708889
66.75,30.64474,0.05563333,105.1638,3.708889,0.05563333,3.708889
66.76,30.65268,0.05563333,105.1911,3.708889,0.05563333,3.708889
66.77,30.64632,0.05563333,105.1693,3.708889,0.05563333,3.708889
66.78,30.63679,0.05566667,105.1365,3.711111,0.05566667,3.711111
66.79,30.63679,0.05566667,105.1365,3.711111,0.05566667,3.711111
66.8,30.65268,0.05566667,105.1911,3.711111,0.05566667,3.711111
66.81,30.67493,0.05566667,105.2674,3.711111,0.05566667,3.711111
66.82,30.68606,0.0557,105.3056,3.713333,0.0557,3.713333
66.83,30.67811,0.0557,105.2784,3.713333,0.0557,3.713333
66.84,30.67811,0.0557,105.2784,3.713333,0.0557,3.713333
66.85,30.68924,0.0557,105.3165,3.713333,0.0557,3.713333
66.86,30.68924,0.05573333,105.3165,3.715556,0.05573333,3.715556
66.87,30.67493,0.05573333,105.2674,3.715556,0.05573333,3.715556
66.88,30.66222,0.05573333,105.2238,3.715556,0.05573333,3.715556
66.89,30.66858,0.05573333,105.2456,3.715556,0.05573333,3.715556
66.9,30.68924,0.05576667,105.3165,3.717778,0.05576667,3.717778
66.91,30.70354,0.05576667,105.3656,3.717778,0.05576667,3.717778
66.92,30.71149,0.05576667,105.3929,3.717778,0.05576667,3.717778
66.93,30.72262,0.05576667,105.4311,3.717778,0.05576667,3.717778
66.94,30.74328,0.0558,105.502,3.72,0.0558,3.72
66.95,30.76871,0.0558,105.5893,3.72,0.0558,3.72
66.96,30.77666,0.0558,105.6165,3.72,0.0558,3.72
66.97,30.76712,0.0558,105.5838,3.72,0.0558,3.72
66.98,30.74805,0.05583333,105.5183,3.722222,0.05583333,3.722222
66.99,30.73533,0.05583333,105.4747,3.722222,0.05583333,3.722222
67.0,30.7401,0.05583333,105.4911,3.722222,0.05583333,3.722222
67.01,30.756,0.05583333,105.5456,3.722222,0.05583333,3.722222
67.02,30.78461,0.05586667,105.6438,3.724444,0.05586667,3.724444
67.03,30.81163,0.05586667,105.7365,3.724444,0.05586667,3.724444
67.04,30.82117,0.05586667,105.7693,3.724444,0.05586667,3.724444
67.05,30.82117,0.05586667,105.7693,3.724444,0.05586667,3.724444
67.06,30.81322,0.0559,105.742,3.726667,0.0559,3.726667
67.07,30.80845,0.0559,105.7256,3.726667,0.0559,3.726667
67.08,30.80368,0.0559,105.7093,3.726667,0.0559,3.726667
67.09,30.80845,0.0559,105.7256,3.726667,0.0559,3.726667
67.1,30.82117,0.05593333,105.7693,3.728889,0.05593333,3.728889
67.11,30.83706,0.05593333,105.8238,3.728889,0.05593333,3.728889
67.12,30.84024,0.05593333,105.8347,3.728889,0.05593333,3.728889
67.13,30.84024,0.05593333,105.8347,3.728889,0.05593333,3.728889
67.14,30.84183,0.05596667,105.8402,3.731111,0.05596667,3.731111
67.15,30.84501,0.05596667,105.8511,3.731111,0.05596667,3.731111
67.16,30.84501,0.05596667,105.8511,3.731111,0.05596667,3.731111
67.17,30.85772,0.05596667,105.8947,3.731111,0.05596667,3.731111
67.18,30.87839,0.056,105.9656,3.733333,0.056,3.733333
67.19,30.89428,0.056,106.0202,3.733333,0.056,3.733333
67.2,30.90223,0.056,106.0474,3.733333,0.056,3.733333
67.21,30.89905,0.056,106.0365,3.733333,0.056,3.733333
67.22,30.89746,0.05603334,106.0311,3.735556,0.05603334,3.735556
67.23,30.89746,0.05603334,106.0311,3.735556,0.05603334,3.735556
67.24,30.90541,0.05603334,106.0583,3.735556,0.05603334,3.735556
67.25,30.91017,0.05603334,106.0747,3.735556,0.05603334,3.735556
67.26,30.91812,0.05606667,106.102,3.737778,0.05606667,3.737778
67.27,30.92607,0.05606667,106.1293,3.737778,0.05606667,3.737778
67.28,30.93084,0.05606667,106.1456,3.737778,0.05606667,3.737778
67.29,30.92289,0.05606667,106.1184,3.737778,0.05606667,3.737778
67.3,30.907,0.0561,106.0638,3.74,0.0561,3.74
67.31,30.89905,0.0561,106.0365,3.74,0.0561,3.74
67.32,30.90541,0.0561,106.0583,3.74,0.0561,3.74
67.33,30.92289,0.0561,106.1184,3.74,0.0561,3.74
67.34,30.94355,0.05613333,106.1893,3.742222,0.05613333,3.742222
67.35,30.96898,0.05613333,106.2765,3.742222,0.05613333,3.742222
67.36,30.99124,0.05613333,106.3529,3.742222,0.05613333,3.742222
67.37,31.00077,0.05613333,106.3856,3.742222,0.05613333,3.742222
67.38,31.00554,0.05616667,106.402,3.744445,0.05616667,3.744445
67.39,31.00872,0.05616667,106.4129,3.744445,0.05616667,3.744445
67.4,31.01667,0.05616667,106.4402,3.744445,0.05616667,3.744445
67.41,31.02144,0.05616667,106.4565,3.744445,0.05616667,3.744445
67.42,31.02621,0.0562,106.4729,3.746667,0.0562,3.746667
67.43,31.03415,0.0562,106.5002,3.746667,0.0562,3.746667
67.44,31.04051,0.0562,106.522,3.746667,0.0562,3.746667
67.45,31.0421,0.0562,106.5274,3.746667,0.0562,3.746667
67.46,31.0421,0.05623334,106.5274,3.748889,0.05623334,3.748889
67.47,31.0421,0.05623334,106.5274,3.748889,0.05623334,3.748889
67.48,31.03733,0.05623334,106.5111,3.748889,0.05623334,3.748889
67.49,31.02938,0.05623334,106.4838,3.748889,0.05623334,3.748889
67.5,31.02144,0.05626667,106.4565,3.751111,0.05626667,3.751111
67.51,31.02144,0.05626667,106.4565,3.751111,0.05626667,3.751111
67.52,31.02938,0.05626667,106.4838,3.751111,0.05626667,3.751111
67.53,31.04846,0.05626667,106.5493,3.751111,0.05626667,3.751111
67.54,31.07071,0.0563,106.6256,3.753333,0.0563,3.753333
67.55,31.07866,0.0563,106.6529,3.753333,0.0563,3.753333
67.56,31.06594,0.0563,106.6093,3.753333,0.0563,3.753333
67.57,31.05322,0.0563,106.5656,3.753333,0.0563,3.753333
67.58,31.06117,0.05633333,106.5929,3.755556,0.05633333,3.755556
67.59,31.08183,0.05633333,106.6638,3.755556,0.05633333,3.755556
67.6,31.09932,0.05633333,106.7238,3.755556,0.05633333,3.755556
67.61,31.10727,0.05633333,106.7511,3.755556,0.05633333,3.755556
67.62,31.10568,0.05636667,106.7456,3.757778,0.05636667,3.757778
67.63,31.09773,0.05636667,106.7184,3.757778,0.05636667,3.757778
67.64,31.0866,0.05636667,106.6802,3.757778,0.05636667,3.757778
67.65,31.08343,0.05636667,106.6693,3.757778,0.05636667,3.757778
67.66,31.08343,0.0564,106.6693,3.76,0.0564,3.76
67.67,31.07071,0.0564,106.6256,3.76,0.0564,3.76
67.68,31.05005,0.0564,106.5547,3.76,0.0564,3.76
67.69,31.0421,0.0564,106.5274,3.76,0.0564,3.76
67.7,31.05799,0.05643333,106.582,3.762222,0.05643333,3.762222
67.71,31.08978,0.05643333,106.6911,3.762222,0.05643333,3.762222
67.72,31.12316,0.05643333,106.8056,3.762222,0.05643333,3.762222
67.73,31.14859,0.05643333,106.8929,3.762222,0.05643333,3.762222
67.74,31.1629,0.05646667,106.942,3.764445,0.05646667,3.764445
67.75,31.15654,0.05646667,106.9202,3.764445,0.05646667,3.764445
67.76,31.14382,0.05646667,106.8765,3.764445,0.05646667,3.764445
67.77,31.13906,0.05646667,106.8602,3.764445,0.05646667,3.764445
67.78,31.14382,0.0565,106.8765,3.766667,0.0565,3.766667
67.79,31.15654,0.0565,106.9202,3.766667,0.0565,3.766667
67.8,31.16926,0.0565,106.9638,3.766667,0.0565,3.766667
67.81,31.17561,0.0565,106.9856,3.766667,0.0565,3.766667
67.82,31.18356,0.05653333,107.0129,3.768889,0.05653333,3.768889
67.83,31.19151,0.05653333,107.0402,3.768889,0.05653333,3.768889
67.84,31.19151,0.05653333,107.0402,3.768889,0.05653333,3.768889
67.85,31.18038,0.05653333,107.002,3.768889,0.05653333,3.768889
67.86,31.16449,0.05656667,106.9474,3.771111,0.05656667,3.771111
67.87,31.15495,0.05656667,106.9147,3.771111,0.05656667,3.771111
67.88,31.15972,0.05656667,106.9311,3.771111,0.05656667,3.771111
67.89,31.16926,0.05656667,106.9638,3.771111,0.05656667,3.771111
67.9,31.18833,0.0566,107.0293,3.773333,0.0566,3.773333
67.91,31.20581,0.0566,107.0893,3.773333,0.0566,3.773333
67.92,31.22171,0.0566,107.1438,3.773333,0.0566,3.773333
67.93,31.23283,0.0566,107.182,3.773333,0.0566,3.773333
67.94,31.22965,0.05663333,107.1711,3.775556,0.05663333,3.775556
67.95,31.22807,0.05663333,107.1656,3.775556,0.05663333,3.775556
67.96,31.23283,0.05663333,107.182,3.775556,0.05663333,3.775556
67.97,31.25032,0.05663333,107.242,3.775556,0.05663333,3.775556
67.98,31.26939,0.05666667,107.3074,3.777778,0.05666667,3.777778
67.99,31.27416,0.05666667,107.3238,3.777778,0.05666667,3.777778
68.0,31.26939,0.05666667,107.3074,3.777778,0.05666667,3.777778
68.01,31.27098,0.05666667,107.3129,3.777778,0.05666667,3.777778
68.02,31.28211,0.0567,107.3511,3.78,0.0567,3.78
68.03,31.298,0.0567,107.4056,3.78,0.0567,3.78
68.04,31.30754,0.0567,107.4384,3.78,0.0567,3.78
68.05,31.32025,0.0567,107.482,3.78,0.0567,3.78
68.06,31.33456,0.05673333,107.5311,3.782222,0.05673333,3.782222
68.07,31.34886,0.05673333,107.5802,3.782222,0.05673333,3.782222
68.08,31.35999,0.05673333,107.6184,3.782222,0.05673333,3.782222
68.09,31.36476,0.05673333,107.6347,3.782222,0.05673333,3.782222
68.1,31.36794,0.05676667,107.6456,3.784444,0.05676667,3.784444
68.11,31.37271,0.05676667,107.662,3.784444,0.05676667,3.784444
68.12,31.38065,0.05676667,107.6893,3.784444,0.05676667,3.784444
68.13,31.38065,0.05676667,107.6893,3.784444,0.05676667,3.784444
68.14,31.37747,0.0568,107.6784,3.786667,0.0568,3.786667
68.15,31.37112,0.0568,107.6565,3.786667,0.0568,3.786667
68.16,31.35999,0.0568,107.6184,3.786667,0.0568,3.786667
68.17,31.35681,0.0568,107.6074,3.786667,0.0568,3.786667
68.18,31.36794,0.05683333,107.6456,3.788889,0.05683333,3.788889
68.19,31.37747,0.05683333,107.6784,3.788889,0.05683333,3.788889
68.2,31.3886,0.05683333,107.7165,3.788889,0.05683333,3.788889
68.21,31.39337,0.05683333,107.7329,3.788889,0.05683333,3.788889
68.22,31.39655,0.05686667,107.7438,3.791111,0.05686667,3.791111
68.23,31.4045,0.05686667,107.7711,3.791111,0.05686667,3.791111
68.24,31.42198,0.05686667,107.8311,3.791111,0.05686667,3.791111
68.25,31.43311,0.05686667,107.8693,3.791111,0.05686667,3.791111
68.26,31.42516,0.0569,107.842,3.793334,0.0569,3.793334
68.27,31.41244,0.0569,107.7984,3.793334,0.0569,3.793334
68.28,31.41403,0.0569,107.8038,3.793334,0.0569,3.793334
68.29,31.42834,0.0569,107.8529,3.793334,0.0569,3.793334
68.3,31.43787,0.05693333,107.8856,3.795556,0.05693333,3.795556
68.31,31.43469,0.05693333,107.8747,3.795556,0.05693333,3.795556
68.32,31.43469,0.05693333,107.8747,3.795556,0.05693333,3.795556
68.33,31.44105,0.05693333,107.8965,3.795556,0.05693333,3.795556
68.34,31.45854,0.05696667,107.9565,3.797778,0.05696667,3.797778
68.35,31.47761,0.05696667,108.022,3.797778,0.05696667,3.797778
68.36,31.49191,0.05696667,108.0711,3.797778,0.05696667,3.797778
68.37,31.50622,0.05696667,108.1202,3.797778,0.05696667,3.797778
68.38,31.51576,0.057,108.1529,3.8,0.057,3.8
68.39,31.51576,0.057,108.1529,3.8,0.057,3.8
68.4,31.50304,0.057,108.1093,3.8,0.057,3.8
68.41,31.48556,0.057,108.0493,3.8,0.057,3.8
68.42,31.48238,0.05703333,108.0384,3.802222,0.05703333,3.802222
68.43,31.49986,0.05703333,108.0984,3.802222,0.05703333,3.802222
68.44,31.52847,0.05703333,108.1965,3.802222,0.05703333,3.802222
68.45,31.55549,0.05703333,108.2893,3.802222,0.05703333,3.802222
68.46,31.56503,0.05706667,108.322,3.804445,0.05706667,3.804445
68.47,31.56821,0.05706667,108.3329,3.804445,0.05706667,3.804445
68.48,31.56821,0.05706667,108.3329,3.804445,0.05706667,3.804445
68.49,31.57139,0.05706667,108.3438,3.804445,0.05706667,3.804445
68.5,31.57298,0.0571,108.3493,3.806667,0.0571,3.806667
68.51,31.57298,0.0571,108.3493,3.806667,0.0571,3.806667
68.52,31.56503,0.0571,108.322,3.806667,0.0571,3.806667
68.53,31.55549,0.0571,108.2893,3.806667,0.0571,3.806667
68.54,31.55549,0.05713334,108.2893,3.808889,0.05713334,3.808889
68.55,31.57298,0.05713334,108.3493,3.808889,0.05713334,3.808889
68.56,31.59364,0.05713334,108.4202,3.808889,0.05713334,3.808889
68.57,31.60636,0.05713334,108.4638,3.808889,0.05713334,3.808889
68.58,31.62066,0.05716667,108.5129,3.811111,0.05716667,3.811111
68.59,31.64291,0.05716667,108.5893,3.811111,0.05716667,3.811111
68.6,31.65722,0.05716667,108.6384,3.811111,0.05716667,3.811111
68.61,31.65086,0.05716667,108.6165,3.811111,0.05716667,3.811111
68.62,31.63338,0.0572,108.5565,3.813333,0.0572,3.813333
68.63,31.62225,0.0572,108.5184,3.813333,0.0572,3.813333
68.64,31.62066,0.0572,108.5129,3.813333,0.0572,3.813333
68.65,31.62543,0.0572,108.5293,3.813333,0.0572,3.813333
68.66,31.6302,0.05723333,108.5456,3.815556,0.05723333,3.815556
68.67,31.63815,0.05723333,108.5729,3.815556,0.05723333,3.815556
68.68,31.64291,0.05723333,108.5893,3.815556,0.05723333,3.815556
68.69,31.65086,0.05723333,108.6165,3.815556,0.05723333,3.815556
68.7,31.66358,0.05726667,108.6602,3.817778,0.05726667,3.817778
68.71,31.68265,0.05726667,108.7256,3.817778,0.05726667,3.817778
68.72,31.69537,0.05726667,108.7693,3.817778,0.05726667,3.817778
68.73,31.69537,0.05726667,108.7693,3.817778,0.05726667,3.817778
68.74,31.69537,0.0573,108.7693,3.82,0.0573,3.82
68.75,31.70013,0.0573,108.7856,3.82,0.0573,3.82
68.76,31.70808,0.0573,108.8129,3.82,0.0573,3.82
68.77,31.71444,0.0573,108.8347,3.82,0.0573,3.82
68.78,31.71921,0.05733334,108.8511,3.822222,0.05733334,3.822222
68.79,31.72874,0.05733334,108.8838,3.822222,0.05733334,3.822222
68.8,31.7351,0.05733334,108.9056,3.822222,0.05733334,3.822222
68.81,31.7351,0.05733334,108.9056,3.822222,0.05733334,3.822222
68.82,31.7351,0.05736667,108.9056,3.824444,0.05736667,3.824444
68.83,31.7351,0.05736667,108.9056,3.824444,0.05736667,3.824444
68.84,31.73192,0.05736667,108.8947,3.824444,0.05736667,3.824444
68.85,31.72398,0.05736667,108.8674,3.824444,0.05736667,3.824444
68.86,31.71603,0.0574,108.8402,3.826667,0.0574,3.826667
68.87,31.71603,0.0574,108.8402,3.826667,0.0574,3.826667
68.88,31.72716,0.0574,108.8784,3.826667,0.0574,3.826667
68.89,31.73987,0.0574,108.922,3.826667,0.0574,3.826667
68.9,31.751,0.05743333,108.9602,3.828889,0.05743333,3.828889
68.91,31.75577,0.05743333,108.9765,3.828889,0.05743333,3.828889
68.92,31.76848,0.05743333,109.0202,3.828889,0.05743333,3.828889
68.93,31.78914,0.05743333,109.0911,3.828889,0.05743333,3.828889
68.94,31.80504,0.05746667,109.1456,3.831111,0.05746667,3.831111
68.95,31.81775,0.05746667,109.1893,3.831111,0.05746667,3.831111
68.96,31.8257,0.05746667,109.2165,3.831111,0.05746667,3.831111
68.97,31.82252,0.05746667,109.2056,3.831111,0.05746667,3.831111
68.98,31.81458,0.0575,109.1784,3.833333,0.0575,3.833333
68.99,31.81299,0.0575,109.1729,3.833333,0.0575,3.833333
69.0,31.81775,0.0575,109.1893,3.833333,0.0575,3.833333
69.01,31.83365,0.0575,109.2438,3.833333,0.0575,3.833333
69.02,31.83842,0.05753333,109.2602,3.835556,0.05753333,3.835556
69.03,31.83683,0.05753333,109.2547,3.835556,0.05753333,3.835556
69.04,31.83683,0.05753333,109.2547,3.835556,0.05753333,3.835556
69.05,31.83683,0.05753333,109.2547,3.835556,0.05753333,3.835556
69.06,31.83365,0.05756667,109.2438,3.837778,0.05756667,3.837778
69.07,31.83683,0.05756667,109.2547,3.837778,0.05756667,3.837778
69.08,31.84636,0.05756667,109.2875,3.837778,0.05756667,3.837778
69.09,31.86226,0.05756667,109.342,3.837778,0.05756667,3.837778
69.1,31.87974,0.0576,109.402,3.84,0.0576,3.84
69.11,31.89405,0.0576,109.4511,3.84,0.0576,3.84
69.12,31.89882,0.0576,109.4675,3.84,0.0576,3.84
69.13,31.89087,0.0576,109.4402,3.84,0.0576,3.84
69.14,31.88292,0.05763333,109.4129,3.842222,0.05763333,3.842222
69.15,31.87974,0.05763333,109.402,3.842222,0.05763333,3.842222
69.16,31.8861,0.05763333,109.4238,3.842222,0.05763333,3.842222
69.17,31.89405,0.05763333,109.4511,3.842222,0.05763333,3.842222
69.18,31.90041,0.05766667,109.4729,3.844445,0.05766667,3.844445
69.19,31.91153,0.05766667,109.5111,3.844445,0.05766667,3.844445
69.2,31.91948,0.05766667,109.5384,3.844445,0.05766667,3.844445
69.21,31.92266,0.05766667,109.5493,3.844445,0.05766667,3.844445
69.22,31.91948,0.0577,109.5384,3.846667,0.0577,3.846667
69.23,31.91153,0.0577,109.5111,3.846667,0.0577,3.846667
69.24,31.90359,0.0577,109.4838,3.846667,0.0577,3.846667
69.25,31.90359,0.0577,109.4838,3.846667,0.0577,3.846667
69.26,31.91471,0.05773333,109.522,3.848889,0.05773333,3.848889
69.27,31.92902,0.05773333,109.5711,3.848889,0.05773333,3.848889
69.28,31.94014,0.05773333,109.6093,3.848889,0.05773333,3.848889
69.29,31.94809,0.05773333,109.6365,3.848889,0.05773333,3.848889
69.3,31.95763,0.05776667,109.6693,3.851111,0.05776667,3.851111
69.31,31.96557,0.05776667,109.6965,3.851111,0.05776667,3.851111
69.32,31.96875,0.05776667,109.7075,3.851111,0.05776667,3.851111
69.33,31.96398,0.05776667,109.6911,3.851111,0.05776667,3.851111
69.34,31.96081,0.0578,109.6802,3.853333,0.0578,3.853333
69.35,31.97352,0.0578,109.7238,3.853333,0.0578,3.853333
69.36,31.99259,0.0578,109.7893,3.853333,0.0578,3.853333
69.37,32.00531,0.0578,109.8329,3.853333,0.0578,3.853333
69.38,32.01008,0.05783333,109.8493,3.855556,0.05783333,3.855556
69.39,32.01326,0.05783333,109.8602,3.855556,0.05783333,3.855556
69.4,32.01485,0.05783333,109.8656,3.855556,0.05783333,3.855556
69.41,32.01485,0.05783333,109.8656,3.855556,0.05783333,3.855556
69.42,32.02279,0.05786667,109.8929,3.857778,0.05786667,3.857778
69.43,32.03074,0.05786667,109.9202,3.857778,0.05786667,3.857778
69.44,32.0371,0.05786667,109.942,3.857778,0.05786667,3.857778
69.45,32.04187,0.05786667,109.9584,3.857778,0.05786667,3.857778
69.46,32.04663,0.0579,109.9747,3.86,0.0579,3.86
69.47,32.05776,0.0579,110.0129,3.86,0.0579,3.86
69.48,32.06253,0.0579,110.0293,3.86,0.0579,3.86
69.49,32.06253,0.0579,110.0293,3.86,0.0579,3.86
69.5,32.06571,0.05793333,110.0402,3.862222,0.05793333,3.862222
69.51,32.07048,0.05793333,110.0565,3.862222,0.05793333,3.862222
69.52,32.07524,0.05793333,110.0729,3.862222,0.05793333,3.862222
69.53,32.07207,0.05793333,110.062,3.862222,0.05793333,3.862222
69.54,32.07524,0.05796667,110.0729,3.864444,0.05796667,3.864444
69.55,32.08796,0.05796667,110.1165,3.864444,0.05796667,3.864444
69.56,32.10386,0.05796667,110.1711,3.864444,0.05796667,3.864444
69.57,32.11498,0.05796667,110.2093,3.864444,0.05796667,3.864444
69.58,32.11975,0.058,110.2256,3.866667,0.058,3.866667
69.59,32.12293,0.058,110.2365,3.866667,0.058,3.866667
69.6,32.11975,0.058,110.2256,3.866667,0.058,3.866667
69.61,32.12293,0.058,110.2365,3.866667,0.058,3.866667
69.62,32.1277,0.05803333,110.2529,3.868889,0.05803333,3.868889
69.63,32.12929,0.05803333,110.2584,3.868889,0.05803333,3.868889
69.64,32.12452,0.05803333,110.242,3.868889,0.05803333,3.868889
69.65,32.11657,0.05803333,110.2147,3.868889,0.05803333,3.868889
69.66,32.12293,0.05806667,110.2365,3.871111,0.05806667,3.871111
69.67,32.12929,0.05806667,110.2584,3.871111,0.05806667,3.871111
69.68,32.14359,0.05806667,110.3074,3.871111,0.05806667,3.871111
69.69,32.16108,0.05806667,110.3674,3.871111,0.05806667,3.871111
69.7,32.17379,0.0581,110.4111,3.873333,0.0581,3.873333
69.71,32.17379,0.0581,110.4111,3.873333,0.0581,3.873333
69.72,32.16426,0.0581,110.3784,3.873333,0.0581,3.873333
69.73,32.16426,0.0581,110.3784,3.873333,0.0581,3.873333
69.74,32.17697,0.05813333,110.422,3.875556,0.05813333,3.875556
69.75,32.18969,0.05813333,110.4656,3.875556,0.05813333,3.875556
69.76,32.19287,0.05813333,110.4765,3.875556,0.05813333,3.875556
69.77,32.19287,0.05813333,110.4765,3.875556,0.05813333,3.875556
69.78,32.19287,0.05816667,110.4765,3.877778,0.05816667,3.877778
69.79,32.19445,0.05816667,110.482,3.877778,0.05816667,3.877778
69.8,32.2024,0.05816667,110.5093,3.877778,0.05816667,3.877778
69.81,32.21035,0.05816667,110.5365,3.877778,0.05816667,3.877778
69.82,32.2183,0.0582,110.5638,3.88,0.0582,3.88
69.83,32.23101,0.0582,110.6075,3.88,0.0582,3.88
69.84,32.25009,0.0582,110.6729,3.88,0.0582,3.88
69.85,32.2628,0.0582,110.7165,3.88,0.0582,3.88
69.86,32.26598,0.05823334,110.7274,3.882222,0.05823334,3.882222
69.87,32.26598,0.05823334,110.7274,3.882222,0.05823334,3.882222
69.88,32.27075,0.05823334,110.7438,3.882222,0.05823334,3.882222
69.89,32.2787,0.05823334,110.7711,3.882222,0.05823334,3.882222
69.9,32.27075,0.05826667,110.7438,3.884444,0.05826667,3.884444
69.91,32.25962,0.05826667,110.7056,3.884444,0.05826667,3.884444
69.92,32.26757,0.05826667,110.7329,3.884444,0.05826667,3.884444
69.93,32.28823,0.05826667,110.8038,3.884444,0.05826667,3.884444
69.94,32.3089,0.0583,110.8747,3.886667,0.0583,3.886667
69.95,32.32479,0.0583,110.9293,3.886667,0.0583,3.886667
69.96,32.32797,0.0583,110.9402,3.886667,0.0583,3.886667
69.97,32.32479,0.0583,110.9293,3.886667,0.0583,3.886667
69.98,32.3232,0.05833333,110.9238,3.888889,0.05833333,3.888889
69.99,32.33274,0.05833333,110.9565,3.888889,0.05833333,3.888889
70.0,32.35658,0.05833333,111.0384,3.888889,0.05833333,3.888889
70.01,32.37724,0.05833333,111.1093,3.888889,0.05833333,3.888889
70.02,32.38837,0.05836667,111.1475,3.891111,0.05836667,3.891111
70.03,32.38519,0.05836667,111.1365,3.891111,0.05836667,3.891111
70.04,32.37724,0.05836667,111.1093,3.891111,0.05836667,3.891111
70.05,32.37724,0.05836667,111.1093,3.891111,0.05836667,3.891111
70.06,32.37407,0.0584,111.0984,3.893333,0.0584,3.893333
70.07,32.37247,0.0584,111.0929,3.893333,0.0584,3.893333
70.08,32.37247,0.0584,111.0929,3.893333,0.0584,3.893333
70.09,32.37247,0.0584,111.0929,3.893333,0.0584,3.893333
70.1,32.37407,0.05843334,111.0984,3.895556,0.05843334,3.895556
70.11,32.37247,0.05843334,111.0929,3.895556,0.05843334,3.895556
70.12,32.3693,0.05843334,111.082,3.895556,0.05843334,3.895556
70.13,32.3693,0.05843334,111.082,3.895556,0.05843334,3.895556
70.14,32.37407,0.05846667,111.0984,3.897778,0.05846667,3.897778
70.15,32.37724,0.05846667,111.1093,3.897778,0.05846667,3.897778
70.16,32.38837,0.05846667,111.1475,3.897778,0.05846667,3.897778
70.17,32.40268,0.05846667,111.1965,3.897778,0.05846667,3.897778
70.18,32.42334,0.0585,111.2674,3.9,0.0585,3.9
70.19,32.44559,0.0585,111.3438,3.9,0.0585,3.9
70.2,32.45195,0.0585,111.3656,3.9,0.0585,3.9
70.21,32.44718,0.0585,111.3493,3.9,0.0585,3.9
70.22,32.43446,0.05853333,111.3056,3.902222,0.05853333,3.902222
70.23,32.43764,0.05853333,111.3165,3.902222,0.05853333,3.902222
70.24,32.45195,0.05853333,111.3656,3.902222,0.05853333,3.902222
70.25,32.45513,0.05853333,111.3765,3.902222,0.05853333,3.902222
70.26,32.44241,0.05856667,111.3329,3.904444,0.05856667,3.904444
70.27,32.42652,0.05856667,111.2784,3.904444,0.05856667,3.904444
70.28,32.42175,0.05856667,111.262,3.904444,0.05856667,3.904444
70.29,32.42652,0.05856667,111.2784,3.904444,0.05856667,3.904444
70.3,32.44718,0.0586,111.3493,3.906667,0.0586,3.906667
70.31,32.47102,0.0586,111.4311,3.906667,0.0586,3.906667
70.32,32.48056,0.0586,111.4638,3.906667,0.0586,3.906667
70.33,32.48374,0.0586,111.4747,3.906667,0.0586,3.906667
70.34,32.48374,0.05863333,111.4747,3.908889,0.05863333,3.908889
70.35,32.48374,0.05863333,111.4747,3.908889,0.05863333,3.908889
70.36,32.49645,0.05863333,111.5184,3.908889,0.05863333,3.908889
70.37,32.51235,0.05863333,111.5729,3.908889,0.05863333,3.908889
70.38,32.51712,0.05866667,111.5893,3.911111,0.05866667,3.911111
70.39,32.50917,0.05866667,111.562,3.911111,0.05866667,3.911111
70.4,32.50281,0.05866667,111.5402,3.911111,0.05866667,3.911111
70.41,32.50281,0.05866667,111.5402,3.911111,0.05866667,3.911111
70.42,32.52029,0.0587,111.6002,3.913333,0.0587,3.913333
70.43,32.54573,0.0587,111.6875,3.913333,0.0587,3.913333
70.44,32.5648,0.0587,111.7529,3.913333,0.0587,3.913333
70.45,32.56162,0.0587,111.742,3.913333,0.0587,3.913333
70.46,32.54573,0.05873333,111.6875,3.915555,0.05873333,3.915555
70.47,32.54573,0.05873333,111.6875,3.915555,0.05873333,3.915555
70.48,32.56639,0.05873333,111.7584,3.915555,0.05873333,3.915555
70.49,32.59023,0.05873333,111.8402,3.915555,0.05873333,3.915555
70.5,32.6093,0.05876667,111.9056,3.917778,0.05876667,3.917778
70.51,32.61884,0.05876667,111.9384,3.917778,0.05876667,3.917778
70.52,32.62202,0.05876667,111.9493,3.917778,0.05876667,3.917778
70.53,32.61407,0.05876667,111.922,3.917778,0.05876667,3.917778
70.54,32.6093,0.0588,111.9056,3.92,0.0588,3.92
70.55,32.61725,0.0588,111.9329,3.92,0.0588,3.92
70.56,32.62202,0.0588,111.9493,3.92,0.0588,3.92
70.57,32.61407,0.0588,111.922,3.92,0.0588,3.92
70.58,32.60295,0.05883333,111.8838,3.922222,0.05883333,3.922222
70.59,32.6093,0.05883333,111.9056,3.922222,0.05883333,3.922222
70.6,32.62361,0.05883333,111.9547,3.922222,0.05883333,3.922222
70.61,32.63474,0.05883333,111.9929,3.922222,0.05883333,3.922222
70.62,32.63791,0.05886667,112.0038,3.924445,0.05886667,3.924445
70.63,32.6395,0.05886667,112.0093,3.924445,0.05886667,3.924445
70.64,32.64586,0.05886667,112.0311,3.924445,0.05886667,3.924445
70.65,32.65222,0.05886667,112.0529,3.924445,0.05886667,3.924445
70.66,32.65858,0.0589,112.0747,3.926667,0.0589,3.926667
70.67,32.65063,0.0589,112.0475,3.926667,0.0589,3.926667
70.68,32.6395,0.0589,112.0093,3.926667,0.0589,3.926667
70.69,32.63791,0.0589,112.0038,3.926667,0.0589,3.926667
70.7,32.64586,0.05893333,112.0311,3.928889,0.05893333,3.928889
70.71,32.65858,0.05893333,112.0747,3.928889,0.05893333,3.928889
70.72,32.66335,0.05893333,112.0911,3.928889,0.05893333,3.928889
70.73,32.66811,0.05893333,112.1075,3.928889,0.05893333,3.928889
70.74,32.67606,0.05896667,112.1347,3.931111,0.05896667,3.931111
70.75,32.68719,0.05896667,112.1729,3.931111,0.05896667,3.931111
70.76,32.69196,0.05896667,112.1893,3.931111,0.05896667,3.931111
70.77,32.69513,0.05896667,112.2002,3.931111,0.05896667,3.931111
70.78,32.70944,0.059,112.2493,3.933333,0.059,3.933333
70.79,32.72851,0.059,112.3147,3.933333,0.059,3.933333
70.8,32.74441,0.059,112.3693,3.933333,0.059,3.933333
70.81,32.74123,0.059,112.3584,3.933333,0.059,3.933333
70.82,32.72533,0.05903333,112.3038,3.935556,0.05903333,3.935556
70.83,32.71262,0.05903333,112.2602,3.935556,0.05903333,3.935556
70.84,32.70785,0.05903333,112.2438,3.935556,0.05903333,3.935556
70.85,32.7158,0.05903333,112.2711,3.935556,0.05903333,3.935556
70.86,32.73646,0.05906667,112.342,3.937778,0.05906667,3.937778
70.87,32.77302,0.05906667,112.4675,3.937778,0.05906667,3.937778
70.88,32.80163,0.05906667,112.5656,3.937778,0.05906667,3.937778
70.89,32.79686,0.05906667,112.5493,3.937778,0.05906667,3.937778
70.9,32.77302,0.0591,112.4675,3.94,0.0591,3.94
70.91,32.75712,0.0591,112.4129,3.94,0.0591,3.94
70.92,32.76507,0.0591,112.4402,3.94,0.0591,3.94
70.93,32.77461,0.0591,112.4729,3.94,0.0591,3.94
70.94,32.77461,0.05913333,112.4729,3.942222,0.05913333,3.942222
70.95,32.77302,0.05913333,112.4675,3.942222,0.05913333,3.942222
70.96,32.77461,0.05913333,112.4729,3.942222,0.05913333,3.942222
70.97,32.79368,0.05913333,112.5384,3.942222,0.05913333,3.942222
70.98,32.82229,0.05916667,112.6366,3.944444,0.05916667,3.944444
70.99,32.83978,0.05916667,112.6965,3.944444,0.05916667,3.944444
71.0,32.83501,0.05916667,112.6802,3.944444,0.05916667,3.944444
71.01,32.82229,0.05916667,112.6366,3.944444,0.05916667,3.944444
71.02,32.81911,0.0592,112.6256,3.946667,0.0592,3.946667
71.03,32.82706,0.0592,112.6529,3.946667,0.0592,3.946667
71.04,32.83501,0.0592,112.6802,3.946667,0.0592,3.946667
71.05,32.83978,0.0592,112.6965,3.946667,0.0592,3.946667
71.06,32.83818,0.05923333,112.6911,3.948889,0.05923333,3.948889
71.07,32.82706,0.05923333,112.6529,3.948889,0.05923333,3.948889
71.08,32.81434,0.05923333,112.6093,3.948889,0.05923333,3.948889
71.09,32.81434,0.05923333,112.6093,3.948889,0.05923333,3.948889
71.1,32.82706,0.05926667,112.6529,3.951111,0.05926667,3.951111
71.11,32.83978,0.05926667,112.6965,3.951111,0.05926667,3.951111
71.12,32.8509,0.05926667,112.7347,3.951111,0.05926667,3.951111
71.13,32.86044,0.05926667,112.7675,3.951111,0.05926667,3.951111
71.14,32.86362,0.0593,112.7784,3.953333,0.0593,3.953333
71.15,32.86044,0.0593,112.7675,3.953333,0.0593,3.953333
71.16,32.85885,0.0593,112.762,3.953333,0.0593,3.953333
71.17,32.86362,0.0593,112.7784,3.953333,0.0593,3.953333
71.18,32.87474,0.05933334,112.8166,3.955556,0.05933334,3.955556
71.19,32.88746,0.05933334,112.8602,3.955556,0.05933334,3.955556
71.2,32.8954,0.05933334,112.8875,3.955556,0.05933334,3.955556
71.21,32.8954,0.05933334,112.8875,3.955556,0.05933334,3.955556
71.22,32.89223,0.05936667,112.8765,3.957778,0.05936667,3.957778
71.23,32.897,0.05936667,112.8929,3.957778,0.05936667,3.957778
71.24,32.9113,0.05936667,112.942,3.957778,0.05936667,3.957778
71.25,32.92561,0.05936667,112.9911,3.957778,0.05936667,3.957778
71.26,32.9415,0.0594,113.0456,3.96,0.0594,3.96
71.27,32.94945,0.0594,113.0729,3.96,0.0594,3.96
71.28,32.95263,0.0594,113.0838,3.96,0.0594,3.96
71.29,32.95739,0.0594,113.1002,3.96,0.0594,3.96
71.3,32.97011,0.05943333,113.1438,3.962222,0.05943333,3.962222
71.31,32.98124,0.05943333,113.182,3.962222,0.05943333,3.962222
71.32,32.986,0.05943333,113.1984,3.962222,0.05943333,3.962222
71.33,32.98283,0.05943333,113.1875,3.962222,0.05943333,3.962222
71.34,32.97806,0.05946667,113.1711,3.964444,0.05946667,3.964444
71.35,32.97488,0.05946667,113.1602,3.964444,0.05946667,3.964444
71.36,32.97806,0.05946667,113.1711,3.964444,0.05946667,3.964444
71.37,32.98283,0.05946667,113.1875,3.964444,0.05946667,3.964444
71.38,32.98283,0.0595,113.1875,3.966667,0.0595,3.966667
71.39,32.98919,0.0595,113.2093,3.966667,0.0595,3.966667
71.4,33.00667,0.0595,113.2693,3.966667,0.0595,3.966667
71.41,33.02574,0.0595,113.3347,3.966667,0.0595,3.966667
71.42,33.03528,0.05953334,113.3675,3.968889,0.05953334,3.968889
71.43,33.0321,0.05953334,113.3566,3.968889,0.05953334,3.968889
71.44,33.02574,0.05953334,113.3347,3.968889,0.05953334,3.968889
71.45,33.01938,0.05953334,113.3129,3.968889,0.05953334,3.968889
71.46,33.02256,0.05956667,113.3238,3.971111,0.05956667,3.971111
71.47,33.04005,0.05956667,113.3838,3.971111,0.05956667,3.971111
71.48,33.05912,0.05956667,113.4493,3.971111,0.05956667,3.971111
71.49,33.05912,0.05956667,113.4493,3.971111,0.05956667,3.971111
71.5,33.05117,0.0596,113.422,3.973333,0.0596,3.973333
71.51,33.06389,0.0596,113.4656,3.973333,0.0596,3.973333
71.52,33.08455,0.0596,113.5366,3.973333,0.0596,3.973333
71.53,33.09568,0.0596,113.5747,3.973333,0.0596,3.973333
71.54,33.08773,0.05963333,113.5475,3.975556,0.05963333,3.975556
71.55,33.0766,0.05963333,113.5093,3.975556,0.05963333,3.975556
71.56,33.07183,0.05963333,113.4929,3.975556,0.05963333,3.975556
71.57,33.0766,0.05963333,113.5093,3.975556,0.05963333,3.975556
71.58,33.09568,0.05966667,113.5747,3.977778,0.05966667,3.977778
71.59,33.11157,0.05966667,113.6293,3.977778,0.05966667,3.977778
71.6,33.11316,0.05966667,113.6347,3.977778,0.05966667,3.977778
71.61,33.11157,0.05966667,113.6293,3.977778,0.05966667,3.977778
71.62,33.11157,0.0597,113.6293,3.98,0.0597,3.98
71.63,33.11634,0.0597,113.6456,3.98,0.0597,3.98
71.64,33.12429,0.0597,113.6729,3.98,0.0597,3.98
71.65,33.12906,0.0597,113.6893,3.98,0.0597,3.98
71.66,33.12906,0.05973333,113.6893,3.982222,0.05973333,3.982222
71.67,33.13382,0.05973333,113.7056,3.982222,0.05973333,3.982222
71.68,33.14972,0.05973333,113.7602,3.982222,0.05973333,3.982222
71.69,33.16562,0.05973333,113.8147,3.982222,0.05973333,3.982222
71.7,33.17038,0.05976667,113.8311,3.984445,0.05976667,3.984445
71.71,33.17833,0.05976667,113.8584,3.984445,0.05976667,3.984445
71.72,33.19423,0.05976667,113.9129,3.984445,0.05976667,3.984445
71.73,33.21012,0.05976667,113.9675,3.984445,0.05976667,3.984445
71.74,33.21171,0.0598,113.9729,3.986667,0.0598,3.986667
71.75,33.20376,0.0598,113.9456,3.986667,0.0598,3.986667
71.76,33.1974,0.0598,113.9238,3.986667,0.0598,3.986667
71.77,33.19423,0.0598,113.9129,3.986667,0.0598,3.986667
71.78,33.20217,0.05983333,113.9402,3.988889,0.05983333,3.988889
71.79,33.21012,0.05983333,113.9675,3.988889,0.05983333,3.988889
71.8,33.21171,0.05983333,113.9729,3.988889,0.05983333,3.988889
71.81,33.21012,0.05983333,113.9675,3.988889,0.05983333,3.988889
71.82,33.21171,0.05986667,113.9729,3.991111,0.05986667,3.991111
71.83,33.22284,0.05986667,114.0111,3.991111,0.05986667,3.991111
71.84,33.23555,0.05986667,114.0547,3.991111,0.05986667,3.991111
71.85,33.2435,0.05986667,114.082,3.991111,0.05986667,3.991111
71.86,33.24826,0.0599,114.0984,3.993333,0.0599,3.993333
71.87,33.25462,0.0599,114.1202,3.993333,0.0599,3.993333
71.88,33.26257,0.0599,114.1475,3.993333,0.0599,3.993333
71.89,33.27529,0.0599,114.1911,3.993333,0.0599,3.993333
71.9,33.28323,0.05993333,114.2184,3.995556,0.05993333,3.995556
71.91,33.288,0.05993333,114.2347,3.995556,0.05993333,3.995556
71.92,33.288,0.05993333,114.2347,3.995556,0.05993333,3.995556
71.93,33.288,0.05993333,114.2347,3.995556,0.05993333,3.995556
71.94,33.28323,0.05996667,114.2184,3.997778,0.05996667,3.997778
71.95,33.28323,0.05996667,114.2184,3.997778,0.05996667,3.997778
71.96,33.29277,0.05996667,114.2511,3.997778,0.05996667,3.997778
71.97,33.30072,0.05996667,114.2784,3.997778,0.05996667,3.997778
71.98,33.3039,0.06,114.2893,4.0,0.06,4.0
71.99,33.30548,0.06,114.2947,4.0,0.06,4.0
72.0,33.31184,0.06,114.3166,4.0,0.06,4.0
72.01,33.32138,0.06,114.3493,4.0,0.06,4.0
72.02,33.33251,0.06003333,114.3875,4.002222,0.06003333,4.002222
72.03,33.34045,0.06003333,114.4147,4.002222,0.06003333,4.002222
72.04,33.34522,0.06003333,114.4311,4.002222,0.06003333,4.002222
72.05,33.35317,0.06003333,114.4584,4.002222,0.06003333,4.002222
72.06,33.37066,0.06006667,114.5184,4.004445,0.06006667,4.004445
72.07,33.38973,0.06006667,114.5838,4.004445,0.06006667,4.004445
72.08,33.3945,0.06006667,114.6002,4.004445,0.06006667,4.004445
72.09,33.38973,0.06006667,114.5838,4.004445,0.06006667,4.004445
72.1,33.38178,0.0601,114.5565,4.006667,0.0601,4.006667
72.11,33.38178,0.0601,114.5565,4.006667,0.0601,4.006667
72.12,33.38337,0.0601,114.562,4.006667,0.0601,4.006667
72.13,33.38337,0.0601,114.562,4.006667,0.0601,4.006667
72.14,33.38973,0.06013333,114.5838,4.008889,0.06013333,4.008889
72.15,33.39767,0.06013333,114.6111,4.008889,0.06013333,4.008889
72.16,33.40244,0.06013333,114.6275,4.008889,0.06013333,4.008889
72.17,33.40562,0.06013333,114.6384,4.008889,0.06013333,4.008889
72.18,33.41516,0.06016667,114.6711,4.011111,0.06016667,4.011111
72.19,33.439,0.06016667,114.7529,4.011111,0.06016667,4.011111
72.2,33.45966,0.06016667,114.8238,4.011111,0.06016667,4.011111
72.21,33.46761,0.06016667,114.8511,4.011111,0.06016667,4.011111
72.22,33.47238,0.0602,114.8675,4.013333,0.0602,4.013333
72.23,33.47556,0.0602,114.8784,4.013333,0.0602,4.013333
72.24,33.46761,0.0602,114.8511,4.013333,0.0602,4.013333
72.25,33.44854,0.0602,114.7856,4.013333,0.0602,4.013333
72.26,33.43582,0.06023333,114.742,4.015555,0.06023333,4.015555
72.27,33.43582,0.06023333,114.742,4.015555,0.06023333,4.015555
72.28,33.45172,0.06023333,114.7966,4.015555,0.06023333,4.015555
72.29,33.47238,0.06023333,114.8675,4.015555,0.06023333,4.015555
72.3,33.49145,0.06026667,114.9329,4.017778,0.06026667,4.017778
72.31,33.50099,0.06026667,114.9656,4.017778,0.06026667,4.017778
72.32,33.50099,0.06026667,114.9656,4.017778,0.06026667,4.017778
72.33,33.49622,0.06026667,114.9493,4.017778,0.06026667,4.017778
72.34,33.49304,0.0603,114.9384,4.02,0.0603,4.02
72.35,33.50099,0.0603,114.9656,4.02,0.0603,4.02
72.36,33.52165,0.0603,115.0366,4.02,0.0603,4.02
72.37,33.54549,0.0603,115.1184,4.02,0.0603,4.02
72.38,33.56139,0.06033333,115.1729,4.022222,0.06033333,4.022222
72.39,33.56139,0.06033333,115.1729,4.022222,0.06033333,4.022222
72.4,33.54867,0.06033333,115.1293,4.022222,0.06033333,4.022222
72.41,33.53755,0.06033333,115.0911,4.022222,0.06033333,4.022222
72.42,33.53437,0.06036667,115.0802,4.024445,0.06036667,4.024445
72.43,33.53755,0.06036667,115.0911,4.024445,0.06036667,4.024445
72.44,33.54867,0.06036667,115.1293,4.024445,0.06036667,4.024445
72.45,33.56139,0.06036667,115.1729,4.024445,0.06036667,4.024445
72.46,33.5741,0.0604,115.2166,4.026667,0.0604,4.026667
72.47,33.58364,0.0604,115.2493,4.026667,0.0604,4.026667
72.48,33.59,0.0604,115.2711,4.026667,0.0604,4.026667
72.49,33.59,0.0604,115.2711,4.026667,0.0604,4.026667
72.5,33.59159,0.06043334,115.2765,4.028889,0.06043334,4.028889
72.51,33.59954,0.06043334,115.3038,4.028889,0.06043334,4.028889
72.52,33.61066,0.06043334,115.342,4.028889,0.06043334,4.028889
72.53,33.61543,0.06043334,115.3584,4.028889,0.06043334,4.028889
72.54,33.61225,0.06046667,115.3475,4.031111,0.06046667,4.031111
72.55,33.61066,0.06046667,115.342,4.031111,0.06046667,4.031111
72.56,33.61066,0.06046667,115.342,4.031111,0.06046667,4.031111
72.57,33.61543,0.06046667,115.3584,4.031111,0.06046667,4.031111
72.58,33.62338,0.0605,115.3856,4.033333,0.0605,4.033333
72.59,33.62656,0.0605,115.3966,4.033333,0.0605,4.033333
72.6,33.61861,0.0605,115.3693,4.033333,0.0605,4.033333
72.61,33.60271,0.0605,115.3147,4.033333,0.0605,4.033333
72.62,33.59477,0.06053333,115.2875,4.035555,0.06053333,4.035555
72.63,33.60271,0.06053333,115.3147,4.035555,0.06053333,4.035555
72.64,33.61861,0.06053333,115.3693,4.035555,0.06053333,4.035555
72.65,33.63132,0.06053333,115.4129,4.035555,0.06053333,4.035555
72.66,33.63927,0.06056667,115.4402,4.037778,0.06056667,4.037778
72.67,33.64086,0.06056667,115.4456,4.037778,0.06056667,4.037778
72.68,33.64086,0.06056667,115.4456,4.037778,0.06056667,4.037778
72.69,33.63609,0.06056667,115.4293,4.037778,0.06056667,4.037778
72.7,33.64086,0.0606,115.4456,4.04,0.0606,4.04
72.71,33.65676,0.0606,115.5002,4.04,0.0606,4.04
72.72,33.68378,0.0606,115.5929,4.04,0.0606,4.04
72.73,33.70444,0.0606,115.6638,4.04,0.0606,4.04
72.74,33.70921,0.06063334,115.6802,4.042222,0.06063334,4.042222
72.75,33.70603,0.06063334,115.6693,4.042222,0.06063334,4.042222
72.76,33.70603,0.06063334,115.6693,4.042222,0.06063334,4.042222
72.77,33.71239,0.06063334,115.6911,4.042222,0.06063334,4.042222
72.78,33.71716,0.06066667,115.7075,4.044445,0.06066667,4.044445
72.79,33.71716,0.06066667,115.7075,4.044445,0.06066667,4.044445
72.8,33.71716,0.06066667,115.7075,4.044445,0.06066667,4.044445
72.81,33.72987,0.06066667,115.7511,4.044445,0.06066667,4.044445
72.82,33.74894,0.0607,115.8165,4.046667,0.0607,4.046667
72.83,33.76166,0.0607,115.8602,4.046667,0.0607,4.046667
72.84,33.76961,0.0607,115.8875,4.046667,0.0607,4.046667
72.85,33.76961,0.0607,115.8875,4.046667,0.0607,4.046667
72.86,33.76961,0.06073333,115.8875,4.048889,0.06073333,4.048889
72.87,33.7712,0.06073333,115.8929,4.048889,0.06073333,4.048889
72.88,33.77755,0.06073333,115.9147,4.048889,0.06073333,4.048889
72.89,33.78232,0.06073333,115.9311,4.048889,0.06073333,4.048889
72.9,33.79027,0.06076667,115.9584,4.051111,0.06076667,4.051111
72.91,33.79981,0.06076667,115.9911,4.051111,0.06076667,4.051111
72.92,33.81888,0.06076667,116.0566,4.051111,0.06076667,4.051111
72.93,33.83477,0.06076667,116.1111,4.051111,0.06076667,4.051111
72.94,33.8316,0.0608,116.1002,4.053333,0.0608,4.053333
72.95,33.82047,0.0608,116.062,4.053333,0.0608,4.053333
72.96,33.8157,0.0608,116.0456,4.053333,0.0608,4.053333
72.97,33.82683,0.0608,116.0838,4.053333,0.0608,4.053333
72.98,33.83636,0.06083333,116.1166,4.055556,0.06083333,4.055556
72.99,33.83954,0.06083333,116.1275,4.055556,0.06083333,4.055556
73.0,33.83477,0.06083333,116.1111,4.055556,0.06083333,4.055556
73.01,33.8316,0.06083333,116.1002,4.055556,0.06083333,4.055556
73.02,33.83477,0.06086667,116.1111,4.057778,0.06086667,4.057778
73.03,33.84272,0.06086667,116.1384,4.057778,0.06086667,4.057778
73.04,33.84908,0.06086667,116.1602,4.057778,0.06086667,4.057778
73.05,33.85544,0.06086667,116.182,4.057778,0.06086667,4.057778
73.06,33.86497,0.0609,116.2147,4.06,0.0609,4.06
73.07,33.8761,0.0609,116.2529,4.06,0.0609,4.06
73.08,33.88087,0.0609,116.2693,4.06,0.0609,4.06
73.09,33.87769,0.0609,116.2584,4.06,0.0609,4.06
73.1,33.8761,0.06093333,116.2529,4.062222,0.06093333,4.062222
73.11,33.87769,0.06093333,116.2584,4.062222,0.06093333,4.062222
73.12,33.88882,0.06093333,116.2966,4.062222,0.06093333,4.062222
73.13,33.90153,0.06093333,116.3402,4.062222,0.06093333,4.062222
73.14,33.91743,0.06096667,116.3947,4.064445,0.06096667,4.064445
73.15,33.92855,0.06096667,116.4329,4.064445,0.06096667,4.064445
73.16,33.92537,0.06096667,116.422,4.064445,0.06096667,4.064445
73.17,33.91743,0.06096667,116.3947,4.064445,0.06096667,4.064445
73.18,33.91425,0.061,116.3838,4.066667,0.061,4.066667
73.19,33.91425,0.061,116.3838,4.066667,0.061,4.066667
73.2,33.91266,0.061,116.3784,4.066667,0.061,4.066667
73.21,33.91266,0.061,116.3784,4.066667,0.061,4.066667
73.22,33.91425,0.06103333,116.3838,4.068889,0.06103333,4.068889
73.23,33.9222,0.06103333,116.4111,4.068889,0.06103333,4.068889
73.24,33.92855,0.06103333,116.4329,4.068889,0.06103333,4.068889
73.25,33.93014,0.06103333,116.4384,4.068889,0.06103333,4.068889
73.26,33.93809,0.06106667,116.4656,4.071111,0.06106667,4.071111
73.27,33.94604,0.06106667,116.4929,4.071111,0.06106667,4.071111
73.28,33.94921,0.06106667,116.5038,4.071111,0.06106667,4.071111
73.29,33.94286,0.06106667,116.482,4.071111,0.06106667,4.071111
73.3,33.94604,0.0611,116.4929,4.073333,0.0611,4.073333
73.31,33.96193,0.0611,116.5475,4.073333,0.0611,4.073333
73.32,33.98259,0.0611,116.6184,4.073333,0.0611,4.073333
73.33,33.99531,0.0611,116.662,4.073333,0.0611,4.073333
73.34,33.99054,0.06113333,116.6456,4.075555,0.06113333,4.075555
73.35,33.97465,0.06113333,116.5911,4.075555,0.06113333,4.075555
73.36,33.96352,0.06113333,116.5529,4.075555,0.06113333,4.075555
73.37,33.97147,0.06113333,116.5802,4.075555,0.06113333,4.075555
73.38,33.99213,0.06116667,116.6511,4.077778,0.06116667,4.077778
73.39,34.01439,0.06116667,116.7275,4.077778,0.06116667,4.077778
73.4,34.0271,0.06116667,116.7711,4.077778,0.06116667,4.077778
73.41,34.03187,0.06116667,116.7875,4.077778,0.06116667,4.077778
73.42,34.02869,0.0612,116.7766,4.08,0.0612,4.08
73.43,34.01597,0.0612,116.7329,4.08,0.0612,4.08
73.44,34.00644,0.0612,116.7002,4.08,0.0612,4.08
73.45,34.00803,0.0612,116.7056,4.08,0.0612,4.08
73.46,34.01597,0.06123333,116.7329,4.082222,0.06123333,4.082222
73.47,34.01597,0.06123333,116.7329,4.082222,0.06123333,4.082222
73.48,34.0112,0.06123333,116.7165,4.082222,0.06123333,4.082222
73.49,34.01915,0.06123333,116.7438,4.082222,0.06123333,4.082222
73.5,34.03505,0.06126667,116.7984,4.084445,0.06126667,4.084445
73.51,34.05253,0.06126667,116.8584,4.084445,0.06126667,4.084445
73.52,34.06048,0.06126667,116.8856,4.084445,0.06126667,4.084445
73.53,34.05253,0.06126667,116.8584,4.084445,0.06126667,4.084445
73.54,34.03505,0.0613,116.7984,4.086667,0.0613,4.086667
73.55,34.02869,0.0613,116.7766,4.086667,0.0613,4.086667
73.56,34.043,0.0613,116.8256,4.086667,0.0613,4.086667
73.57,34.06048,0.0613,116.8856,4.086667,0.0613,4.086667
73.58,34.07796,0.06133333,116.9456,4.088889,0.06133333,4.088889
73.59,34.08909,0.06133333,116.9838,4.088889,0.06133333,4.088889
73.6,34.09703,0.06133333,117.0111,4.088889,0.06133333,4.088889
73.61,34.10498,0.06133333,117.0384,4.088889,0.06133333,4.088889
73.62,34.10975,0.06136667,117.0547,4.091111,0.06136667,4.091111
73.63,34.11293,0.06136667,117.0656,4.091111,0.06136667,4.091111
73.64,34.1177,0.06136667,117.082,4.091111,0.06136667,4.091111
73.65,34.13359,0.06136667,117.1366,4.091111,0.06136667,4.091111
73.66,34.15744,0.0614,117.2184,4.093333,0.0614,4.093333
73.67,34.16697,0.0614,117.2511,4.093333,0.0614,4.093333
73.68,34.1622,0.0614,117.2347,4.093333,0.0614,4.093333
73.69,34.14949,0.0614,117.1911,4.093333,0.0614,4.093333
73.7,34.14154,0.06143333,117.1638,4.095556,0.06143333,4.095556
73.71,34.14313,0.06143333,117.1693,4.095556,0.06143333,4.095556
73.72,34.14631,0.06143333,117.1802,4.095556,0.06143333,4.095556
73.73,34.15744,0.06143333,117.2184,4.095556,0.06143333,4.095556
73.74,34.17174,0.06146667,117.2675,4.097778,0.06146667,4.097778
73.75,34.1924,0.06146667,117.3384,4.097778,0.06146667,4.097778
73.76,34.20671,0.06146667,117.3875,4.097778,0.06146667,4.097778
73.77,34.20035,0.06146667,117.3656,4.097778,0.06146667,4.097778
73.78,34.1924,0.0615,117.3384,4.1,0.0615,4.1
73.79,34.19081,0.0615,117.3329,4.1,0.0615,4.1
73.8,34.19876,0.0615,117.3602,4.1,0.0615,4.1
73.81,34.21943,0.0615,117.4311,4.1,0.0615,4.1
73.82,34.24485,0.06153334,117.5184,4.102222,0.06153334,4.102222
73.83,34.26393,0.06153334,117.5838,4.102222,0.06153334,4.102222
73.84,34.26552,0.06153334,117.5893,4.102222,0.06153334,4.102222
73.85,34.2687,0.06153334,117.6002,4.102222,0.06153334,4.102222
73.86,34.27346,0.06156667,117.6165,4.104445,0.06156667,4.104445
73.87,34.27346,0.06156667,117.6165,4.104445,0.06156667,4.104445
73.88,34.27188,0.06156667,117.6111,4.104445,0.06156667,4.104445
73.89,34.27982,0.06156667,117.6384,4.104445,0.06156667,4.104445
73.9,34.30207,0.0616,117.7147,4.106667,0.0616,4.106667
73.91,34.3291,0.0616,117.8075,4.106667,0.0616,4.106667
73.92,34.3434,0.0616,117.8566,4.106667,0.0616,4.106667
73.93,34.34181,0.0616,117.8511,4.106667,0.0616,4.106667
73.94,34.33387,0.06163333,117.8238,4.108889,0.06163333,4.108889
73.95,34.34181,0.06163333,117.8511,4.108889,0.06163333,4.108889
73.96,34.35771,0.06163333,117.9056,4.108889,0.06163333,4.108889
73.97,34.36565,0.06163333,117.9329,4.108889,0.06163333,4.108889
73.98,34.36248,0.06166667,117.922,4.111111,0.06166667,4.111111
73.99,34.35135,0.06166667,117.8838,4.111111,0.06166667,4.111111
74.0,34.34976,0.06166667,117.8784,4.111111,0.06166667,4.111111
74.01,34.35453,0.06166667,117.8947,4.111111,0.06166667,4.111111
74.02,34.36565,0.0617,117.9329,4.113333,0.0617,4.113333
74.03,34.37201,0.0617,117.9547,4.113333,0.0617,4.113333
74.04,34.37519,0.0617,117.9656,4.113333,0.0617,4.113333
74.05,34.38314,0.0617,117.9929,4.113333,0.0617,4.113333
74.06,34.39903,0.06173334,118.0475,4.115556,0.06173334,4.115556
74.07,34.42287,0.06173334,118.1293,4.115556,0.06173334,4.115556
74.08,34.43559,0.06173334,118.1729,4.115556,0.06173334,4.115556
74.09,34.43241,0.06173334,118.162,4.115556,0.06173334,4.115556
74.1,34.42287,0.06176667,118.1293,4.117778,0.06176667,4.117778
74.11,34.40857,0.06176667,118.0802,4.117778,0.06176667,4.117778
74.12,34.39903,0.06176667,118.0475,4.117778,0.06176667,4.117778
74.13,34.39426,0.06176667,118.0311,4.117778,0.06176667,4.117778
74.14,34.40062,0.0618,118.0529,4.12,0.0618,4.12
74.15,34.4197,0.0618,118.1184,4.12,0.0618,4.12
74.16,34.43241,0.0618,118.162,4.12,0.0618,4.12
74.17,34.43718,0.0618,118.1784,4.12,0.0618,4.12
74.18,34.44354,0.06183333,118.2002,4.122222,0.06183333,4.122222
74.19,34.45148,0.06183333,118.2275,4.122222,0.06183333,4.122222
74.2,34.45308,0.06183333,118.2329,4.122222,0.06183333,4.122222
74.21,34.45625,0.06183333,118.2438,4.122222,0.06183333,4.122222
74.22,34.45625,0.06186667,118.2438,4.124444,0.06186667,4.124444
74.23,34.45625,0.06186667,118.2438,4.124444,0.06186667,4.124444
74.24,34.46102,0.06186667,118.2602,4.124444,0.06186667,4.124444
74.25,34.46897,0.06186667,118.2875,4.124444,0.06186667,4.124444
74.26,34.48486,0.0619,118.342,4.126667,0.0619,4.126667
74.27,34.49758,0.0619,118.3856,4.126667,0.0619,4.126667
74.28,34.50076,0.0619,118.3966,4.126667,0.0619,4.126667
74.29,34.48963,0.0619,118.3584,4.126667,0.0619,4.126667
74.3,34.48169,0.06193333,118.3311,4.128889,0.06193333,4.128889
74.31,34.48963,0.06193333,118.3584,4.128889,0.06193333,4.128889
74.32,34.50553,0.06193333,118.4129,4.128889,0.06193333,4.128889
74.33,34.5103,0.06193333,118.4293,4.128889,0.06193333,4.128889
74.34,34.51824,0.06196667,118.4566,4.131111,0.06196667,4.131111
74.35,34.53096,0.06196667,118.5002,4.131111,0.06196667,4.131111
74.36,34.53891,0.06196667,118.5275,4.131111,0.06196667,4.131111
74.37,34.53732,0.06196667,118.522,4.131111,0.06196667,4.131111
74.38,34.53096,0.062,118.5002,4.133333,0.062,4.133333
74.39,34.53414,0.062,118.5111,4.133333,0.062,4.133333
74.4,34.54208,0.062,118.5384,4.133333,0.062,4.133333
74.41,34.54367,0.062,118.5438,4.133333,0.062,4.133333
74.42,34.53732,0.06203333,118.522,4.135556,0.06203333,4.135556
74.43,34.53732,0.06203333,118.522,4.135556,0.06203333,4.135556
74.44,34.55003,0.06203333,118.5656,4.135556,0.06203333,4.135556
74.45,34.56593,0.06203333,118.6202,4.135556,0.06203333,4.135556
74.46,34.57864,0.06206667,118.6638,4.137778,0.06206667,4.137778
74.47,34.58023,0.06206667,118.6693,4.137778,0.06206667,4.137778
74.48,34.58341,0.06206667,118.6802,4.137778,0.06206667,4.137778
74.49,34.58659,0.06206667,118.6911,4.137778,0.06206667,4.137778
74.5,34.59454,0.0621,118.7184,4.14,0.0621,4.14
74.51,34.60089,0.0621,118.7402,4.14,0.0621,4.14
74.52,34.60089,0.0621,118.7402,4.14,0.0621,4.14
74.53,34.5993,0.0621,118.7347,4.14,0.0621,4.14
74.54,34.60725,0.06213333,118.762,4.142222,0.06213333,4.142222
74.55,34.62474,0.06213333,118.822,4.142222,0.06213333,4.142222
74.56,34.63586,0.06213333,118.8602,4.142222,0.06213333,4.142222
74.57,34.63268,0.06213333,118.8493,4.142222,0.06213333,4.142222
74.58,34.6152,0.06216667,118.7893,4.144444,0.06216667,4.144444
74.59,34.60407,0.06216667,118.7511,4.144444,0.06216667,4.144444
74.6,34.60407,0.06216667,118.7511,4.144444,0.06216667,4.144444
74.61,34.6152,0.06216667,118.7893,4.144444,0.06216667,4.144444
74.62,34.62791,0.0622,118.8329,4.146667,0.0622,4.146667
74.63,34.64858,0.0622,118.9038,4.146667,0.0622,4.146667
74.64,34.66924,0.0622,118.9747,4.146667,0.0622,4.146667
74.65,34.67401,0.0622,118.9911,4.146667,0.0622,4.146667
74.66,34.65652,0.06223333,118.9311,4.148889,0.06223333,4.148889
74.67,34.64381,0.06223333,118.8875,4.148889,0.06223333,4.148889
74.68,34.64858,0.06223333,118.9038,4.148889,0.06223333,4.148889
74.69,34.66447,0.06223333,118.9584,4.148889,0.06223333,4.148889
74.7,34.67401,0.06226667,118.9911,4.151111,0.06226667,4.151111
74.71,34.68196,0.06226667,119.0184,4.151111,0.06226667,4.151111
74.72,34.69785,0.06226667,119.0729,4.151111,0.06226667,4.151111
74.73,34.72169,0.06226667,119.1547,4.151111,0.06226667,4.151111
74.74,34.74712,0.0623,119.242,4.153333,0.0623,4.153333
74.75,34.76302,0.0623,119.2966,4.153333,0.0623,4.153333
74.76,34.76779,0.0623,119.3129,4.153333,0.0623,4.153333
74.77,34.75984,0.0623,119.2856,4.153333,0.0623,4.153333
74.78,34.7503,0.06233333,119.2529,4.155556,0.06233333,4.155556
74.79,34.73918,0.06233333,119.2147,4.155556,0.06233333,4.155556
74.8,34.73123,0.06233333,119.1875,4.155556,0.06233333,4.155556
74.81,34.73759,0.06233333,119.2093,4.155556,0.06233333,4.155556
74.82,34.74553,0.06236667,119.2365,4.157778,0.06236667,4.157778
74.83,34.74553,0.06236667,119.2365,4.157778,0.06236667,4.157778
74.84,34.73918,0.06236667,119.2147,4.157778,0.06236667,4.157778
74.85,34.73759,0.06236667,119.2093,4.157778,0.06236667,4.157778
74.86,34.7503,0.0624,119.2529,4.16,0.0624,4.16
74.87,34.7805,0.0624,119.3566,4.16,0.0624,4.16
74.88,34.80434,0.0624,119.4384,4.16,0.0624,4.16
74.89,34.80752,0.0624,119.4493,4.16,0.0624,4.16
74.9,34.80275,0.06243333,119.4329,4.162222,0.06243333,4.162222
74.91,34.80911,0.06243333,119.4547,4.162222,0.06243333,4.162222
74.92,34.82342,0.06243333,119.5038,4.162222,0.06243333,4.162222
74.93,34.83136,0.06243333,119.5311,4.162222,0.06243333,4.162222
74.94,34.82819,0.06246667,119.5202,4.164444,0.06246667,4.164444
74.95,34.82342,0.06246667,119.5038,4.164444,0.06246667,4.164444
74.96,34.81229,0.06246667,119.4656,4.164444,0.06246667,4.164444
74.97,34.79958,0.06246667,119.422,4.164444,0.06246667,4.164444
74.98,34.79481,0.0625,119.4056,4.166667,0.0625,4.166667
74.99,34.80275,0.0625,119.4329,4.166667,0.0625,4.166667
75.0,34.81706,0.0625,119.482,4.166667,0.0625,4.166667
75.01,34.83772,0.0625,119.5529,4.166667,0.0625,4.166667
75.02,34.86156,0.06253333,119.6347,4.168889,0.06253333,4.168889
75.03,34.87428,0.06253333,119.6784,4.168889,0.06253333,4.168889
75.04,34.86633,0.06253333,119.6511,4.168889,0.06253333,4.168889
75.05,34.84885,0.06253333,119.5911,4.168889,0.06253333,4.168889
75.06,34.83295,0.06256667,119.5366,4.171111,0.06256667,4.171111
75.07,34.83136,0.06256667,119.5311,4.171111,0.06256667,4.171111
75.08,34.84408,0.06256667,119.5747,4.171111,0.06256667,4.171111
75.09,34.85997,0.06256667,119.6293,4.171111,0.06256667,4.171111
75.1,34.86951,0.0626,119.662,4.173334,0.0626,4.173334
75.11,34.88064,0.0626,119.7002,4.173334,0.0626,4.173334
75.12,34.89335,0.0626,119.7438,4.173334,0.0626,4.173334
75.13,34.90607,0.0626,119.7875,4.173334,0.0626,4.173334
75.14,34.90925,0.06263334,119.7984,4.175556,0.06263334,4.175556
75.15,34.90289,0.06263334,119.7766,4.175556,0.06263334,4.175556
75.16,34.89812,0.06263334,119.7602,4.175556,0.06263334,4.175556
75.17,34.90607,0.06263334,119.7875,4.175556,0.06263334,4.175556
75.18,34.92196,0.06266667,119.842,4.177778,0.06266667,4.177778
75.19,34.93786,0.06266667,119.8966,4.177778,0.06266667,4.177778
75.2,34.94263,0.06266667,119.9129,4.177778,0.06266667,4.177778
75.21,34.9458,0.06266667,119.9238,4.177778,0.06266667,4.177778
75.22,34.95216,0.0627,119.9456,4.18,0.0627,4.18
75.23,34.96011,0.0627,119.9729,4.18,0.0627,4.18
75.24,34.96806,0.0627,120.0002,4.18,0.0627,4.18
75.25,34.97601,0.0627,120.0275,4.18,0.0627,4.18
75.26,34.98077,0.06273334,120.0438,4.182222,0.06273334,4.182222
75.27,34.97601,0.06273334,120.0275,4.182222,0.06273334,4.182222
75.28,34.96806,0.06273334,120.0002,4.182222,0.06273334,4.182222
75.29,34.97124,0.06273334,120.0111,4.182222,0.06273334,4.182222
75.3,34.98395,0.06276666,120.0547,4.184444,0.06276666,4.184444
75.31,35.00303,0.06276666,120.1202,4.184444,0.06276666,4.184444
75.32,35.01733,0.06276666,120.1693,4.184444,0.06276666,4.184444
75.33,35.03323,0.06276666,120.2238,4.184444,0.06276666,4.184444
75.34,35.04594,0.0628,120.2675,4.186666,0.0628,4.186666
75.35,35.0523,0.0628,120.2893,4.186666,0.0628,4.186666
75.36,35.04912,0.0628,120.2784,4.186666,0.0628,4.186666
75.37,35.0523,0.0628,120.2893,4.186666,0.0628,4.186666
75.38,35.05707,0.06283333,120.3056,4.188889,0.06283333,4.188889
75.39,35.06184,0.06283333,120.322,4.188889,0.06283333,4.188889
75.4,35.0666,0.06283333,120.3384,4.188889,0.06283333,4.188889
75.41,35.08091,0.06283333,120.3875,4.188889,0.06283333,4.188889
75.42,35.09045,0.06286667,120.4202,4.191111,0.06286667,4.191111
75.43,35.09045,0.06286667,120.4202,4.191111,0.06286667,4.191111
75.44,35.08886,0.06286667,120.4147,4.191111,0.06286667,4.191111
75.45,35.08886,0.06286667,120.4147,4.191111,0.06286667,4.191111
75.46,35.09362,0.0629,120.4311,4.193333,0.0629,4.193333
75.47,35.10634,0.0629,120.4747,4.193333,0.0629,4.193333
75.48,35.12383,0.0629,120.5347,4.193333,0.0629,4.193333
75.49,35.13495,0.0629,120.5729,4.193333,0.0629,4.193333
75.5,35.13177,0.06293333,120.562,4.195556,0.06293333,4.195556
75.51,35.13018,0.06293333,120.5566,4.195556,0.06293333,4.195556
75.52,35.13813,0.06293333,120.5838,4.195556,0.06293333,4.195556
75.53,35.1429,0.06293333,120.6002,4.195556,0.06293333,4.195556
75.54,35.1429,0.06296667,120.6002,4.197778,0.06296667,4.197778
75.55,35.14767,0.06296667,120.6166,4.197778,0.06296667,4.197778
75.56,35.15879,0.06296667,120.6547,4.197778,0.06296667,4.197778
75.57,35.16674,0.06296667,120.682,4.197778,0.06296667,4.197778
75.58,35.16674,0.063,120.682,4.2,0.063,4.2
75.59,35.16674,0.063,120.682,4.2,0.063,4.2
75.6,35.17151,0.063,120.6984,4.2,0.063,4.2
75.61,35.17628,0.063,120.7147,4.2,0.063,4.2
75.62,35.17151,0.06303333,120.6984,4.202222,0.06303333,4.202222
75.63,35.16674,0.06303333,120.682,4.202222,0.06303333,4.202222
75.64,35.16833,0.06303333,120.6875,4.202222,0.06303333,4.202222
75.65,35.17945,0.06303333,120.7256,4.202222,0.06303333,4.202222
75.66,35.18899,0.06306667,120.7584,4.204444,0.06306667,4.204444
75.67,35.18899,0.06306667,120.7584,4.204444,0.06306667,4.204444
75.68,35.18899,0.06306667,120.7584,4.204444,0.06306667,4.204444
75.69,35.20012,0.06306667,120.7966,4.204444,0.06306667,4.204444
75.7,35.21601,0.0631,120.8511,4.206667,0.0631,4.206667
75.71,35.22873,0.0631,120.8947,4.206667,0.0631,4.206667
75.72,35.23191,0.0631,120.9056,4.206667,0.0631,4.206667
75.73,35.21601,0.0631,120.8511,4.206667,0.0631,4.206667
75.74,35.19535,0.06313334,120.7802,4.208889,0.06313334,4.208889
75.75,35.1874,0.06313334,120.7529,4.208889,0.06313334,4.208889
75.76,35.19694,0.06313334,120.7857,4.208889,0.06313334,4.208889
75.77,35.21601,0.06313334,120.8511,4.208889,0.06313334,4.208889
75.78,35.23191,0.06316667,120.9056,4.211112,0.06316667,4.211112
75.79,35.23191,0.06316667,120.9056,4.211112,0.06316667,4.211112
75.8,35.23668,0.06316667,120.922,4.211112,0.06316667,4.211112
75.81,35.25257,0.06316667,120.9766,4.211112,0.06316667,4.211112
75.82,35.26847,0.0632,121.0311,4.213334,0.0632,4.213334
75.83,35.26052,0.0632,121.0038,4.213334,0.0632,4.213334
75.84,35.24621,0.0632,120.9547,4.213334,0.0632,4.213334
75.85,35.24621,0.0632,120.9547,4.213334,0.0632,4.213334
75.86,35.27324,0.06323333,121.0475,4.215555,0.06323333,4.215555
75.87,35.31138,0.06323333,121.1784,4.215555,0.06323333,4.215555
75.88,35.33999,0.06323333,121.2766,4.215555,0.06323333,4.215555
75.89,35.34635,0.06323333,121.2984,4.215555,0.06323333,4.215555
75.9,35.33522,0.06326666,121.2602,4.217778,0.06326666,4.217778
75.91,35.32251,0.06326666,121.2166,4.217778,0.06326666,4.217778
75.92,35.32251,0.06326666,121.2166,4.217778,0.06326666,4.217778
75.93,35.33046,0.06326666,121.2438,4.217778,0.06326666,4.217778
75.94,35.3384,0.0633,121.2711,4.22,0.0633,4.22
75.95,35.34317,0.0633,121.2875,4.22,0.0633,4.22
75.96,35.33522,0.0633,121.2602,4.22,0.0633,4.22
75.97,35.31933,0.0633,121.2057,4.22,0.0633,4.22
75.98,35.32251,0.06333333,121.2166,4.222222,0.06333333,4.222222
75.99,35.33999,0.06333333,121.2766,4.222222,0.06333333,4.222222
76.0,35.35588,0.06333333,121.3311,4.222222,0.06333333,4.222222
76.01,35.36383,0.06333333,121.3584,4.222222,0.06333333,4.222222
76.02,35.37973,0.06336667,121.4129,4.224444,0.06336667,4.224444
76.03,35.38926,0.06336667,121.4456,4.224444,0.06336667,4.224444
76.04,35.38926,0.06336667,121.4456,4.224444,0.06336667,4.224444
76.05,35.38291,0.06336667,121.4238,4.224444,0.06336667,4.224444
76.06,35.38291,0.0634,121.4238,4.226666,0.0634,4.226666
76.07,35.40039,0.0634,121.4838,4.226666,0.0634,4.226666
76.08,35.42423,0.0634,121.5657,4.226666,0.0634,4.226666
76.09,35.44013,0.0634,121.6202,4.226666,0.0634,4.226666
76.1,35.45443,0.06343333,121.6693,4.228889,0.06343333,4.228889
76.11,35.46874,0.06343333,121.7184,4.228889,0.06343333,4.228889
76.12,35.48145,0.06343333,121.762,4.228889,0.06343333,4.228889
76.13,35.48622,0.06343333,121.7784,4.228889,0.06343333,4.228889
76.14,35.47828,0.06346667,121.7511,4.231111,0.06346667,4.231111
76.15,35.46874,0.06346667,121.7184,4.231111,0.06346667,4.231111
76.16,35.46238,0.06346667,121.6966,4.231111,0.06346667,4.231111
76.17,35.46874,0.06346667,121.7184,4.231111,0.06346667,4.231111
76.18,35.47509,0.0635,121.7402,4.233334,0.0635,4.233334
76.19,35.47828,0.0635,121.7511,4.233334,0.0635,4.233334
76.2,35.47351,0.0635,121.7347,4.233334,0.0635,4.233334
76.21,35.46556,0.0635,121.7075,4.233334,0.0635,4.233334
76.22,35.46556,0.06353334,121.7075,4.235556,0.06353334,4.235556
76.23,35.47509,0.06353334,121.7402,4.235556,0.06353334,4.235556
76.24,35.48622,0.06353334,121.7784,4.235556,0.06353334,4.235556
76.25,35.48145,0.06353334,121.762,4.235556,0.06353334,4.235556
76.26,35.46079,0.06356667,121.6911,4.237778,0.06356667,4.237778
76.27,35.44172,0.06356667,121.6256,4.237778,0.06356667,4.237778
76.28,35.4449,0.06356667,121.6366,4.237778,0.06356667,4.237778
76.29,35.46238,0.06356667,121.6966,4.237778,0.06356667,4.237778
76.3,35.48145,0.0636,121.762,4.24,0.0636,4.24
76.31,35.49099,0.0636,121.7947,4.24,0.0636,4.24
76.32,35.49099,0.0636,121.7947,4.24,0.0636,4.24
76.33,35.49099,0.0636,121.7947,4.24,0.0636,4.24
76.34,35.5037,0.06363334,121.8384,4.242222,0.06363334,4.242222
76.35,35.52755,0.06363334,121.9202,4.242222,0.06363334,4.242222
76.36,35.55139,0.06363334,122.002,4.242222,0.06363334,4.242222
76.37,35.56411,0.06363334,122.0457,4.242222,0.06363334,4.242222
76.38,35.56728,0.06366666,122.0566,4.244444,0.06366666,4.244444
76.39,35.56887,0.06366666,122.062,4.244444,0.06366666,4.244444
76.4,35.57205,0.06366666,122.0729,4.244444,0.06366666,4.244444
76.41,35.58477,0.06366666,122.1166,4.244444,0.06366666,4.244444
76.42,35.59748,0.0637,122.1602,4.246666,0.0637,4.246666
76.43,35.60384,0.0637,122.182,4.246666,0.0637,4.246666
76.44,35.58953,0.0637,122.1329,4.246666,0.0637,4.246666
76.45,35.57682,0.0637,122.0893,4.246666,0.0637,4.246666
76.46,35.57205,0.06373333,122.0729,4.248889,0.06373333,4.248889
76.47,35.58,0.06373333,122.1002,4.248889,0.06373333,4.248889
76.48,35.59748,0.06373333,122.1602,4.248889,0.06373333,4.248889
76.49,35.61179,0.06373333,122.2093,4.248889,0.06373333,4.248889
76.5,35.61179,0.06376667,122.2093,4.251111,0.06376667,4.251111
76.51,35.59748,0.06376667,122.1602,4.251111,0.06376667,4.251111
76.52,35.58953,0.06376667,122.1329,4.251111,0.06376667,4.251111
76.53,35.58795,0.06376667,122.1275,4.251111,0.06376667,4.251111
76.54,35.59748,0.0638,122.1602,4.253333,0.0638,4.253333
76.55,35.61814,0.0638,122.2311,4.253333,0.0638,4.253333
76.56,35.63404,0.0638,122.2857,4.253333,0.0638,4.253333
76.57,35.6404,0.0638,122.3075,4.253333,0.0638,4.253333
76.58,35.62927,0.06383333,122.2693,4.255556,0.06383333,4.255556
76.59,35.61656,0.06383333,122.2257,4.255556,0.06383333,4.255556
76.6,35.61179,0.06383333,122.2093,4.255556,0.06383333,4.255556
76.61,35.62133,0.06383333,122.242,4.255556,0.06383333,4.255556
76.62,35.63404,0.06386667,122.2857,4.257778,0.06386667,4.257778
76.63,35.64199,0.06386667,122.3129,4.257778,0.06386667,4.257778
76.64,35.64199,0.06386667,122.3129,4.257778,0.06386667,4.257778
76.65,35.64676,0.06386667,122.3293,4.257778,0.06386667,4.257778
76.66,35.65471,0.0639,122.3566,4.26,0.0639,4.26
76.67,35.66265,0.0639,122.3838,4.26,0.0639,4.26
76.68,35.66901,0.0639,122.4057,4.26,0.0639,4.26
76.69,35.67378,0.0639,122.422,4.26,0.0639,4.26
76.7,35.67855,0.06393334,122.4384,4.262222,0.06393334,4.262222
76.71,35.68967,0.06393334,122.4766,4.262222,0.06393334,4.262222
76.72,35.68967,0.06393334,122.4766,4.262222,0.06393334,4.262222
76.73,35.68332,0.06393334,122.4548,4.262222,0.06393334,4.262222
76.74,35.68172,0.06396667,122.4493,4.264445,0.06396667,4.264445
76.75,35.68332,0.06396667,122.4548,4.264445,0.06396667,4.264445
76.76,35.69126,0.06396667,122.482,4.264445,0.06396667,4.264445
76.77,35.70239,0.06396667,122.5202,4.264445,0.06396667,4.264445
76.78,35.7151,0.064,122.5638,4.266667,0.064,4.266667
76.79,35.72782,0.064,122.6075,4.266667,0.064,4.266667
76.8,35.74689,0.064,122.6729,4.266667,0.064,4.266667
76.81,35.76756,0.064,122.7438,4.266667,0.064,4.266667
76.82,35.78027,0.06403334,122.7875,4.268889,0.06403334,4.268889
76.83,35.78027,0.06403334,122.7875,4.268889,0.06403334,4.268889
76.84,35.78345,0.06403334,122.7984,4.268889,0.06403334,4.268889
76.85,35.79776,0.06403334,122.8475,4.268889,0.06403334,4.268889
76.86,35.81365,0.06406667,122.902,4.271111,0.06406667,4.271111
76.87,35.8216,0.06406667,122.9293,4.271111,0.06406667,4.271111
76.88,35.8216,0.06406667,122.9293,4.271111,0.06406667,4.271111
76.89,35.8216,0.06406667,122.9293,4.271111,0.06406667,4.271111
76.9,35.82478,0.0641,122.9402,4.273333,0.0641,4.273333
76.91,35.82954,0.0641,122.9566,4.273333,0.0641,4.273333
76.92,35.84067,0.0641,122.9948,4.273333,0.0641,4.273333
76.93,35.85498,0.0641,123.0438,4.273333,0.0641,4.273333
76.94,35.8661,0.06413333,123.082,4.275556,0.06413333,4.275556
76.95,35.8661,0.06413333,123.082,4.275556,0.06413333,4.275556
76.96,35.8661,0.06413333,123.082,4.275556,0.06413333,4.275556
76.97,35.87405,0.06413333,123.1093,4.275556,0.06413333,4.275556
76.98,35.88676,0.06416667,123.1529,4.277778,0.06416667,4.277778
76.99,35.89471,0.06416667,123.1802,4.277778,0.06416667,4.277778
77.0,35.88994,0.06416667,123.1638,4.277778,0.06416667,4.277778
77.01,35.882,0.06416667,123.1366,4.277778,0.06416667,4.277778
77.02,35.87882,0.0642,123.1257,4.28,0.0642,4.28
77.03,35.88359,0.0642,123.142,4.28,0.0642,4.28
77.04,35.87882,0.0642,123.1257,4.28,0.0642,4.28
77.05,35.8661,0.0642,123.082,4.28,0.0642,4.28
77.06,35.85815,0.06423333,123.0547,4.282222,0.06423333,4.282222
77.07,35.85498,0.06423333,123.0438,4.282222,0.06423333,4.282222
77.08,35.86133,0.06423333,123.0657,4.282222,0.06423333,4.282222
77.09,35.87405,0.06423333,123.1093,4.282222,0.06423333,4.282222
77.1,35.89471,0.06426667,123.1802,4.284444,0.06426667,4.284444
77.11,35.91855,0.06426667,123.262,4.284444,0.06426667,4.284444
77.12,35.9265,0.06426667,123.2893,4.284444,0.06426667,4.284444
77.13,35.91855,0.06426667,123.262,4.284444,0.06426667,4.284444
77.14,35.90743,0.0643,123.2238,4.286667,0.0643,4.286667
77.15,35.91537,0.0643,123.2511,4.286667,0.0643,4.286667
77.16,35.93922,0.0643,123.3329,4.286667,0.0643,4.286667
77.17,35.96306,0.0643,123.4147,4.286667,0.0643,4.286667
77.18,35.96465,0.06433333,123.4202,4.288889,0.06433333,4.288889
77.19,35.94716,0.06433333,123.3602,4.288889,0.06433333,4.288889
77.2,35.92332,0.06433333,123.2784,4.288889,0.06433333,4.288889
77.21,35.91537,0.06433333,123.2511,4.288889,0.06433333,4.288889
77.22,35.92809,0.06436667,123.2947,4.291111,0.06436667,4.291111
77.23,35.94875,0.06436667,123.3657,4.291111,0.06436667,4.291111
77.24,35.96306,0.06436667,123.4147,4.291111,0.06436667,4.291111
77.25,35.96306,0.06436667,123.4147,4.291111,0.06436667,4.291111
77.26,35.95988,0.0644,123.4038,4.293334,0.0644,4.293334
77.27,35.96306,0.0644,123.4147,4.293334,0.0644,4.293334
77.28,35.9726,0.0644,123.4475,4.293334,0.0644,4.293334
77.29,35.98054,0.0644,123.4747,4.293334,0.0644,4.293334
77.3,35.98372,0.06443334,123.4857,4.295556,0.06443334,4.295556
77.31,35.99644,0.06443334,123.5293,4.295556,0.06443334,4.295556
77.32,36.00915,0.06443334,123.5729,4.295556,0.06443334,4.295556
77.33,36.02028,0.06443334,123.6111,4.295556,0.06443334,4.295556
77.34,36.02187,0.06446667,123.6166,4.297778,0.06446667,4.297778
77.35,36.0171,0.06446667,123.6002,4.297778,0.06446667,4.297778
77.36,36.0171,0.06446667,123.6002,4.297778,0.06446667,4.297778
77.37,36.02505,0.06446667,123.6275,4.297778,0.06446667,4.297778
77.38,36.03299,0.0645,123.6547,4.3,0.0645,4.3
77.39,36.04253,0.0645,123.6875,4.3,0.0645,4.3
77.4,36.05525,0.0645,123.7311,4.3,0.0645,4.3
77.41,36.06955,0.0645,123.7802,4.3,0.0645,4.3
77.42,36.0775,0.06453333,123.8075,4.302222,0.06453333,4.302222
77.43,36.0775,0.06453333,123.8075,4.302222,0.06453333,4.302222
77.44,36.07432,0.06453333,123.7966,4.302222,0.06453333,4.302222
77.45,36.07432,0.06453333,123.7966,4.302222,0.06453333,4.302222
77.46,36.08386,0.06456666,123.8293,4.304444,0.06456666,4.304444
77.47,36.09975,0.06456666,123.8838,4.304444,0.06456666,4.304444
77.48,36.11565,0.06456666,123.9384,4.304444,0.06456666,4.304444
77.49,36.12359,0.06456666,123.9657,4.304444,0.06456666,4.304444
77.5,36.13154,0.0646,123.9929,4.306666,0.0646,4.306666
77.51,36.14743,0.0646,124.0475,4.306666,0.0646,4.306666
77.52,36.16333,0.0646,124.102,4.306666,0.0646,4.306666
77.53,36.17604,0.0646,124.1457,4.306666,0.0646,4.306666
77.54,36.17764,0.06463333,124.1511,4.308889,0.06463333,4.308889
77.55,36.17287,0.06463333,124.1347,4.308889,0.06463333,4.308889
77.56,36.17604,0.06463333,124.1457,4.308889,0.06463333,4.308889
77.57,36.19194,0.06463333,124.2002,4.308889,0.06463333,4.308889
77.58,36.19989,0.06466667,124.2275,4.311111,0.06466667,4.311111
77.59,36.19671,0.06466667,124.2166,4.311111,0.06466667,4.311111
77.6,36.18558,0.06466667,124.1784,4.311111,0.06466667,4.311111
77.61,36.18081,0.06466667,124.162,4.311111,0.06466667,4.311111
77.62,36.18399,0.0647,124.1729,4.313334,0.0647,4.313334
77.63,36.18876,0.0647,124.1893,4.313334,0.0647,4.313334
77.64,36.19671,0.0647,124.2166,4.313334,0.0647,4.313334
77.65,36.20942,0.0647,124.2602,4.313334,0.0647,4.313334
77.66,36.21419,0.06473333,124.2766,4.315556,0.06473333,4.315556
77.67,36.21737,0.06473333,124.2875,4.315556,0.06473333,4.315556
77.68,36.21737,0.06473333,124.2875,4.315556,0.06473333,4.315556
77.69,36.22055,0.06473333,124.2984,4.315556,0.06473333,4.315556
77.7,36.2285,0.06476667,124.3257,4.317778,0.06476667,4.317778
77.71,36.23486,0.06476667,124.3475,4.317778,0.06476667,4.317778
77.72,36.23803,0.06476667,124.3584,4.317778,0.06476667,4.317778
77.73,36.23009,0.06476667,124.3311,4.317778,0.06476667,4.317778
77.74,36.22055,0.0648,124.2984,4.32,0.0648,4.32
77.75,36.22214,0.0648,124.3038,4.32,0.0648,4.32
77.76,36.23486,0.0648,124.3475,4.32,0.0648,4.32
77.77,36.2428,0.0648,124.3747,4.32,0.0648,4.32
77.78,36.2428,0.06483334,124.3747,4.322222,0.06483334,4.322222
77.79,36.25393,0.06483334,124.4129,4.322222,0.06483334,4.322222
77.8,36.27141,0.06483334,124.4729,4.322222,0.06483334,4.322222
77.81,36.29208,0.06483334,124.5438,4.322222,0.06483334,4.322222
77.82,36.3032,0.06486667,124.582,4.324445,0.06486667,4.324445
77.83,36.30797,0.06486667,124.5984,4.324445,0.06486667,4.324445
77.84,36.31433,0.06486667,124.6202,4.324445,0.06486667,4.324445
77.85,36.32069,0.06486667,124.642,4.324445,0.06486667,4.324445
77.86,36.32705,0.0649,124.6638,4.326667,0.0649,4.326667
77.87,36.32069,0.0649,124.642,4.326667,0.0649,4.326667
77.88,36.31115,0.0649,124.6093,4.326667,0.0649,4.326667
77.89,36.31115,0.0649,124.6093,4.326667,0.0649,4.326667
77.9,36.32069,0.06493334,124.642,4.328889,0.06493334,4.328889
77.91,36.32863,0.06493334,124.6693,4.328889,0.06493334,4.328889
77.92,36.33499,0.06493334,124.6911,4.328889,0.06493334,4.328889
77.93,36.32863,0.06493334,124.6693,4.328889,0.06493334,4.328889
77.94,36.32705,0.06496666,124.6638,4.331111,0.06496666,4.331111
77.95,36.33658,0.06496666,124.6966,4.331111,0.06496666,4.331111
77.96,36.35247,0.06496666,124.7511,4.331111,0.06496666,4.331111
77.97,36.36519,0.06496666,124.7948,4.331111,0.06496666,4.331111
77.98,36.37791,0.065,124.8384,4.333333,0.065,4.333333
77.99,36.3938,0.065,124.8929,4.333333,0.065,4.333333
78.0,36.40652,0.065,124.9366,4.333333,0.065,4.333333
78.01,36.41446,0.065,124.9638,4.333333,0.065,4.333333
78.02,36.42082,0.06503333,124.9857,4.335556,0.06503333,4.335556
78.03,36.42082,0.06503333,124.9857,4.335556,0.06503333,4.335556
78.04,36.41288,0.06503333,124.9584,4.335556,0.06503333,4.335556
78.05,36.40493,0.06503333,124.9311,4.335556,0.06503333,4.335556
78.06,36.3938,0.06506667,124.8929,4.337778,0.06506667,4.337778
78.07,36.38585,0.06506667,124.8657,4.337778,0.06506667,4.337778
78.08,36.38108,0.06506667,124.8493,4.337778,0.06506667,4.337778
78.09,36.38585,0.06506667,124.8657,4.337778,0.06506667,4.337778
78.1,36.3938,0.0651,124.8929,4.34,0.0651,4.34
78.11,36.39221,0.0651,124.8875,4.34,0.0651,4.34
78.12,36.39221,0.0651,124.8875,4.34,0.0651,4.34
78.13,36.40493,0.0651,124.9311,4.34,0.0651,4.34
78.14,36.42559,0.06513333,125.002,4.342222,0.06513333,4.342222
78.15,36.4383,0.06513333,125.0457,4.342222,0.06513333,4.342222
78.16,36.44307,0.06513333,125.062,4.342222,0.06513333,4.342222
78.17,36.44625,0.06513333,125.0729,4.342222,0.06513333,4.342222
78.18,36.45102,0.06516667,125.0893,4.344444,0.06516667,4.344444
78.19,36.45897,0.06516667,125.1166,4.344444,0.06516667,4.344444
78.2,36.46215,0.06516667,125.1275,4.344444,0.06516667,4.344444
78.21,36.4542,0.06516667,125.1002,4.344444,0.06516667,4.344444
78.22,36.44307,0.0652,125.062,4.346667,0.0652,4.346667
78.23,36.44625,0.0652,125.0729,4.346667,0.0652,4.346667
78.24,36.46215,0.0652,125.1275,4.346667,0.0652,4.346667
78.25,36.47804,0.0652,125.182,4.346667,0.0652,4.346667
78.26,36.49076,0.06523333,125.2257,4.348889,0.06523333,4.348889
78.27,36.49871,0.06523333,125.2529,4.348889,0.06523333,4.348889
78.28,36.50824,0.06523333,125.2857,4.348889,0.06523333,4.348889
78.29,36.51937,0.06523333,125.3238,4.348889,0.06523333,4.348889
78.3,36.53209,0.06526667,125.3675,4.351111,0.06526667,4.351111
78.31,36.54321,0.06526667,125.4057,4.351111,0.06526667,4.351111
78.32,36.5448,0.06526667,125.4111,4.351111,0.06526667,4.351111
78.33,36.5448,0.06526667,125.4111,4.351111,0.06526667,4.351111
78.34,36.54321,0.0653,125.4057,4.353333,0.0653,4.353333
78.35,36.5448,0.0653,125.4111,4.353333,0.0653,4.353333
78.36,36.55275,0.0653,125.4384,4.353333,0.0653,4.353333
78.37,36.57182,0.0653,125.5038,4.353333,0.0653,4.353333
78.38,36.58931,0.06533334,125.5638,4.355556,0.06533334,4.355556
78.39,36.6052,0.06533334,125.6184,4.355556,0.06533334,4.355556
78.4,36.62109,0.06533334,125.6729,4.355556,0.06533334,4.355556
78.41,36.62586,0.06533334,125.6893,4.355556,0.06533334,4.355556
78.42,36.62109,0.06536667,125.6729,4.357778,0.06536667,4.357778
78.43,36.60997,0.06536667,125.6347,4.357778,0.06536667,4.357778
78.44,36.59725,0.06536667,125.5911,4.357778,0.06536667,4.357778
78.45,36.58454,0.06536667,125.5475,4.357778,0.06536667,4.357778
78.46,36.57341,0.0654,125.5093,4.36,0.0654,4.36
78.47,36.57182,0.0654,125.5038,4.36,0.0654,4.36
78.48,36.58136,0.0654,125.5366,4.36,0.0654,4.36
78.49,36.60679,0.0654,125.6238,4.36,0.0654,4.36
78.5,36.63858,0.06543333,125.7329,4.362222,0.06543333,4.362222
78.51,36.65765,0.06543333,125.7984,4.362222,0.06543333,4.362222
78.52,36.65129,0.06543333,125.7766,4.362222,0.06543333,4.362222
78.53,36.64334,0.06543333,125.7493,4.362222,0.06543333,4.362222
78.54,36.65129,0.06546666,125.7766,4.364444,0.06546666,4.364444
78.55,36.67037,0.06546666,125.842,4.364444,0.06546666,4.364444
78.56,36.6799,0.06546666,125.8748,4.364444,0.06546666,4.364444
78.57,36.6799,0.06546666,125.8748,4.364444,0.06546666,4.364444
78.58,36.6799,0.0655,125.8748,4.366667,0.0655,4.366667
78.59,36.68308,0.0655,125.8857,4.366667,0.0655,4.366667
78.6,36.67831,0.0655,125.8693,4.366667,0.0655,4.366667
78.61,36.67037,0.0655,125.842,4.366667,0.0655,4.366667
78.62,36.66401,0.06553333,125.8202,4.368889,0.06553333,4.368889
78.63,36.66242,0.06553333,125.8147,4.368889,0.06553333,4.368889
78.64,36.65765,0.06553333,125.7984,4.368889,0.06553333,4.368889
78.65,36.65447,0.06553333,125.7875,4.368889,0.06553333,4.368889
78.66,36.66401,0.06556667,125.8202,4.371111,0.06556667,4.371111
78.67,36.68308,0.06556667,125.8857,4.371111,0.06556667,4.371111
78.68,36.6958,0.06556667,125.9293,4.371111,0.06556667,4.371111
78.69,36.70057,0.06556667,125.9457,4.371111,0.06556667,4.371111
78.7,36.70692,0.0656,125.9675,4.373333,0.0656,4.373333
78.71,36.70852,0.0656,125.9729,4.373333,0.0656,4.373333
78.72,36.71964,0.0656,126.0111,4.373333,0.0656,4.373333
78.73,36.73553,0.0656,126.0657,4.373333,0.0656,4.373333
78.74,36.74825,0.06563333,126.1093,4.375556,0.06563333,4.375556
78.75,36.75302,0.06563333,126.1257,4.375556,0.06563333,4.375556
78.76,36.75779,0.06563333,126.142,4.375556,0.06563333,4.375556
78.77,36.76574,0.06563333,126.1693,4.375556,0.06563333,4.375556
78.78,36.77368,0.06566667,126.1966,4.377778,0.06566667,4.377778
78.79,36.78163,0.06566667,126.2238,4.377778,0.06566667,4.377778
78.8,36.7864,0.06566667,126.2402,4.377778,0.06566667,4.377778
78.81,36.78481,0.06566667,126.2348,4.377778,0.06566667,4.377778
78.82,36.78481,0.0657,126.2348,4.38,0.0657,4.38
78.83,36.79276,0.0657,126.262,4.38,0.0657,4.38
78.84,36.79752,0.0657,126.2784,4.38,0.0657,4.38
78.85,36.79752,0.0657,126.2784,4.38,0.0657,4.38
78.86,36.80229,0.06573334,126.2947,4.382222,0.06573334,4.382222
78.87,36.82137,0.06573334,126.3602,4.382222,0.06573334,4.382222
78.88,36.83885,0.06573334,126.4202,4.382222,0.06573334,4.382222
78.89,36.84998,0.06573334,126.4584,4.382222,0.06573334,4.382222
78.9,36.84362,0.06576667,126.4366,4.384445,0.06576667,4.384445
78.91,36.83726,0.06576667,126.4148,4.384445,0.06576667,4.384445
78.92,36.82931,0.06576667,126.3875,4.384445,0.06576667,4.384445
78.93,36.81819,0.06576667,126.3493,4.384445,0.06576667,4.384445
78.94,36.81024,0.0658,126.322,4.386667,0.0658,4.386667
78.95,36.81024,0.0658,126.322,4.386667,0.0658,4.386667
78.96,36.82296,0.0658,126.3657,4.386667,0.0658,4.386667
78.97,36.83885,0.0658,126.4202,4.386667,0.0658,4.386667
78.98,36.86269,0.06583334,126.502,4.388889,0.06583334,4.388889
78.99,36.88018,0.06583334,126.562,4.388889,0.06583334,4.388889
79.0,36.88812,0.06583334,126.5893,4.388889,0.06583334,4.388889
79.01,36.88335,0.06583334,126.5729,4.388889,0.06583334,4.388889
79.02,36.87541,0.06586666,126.5457,4.391111,0.06586666,4.391111
79.03,36.87541,0.06586666,126.5457,4.391111,0.06586666,4.391111
79.04,36.88335,0.06586666,126.5729,4.391111,0.06586666,4.391111
79.05,36.89607,0.06586666,126.6166,4.391111,0.06586666,4.391111
79.06,36.9072,0.0659,126.6547,4.393333,0.0659,4.393333
79.07,36.91514,0.0659,126.682,4.393333,0.0659,4.393333
79.08,36.92309,0.0659,126.7093,4.393333,0.0659,4.393333
79.09,36.92468,0.0659,126.7147,4.393333,0.0659,4.393333
79.1,36.92786,0.06593333,126.7257,4.395555,0.06593333,4.395555
79.11,36.92786,0.06593333,126.7257,4.395555,0.06593333,4.395555
79.12,36.92468,0.06593333,126.7147,4.395555,0.06593333,4.395555
79.13,36.91991,0.06593333,126.6984,4.395555,0.06593333,4.395555
79.14,36.92309,0.06596667,126.7093,4.397778,0.06596667,4.397778
79.15,36.93263,0.06596667,126.742,4.397778,0.06596667,4.397778
79.16,36.94534,0.06596667,126.7857,4.397778,0.06596667,4.397778
79.17,36.95329,0.06596667,126.8129,4.397778,0.06596667,4.397778
79.18,36.96601,0.066,126.8566,4.4,0.066,4.4
79.19,36.98508,0.066,126.922,4.4,0.066,4.4
79.2,37.00097,0.066,126.9766,4.4,0.066,4.4
79.21,37.00097,0.066,126.9766,4.4,0.066,4.4
79.22,36.98667,0.06603333,126.9275,4.402222,0.06603333,4.402222
79.23,36.97395,0.06603333,126.8838,4.402222,0.06603333,4.402222
79.24,36.97395,0.06603333,126.8838,4.402222,0.06603333,4.402222
79.25,36.98508,0.06603333,126.922,4.402222,0.06603333,4.402222
79.26,36.9978,0.06606667,126.9657,4.404445,0.06606667,4.404445
79.27,37.01528,0.06606667,127.0257,4.404445,0.06606667,4.404445
79.28,37.02958,0.06606667,127.0747,4.404445,0.06606667,4.404445
79.29,37.03117,0.06606667,127.0802,4.404445,0.06606667,4.404445
79.3,37.02641,0.0661,127.0638,4.406667,0.0661,4.406667
79.31,37.02958,0.0661,127.0747,4.406667,0.0661,4.406667
79.32,37.0423,0.0661,127.1184,4.406667,0.0661,4.406667
79.33,37.05025,0.0661,127.1457,4.406667,0.0661,4.406667
79.34,37.04389,0.06613334,127.1238,4.408889,0.06613334,4.408889
79.35,37.0423,0.06613334,127.1184,4.408889,0.06613334,4.408889
79.36,37.05819,0.06613334,127.1729,4.408889,0.06613334,4.408889
79.37,37.0725,0.06613334,127.222,4.408889,0.06613334,4.408889
79.38,37.06773,0.06616667,127.2057,4.411111,0.06616667,4.411111
79.39,37.04707,0.06616667,127.1348,4.411111,0.06616667,4.411111
79.4,37.03912,0.06616667,127.1075,4.411111,0.06616667,4.411111
79.41,37.05502,0.06616667,127.162,4.411111,0.06616667,4.411111
79.42,37.08363,0.0662,127.2602,4.413333,0.0662,4.413333
79.43,37.11224,0.0662,127.3584,4.413333,0.0662,4.413333
79.44,37.12336,0.0662,127.3966,4.413333,0.0662,4.413333
79.45,37.11541,0.0662,127.3693,4.413333,0.0662,4.413333
79.46,37.09952,0.06623334,127.3148,4.415556,0.06623334,4.415556
79.47,37.09952,0.06623334,127.3148,4.415556,0.06623334,4.415556
79.48,37.10429,0.06623334,127.3311,4.415556,0.06623334,4.415556
79.49,37.10906,0.06623334,127.3475,4.415556,0.06623334,4.415556
79.5,37.11541,0.06626667,127.3693,4.417778,0.06626667,4.417778
79.51,37.12018,0.06626667,127.3857,4.417778,0.06626667,4.417778
79.52,37.12018,0.06626667,127.3857,4.417778,0.06626667,4.417778
79.53,37.12336,0.06626667,127.3966,4.417778,0.06626667,4.417778
79.54,37.1329,0.0663,127.4293,4.42,0.0663,4.42
79.55,37.14879,0.0663,127.4838,4.42,0.0663,4.42
79.56,37.16151,0.0663,127.5275,4.42,0.0663,4.42
79.57,37.16628,0.0663,127.5438,4.42,0.0663,4.42
79.58,37.17263,0.06633333,127.5657,4.422222,0.06633333,4.422222
79.59,37.18535,0.06633333,127.6093,4.422222,0.06633333,4.422222
79.6,37.19012,0.06633333,127.6257,4.422222,0.06633333,4.422222
79.61,37.18535,0.06633333,127.6093,4.422222,0.06633333,4.422222
79.62,37.17263,0.06636667,127.5657,4.424444,0.06636667,4.424444
79.63,37.16469,0.06636667,127.5384,4.424444,0.06636667,4.424444
79.64,37.16628,0.06636667,127.5438,4.424444,0.06636667,4.424444
79.65,37.18535,0.06636667,127.6093,4.424444,0.06636667,4.424444
79.66,37.20919,0.0664,127.6911,4.426667,0.0664,4.426667
79.67,37.23145,0.0664,127.7675,4.426667,0.0664,4.426667
79.68,37.24734,0.0664,127.822,4.426667,0.0664,4.426667
79.69,37.25052,0.0664,127.8329,4.426667,0.0664,4.426667
79.7,37.25052,0.06643333,127.8329,4.428889,0.06643333,4.428889
79.71,37.25052,0.06643333,127.8329,4.428889,0.06643333,4.428889
79.72,37.24575,0.06643333,127.8166,4.428889,0.06643333,4.428889
79.73,37.23145,0.06643333,127.7675,4.428889,0.06643333,4.428889
79.74,37.22191,0.06646667,127.7347,4.431111,0.06646667,4.431111
79.75,37.21873,0.06646667,127.7238,4.431111,0.06646667,4.431111
79.76,37.22668,0.06646667,127.7511,4.431111,0.06646667,4.431111
79.77,37.24575,0.06646667,127.8166,4.431111,0.06646667,4.431111
79.78,37.26323,0.0665,127.8766,4.433333,0.0665,4.433333
79.79,37.27436,0.0665,127.9147,4.433333,0.0665,4.433333
79.8,37.27595,0.0665,127.9202,4.433333,0.0665,4.433333
79.81,37.27595,0.0665,127.9202,4.433333,0.0665,4.433333
79.82,37.27436,0.06653333,127.9147,4.435555,0.06653333,4.435555
79.83,37.27913,0.06653333,127.9311,4.435555,0.06653333,4.435555
79.84,37.29661,0.06653333,127.9911,4.435555,0.06653333,4.435555
79.85,37.31728,0.06653333,128.062,4.435555,0.06653333,4.435555
79.86,37.32364,0.06656667,128.0838,4.437778,0.06656667,4.437778
79.87,37.31728,0.06656667,128.062,4.437778,0.06656667,4.437778
79.88,37.31569,0.06656667,128.0566,4.437778,0.06656667,4.437778
79.89,37.31251,0.06656667,128.0457,4.437778,0.06656667,4.437778
79.9,37.31251,0.0666,128.0457,4.44,0.0666,4.44
79.91,37.31569,0.0666,128.0566,4.44,0.0666,4.44
79.92,37.3284,0.0666,128.1002,4.44,0.0666,4.44
79.93,37.34589,0.0666,128.1602,4.44,0.0666,4.44
79.94,37.36655,0.06663334,128.2311,4.442223,0.06663334,4.442223
79.95,37.3745,0.06663334,128.2584,4.442223,0.06663334,4.442223
79.96,37.36973,0.06663334,128.242,4.442223,0.06663334,4.442223
79.97,37.36496,0.06663334,128.2257,4.442223,0.06663334,4.442223
79.98,37.36496,0.06666667,128.2257,4.444445,0.06666667,4.444445
79.99,37.36496,0.06666667,128.2257,4.444445,0.06666667,4.444445
80.0,37.35701,0.06666667,128.1984,4.444445,0.06666667,4.444445
80.01,37.35225,0.06666667,128.182,4.444445,0.06666667,4.444445
80.02,37.35701,0.0667,128.1984,4.446667,0.0667,4.446667
80.03,37.38086,0.0667,128.2802,4.446667,0.0667,4.446667
80.04,37.40947,0.0667,128.3784,4.446667,0.0667,4.446667
80.05,37.42695,0.0667,128.4384,4.446667,0.0667,4.446667
80.06,37.43172,0.06673333,128.4548,4.448889,0.06673333,4.448889
80.07,37.42695,0.06673333,128.4384,4.448889,0.06673333,4.448889
80.08,37.42695,0.06673333,128.4384,4.448889,0.06673333,4.448889
80.09,37.43489,0.06673333,128.4657,4.448889,0.06673333,4.448889
80.1,37.43966,0.06676666,128.482,4.451111,0.06676666,4.451111
80.11,37.44284,0.06676666,128.4929,4.451111,0.06676666,4.451111
80.12,37.44761,0.06676666,128.5093,4.451111,0.06676666,4.451111
80.13,37.45874,0.06676666,128.5475,4.451111,0.06676666,4.451111
80.14,37.46669,0.0668,128.5748,4.453333,0.0668,4.453333
80.15,37.46827,0.0668,128.5802,4.453333,0.0668,4.453333
80.16,37.46827,0.0668,128.5802,4.453333,0.0668,4.453333
80.17,37.46827,0.0668,128.5802,4.453333,0.0668,4.453333
80.18,37.47463,0.06683333,128.602,4.455555,0.06683333,4.455555
80.19,37.4794,0.06683333,128.6184,4.455555,0.06683333,4.455555
80.2,37.4794,0.06683333,128.6184,4.455555,0.06683333,4.455555
80.21,37.4794,0.06683333,128.6184,4.455555,0.06683333,4.455555
80.22,37.4953,0.06686667,128.6729,4.457778,0.06686667,4.457778
80.23,37.51755,0.06686667,128.7493,4.457778,0.06686667,4.457778
80.24,37.52868,0.06686667,128.7875,4.457778,0.06686667,4.457778
80.25,37.52549,0.06686667,128.7766,4.457778,0.06686667,4.457778
80.26,37.52073,0.0669,128.7602,4.46,0.0669,4.46
80.27,37.52073,0.0669,128.7602,4.46,0.0669,4.46
80.28,37.52391,0.0669,128.7711,4.46,0.0669,4.46
80.29,37.52549,0.0669,128.7766,4.46,0.0669,4.46
80.3,37.52391,0.06693333,128.7711,4.462222,0.06693333,4.462222
80.31,37.52868,0.06693333,128.7875,4.462222,0.06693333,4.462222
80.32,37.54139,0.06693333,128.8311,4.462222,0.06693333,4.462222
80.33,37.55252,0.06693333,128.8693,4.462222,0.06693333,4.462222
80.34,37.5541,0.06696667,128.8748,4.464445,0.06696667,4.464445
80.35,37.56205,0.06696667,128.902,4.464445,0.06696667,4.464445
80.36,37.57318,0.06696667,128.9402,4.464445,0.06696667,4.464445
80.37,37.58113,0.06696667,128.9675,4.464445,0.06696667,4.464445
80.38,37.59384,0.067,129.0111,4.466667,0.067,4.466667
80.39,37.61451,0.067,129.082,4.466667,0.067,4.466667
80.4,37.63199,0.067,129.142,4.466667,0.067,4.466667
80.41,37.64312,0.067,129.1802,4.466667,0.067,4.466667
80.42,37.63993,0.06703334,129.1693,4.468889,0.06703334,4.468889
80.43,37.6304,0.06703334,129.1366,4.468889,0.06703334,4.468889
80.44,37.62404,0.06703334,129.1148,4.468889,0.06703334,4.468889
80.45,37.63199,0.06703334,129.142,4.468889,0.06703334,4.468889
80.46,37.64629,0.06706667,129.1911,4.471111,0.06706667,4.471111
80.47,37.64629,0.06706667,129.1911,4.471111,0.06706667,4.471111
80.48,37.63993,0.06706667,129.1693,4.471111,0.06706667,4.471111
80.49,37.63517,0.06706667,129.1529,4.471111,0.06706667,4.471111
80.5,37.63517,0.0671,129.1529,4.473333,0.0671,4.473333
80.51,37.64629,0.0671,129.1911,4.473333,0.0671,4.473333
80.52,37.66378,0.0671,129.2511,4.473333,0.0671,4.473333
80.53,37.68762,0.0671,129.3329,4.473333,0.0671,4.473333
80.54,37.7051,0.06713334,129.3929,4.475556,0.06713334,4.475556
80.55,37.71146,0.06713334,129.4147,4.475556,0.06713334,4.475556
80.56,37.71146,0.06713334,129.4147,4.475556,0.06713334,4.475556
80.57,37.71623,0.06713334,129.4311,4.475556,0.06713334,4.475556
80.58,37.72577,0.06716666,129.4638,4.477777,0.06716666,4.477777
80.59,37.73372,0.06716666,129.4911,4.477777,0.06716666,4.477777
80.6,37.74007,0.06716666,129.5129,4.477777,0.06716666,4.477777
80.61,37.74484,0.06716666,129.5293,4.477777,0.06716666,4.477777
80.62,37.74007,0.0672,129.5129,4.48,0.0672,4.48
80.63,37.72577,0.0672,129.4638,4.48,0.0672,4.48
80.64,37.71623,0.0672,129.4311,4.48,0.0672,4.48
80.65,37.72577,0.0672,129.4638,4.48,0.0672,4.48
80.66,37.75279,0.06723333,129.5566,4.482222,0.06723333,4.482222
80.67,37.78299,0.06723333,129.6602,4.482222,0.06723333,4.482222
80.68,37.79094,0.06723333,129.6875,4.482222,0.06723333,4.482222
80.69,37.77504,0.06723333,129.6329,4.482222,0.06723333,4.482222
80.7,37.77345,0.06726667,129.6275,4.484444,0.06726667,4.484444
80.71,37.79411,0.06726667,129.6984,4.484444,0.06726667,4.484444
80.72,37.81955,0.06726667,129.7857,4.484444,0.06726667,4.484444
80.73,37.82749,0.06726667,129.8129,4.484444,0.06726667,4.484444
80.74,37.82749,0.0673,129.8129,4.486667,0.0673,4.486667
80.75,37.83544,0.0673,129.8402,4.486667,0.0673,4.486667
80.76,37.84657,0.0673,129.8784,4.486667,0.0673,4.486667
80.77,37.85133,0.0673,129.8948,4.486667,0.0673,4.486667
80.78,37.8561,0.06733333,129.9111,4.488889,0.06733333,4.488889
80.79,37.85928,0.06733333,129.922,4.488889,0.06733333,4.488889
80.8,37.85928,0.06733333,129.922,4.488889,0.06733333,4.488889
80.81,37.84816,0.06733333,129.8839,4.488889,0.06733333,4.488889
80.82,37.84021,0.06736667,129.8566,4.491111,0.06736667,4.491111
80.83,37.84657,0.06736667,129.8784,4.491111,0.06736667,4.491111
80.84,37.85133,0.06736667,129.8948,4.491111,0.06736667,4.491111
80.85,37.85451,0.06736667,129.9057,4.491111,0.06736667,4.491111
80.86,37.85451,0.0674,129.9057,4.493333,0.0674,4.493333
80.87,37.85451,0.0674,129.9057,4.493333,0.0674,4.493333
80.88,37.84816,0.0674,129.8839,4.493333,0.0674,4.493333
80.89,37.84021,0.0674,129.8566,4.493333,0.0674,4.493333
80.9,37.84021,0.06743333,129.8566,4.495556,0.06743333,4.495556
80.91,37.84816,0.06743333,129.8839,4.495556,0.06743333,4.495556
80.92,37.85928,0.06743333,129.922,4.495556,0.06743333,4.495556
80.93,37.86882,0.06743333,129.9548,4.495556,0.06743333,4.495556
80.94,37.88789,0.06746667,130.0202,4.497778,0.06746667,4.497778
80.95,37.90061,0.06746667,130.0639,4.497778,0.06746667,4.497778
80.96,37.90379,0.06746667,130.0748,4.497778,0.06746667,4.497778
80.97,37.89266,0.06746667,130.0366,4.497778,0.06746667,4.497778
80.98,37.89266,0.0675,130.0366,4.5,0.0675,4.5
80.99,37.90379,0.0675,130.0748,4.5,0.0675,4.5
81.0,37.9165,0.0675,130.1184,4.5,0.0675,4.5
81.01,37.92445,0.0675,130.1457,4.5,0.0675,4.5
81.02,37.94511,0.06753334,130.2166,4.502223,0.06753334,4.502223
81.03,37.97849,0.06753334,130.3311,4.502223,0.06753334,4.502223
81.04,38.0071,0.06753334,130.4293,4.502223,0.06753334,4.502223
81.05,38.01028,0.06753334,130.4402,4.502223,0.06753334,4.502223
81.06,37.99121,0.06756667,130.3748,4.504445,0.06756667,4.504445
81.07,37.96895,0.06756667,130.2984,4.504445,0.06756667,4.504445
81.08,37.94511,0.06756667,130.2166,4.504445,0.06756667,4.504445
81.09,37.93399,0.06756667,130.1784,4.504445,0.06756667,4.504445
81.1,37.94511,0.0676,130.2166,4.506667,0.0676,4.506667
81.11,37.96101,0.0676,130.2711,4.506667,0.0676,4.506667
81.12,37.97054,0.0676,130.3038,4.506667,0.0676,4.506667
81.13,37.96577,0.0676,130.2875,4.506667,0.0676,4.506667
81.14,37.9626,0.06763333,130.2766,4.508889,0.06763333,4.508889
81.15,37.98326,0.06763333,130.3475,4.508889,0.06763333,4.508889
81.16,38.01982,0.06763333,130.4729,4.508889,0.06763333,4.508889
81.17,38.04843,0.06763333,130.5711,4.508889,0.06763333,4.508889
81.18,38.05955,0.06766666,130.6093,4.511111,0.06766666,4.511111
81.19,38.05478,0.06766666,130.5929,4.511111,0.06766666,4.511111
81.2,38.04366,0.06766666,130.5548,4.511111,0.06766666,4.511111
81.21,38.03094,0.06766666,130.5111,4.511111,0.06766666,4.511111
81.22,38.03253,0.0677,130.5166,4.513333,0.0677,4.513333
81.23,38.04684,0.0677,130.5657,4.513333,0.0677,4.513333
81.24,38.05478,0.0677,130.5929,4.513333,0.0677,4.513333
81.25,38.04684,0.0677,130.5657,4.513333,0.0677,4.513333
81.26,38.04048,0.06773333,130.5438,4.515555,0.06773333,4.515555
81.27,38.05478,0.06773333,130.5929,4.515555,0.06773333,4.515555
81.28,38.08022,0.06773333,130.6802,4.515555,0.06773333,4.515555
81.29,38.09293,0.06773333,130.7238,4.515555,0.06773333,4.515555
81.3,38.08975,0.06776667,130.7129,4.517778,0.06776667,4.517778
81.31,38.08339,0.06776667,130.6911,4.517778,0.06776667,4.517778
81.32,38.08975,0.06776667,130.7129,4.517778,0.06776667,4.517778
81.33,38.10565,0.06776667,130.7675,4.517778,0.06776667,4.517778
81.34,38.11836,0.0678,130.8111,4.52,0.0678,4.52
81.35,38.13267,0.0678,130.8602,4.52,0.0678,4.52
81.36,38.13744,0.0678,130.8766,4.52,0.0678,4.52
81.37,38.12631,0.0678,130.8384,4.52,0.0678,4.52
81.38,38.112,0.06783333,130.7893,4.522223,0.06783333,4.522223
81.39,38.10565,0.06783333,130.7675,4.522223,0.06783333,4.522223
81.4,38.11677,0.06783333,130.8057,4.522223,0.06783333,4.522223
81.41,38.12631,0.06783333,130.8384,4.522223,0.06783333,4.522223
81.42,38.13267,0.06786667,130.8602,4.524445,0.06786667,4.524445
81.43,38.13744,0.06786667,130.8766,4.524445,0.06786667,4.524445
81.44,38.1422,0.06786667,130.8929,4.524445,0.06786667,4.524445
81.45,38.15015,0.06786667,130.9202,4.524445,0.06786667,4.524445
81.46,38.15015,0.0679,130.9202,4.526667,0.0679,4.526667
81.47,38.15015,0.0679,130.9202,4.526667,0.0679,4.526667
81.48,38.16128,0.0679,130.9584,4.526667,0.0679,4.526667
81.49,38.18194,0.0679,131.0293,4.526667,0.0679,4.526667
81.5,38.20578,0.06793334,131.1111,4.528889,0.06793334,4.528889
81.51,38.21214,0.06793334,131.1329,4.528889,0.06793334,4.528889
81.52,38.19942,0.06793334,131.0893,4.528889,0.06793334,4.528889
81.53,38.17876,0.06793334,131.0184,4.528889,0.06793334,4.528889
81.54,38.17081,0.06796667,130.9911,4.531111,0.06796667,4.531111
81.55,38.18353,0.06796667,131.0348,4.531111,0.06796667,4.531111
81.56,38.21214,0.06796667,131.1329,4.531111,0.06796667,4.531111
81.57,38.23916,0.06796667,131.2257,4.531111,0.06796667,4.531111
81.58,38.2487,0.068,131.2584,4.533334,0.068,4.533334
81.59,38.25505,0.068,131.2802,4.533334,0.068,4.533334
81.6,38.263,0.068,131.3075,4.533334,0.068,4.533334
81.61,38.26936,0.068,131.3293,4.533334,0.068,4.533334
81.62,38.27572,0.06803334,131.3511,4.535556,0.06803334,4.535556
81.63,38.26936,0.06803334,131.3293,4.535556,0.06803334,4.535556
81.64,38.25982,0.06803334,131.2966,4.535556,0.06803334,4.535556
81.65,38.24711,0.06803334,131.2529,4.535556,0.06803334,4.535556
81.66,38.24075,0.06806666,131.2311,4.537777,0.06806666,4.537777
81.67,38.24393,0.06806666,131.242,4.537777,0.06806666,4.537777
81.68,38.2487,0.06806666,131.2584,4.537777,0.06806666,4.537777
81.69,38.25982,0.06806666,131.2966,4.537777,0.06806666,4.537777
81.7,38.27731,0.0681,131.3566,4.54,0.0681,4.54
81.71,38.2932,0.0681,131.4111,4.54,0.0681,4.54
81.72,38.30592,0.0681,131.4548,4.54,0.0681,4.54
81.73,38.31704,0.0681,131.4929,4.54,0.0681,4.54
81.74,38.32976,0.06813333,131.5366,4.542222,0.06813333,4.542222
81.75,38.34089,0.06813333,131.5748,4.542222,0.06813333,4.542222
81.76,38.34248,0.06813333,131.5802,4.542222,0.06813333,4.542222
81.77,38.33771,0.06813333,131.5638,4.542222,0.06813333,4.542222
81.78,38.32658,0.06816667,131.5257,4.544445,0.06816667,4.544445
81.79,38.31704,0.06816667,131.4929,4.544445,0.06816667,4.544445
81.8,38.32181,0.06816667,131.5093,4.544445,0.06816667,4.544445
81.81,38.34248,0.06816667,131.5802,4.544445,0.06816667,4.544445
81.82,38.36314,0.0682,131.6511,4.546667,0.0682,4.546667
81.83,38.3695,0.0682,131.6729,4.546667,0.0682,4.546667
81.84,38.37109,0.0682,131.6784,4.546667,0.0682,4.546667
81.85,38.3695,0.0682,131.6729,4.546667,0.0682,4.546667
81.86,38.36632,0.06823333,131.662,4.548889,0.06823333,4.548889
81.87,38.36314,0.06823333,131.6511,4.548889,0.06823333,4.548889
81.88,38.3695,0.06823333,131.6729,4.548889,0.06823333,4.548889
81.89,38.37426,0.06823333,131.6893,4.548889,0.06823333,4.548889
81.9,38.37426,0.06826667,131.6893,4.551111,0.06826667,4.551111
81.91,38.37109,0.06826667,131.6784,4.551111,0.06826667,4.551111
81.92,38.37426,0.06826667,131.6893,4.551111,0.06826667,4.551111
81.93,38.38221,0.06826667,131.7166,4.551111,0.06826667,4.551111
81.94,38.39493,0.0683,131.7602,4.553333,0.0683,4.553333
81.95,38.41082,0.0683,131.8148,4.553333,0.0683,4.553333
81.96,38.42831,0.0683,131.8748,4.553333,0.0683,4.553333
81.97,38.4442,0.0683,131.9293,4.553333,0.0683,4.553333
81.98,38.44897,0.06833334,131.9457,4.555556,0.06833334,4.555556
81.99,38.45215,0.06833334,131.9566,4.555556,0.06833334,4.555556
82.0,38.46328,0.06833334,131.9948,4.555556,0.06833334,4.555556
82.01,38.48394,0.06833334,132.0657,4.555556,0.06833334,4.555556
82.02,38.49189,0.06836667,132.0929,4.557778,0.06836667,4.557778
82.03,38.48553,0.06836667,132.0711,4.557778,0.06836667,4.557778
82.04,38.48076,0.06836667,132.0548,4.557778,0.06836667,4.557778
82.05,38.4887,0.06836667,132.082,4.557778,0.06836667,4.557778
82.06,38.50619,0.0684,132.142,4.56,0.0684,4.56
82.07,38.51731,0.0684,132.1802,4.56,0.0684,4.56
82.08,38.5046,0.0684,132.1366,4.56,0.0684,4.56
82.09,38.47758,0.0684,132.0439,4.56,0.0684,4.56
82.1,38.46009,0.06843334,131.9838,4.562222,0.06843334,4.562222
82.11,38.46804,0.06843334,132.0111,4.562222,0.06843334,4.562222
82.12,38.48394,0.06843334,132.0657,4.562222,0.06843334,4.562222
82.13,38.48553,0.06843334,132.0711,4.562222,0.06843334,4.562222
82.14,38.47758,0.06846667,132.0439,4.564445,0.06846667,4.564445
82.15,38.46804,0.06846667,132.0111,4.564445,0.06846667,4.564445
82.16,38.46486,0.06846667,132.0002,4.564445,0.06846667,4.564445
82.17,38.46963,0.06846667,132.0166,4.564445,0.06846667,4.564445
82.18,38.48553,0.0685,132.0711,4.566667,0.0685,4.566667
82.19,38.51255,0.0685,132.1638,4.566667,0.0685,4.566667
82.2,38.52685,0.0685,132.2129,4.566667,0.0685,4.566667
82.21,38.5348,0.0685,132.2402,4.566667,0.0685,4.566667
82.22,38.55069,0.06853333,132.2948,4.568889,0.06853333,4.568889
82.23,38.57136,0.06853333,132.3657,4.568889,0.06853333,4.568889
82.24,38.58249,0.06853333,132.4039,4.568889,0.06853333,4.568889
82.25,38.58725,0.06853333,132.4202,4.568889,0.06853333,4.568889
82.26,38.5952,0.06856667,132.4475,4.571111,0.06856667,4.571111
82.27,38.6111,0.06856667,132.502,4.571111,0.06856667,4.571111
82.28,38.62063,0.06856667,132.5348,4.571111,0.06856667,4.571111
82.29,38.62063,0.06856667,132.5348,4.571111,0.06856667,4.571111
82.3,38.61904,0.0686,132.5293,4.573333,0.0686,4.573333
82.31,38.6111,0.0686,132.502,4.573333,0.0686,4.573333
82.32,38.6111,0.0686,132.502,4.573333,0.0686,4.573333
82.33,38.61904,0.0686,132.5293,4.573333,0.0686,4.573333
82.34,38.62381,0.06863333,132.5457,4.575555,0.06863333,4.575555
82.35,38.62858,0.06863333,132.562,4.575555,0.06863333,4.575555
82.36,38.63494,0.06863333,132.5838,4.575555,0.06863333,4.575555
82.37,38.63652,0.06863333,132.5893,4.575555,0.06863333,4.575555
82.38,38.63494,0.06866667,132.5838,4.577778,0.06866667,4.577778
82.39,38.63494,0.06866667,132.5838,4.577778,0.06866667,4.577778
82.4,38.64129,0.06866667,132.6057,4.577778,0.06866667,4.577778
82.41,38.65719,0.06866667,132.6602,4.577778,0.06866667,4.577778
82.42,38.67149,0.0687,132.7093,4.58,0.0687,4.58
82.43,38.67308,0.0687,132.7148,4.58,0.0687,4.58
82.44,38.66832,0.0687,132.6984,4.58,0.0687,4.58
82.45,38.66832,0.0687,132.6984,4.58,0.0687,4.58
82.46,38.66832,0.06873333,132.6984,4.582222,0.06873333,4.582222
82.47,38.67149,0.06873333,132.7093,4.582222,0.06873333,4.582222
82.48,38.66832,0.06873333,132.6984,4.582222,0.06873333,4.582222
82.49,38.66513,0.06873333,132.6875,4.582222,0.06873333,4.582222
82.5,38.67149,0.06876667,132.7093,4.584445,0.06876667,4.584445
82.51,38.68898,0.06876667,132.7693,4.584445,0.06876667,4.584445
82.52,38.70169,0.06876667,132.8129,4.584445,0.06876667,4.584445
82.53,38.69693,0.06876667,132.7966,4.584445,0.06876667,4.584445
82.54,38.69693,0.0688,132.7966,4.586667,0.0688,4.586667
82.55,38.70964,0.0688,132.8402,4.586667,0.0688,4.586667
82.56,38.71759,0.0688,132.8675,4.586667,0.0688,4.586667
82.57,38.72077,0.0688,132.8784,4.586667,0.0688,4.586667
82.58,38.72554,0.06883334,132.8948,4.588889,0.06883334,4.588889
82.59,38.73507,0.06883334,132.9275,4.588889,0.06883334,4.588889
82.6,38.74143,0.06883334,132.9493,4.588889,0.06883334,4.588889
82.61,38.74938,0.06883334,132.9766,4.588889,0.06883334,4.588889
82.62,38.75097,0.06886667,132.982,4.591111,0.06886667,4.591111
82.63,38.75097,0.06886667,132.982,4.591111,0.06886667,4.591111
82.64,38.75415,0.06886667,132.993,4.591111,0.06886667,4.591111
82.65,38.75891,0.06886667,133.0093,4.591111,0.06886667,4.591111
82.66,38.75891,0.0689,133.0093,4.593334,0.0689,4.593334
82.67,38.75891,0.0689,133.0093,4.593334,0.0689,4.593334
82.68,38.75891,0.0689,133.0093,4.593334,0.0689,4.593334
82.69,38.76686,0.0689,133.0366,4.593334,0.0689,4.593334
82.7,38.78276,0.06893333,133.0911,4.595555,0.06893333,4.595555
82.71,38.79229,0.06893333,133.1239,4.595555,0.06893333,4.595555
82.72,38.80342,0.06893333,133.162,4.595555,0.06893333,4.595555
82.73,38.80819,0.06893333,133.1784,4.595555,0.06893333,4.595555
82.74,38.81137,0.06896666,133.1893,4.597778,0.06896666,4.597778
82.75,38.81454,0.06896666,133.2002,4.597778,0.06896666,4.597778
82.76,38.81614,0.06896666,133.2057,4.597778,0.06896666,4.597778
82.77,38.83203,0.06896666,133.2602,4.597778,0.06896666,4.597778
82.78,38.85746,0.069,133.3475,4.6,0.069,4.6
82.79,38.88607,0.069,133.4457,4.6,0.069,4.6
82.8,38.90038,0.069,133.4948,4.6,0.069,4.6
82.81,38.89243,0.069,133.4675,4.6,0.069,4.6
82.82,38.87336,0.06903333,133.402,4.602222,0.06903333,4.602222
82.83,38.85587,0.06903333,133.342,4.602222,0.06903333,4.602222
82.84,38.84475,0.06903333,133.3038,4.602222,0.06903333,4.602222
82.85,38.84315,0.06903333,133.2984,4.602222,0.06903333,4.602222
82.86,38.84475,0.06906667,133.3038,4.604445,0.06906667,4.604445
82.87,38.84475,0.06906667,133.3038,4.604445,0.06906667,4.604445
82.88,38.84315,0.06906667,133.2984,4.604445,0.06906667,4.604445
82.89,38.8368,0.06906667,133.2766,4.604445,0.06906667,4.604445
82.9,38.84475,0.0691,133.3038,4.606667,0.0691,4.606667
82.91,38.86541,0.0691,133.3748,4.606667,0.0691,4.606667
82.92,38.89243,0.0691,133.4675,4.606667,0.0691,4.606667
82.93,38.90991,0.0691,133.5275,4.606667,0.0691,4.606667
82.94,38.91468,0.06913333,133.5439,4.608889,0.06913333,4.608889
82.95,38.91309,0.06913333,133.5384,4.608889,0.06913333,4.608889
82.96,38.90991,0.06913333,133.5275,4.608889,0.06913333,4.608889
82.97,38.92104,0.06913333,133.5657,4.608889,0.06913333,4.608889
82.98,38.9417,0.06916667,133.6366,4.611111,0.06916667,4.611111
82.99,38.95919,0.06916667,133.6966,4.611111,0.06916667,4.611111
83.0,38.9719,0.06916667,133.7402,4.611111,0.06916667,4.611111
83.01,38.97826,0.06916667,133.762,4.611111,0.06916667,4.611111
83.02,38.97508,0.0692,133.7511,4.613333,0.0692,4.613333
83.03,38.96395,0.0692,133.713,4.613333,0.0692,4.613333
83.04,38.9576,0.0692,133.6911,4.613333,0.0692,4.613333
83.05,38.95919,0.0692,133.6966,4.613333,0.0692,4.613333
83.06,38.97508,0.06923334,133.7511,4.615556,0.06923334,4.615556
83.07,38.9878,0.06923334,133.7948,4.615556,0.06923334,4.615556
83.08,38.99097,0.06923334,133.8057,4.615556,0.06923334,4.615556
83.09,38.99257,0.06923334,133.8111,4.615556,0.06923334,4.615556
83.1,39.00687,0.06926667,133.8602,4.617778,0.06926667,4.617778
83.11,39.02118,0.06926667,133.9093,4.617778,0.06926667,4.617778
83.12,39.0323,0.06926667,133.9475,4.617778,0.06926667,4.617778
83.13,39.03548,0.06926667,133.9584,4.617778,0.06926667,4.617778
83.14,39.0323,0.0693,133.9475,4.62,0.0693,4.62
83.15,39.02912,0.0693,133.9366,4.62,0.0693,4.62
83.16,39.02912,0.0693,133.9366,4.62,0.0693,4.62
83.17,39.03548,0.0693,133.9584,4.62,0.0693,4.62
83.18,39.04819,0.06933334,134.002,4.622222,0.06933334,4.622222
83.19,39.06409,0.06933334,134.0566,4.622222,0.06933334,4.622222
83.2,39.06886,0.06933334,134.073,4.622222,0.06933334,4.622222
83.21,39.06568,0.06933334,134.062,4.622222,0.06933334,4.622222
83.22,39.06568,0.06936667,134.062,4.624445,0.06936667,4.624445
83.23,39.07204,0.06936667,134.0838,4.624445,0.06936667,4.624445
83.24,39.08157,0.06936667,134.1166,4.624445,0.06936667,4.624445
83.25,39.08952,0.06936667,134.1438,4.624445,0.06936667,4.624445
83.26,39.08634,0.0694,134.1329,4.626667,0.0694,4.626667
83.27,39.09429,0.0694,134.1602,4.626667,0.0694,4.626667
83.28,39.10542,0.0694,134.1984,4.626667,0.0694,4.626667
83.29,39.10701,0.0694,134.2039,4.626667,0.0694,4.626667
83.3,39.09429,0.06943333,134.1602,4.628889,0.06943333,4.628889
83.31,39.08634,0.06943333,134.1329,4.628889,0.06943333,4.628889
83.32,39.09429,0.06943333,134.1602,4.628889,0.06943333,4.628889
83.33,39.11018,0.06943333,134.2148,4.628889,0.06943333,4.628889
83.34,39.12131,0.06946667,134.2529,4.631111,0.06946667,4.631111
83.35,39.11813,0.06946667,134.242,4.631111,0.06946667,4.631111
83.36,39.11018,0.06946667,134.2148,4.631111,0.06946667,4.631111
83.37,39.10542,0.06946667,134.1984,4.631111,0.06946667,4.631111
83.38,39.11018,0.0695,134.2148,4.633333,0.0695,4.633333
83.39,39.12926,0.0695,134.2802,4.633333,0.0695,4.633333
83.4,39.14992,0.0695,134.3511,4.633333,0.0695,4.633333
83.41,39.15946,0.0695,134.3839,4.633333,0.0695,4.633333
83.42,39.16264,0.06953333,134.3948,4.635556,0.06953333,4.635556
83.43,39.16581,0.06953333,134.4057,4.635556,0.06953333,4.635556
83.44,39.17058,0.06953333,134.422,4.635556,0.06953333,4.635556
83.45,39.17058,0.06953333,134.422,4.635556,0.06953333,4.635556
83.46,39.15946,0.06956667,134.3839,4.637778,0.06956667,4.637778
83.47,39.14674,0.06956667,134.3402,4.637778,0.06956667,4.637778
83.48,39.14356,0.06956667,134.3293,4.637778,0.06956667,4.637778
83.49,39.15151,0.06956667,134.3566,4.637778,0.06956667,4.637778
83.5,39.16264,0.0696,134.3948,4.64,0.0696,4.64
83.51,39.17058,0.0696,134.422,4.64,0.0696,4.64
83.52,39.17853,0.0696,134.4493,4.64,0.0696,4.64
83.53,39.18648,0.0696,134.4766,4.64,0.0696,4.64
83.54,39.19442,0.06963333,134.5038,4.642222,0.06963333,4.642222
83.55,39.20396,0.06963333,134.5366,4.642222,0.06963333,4.642222
83.56,39.21191,0.06963333,134.5639,4.642222,0.06963333,4.642222
83.57,39.21668,0.06963333,134.5802,4.642222,0.06963333,4.642222
83.58,39.22303,0.06966667,134.602,4.644444,0.06966667,4.644444
83.59,39.23575,0.06966667,134.6457,4.644444,0.06966667,4.644444
83.6,39.24847,0.06966667,134.6893,4.644444,0.06966667,4.644444
83.61,39.25641,0.06966667,134.7166,4.644444,0.06966667,4.644444
83.62,39.25641,0.0697,134.7166,4.646667,0.0697,4.646667
83.63,39.25164,0.0697,134.7002,4.646667,0.0697,4.646667
83.64,39.24847,0.0697,134.6893,4.646667,0.0697,4.646667
83.65,39.25323,0.0697,134.7057,4.646667,0.0697,4.646667
83.66,39.26595,0.06973334,134.7493,4.648889,0.06973334,4.648889
83.67,39.28185,0.06973334,134.8038,4.648889,0.06973334,4.648889
83.68,39.29774,0.06973334,134.8584,4.648889,0.06973334,4.648889
83.69,39.30886,0.06973334,134.8966,4.648889,0.06973334,4.648889
83.7,39.30886,0.06976667,134.8966,4.651112,0.06976667,4.651112
83.71,39.30251,0.06976667,134.8748,4.651112,0.06976667,4.651112
83.72,39.30251,0.06976667,134.8748,4.651112,0.06976667,4.651112
83.73,39.30886,0.06976667,134.8966,4.651112,0.06976667,4.651112
83.74,39.32317,0.0698,134.9457,4.653334,0.0698,4.653334
83.75,39.34224,0.0698,135.0111,4.653334,0.0698,4.653334
83.76,39.35496,0.0698,135.0548,4.653334,0.0698,4.653334
83.77,39.35178,0.0698,135.0439,4.653334,0.0698,4.653334
83.78,39.34383,0.06983333,135.0166,4.655555,0.06983333,4.655555
83.79,39.33907,0.06983333,135.0002,4.655555,0.06983333,4.655555
83.8,39.33907,0.06983333,135.0002,4.655555,0.06983333,4.655555
83.81,39.34224,0.06983333,135.0111,4.655555,0.06983333,4.655555
83.82,39.35178,0.06986666,135.0439,4.657778,0.06986666,4.657778
83.83,39.36609,0.06986666,135.0929,4.657778,0.06986666,4.657778
83.84,39.38357,0.06986666,135.153,4.657778,0.06986666,4.657778
83.85,39.39946,0.06986666,135.2075,4.657778,0.06986666,4.657778
83.86,39.409,0.0699,135.2402,4.66,0.0699,4.66
83.87,39.409,0.0699,135.2402,4.66,0.0699,4.66
83.88,39.39946,0.0699,135.2075,4.66,0.0699,4.66
83.89,39.39152,0.0699,135.1802,4.66,0.0699,4.66
83.9,39.39946,0.06993333,135.2075,4.662222,0.06993333,4.662222
83.91,39.41695,0.06993333,135.2675,4.662222,0.06993333,4.662222
83.92,39.42807,0.06993333,135.3057,4.662222,0.06993333,4.662222
83.93,39.4249,0.06993333,135.2948,4.662222,0.06993333,4.662222
83.94,39.41695,0.06996667,135.2675,4.664444,0.06996667,4.664444
83.95,39.41695,0.06996667,135.2675,4.664444,0.06996667,4.664444
83.96,39.42013,0.06996667,135.2784,4.664444,0.06996667,4.664444
83.97,39.42331,0.06996667,135.2893,4.664444,0.06996667,4.664444
83.98,39.42013,0.07,135.2784,4.666667,0.07,4.666667
83.99,39.42331,0.07,135.2893,4.666667,0.07,4.666667
84.0,39.43761,0.07,135.3384,4.666667,0.07,4.666667
84.01,39.45827,0.07,135.4093,4.666667,0.07,4.666667
84.02,39.47417,0.07003333,135.4639,4.668889,0.07003333,4.668889
84.03,39.47417,0.07003333,135.4639,4.668889,0.07003333,4.668889
84.04,39.45827,0.07003333,135.4093,4.668889,0.07003333,4.668889
84.05,39.44556,0.07003333,135.3657,4.668889,0.07003333,4.668889
84.06,39.44874,0.07006667,135.3766,4.671111,0.07006667,4.671111
84.07,39.4694,0.07006667,135.4475,4.671111,0.07006667,4.671111
84.08,39.49483,0.07006667,135.5348,4.671111,0.07006667,4.671111
84.09,39.5139,0.07006667,135.6002,4.671111,0.07006667,4.671111
84.1,39.52344,0.0701,135.6329,4.673334,0.0701,4.673334
84.11,39.53139,0.0701,135.6602,4.673334,0.0701,4.673334
84.12,39.53775,0.0701,135.682,4.673334,0.0701,4.673334
84.13,39.53934,0.0701,135.6875,4.673334,0.0701,4.673334
84.14,39.53775,0.07013334,135.682,4.675556,0.07013334,4.675556
84.15,39.52344,0.07013334,135.6329,4.675556,0.07013334,4.675556
84.16,39.5139,0.07013334,135.6002,4.675556,0.07013334,4.675556
84.17,39.5155,0.07013334,135.6057,4.675556,0.07013334,4.675556
84.18,39.53139,0.07016667,135.6602,4.677778,0.07016667,4.677778
84.19,39.54251,0.07016667,135.6984,4.677778,0.07016667,4.677778
84.2,39.53934,0.07016667,135.6875,4.677778,0.07016667,4.677778
84.21,39.5298,0.07016667,135.6548,4.677778,0.07016667,4.677778
84.22,39.52662,0.0702,135.6439,4.68,0.0702,4.68
84.23,39.54251,0.0702,135.6984,4.68,0.0702,4.68
84.24,39.56636,0.0702,135.7802,4.68,0.0702,4.68
84.25,39.57907,0.0702,135.8239,4.68,0.0702,4.68
84.26,39.57907,0.07023334,135.8239,4.682222,0.07023334,4.682222
84.27,39.57589,0.07023334,135.8129,4.682222,0.07023334,4.682222
84.28,39.58066,0.07023334,135.8293,4.682222,0.07023334,4.682222
84.29,39.59497,0.07023334,135.8784,4.682222,0.07023334,4.682222
84.3,39.61563,0.07026666,135.9493,4.684444,0.07026666,4.684444
84.31,39.62835,0.07026666,135.9929,4.684444,0.07026666,4.684444
84.32,39.63311,0.07026666,136.0093,4.684444,0.07026666,4.684444
84.33,39.6363,0.07026666,136.0202,4.684444,0.07026666,4.684444
84.34,39.6363,0.0703,136.0202,4.686666,0.0703,4.686666
84.35,39.62994,0.0703,135.9984,4.686666,0.0703,4.686666
84.36,39.61722,0.0703,135.9548,4.686666,0.0703,4.686666
84.37,39.61245,0.0703,135.9384,4.686666,0.0703,4.686666
84.38,39.6204,0.07033333,135.9657,4.688889,0.07033333,4.688889
84.39,39.64106,0.07033333,136.0366,4.688889,0.07033333,4.688889
84.4,39.66172,0.07033333,136.1075,4.688889,0.07033333,4.688889
84.41,39.67762,0.07033333,136.162,4.688889,0.07033333,4.688889
84.42,39.69033,0.07036667,136.2057,4.691111,0.07036667,4.691111
84.43,39.69352,0.07036667,136.2166,4.691111,0.07036667,4.691111
84.44,39.6951,0.07036667,136.222,4.691111,0.07036667,4.691111
84.45,39.69828,0.07036667,136.233,4.691111,0.07036667,4.691111
84.46,39.70146,0.0704,136.2439,4.693333,0.0704,4.693333
84.47,39.6951,0.0704,136.222,4.693333,0.0704,4.693333
84.48,39.68875,0.0704,136.2002,4.693333,0.0704,4.693333
84.49,39.69033,0.0704,136.2057,4.693333,0.0704,4.693333
84.5,39.6951,0.07043333,136.222,4.695556,0.07043333,4.695556
84.51,39.69828,0.07043333,136.233,4.695556,0.07043333,4.695556
84.52,39.6951,0.07043333,136.222,4.695556,0.07043333,4.695556
84.53,39.69828,0.07043333,136.233,4.695556,0.07043333,4.695556
84.54,39.70305,0.07046667,136.2493,4.697778,0.07046667,4.697778
84.55,39.711,0.07046667,136.2766,4.697778,0.07046667,4.697778
84.56,39.71736,0.07046667,136.2984,4.697778,0.07046667,4.697778
84.57,39.72689,0.07046667,136.3311,4.697778,0.07046667,4.697778
84.58,39.74597,0.0705,136.3966,4.7,0.0705,4.7
84.59,39.75074,0.0705,136.4129,4.7,0.0705,4.7
84.6,39.73961,0.0705,136.3748,4.7,0.0705,4.7
84.61,39.73802,0.0705,136.3693,4.7,0.0705,4.7
84.62,39.7555,0.07053334,136.4293,4.702222,0.07053334,4.702222
84.63,39.7714,0.07053334,136.4839,4.702222,0.07053334,4.702222
84.64,39.78093,0.07053334,136.5166,4.702222,0.07053334,4.702222
84.65,39.79206,0.07053334,136.5548,4.702222,0.07053334,4.702222
84.66,39.79683,0.07056667,136.5711,4.704444,0.07056667,4.704444
84.67,39.79524,0.07056667,136.5657,4.704444,0.07056667,4.704444
84.68,39.78729,0.07056667,136.5384,4.704444,0.07056667,4.704444
84.69,39.78888,0.07056667,136.5439,4.704444,0.07056667,4.704444
84.7,39.79524,0.0706,136.5657,4.706667,0.0706,4.706667
84.71,39.80796,0.0706,136.6093,4.706667,0.0706,4.706667
84.72,39.82067,0.0706,136.653,4.706667,0.0706,4.706667
84.73,39.8318,0.0706,136.6911,4.706667,0.0706,4.706667
84.74,39.8318,0.07063334,136.6911,4.708889,0.07063334,4.708889
84.75,39.82067,0.07063334,136.653,4.708889,0.07063334,4.708889
84.76,39.8159,0.07063334,136.6366,4.708889,0.07063334,4.708889
84.77,39.81749,0.07063334,136.642,4.708889,0.07063334,4.708889
84.78,39.82544,0.07066667,136.6693,4.711112,0.07066667,4.711112
84.79,39.83815,0.07066667,136.7129,4.711112,0.07066667,4.711112
84.8,39.85405,0.07066667,136.7675,4.711112,0.07066667,4.711112
84.81,39.86676,0.07066667,136.8111,4.711112,0.07066667,4.711112
84.82,39.87789,0.0707,136.8493,4.713333,0.0707,4.713333
84.83,39.88266,0.0707,136.8657,4.713333,0.0707,4.713333
84.84,39.88902,0.0707,136.8875,4.713333,0.0707,4.713333
84.85,39.88584,0.0707,136.8766,4.713333,0.0707,4.713333
84.86,39.87789,0.07073333,136.8493,4.715555,0.07073333,4.715555
84.87,39.87471,0.07073333,136.8384,4.715555,0.07073333,4.715555
84.88,39.88584,0.07073333,136.8766,4.715555,0.07073333,4.715555
84.89,39.90173,0.07073333,136.9311,4.715555,0.07073333,4.715555
84.9,39.9065,0.07076667,136.9475,4.717778,0.07076667,4.717778
84.91,39.90173,0.07076667,136.9311,4.717778,0.07076667,4.717778
84.92,39.90173,0.07076667,136.9311,4.717778,0.07076667,4.717778
84.93,39.91127,0.07076667,136.9639,4.717778,0.07076667,4.717778
84.94,39.93193,0.0708,137.0348,4.72,0.0708,4.72
84.95,39.95259,0.0708,137.1057,4.72,0.0708,4.72
84.96,39.96372,0.0708,137.1439,4.72,0.0708,4.72
84.97,39.96054,0.0708,137.1329,4.72,0.0708,4.72
84.98,39.95259,0.07083333,137.1057,4.722222,0.07083333,4.722222
84.99,39.95101,0.07083333,137.1002,4.722222,0.07083333,4.722222
85.0,39.95101,0.07083333,137.1002,4.722222,0.07083333,4.722222
85.01,39.93829,0.07083333,137.0566,4.722222,0.07083333,4.722222
85.02,39.9224,0.07086667,137.002,4.724444,0.07086667,4.724444
85.03,39.9224,0.07086667,137.002,4.724444,0.07086667,4.724444
85.04,39.93511,0.07086667,137.0457,4.724444,0.07086667,4.724444
85.05,39.94783,0.07086667,137.0893,4.724444,0.07086667,4.724444
85.06,39.96054,0.0709,137.1329,4.726667,0.0709,4.726667
85.07,39.97485,0.0709,137.182,4.726667,0.0709,4.726667
85.08,39.9812,0.0709,137.2039,4.726667,0.0709,4.726667
85.09,39.98756,0.0709,137.2257,4.726667,0.0709,4.726667
85.1,39.99233,0.07093333,137.242,4.728889,0.07093333,4.728889
85.11,40.00028,0.07093333,137.2693,4.728889,0.07093333,4.728889
85.12,40.00823,0.07093333,137.2966,4.728889,0.07093333,4.728889
85.13,40.00346,0.07093333,137.2802,4.728889,0.07093333,4.728889
85.14,39.99233,0.07096667,137.242,4.731111,0.07096667,4.731111
85.15,39.98915,0.07096667,137.2311,4.731111,0.07096667,4.731111
85.16,40.00028,0.07096667,137.2693,4.731111,0.07096667,4.731111
85.17,40.013,0.07096667,137.313,4.731111,0.07096667,4.731111
85.18,40.02094,0.071,137.3402,4.733334,0.071,4.733334
85.19,40.02412,0.071,137.3511,4.733334,0.071,4.733334
85.2,40.02571,0.071,137.3566,4.733334,0.071,4.733334
85.21,40.03366,0.071,137.3839,4.733334,0.071,4.733334
85.22,40.04638,0.07103334,137.4275,4.735556,0.07103334,4.735556
85.23,40.06068,0.07103334,137.4766,4.735556,0.07103334,4.735556
85.24,40.06227,0.07103334,137.482,4.735556,0.07103334,4.735556
85.25,40.0575,0.07103334,137.4657,4.735556,0.07103334,4.735556
85.26,40.0575,0.07106667,137.4657,4.737778,0.07106667,4.737778
85.27,40.06227,0.07106667,137.482,4.737778,0.07106667,4.737778
85.28,40.06704,0.07106667,137.4984,4.737778,0.07106667,4.737778
85.29,40.08134,0.07106667,137.5475,4.737778,0.07106667,4.737778
85.3,40.10677,0.0711,137.6348,4.74,0.0711,4.74
85.31,40.13538,0.0711,137.733,4.74,0.0711,4.74
85.32,40.15128,0.0711,137.7875,4.74,0.0711,4.74
85.33,40.15446,0.0711,137.7984,4.74,0.0711,4.74
85.34,40.15446,0.07113333,137.7984,4.742222,0.07113333,4.742222
85.35,40.15605,0.07113333,137.8039,4.742222,0.07113333,4.742222
85.36,40.15605,0.07113333,137.8039,4.742222,0.07113333,4.742222
85.37,40.15128,0.07113333,137.7875,4.742222,0.07113333,4.742222
85.38,40.14333,0.07116666,137.7602,4.744444,0.07116666,4.744444
85.39,40.13538,0.07116666,137.733,4.744444,0.07116666,4.744444
85.4,40.13062,0.07116666,137.7166,4.744444,0.07116666,4.744444
85.41,40.13221,0.07116666,137.722,4.744444,0.07116666,4.744444
85.42,40.13062,0.0712,137.7166,4.746666,0.0712,4.746666
85.43,40.13062,0.0712,137.7166,4.746666,0.0712,4.746666
85.44,40.14651,0.0712,137.7711,4.746666,0.0712,4.746666
85.45,40.16717,0.0712,137.842,4.746666,0.0712,4.746666
85.46,40.18307,0.07123333,137.8966,4.748889,0.07123333,4.748889
85.47,40.18466,0.07123333,137.902,4.748889,0.07123333,4.748889
85.48,40.17671,0.07123333,137.8748,4.748889,0.07123333,4.748889
85.49,40.16876,0.07123333,137.8475,4.748889,0.07123333,4.748889
85.5,40.18307,0.07126667,137.8966,4.751111,0.07126667,4.751111
85.51,40.21327,0.07126667,138.0002,4.751111,0.07126667,4.751111
85.52,40.24029,0.07126667,138.093,4.751111,0.07126667,4.751111
85.53,40.253,0.07126667,138.1366,4.751111,0.07126667,4.751111
85.54,40.24982,0.0713,138.1257,4.753333,0.0713,4.753333
85.55,40.24665,0.0713,138.1148,4.753333,0.0713,4.753333
85.56,40.24506,0.0713,138.1093,4.753333,0.0713,4.753333
85.57,40.24188,0.0713,138.0984,4.753333,0.0713,4.753333
85.58,40.23711,0.07133333,138.082,4.755556,0.07133333,4.755556
85.59,40.23234,0.07133333,138.0657,4.755556,0.07133333,4.755556
85.6,40.24029,0.07133333,138.093,4.755556,0.07133333,4.755556
85.61,40.26095,0.07133333,138.1639,4.755556,0.07133333,4.755556
85.62,40.28638,0.07136667,138.2511,4.757778,0.07136667,4.757778
85.63,40.30228,0.07136667,138.3057,4.757778,0.07136667,4.757778
85.64,40.2991,0.07136667,138.2948,4.757778,0.07136667,4.757778
85.65,40.28161,0.07136667,138.2348,4.757778,0.07136667,4.757778
85.66,40.26572,0.0714,138.1802,4.76,0.0714,4.76
85.67,40.26254,0.0714,138.1693,4.76,0.0714,4.76
85.68,40.27843,0.0714,138.2239,4.76,0.0714,4.76
85.69,40.29433,0.0714,138.2784,4.76,0.0714,4.76
85.7,40.30387,0.07143334,138.3111,4.762222,0.07143334,4.762222
85.71,40.31022,0.07143334,138.3329,4.762222,0.07143334,4.762222
85.72,40.2991,0.07143334,138.2948,4.762222,0.07143334,4.762222
85.73,40.28638,0.07143334,138.2511,4.762222,0.07143334,4.762222
85.74,40.2832,0.07146667,138.2402,4.764445,0.07146667,4.764445
85.75,40.2991,0.07146667,138.2948,4.764445,0.07146667,4.764445
85.76,40.31181,0.07146667,138.3384,4.764445,0.07146667,4.764445
85.77,40.31499,0.07146667,138.3493,4.764445,0.07146667,4.764445
85.78,40.31817,0.0715,138.3602,4.766667,0.0715,4.766667
85.79,40.32612,0.0715,138.3875,4.766667,0.0715,4.766667
85.8,40.33248,0.0715,138.4093,4.766667,0.0715,4.766667
85.81,40.33883,0.0715,138.4311,4.766667,0.0715,4.766667
85.82,40.34678,0.07153334,138.4584,4.768889,0.07153334,4.768889
85.83,40.3595,0.07153334,138.502,4.768889,0.07153334,4.768889
85.84,40.36903,0.07153334,138.5348,4.768889,0.07153334,4.768889
85.85,40.37698,0.07153334,138.562,4.768889,0.07153334,4.768889
85.86,40.38334,0.07156667,138.5839,4.771111,0.07156667,4.771111
85.87,40.38016,0.07156667,138.573,4.771111,0.07156667,4.771111
85.88,40.38811,0.07156667,138.6002,4.771111,0.07156667,4.771111
85.89,40.40559,0.07156667,138.6602,4.771111,0.07156667,4.771111
85.9,40.42466,0.0716,138.7257,4.773333,0.0716,4.773333
85.91,40.42625,0.0716,138.7311,4.773333,0.0716,4.773333
85.92,40.41672,0.0716,138.6984,4.773333,0.0716,4.773333
85.93,40.40082,0.0716,138.6439,4.773333,0.0716,4.773333
85.94,40.3897,0.07163333,138.6057,4.775556,0.07163333,4.775556
85.95,40.39605,0.07163333,138.6275,4.775556,0.07163333,4.775556
85.96,40.41195,0.07163333,138.682,4.775556,0.07163333,4.775556
85.97,40.42943,0.07163333,138.742,4.775556,0.07163333,4.775556
85.98,40.43738,0.07166667,138.7693,4.777778,0.07166667,4.777778
85.99,40.42943,0.07166667,138.742,4.777778,0.07166667,4.777778
86.0,40.41354,0.07166667,138.6875,4.777778,0.07166667,4.777778
86.01,40.404,0.07166667,138.6548,4.777778,0.07166667,4.777778
86.02,40.40559,0.0717,138.6602,4.78,0.0717,4.78
86.03,40.41354,0.0717,138.6875,4.78,0.0717,4.78
86.04,40.42625,0.0717,138.7311,4.78,0.0717,4.78
86.05,40.44692,0.0717,138.802,4.78,0.0717,4.78
86.06,40.46599,0.07173333,138.8675,4.782222,0.07173333,4.782222
86.07,40.47553,0.07173333,138.9002,4.782222,0.07173333,4.782222
86.08,40.48188,0.07173333,138.922,4.782222,0.07173333,4.782222
86.09,40.48983,0.07173333,138.9493,4.782222,0.07173333,4.782222
86.1,40.49142,0.07176667,138.9548,4.784444,0.07176667,4.784444
86.11,40.48188,0.07176667,138.922,4.784444,0.07176667,4.784444
86.12,40.46122,0.07176667,138.8511,4.784444,0.07176667,4.784444
86.13,40.4501,0.07176667,138.813,4.784444,0.07176667,4.784444
86.14,40.46122,0.0718,138.8511,4.786667,0.0718,4.786667
86.15,40.47553,0.0718,138.9002,4.786667,0.0718,4.786667
86.16,40.4946,0.0718,138.9657,4.786667,0.0718,4.786667
86.17,40.50732,0.0718,139.0093,4.786667,0.0718,4.786667
86.18,40.51208,0.07183333,139.0257,4.788889,0.07183333,4.788889
86.19,40.51526,0.07183333,139.0366,4.788889,0.07183333,4.788889
86.2,40.51844,0.07183333,139.0475,4.788889,0.07183333,4.788889
86.21,40.53275,0.07183333,139.0966,4.788889,0.07183333,4.788889
86.22,40.555,0.07186667,139.173,4.791111,0.07186667,4.791111
86.23,40.57248,0.07186667,139.2329,4.791111,0.07186667,4.791111
86.24,40.58997,0.07186667,139.293,4.791111,0.07186667,4.791111
86.25,40.60427,0.07186667,139.342,4.791111,0.07186667,4.791111
86.26,40.60427,0.0719,139.342,4.793334,0.0719,4.793334
86.27,40.60109,0.0719,139.3311,4.793334,0.0719,4.793334
86.28,40.60427,0.0719,139.342,4.793334,0.0719,4.793334
86.29,40.59792,0.0719,139.3202,4.793334,0.0719,4.793334
86.3,40.5852,0.07193334,139.2766,4.795556,0.07193334,4.795556
86.31,40.58361,0.07193334,139.2711,4.795556,0.07193334,4.795556
86.32,40.59632,0.07193334,139.3148,4.795556,0.07193334,4.795556
86.33,40.61222,0.07193334,139.3693,4.795556,0.07193334,4.795556
86.34,40.60904,0.07196667,139.3584,4.797778,0.07196667,4.797778
86.35,40.58997,0.07196667,139.293,4.797778,0.07196667,4.797778
86.36,40.57725,0.07196667,139.2493,4.797778,0.07196667,4.797778
86.37,40.58361,0.07196667,139.2711,4.797778,0.07196667,4.797778
86.38,40.60427,0.072,139.342,4.8,0.072,4.8
86.39,40.62494,0.072,139.4129,4.8,0.072,4.8
86.4,40.64242,0.072,139.473,4.8,0.072,4.8
86.41,40.65831,0.072,139.5275,4.8,0.072,4.8
86.42,40.67103,0.07203333,139.5711,4.802222,0.07203333,4.802222
86.43,40.67103,0.07203333,139.5711,4.802222,0.07203333,4.802222
86.44,40.66308,0.07203333,139.5439,4.802222,0.07203333,4.802222
86.45,40.6615,0.07203333,139.5384,4.802222,0.07203333,4.802222
86.46,40.67103,0.07206666,139.5711,4.804444,0.07206666,4.804444
86.47,40.67739,0.07206666,139.5929,4.804444,0.07206666,4.804444
86.48,40.67421,0.07206666,139.582,4.804444,0.07206666,4.804444
86.49,40.67739,0.07206666,139.5929,4.804444,0.07206666,4.804444
86.5,40.69487,0.0721,139.653,4.806666,0.0721,4.806666
86.51,40.72348,0.0721,139.7511,4.806666,0.0721,4.806666
86.52,40.74733,0.0721,139.833,4.806666,0.0721,4.806666
86.53,40.75209,0.0721,139.8493,4.806666,0.0721,4.806666
86.54,40.74414,0.07213333,139.822,4.808889,0.07213333,4.808889
86.55,40.74414,0.07213333,139.822,4.808889,0.07213333,4.808889
86.56,40.76004,0.07213333,139.8766,4.808889,0.07213333,4.808889
86.57,40.77752,0.07213333,139.9366,4.808889,0.07213333,4.808889
86.58,40.78547,0.07216667,139.9639,4.811111,0.07216667,4.811111
86.59,40.78547,0.07216667,139.9639,4.811111,0.07216667,4.811111
86.6,40.7807,0.07216667,139.9475,4.811111,0.07216667,4.811111
86.61,40.77752,0.07216667,139.9366,4.811111,0.07216667,4.811111
86.62,40.78388,0.0722,139.9584,4.813334,0.0722,4.813334
86.63,40.79819,0.0722,140.0075,4.813334,0.0722,4.813334
86.64,40.81249,0.0722,140.0566,4.813334,0.0722,4.813334
86.65,40.81408,0.0722,140.062,4.813334,0.0722,4.813334
86.66,40.80613,0.07223333,140.0348,4.815556,0.07223333,4.815556
86.67,40.7966,0.07223333,140.002,4.815556,0.07223333,4.815556
86.68,40.78865,0.07223333,139.9748,4.815556,0.07223333,4.815556
86.69,40.78388,0.07223333,139.9584,4.815556,0.07223333,4.815556
86.7,40.7807,0.07226667,139.9475,4.817778,0.07226667,4.817778
86.71,40.7807,0.07226667,139.9475,4.817778,0.07226667,4.817778
86.72,40.78865,0.07226667,139.9748,4.817778,0.07226667,4.817778
86.73,40.80931,0.07226667,140.0457,4.817778,0.07226667,4.817778
86.74,40.84269,0.0723,140.1602,4.82,0.0723,4.82
86.75,40.8713,0.0723,140.2584,4.82,0.0723,4.82
86.76,40.87766,0.0723,140.2802,4.82,0.0723,4.82
86.77,40.8713,0.0723,140.2584,4.82,0.0723,4.82
86.78,40.87766,0.07233334,140.2802,4.822222,0.07233334,4.822222
86.79,40.89038,0.07233334,140.3239,4.822222,0.07233334,4.822222
86.8,40.89196,0.07233334,140.3293,4.822222,0.07233334,4.822222
86.81,40.87766,0.07233334,140.2802,4.822222,0.07233334,4.822222
86.82,40.85382,0.07236667,140.1984,4.824445,0.07236667,4.824445
86.83,40.83474,0.07236667,140.1329,4.824445,0.07236667,4.824445
86.84,40.83316,0.07236667,140.1275,4.824445,0.07236667,4.824445
86.85,40.84587,0.07236667,140.1711,4.824445,0.07236667,4.824445
86.86,40.85382,0.0724,140.1984,4.826667,0.0724,4.826667
86.87,40.85064,0.0724,140.1875,4.826667,0.0724,4.826667
86.88,40.85064,0.0724,140.1875,4.826667,0.0724,4.826667
86.89,40.86177,0.0724,140.2257,4.826667,0.0724,4.826667
86.9,40.87766,0.07243334,140.2802,4.828889,0.07243334,4.828889
86.91,40.89038,0.07243334,140.3239,4.828889,0.07243334,4.828889
86.92,40.90627,0.07243334,140.3784,4.828889,0.07243334,4.828889
86.93,40.92057,0.07243334,140.4275,4.828889,0.07243334,4.828889
86.94,40.92376,0.07246666,140.4384,4.831111,0.07246666,4.831111
86.95,40.91581,0.07246666,140.4111,4.831111,0.07246666,4.831111
86.96,40.90786,0.07246666,140.3839,4.831111,0.07246666,4.831111
86.97,40.90786,0.07246666,140.3839,4.831111,0.07246666,4.831111
86.98,40.91899,0.0725,140.422,4.833333,0.0725,4.833333
86.99,40.93488,0.0725,140.4766,4.833333,0.0725,4.833333
87.0,40.94918,0.0725,140.5257,4.833333,0.0725,4.833333
87.01,40.96031,0.0725,140.5639,4.833333,0.0725,4.833333
87.02,40.96985,0.07253333,140.5966,4.835556,0.07253333,4.835556
87.03,40.97779,0.07253333,140.6239,4.835556,0.07253333,4.835556
87.04,40.97621,0.07253333,140.6184,4.835556,0.07253333,4.835556
87.05,40.97303,0.07253333,140.6075,4.835556,0.07253333,4.835556
87.06,40.97303,0.07256667,140.6075,4.837778,0.07256667,4.837778
87.07,40.97779,0.07256667,140.6239,4.837778,0.07256667,4.837778
87.08,40.9921,0.07256667,140.6729,4.837778,0.07256667,4.837778
87.09,41.00959,0.07256667,140.733,4.837778,0.07256667,4.837778
87.1,41.03025,0.0726,140.8039,4.84,0.0726,4.84
87.11,41.0382,0.0726,140.8311,4.84,0.0726,4.84
87.12,41.0382,0.0726,140.8311,4.84,0.0726,4.84
87.13,41.03502,0.0726,140.8202,4.84,0.0726,4.84
87.14,41.03343,0.07263333,140.8148,4.842222,0.07263333,4.842222
87.15,41.03343,0.07263333,140.8148,4.842222,0.07263333,4.842222
87.16,41.03343,0.07263333,140.8148,4.842222,0.07263333,4.842222
87.17,41.03343,0.07263333,140.8148,4.842222,0.07263333,4.842222
87.18,41.04137,0.07266667,140.842,4.844444,0.07266667,4.844444
87.19,41.04932,0.07266667,140.8693,4.844444,0.07266667,4.844444
87.2,41.05091,0.07266667,140.8748,4.844444,0.07266667,4.844444
87.21,41.04932,0.07266667,140.8693,4.844444,0.07266667,4.844444
87.22,41.04614,0.0727,140.8584,4.846667,0.0727,4.846667
87.23,41.04932,0.0727,140.8693,4.846667,0.0727,4.846667
87.24,41.05091,0.0727,140.8748,4.846667,0.0727,4.846667
87.25,41.06204,0.0727,140.913,4.846667,0.0727,4.846667
87.26,41.07793,0.07273334,140.9675,4.848889,0.07273334,4.848889
87.27,41.09224,0.07273334,141.0166,4.848889,0.07273334,4.848889
87.28,41.10336,0.07273334,141.0548,4.848889,0.07273334,4.848889
87.29,41.10813,0.07273334,141.0711,4.848889,0.07273334,4.848889
87.3,41.11926,0.07276667,141.1093,4.851111,0.07276667,4.851111
87.31,41.13197,0.07276667,141.153,4.851111,0.07276667,4.851111
87.32,41.13515,0.07276667,141.1639,4.851111,0.07276667,4.851111
87.33,41.13197,0.07276667,141.153,4.851111,0.07276667,4.851111
87.34,41.13674,0.0728,141.1693,4.853333,0.0728,4.853333
87.35,41.14946,0.0728,141.213,4.853333,0.0728,4.853333
87.36,41.15582,0.0728,141.2348,4.853333,0.0728,4.853333
87.37,41.14946,0.0728,141.213,4.853333,0.0728,4.853333
87.38,41.14469,0.07283334,141.1966,4.855556,0.07283334,4.855556
87.39,41.14787,0.07283334,141.2075,4.855556,0.07283334,4.855556
87.4,41.15741,0.07283334,141.2402,4.855556,0.07283334,4.855556
87.41,41.17171,0.07283334,141.2893,4.855556,0.07283334,4.855556
87.42,41.17171,0.07286667,141.2893,4.857778,0.07286667,4.857778
87.43,41.16535,0.07286667,141.2675,4.857778,0.07286667,4.857778
87.44,41.15741,0.07286667,141.2402,4.857778,0.07286667,4.857778
87.45,41.15741,0.07286667,141.2402,4.857778,0.07286667,4.857778
87.46,41.16535,0.0729,141.2675,4.86,0.0729,4.86
87.47,41.17648,0.0729,141.3057,4.86,0.0729,4.86
87.48,41.18602,0.0729,141.3384,4.86,0.0729,4.86
87.49,41.19714,0.0729,141.3766,4.86,0.0729,4.86
87.5,41.20986,0.07293333,141.4202,4.862222,0.07293333,4.862222
87.51,41.22893,0.07293333,141.4857,4.862222,0.07293333,4.862222
87.52,41.24641,0.07293333,141.5457,4.862222,0.07293333,4.862222
87.53,41.25913,0.07293333,141.5893,4.862222,0.07293333,4.862222
87.54,41.26231,0.07296667,141.6002,4.864444,0.07296667,4.864444
87.55,41.25754,0.07296667,141.5839,4.864444,0.07296667,4.864444
87.56,41.25118,0.07296667,141.562,4.864444,0.07296667,4.864444
87.57,41.25436,0.07296667,141.573,4.864444,0.07296667,4.864444
87.58,41.26231,0.073,141.6002,4.866667,0.073,4.866667
87.59,41.2639,0.073,141.6057,4.866667,0.073,4.866667
87.6,41.25754,0.073,141.5839,4.866667,0.073,4.866667
87.61,41.25118,0.073,141.562,4.866667,0.073,4.866667
87.62,41.25436,0.07303333,141.573,4.868889,0.07303333,4.868889
87.63,41.26708,0.07303333,141.6166,4.868889,0.07303333,4.868889
87.64,41.29092,0.07303333,141.6984,4.868889,0.07303333,4.868889
87.65,41.3084,0.07303333,141.7584,4.868889,0.07303333,4.868889
87.66,41.3084,0.07306667,141.7584,4.871111,0.07306667,4.871111
87.67,41.29887,0.07306667,141.7257,4.871111,0.07306667,4.871111
87.68,41.29887,0.07306667,141.7257,4.871111,0.07306667,4.871111
87.69,41.31158,0.07306667,141.7693,4.871111,0.07306667,4.871111
87.7,41.31953,0.0731,141.7966,4.873333,0.0731,4.873333
87.71,41.31635,0.0731,141.7857,4.873333,0.0731,4.873333
87.72,41.29887,0.0731,141.7257,4.873333,0.0731,4.873333
87.73,41.28615,0.0731,141.6821,4.873333,0.0731,4.873333
87.74,41.29092,0.07313333,141.6984,4.875556,0.07313333,4.875556
87.75,41.3243,0.07313333,141.813,4.875556,0.07313333,4.875556
87.76,41.35768,0.07313333,141.9275,4.875556,0.07313333,4.875556
87.77,41.3688,0.07313333,141.9657,4.875556,0.07313333,4.875556
87.78,41.35768,0.07316667,141.9275,4.877778,0.07316667,4.877778
87.79,41.35609,0.07316667,141.922,4.877778,0.07316667,4.877778
87.8,41.35768,0.07316667,141.9275,4.877778,0.07316667,4.877778
87.81,41.35768,0.07316667,141.9275,4.877778,0.07316667,4.877778
87.82,41.35291,0.0732,141.9111,4.88,0.0732,4.88
87.83,41.35768,0.0732,141.9275,4.88,0.0732,4.88
87.84,41.3688,0.0732,141.9657,4.88,0.0732,4.88
87.85,41.38152,0.0732,142.0093,4.88,0.0732,4.88
87.86,41.39423,0.07323334,142.053,4.882222,0.07323334,4.882222
87.87,41.40059,0.07323334,142.0748,4.882222,0.07323334,4.882222
87.88,41.39741,0.07323334,142.0639,4.882222,0.07323334,4.882222
87.89,41.39423,0.07323334,142.053,4.882222,0.07323334,4.882222
87.9,41.40218,0.07326667,142.0802,4.884445,0.07326667,4.884445
87.91,41.40695,0.07326667,142.0966,4.884445,0.07326667,4.884445
87.92,41.41331,0.07326667,142.1184,4.884445,0.07326667,4.884445
87.93,41.41808,0.07326667,142.1348,4.884445,0.07326667,4.884445
87.94,41.4292,0.0733,142.173,4.886667,0.0733,4.886667
87.95,41.44986,0.0733,142.2439,4.886667,0.0733,4.886667
87.96,41.46417,0.0733,142.293,4.886667,0.0733,4.886667
87.97,41.46735,0.0733,142.3039,4.886667,0.0733,4.886667
87.98,41.45145,0.07333333,142.2493,4.888889,0.07333333,4.888889
87.99,41.43079,0.07333333,142.1784,4.888889,0.07333333,4.888889
88.0,41.42125,0.07333333,142.1457,4.888889,0.07333333,4.888889
88.01,41.43079,0.07333333,142.1784,4.888889,0.07333333,4.888889
88.02,41.44986,0.07336666,142.2439,4.891111,0.07336666,4.891111
88.03,41.45781,0.07336666,142.2711,4.891111,0.07336666,4.891111
88.04,41.45145,0.07336666,142.2493,4.891111,0.07336666,4.891111
88.05,41.43556,0.07336666,142.1948,4.891111,0.07336666,4.891111
88.06,41.42125,0.0734,142.1457,4.893333,0.0734,4.893333
88.07,41.4149,0.0734,142.1239,4.893333,0.0734,4.893333
88.08,41.42284,0.0734,142.1511,4.893333,0.0734,4.893333
88.09,41.44669,0.0734,142.233,4.893333,0.0734,4.893333
88.1,41.4753,0.07343333,142.3311,4.895555,0.07343333,4.895555
88.11,41.49119,0.07343333,142.3857,4.895555,0.07343333,4.895555
88.12,41.49914,0.07343333,142.413,4.895555,0.07343333,4.895555
88.13,41.50867,0.07343333,142.4457,4.895555,0.07343333,4.895555
88.14,41.52934,0.07346667,142.5166,4.897778,0.07346667,4.897778
88.15,41.54523,0.07346667,142.5711,4.897778,0.07346667,4.897778
88.16,41.55,0.07346667,142.5875,4.897778,0.07346667,4.897778
88.17,41.54364,0.07346667,142.5657,4.897778,0.07346667,4.897778
88.18,41.53252,0.0735,142.5275,4.9,0.0735,4.9
88.19,41.52934,0.0735,142.5166,4.9,0.0735,4.9
88.2,41.52775,0.0735,142.5111,4.9,0.0735,4.9
88.21,41.52139,0.0735,142.4893,4.9,0.0735,4.9
88.22,41.52457,0.07353333,142.5002,4.902222,0.07353333,4.902222
88.23,41.54046,0.07353333,142.5548,4.902222,0.07353333,4.902222
88.24,41.55795,0.07353333,142.6148,4.902222,0.07353333,4.902222
88.25,41.57225,0.07353333,142.6639,4.902222,0.07353333,4.902222
88.26,41.57225,0.07356667,142.6639,4.904445,0.07356667,4.904445
88.27,41.55636,0.07356667,142.6093,4.904445,0.07356667,4.904445
88.28,41.53728,0.07356667,142.5439,4.904445,0.07356667,4.904445
88.29,41.53569,0.07356667,142.5384,4.904445,0.07356667,4.904445
88.3,41.55318,0.0736,142.5984,4.906667,0.0736,4.906667
88.31,41.58179,0.0736,142.6966,4.906667,0.0736,4.906667
88.32,41.59768,0.0736,142.7511,4.906667,0.0736,4.906667
88.33,41.59291,0.0736,142.7348,4.906667,0.0736,4.906667
88.34,41.58656,0.07363334,142.713,4.908889,0.07363334,4.908889
88.35,41.60563,0.07363334,142.7784,4.908889,0.07363334,4.908889
88.36,41.63424,0.07363334,142.8766,4.908889,0.07363334,4.908889
88.37,41.6549,0.07363334,142.9475,4.908889,0.07363334,4.908889
88.38,41.65808,0.07366667,142.9584,4.911111,0.07366667,4.911111
88.39,41.6549,0.07366667,142.9475,4.911111,0.07366667,4.911111
88.4,41.65173,0.07366667,142.9366,4.911111,0.07366667,4.911111
88.41,41.65014,0.07366667,142.9311,4.911111,0.07366667,4.911111
88.42,41.64696,0.0737,142.9202,4.913333,0.0737,4.913333
88.43,41.64696,0.0737,142.9202,4.913333,0.0737,4.913333
88.44,41.65808,0.0737,142.9584,4.913333,0.0737,4.913333
88.45,41.68034,0.0737,143.0348,4.913333,0.0737,4.913333
88.46,41.701,0.07373334,143.1057,4.915556,0.07373334,4.915556
88.47,41.70895,0.07373334,143.133,4.915556,0.07373334,4.915556
88.48,41.70736,0.07373334,143.1275,4.915556,0.07373334,4.915556
88.49,41.69464,0.07373334,143.0839,4.915556,0.07373334,4.915556
88.5,41.68351,0.07376667,143.0457,4.917778,0.07376667,4.917778
88.51,41.68034,0.07376667,143.0348,4.917778,0.07376667,4.917778
88.52,41.68351,0.07376667,143.0457,4.917778,0.07376667,4.917778
88.53,41.6867,0.07376667,143.0566,4.917778,0.07376667,4.917778
88.54,41.69146,0.0738,143.073,4.92,0.0738,4.92
88.55,41.70418,0.0738,143.1166,4.92,0.0738,4.92
88.56,41.71212,0.0738,143.1439,4.92,0.0738,4.92
88.57,41.71531,0.0738,143.1548,4.92,0.0738,4.92
88.58,41.72007,0.07383333,143.1711,4.922222,0.07383333,4.922222
88.59,41.73279,0.07383333,143.2148,4.922222,0.07383333,4.922222
88.6,41.74073,0.07383333,143.2421,4.922222,0.07383333,4.922222
88.61,41.74073,0.07383333,143.2421,4.922222,0.07383333,4.922222
88.62,41.74073,0.07386667,143.2421,4.924444,0.07386667,4.924444
88.63,41.74868,0.07386667,143.2693,4.924444,0.07386667,4.924444
88.64,41.74392,0.07386667,143.253,4.924444,0.07386667,4.924444
88.65,41.73597,0.07386667,143.2257,4.924444,0.07386667,4.924444
88.66,41.74392,0.0739,143.253,4.926667,0.0739,4.926667
88.67,41.77253,0.0739,143.3512,4.926667,0.0739,4.926667
88.68,41.80114,0.0739,143.4493,4.926667,0.0739,4.926667
88.69,41.81544,0.0739,143.4984,4.926667,0.0739,4.926667
88.7,41.8218,0.07393333,143.5202,4.928889,0.07393333,4.928889
88.71,41.81862,0.07393333,143.5093,4.928889,0.07393333,4.928889
88.72,41.81544,0.07393333,143.4984,4.928889,0.07393333,4.928889
88.73,41.81067,0.07393333,143.4821,4.928889,0.07393333,4.928889
88.74,41.81385,0.07396667,143.493,4.931111,0.07396667,4.931111
88.75,41.82339,0.07396667,143.5257,4.931111,0.07396667,4.931111
88.76,41.83451,0.07396667,143.5639,4.931111,0.07396667,4.931111
88.77,41.83451,0.07396667,143.5639,4.931111,0.07396667,4.931111
88.78,41.83451,0.074,143.5639,4.933333,0.074,4.933333
88.79,41.84723,0.074,143.6075,4.933333,0.074,4.933333
88.8,41.8663,0.074,143.673,4.933333,0.074,4.933333
88.81,41.8663,0.074,143.673,4.933333,0.074,4.933333
88.82,41.852,0.07403333,143.6239,4.935555,0.07403333,4.935555
88.83,41.84723,0.07403333,143.6075,4.935555,0.07403333,4.935555
88.84,41.86789,0.07403333,143.6784,4.935555,0.07403333,4.935555
88.85,41.90127,0.07403333,143.793,4.935555,0.07403333,4.935555
88.86,41.92035,0.07406667,143.8584,4.937778,0.07406667,4.937778
88.87,41.91716,0.07406667,143.8475,4.937778,0.07406667,4.937778
88.88,41.90763,0.07406667,143.8148,4.937778,0.07406667,4.937778
88.89,41.90445,0.07406667,143.8039,4.937778,0.07406667,4.937778
88.9,41.9124,0.0741,143.8311,4.94,0.0741,4.94
88.91,41.92035,0.0741,143.8584,4.94,0.0741,4.94
88.92,41.92988,0.0741,143.8911,4.94,0.0741,4.94
88.93,41.93783,0.0741,143.9184,4.94,0.0741,4.94
88.94,41.95372,0.07413334,143.973,4.942223,0.07413334,4.942223
88.95,41.96644,0.07413334,144.0166,4.942223,0.07413334,4.942223
88.96,41.96644,0.07413334,144.0166,4.942223,0.07413334,4.942223
88.97,41.96167,0.07413334,144.0002,4.942223,0.07413334,4.942223
88.98,41.9728,0.07416667,144.0384,4.944445,0.07416667,4.944445
88.99,41.99028,0.07416667,144.0984,4.944445,0.07416667,4.944445
89.0,42.00141,0.07416667,144.1366,4.944445,0.07416667,4.944445
89.01,41.99346,0.07416667,144.1093,4.944445,0.07416667,4.944445
89.02,41.98233,0.0742,144.0712,4.946667,0.0742,4.946667
89.03,41.9728,0.0742,144.0384,4.946667,0.0742,4.946667
89.04,41.95849,0.0742,143.9893,4.946667,0.0742,4.946667
89.05,41.95372,0.0742,143.973,4.946667,0.0742,4.946667
89.06,41.96644,0.07423333,144.0166,4.948889,0.07423333,4.948889
89.07,41.9871,0.07423333,144.0875,4.948889,0.07423333,4.948889
89.08,42.00618,0.07423333,144.153,4.948889,0.07423333,4.948889
89.09,42.01889,0.07423333,144.1966,4.948889,0.07423333,4.948889
89.1,42.02366,0.07426666,144.213,4.951111,0.07426666,4.951111
89.11,42.01889,0.07426666,144.1966,4.951111,0.07426666,4.951111
89.12,42.01571,0.07426666,144.1857,4.951111,0.07426666,4.951111
89.13,42.02366,0.07426666,144.213,4.951111,0.07426666,4.951111
89.14,42.0316,0.0743,144.2402,4.953333,0.0743,4.953333
89.15,42.03002,0.0743,144.2348,4.953333,0.0743,4.953333
89.16,42.02207,0.0743,144.2075,4.953333,0.0743,4.953333
89.17,42.00935,0.0743,144.1639,4.953333,0.0743,4.953333
89.18,42.00935,0.07433333,144.1639,4.955555,0.07433333,4.955555
89.19,42.02207,0.07433333,144.2075,4.955555,0.07433333,4.955555
89.2,42.03955,0.07433333,144.2675,4.955555,0.07433333,4.955555
89.21,42.05227,0.07433333,144.3111,4.955555,0.07433333,4.955555
89.22,42.05227,0.07436667,144.3111,4.957778,0.07436667,4.957778
89.23,42.05863,0.07436667,144.333,4.957778,0.07436667,4.957778
89.24,42.07134,0.07436667,144.3766,4.957778,0.07436667,4.957778
89.25,42.08088,0.07436667,144.4093,4.957778,0.07436667,4.957778
89.26,42.08406,0.0744,144.4202,4.96,0.0744,4.96
89.27,42.08088,0.0744,144.4093,4.96,0.0744,4.96
89.28,42.07611,0.0744,144.393,4.96,0.0744,4.96
89.29,42.07134,0.0744,144.3766,4.96,0.0744,4.96
89.3,42.07134,0.07443333,144.3766,4.962222,0.07443333,4.962222
89.31,42.07929,0.07443333,144.4039,4.962222,0.07443333,4.962222
89.32,42.09201,0.07443333,144.4475,4.962222,0.07443333,4.962222
89.33,42.1079,0.07443333,144.502,4.962222,0.07443333,4.962222
89.34,42.11744,0.07446667,144.5348,4.964445,0.07446667,4.964445
89.35,42.11744,0.07446667,144.5348,4.964445,0.07446667,4.964445
89.36,42.11744,0.07446667,144.5348,4.964445,0.07446667,4.964445
89.37,42.12856,0.07446667,144.573,4.964445,0.07446667,4.964445
89.38,42.1524,0.0745,144.6548,4.966667,0.0745,4.966667
89.39,42.18896,0.0745,144.7802,4.966667,0.0745,4.966667
89.4,42.21916,0.0745,144.8839,4.966667,0.0745,4.966667
89.41,42.21916,0.0745,144.8839,4.966667,0.0745,4.966667
89.42,42.1985,0.07453334,144.813,4.968889,0.07453334,4.968889
89.43,42.18261,0.07453334,144.7584,4.968889,0.07453334,4.968889
89.44,42.18261,0.07453334,144.7584,4.968889,0.07453334,4.968889
89.45,42.19373,0.07453334,144.7966,4.968889,0.07453334,4.968889
89.46,42.19532,0.07456667,144.802,4.971111,0.07456667,4.971111
89.47,42.18896,0.07456667,144.7802,4.971111,0.07456667,4.971111
89.48,42.18578,0.07456667,144.7693,4.971111,0.07456667,4.971111
89.49,42.20168,0.07456667,144.8239,4.971111,0.07456667,4.971111
89.5,42.22393,0.0746,144.9002,4.973333,0.0746,4.973333
89.51,42.23506,0.0746,144.9384,4.973333,0.0746,4.973333
89.52,42.23824,0.0746,144.9493,4.973333,0.0746,4.973333
89.53,42.24618,0.0746,144.9766,4.973333,0.0746,4.973333
89.54,42.25254,0.07463334,144.9984,4.975556,0.07463334,4.975556
89.55,42.25095,0.07463334,144.993,4.975556,0.07463334,4.975556
89.56,42.23824,0.07463334,144.9493,4.975556,0.07463334,4.975556
89.57,42.23824,0.07463334,144.9493,4.975556,0.07463334,4.975556
89.58,42.25572,0.07466666,145.0093,4.977777,0.07466666,4.977777
89.59,42.27161,0.07466666,145.0639,4.977777,0.07466666,4.977777
89.6,42.28115,0.07466666,145.0966,4.977777,0.07466666,4.977777
89.61,42.28433,0.07466666,145.1075,4.977777,0.07466666,4.977777
89.62,42.27638,0.0747,145.0802,4.98,0.0747,4.98
89.63,42.27161,0.0747,145.0639,4.98,0.0747,4.98
89.64,42.27638,0.0747,145.0802,4.98,0.0747,4.98
89.65,42.2891,0.0747,145.1239,4.98,0.0747,4.98
89.66,42.29546,0.07473333,145.1457,4.982222,0.07473333,4.982222
89.67,42.29546,0.07473333,145.1457,4.982222,0.07473333,4.982222
89.68,42.30499,0.07473333,145.1784,4.982222,0.07473333,4.982222
89.69,42.32089,0.07473333,145.233,4.982222,0.07473333,4.982222
89.7,42.33201,0.07476667,145.2711,4.984445,0.07476667,4.984445
89.71,42.33201,0.07476667,145.2711,4.984445,0.07476667,4.984445
89.72,42.33201,0.07476667,145.2711,4.984445,0.07476667,4.984445
89.73,42.3336,0.07476667,145.2766,4.984445,0.07476667,4.984445
89.74,42.3336,0.0748,145.2766,4.986667,0.0748,4.986667
89.75,42.33201,0.0748,145.2711,4.986667,0.0748,4.986667
89.76,42.33837,0.0748,145.293,4.986667,0.0748,4.986667
89.77,42.35744,0.0748,145.3584,4.986667,0.0748,4.986667
89.78,42.37334,0.07483333,145.413,4.988889,0.07483333,4.988889
89.79,42.38288,0.07483333,145.4457,4.988889,0.07483333,4.988889
89.8,42.38605,0.07483333,145.4566,4.988889,0.07483333,4.988889
89.81,42.38605,0.07483333,145.4566,4.988889,0.07483333,4.988889
89.82,42.38923,0.07486667,145.4675,4.991111,0.07486667,4.991111
89.83,42.40195,0.07486667,145.5112,4.991111,0.07486667,4.991111
89.84,42.41784,0.07486667,145.5657,4.991111,0.07486667,4.991111
89.85,42.42261,0.07486667,145.582,4.991111,0.07486667,4.991111
89.86,42.41943,0.0749,145.5711,4.993333,0.0749,4.993333
89.87,42.41943,0.0749,145.5711,4.993333,0.0749,4.993333
89.88,42.41943,0.0749,145.5711,4.993333,0.0749,4.993333
89.89,42.41467,0.0749,145.5548,4.993333,0.0749,4.993333
89.9,42.41467,0.07493334,145.5548,4.995556,0.07493334,4.995556
89.91,42.42738,0.07493334,145.5984,4.995556,0.07493334,4.995556
89.92,42.44645,0.07493334,145.6639,4.995556,0.07493334,4.995556
89.93,42.45599,0.07493334,145.6966,4.995556,0.07493334,4.995556
89.94,42.45599,0.07496667,145.6966,4.997778,0.07496667,4.997778
89.95,42.46076,0.07496667,145.713,4.997778,0.07496667,4.997778
89.96,42.4846,0.07496667,145.7948,4.997778,0.07496667,4.997778
89.97,42.50367,0.07496667,145.8602,4.997778,0.07496667,4.997778
89.98,42.49573,0.075,145.833,5.0,0.075,5.0
89.99,42.47983,0.075,145.7784,5.0,0.075,5.0
90.0,42.47506,0.075,145.7621,5.0,0.075,5.0
90.01,42.47665,0.075,145.7675,5.0,0.075,5.0
90.02,42.47983,0.07503334,145.7784,5.002223,0.07503334,5.002223
90.03,42.47665,0.07503334,145.7675,5.002223,0.07503334,5.002223
90.04,42.47665,0.07503334,145.7675,5.002223,0.07503334,5.002223
90.05,42.48778,0.07503334,145.8057,5.002223,0.07503334,5.002223
90.06,42.51003,0.07506667,145.882,5.004445,0.07506667,5.004445
90.07,42.53705,0.07506667,145.9748,5.004445,0.07506667,5.004445
90.08,42.55295,0.07506667,146.0293,5.004445,0.07506667,5.004445
90.09,42.54659,0.07506667,146.0075,5.004445,0.07506667,5.004445
90.1,42.53705,0.0751,145.9748,5.006667,0.0751,5.006667
90.11,42.53864,0.0751,145.9802,5.006667,0.0751,5.006667
90.12,42.55772,0.0751,146.0457,5.006667,0.0751,5.006667
90.13,42.58315,0.0751,146.133,5.006667,0.0751,5.006667
90.14,42.60222,0.07513333,146.1984,5.008889,0.07513333,5.008889
90.15,42.60699,0.07513333,146.2148,5.008889,0.07513333,5.008889
90.16,42.60222,0.07513333,146.1984,5.008889,0.07513333,5.008889
90.17,42.59109,0.07513333,146.1602,5.008889,0.07513333,5.008889
90.18,42.5752,0.07516667,146.1057,5.011111,0.07516667,5.011111
90.19,42.56566,0.07516667,146.073,5.011111,0.07516667,5.011111
90.2,42.5752,0.07516667,146.1057,5.011111,0.07516667,5.011111
90.21,42.59427,0.07516667,146.1711,5.011111,0.07516667,5.011111
90.22,42.60381,0.0752,146.2039,5.013333,0.0752,5.013333
90.23,42.61176,0.0752,146.2312,5.013333,0.0752,5.013333
90.24,42.61971,0.0752,146.2584,5.013333,0.0752,5.013333
90.25,42.62288,0.0752,146.2693,5.013333,0.0752,5.013333
90.26,42.61811,0.07523333,146.253,5.015555,0.07523333,5.015555
90.27,42.60699,0.07523333,146.2148,5.015555,0.07523333,5.015555
90.28,42.61017,0.07523333,146.2257,5.015555,0.07523333,5.015555
90.29,42.61811,0.07523333,146.253,5.015555,0.07523333,5.015555
90.3,42.61811,0.07526667,146.253,5.017778,0.07526667,5.017778
90.31,42.60699,0.07526667,146.2148,5.017778,0.07526667,5.017778
90.32,42.60381,0.07526667,146.2039,5.017778,0.07526667,5.017778
90.33,42.61017,0.07526667,146.2257,5.017778,0.07526667,5.017778
90.34,42.61971,0.0753,146.2584,5.02,0.0753,5.02
90.35,42.62288,0.0753,146.2693,5.02,0.0753,5.02
90.36,42.62606,0.0753,146.2802,5.02,0.0753,5.02
90.37,42.62606,0.0753,146.2802,5.02,0.0753,5.02
90.38,42.63083,0.07533333,146.2966,5.022223,0.07533333,5.022223
90.39,42.64037,0.07533333,146.3293,5.022223,0.07533333,5.022223
90.4,42.65149,0.07533333,146.3675,5.022223,0.07533333,5.022223
90.41,42.65944,0.07533333,146.3948,5.022223,0.07533333,5.022223
90.42,42.66898,0.07536667,146.4275,5.024445,0.07536667,5.024445
90.43,42.68964,0.07536667,146.4984,5.024445,0.07536667,5.024445
90.44,42.71348,0.07536667,146.5802,5.024445,0.07536667,5.024445
90.45,42.72143,0.07536667,146.6075,5.024445,0.07536667,5.024445
90.46,42.70871,0.0754,146.5639,5.026667,0.0754,5.026667
90.47,42.68487,0.0754,146.4821,5.026667,0.0754,5.026667
90.48,42.67533,0.0754,146.4493,5.026667,0.0754,5.026667
90.49,42.68805,0.0754,146.493,5.026667,0.0754,5.026667
90.5,42.71666,0.07543334,146.5912,5.028889,0.07543334,5.028889
90.51,42.73732,0.07543334,146.662,5.028889,0.07543334,5.028889
90.52,42.75322,0.07543334,146.7166,5.028889,0.07543334,5.028889
90.53,42.76912,0.07543334,146.7711,5.028889,0.07543334,5.028889
90.54,42.7866,0.07546667,146.8311,5.031111,0.07546667,5.031111
90.55,42.78978,0.07546667,146.8421,5.031111,0.07546667,5.031111
90.56,42.77865,0.07546667,146.8039,5.031111,0.07546667,5.031111
90.57,42.76593,0.07546667,146.7602,5.031111,0.07546667,5.031111
90.58,42.76117,0.0755,146.7439,5.033334,0.0755,5.033334
90.59,42.76593,0.0755,146.7602,5.033334,0.0755,5.033334
90.6,42.78183,0.0755,146.8148,5.033334,0.0755,5.033334
90.61,42.79773,0.0755,146.8693,5.033334,0.0755,5.033334
90.62,42.80249,0.07553334,146.8857,5.035556,0.07553334,5.035556
90.63,42.79454,0.07553334,146.8584,5.035556,0.07553334,5.035556
90.64,42.7866,0.07553334,146.8311,5.035556,0.07553334,5.035556
90.65,42.78342,0.07553334,146.8202,5.035556,0.07553334,5.035556
90.66,42.77865,0.07556666,146.8039,5.037777,0.07556666,5.037777
90.67,42.77865,0.07556666,146.8039,5.037777,0.07556666,5.037777
90.68,42.77865,0.07556666,146.8039,5.037777,0.07556666,5.037777
90.69,42.77865,0.07556666,146.8039,5.037777,0.07556666,5.037777
90.7,42.7866,0.0756,146.8311,5.04,0.0756,5.04
90.71,42.80249,0.0756,146.8857,5.04,0.0756,5.04
90.72,42.81839,0.0756,146.9402,5.04,0.0756,5.04
90.73,42.82634,0.0756,146.9675,5.04,0.0756,5.04
90.74,42.82634,0.07563333,146.9675,5.042222,0.07563333,5.042222
90.75,42.82792,0.07563333,146.973,5.042222,0.07563333,5.042222
90.76,42.83269,0.07563333,146.9893,5.042222,0.07563333,5.042222
90.77,42.83269,0.07563333,146.9893,5.042222,0.07563333,5.042222
90.78,42.83269,0.07566667,146.9893,5.044445,0.07566667,5.044445
90.79,42.83587,0.07566667,147.0002,5.044445,0.07566667,5.044445
90.8,42.847,0.07566667,147.0384,5.044445,0.07566667,5.044445
90.81,42.86448,0.07566667,147.0984,5.044445,0.07566667,5.044445
90.82,42.88514,0.0757,147.1693,5.046667,0.0757,5.046667
90.83,42.90422,0.0757,147.2348,5.046667,0.0757,5.046667
90.84,42.91375,0.0757,147.2675,5.046667,0.0757,5.046667
90.85,42.91375,0.0757,147.2675,5.046667,0.0757,5.046667
90.86,42.90422,0.07573333,147.2348,5.048889,0.07573333,5.048889
90.87,42.89627,0.07573333,147.2075,5.048889,0.07573333,5.048889
90.88,42.90422,0.07573333,147.2348,5.048889,0.07573333,5.048889
90.89,42.91852,0.07573333,147.2839,5.048889,0.07573333,5.048889
90.9,42.92965,0.07576667,147.3221,5.051111,0.07576667,5.051111
90.91,42.93283,0.07576667,147.333,5.051111,0.07576667,5.051111
90.92,42.9376,0.07576667,147.3493,5.051111,0.07576667,5.051111
90.93,42.94713,0.07576667,147.382,5.051111,0.07576667,5.051111
90.94,42.95349,0.0758,147.4039,5.053333,0.0758,5.053333
90.95,42.95826,0.0758,147.4202,5.053333,0.0758,5.053333
90.96,42.97416,0.0758,147.4748,5.053333,0.0758,5.053333
90.97,42.99958,0.0758,147.5621,5.053333,0.0758,5.053333
90.98,43.01866,0.07583334,147.6275,5.055556,0.07583334,5.055556
90.99,43.02025,0.07583334,147.633,5.055556,0.07583334,5.055556
91.0,43.01071,0.07583334,147.6002,5.055556,0.07583334,5.055556
91.01,43.00277,0.07583334,147.573,5.055556,0.07583334,5.055556
91.02,43.00435,0.07586667,147.5784,5.057778,0.07586667,5.057778
91.03,43.01071,0.07586667,147.6002,5.057778,0.07586667,5.057778
91.04,43.01071,0.07586667,147.6002,5.057778,0.07586667,5.057778
91.05,42.99958,0.07586667,147.5621,5.057778,0.07586667,5.057778
91.06,42.99164,0.0759,147.5348,5.06,0.0759,5.06
91.07,42.99005,0.0759,147.5293,5.06,0.0759,5.06
91.08,42.98369,0.0759,147.5075,5.06,0.0759,5.06
91.09,42.99005,0.0759,147.5293,5.06,0.0759,5.06
91.1,42.99958,0.07593334,147.5621,5.062222,0.07593334,5.062222
91.11,43.02025,0.07593334,147.633,5.062222,0.07593334,5.062222
91.12,43.04409,0.07593334,147.7148,5.062222,0.07593334,5.062222
91.13,43.06952,0.07593334,147.8021,5.062222,0.07593334,5.062222
91.14,43.0886,0.07596667,147.8675,5.064445,0.07596667,5.064445
91.15,43.10131,0.07596667,147.9111,5.064445,0.07596667,5.064445
91.16,43.11721,0.07596667,147.9657,5.064445,0.07596667,5.064445
91.17,43.12515,0.07596667,147.993,5.064445,0.07596667,5.064445
91.18,43.12197,0.076,147.9821,5.066667,0.076,5.066667
91.19,43.10608,0.076,147.9275,5.066667,0.076,5.066667
91.2,43.09813,0.076,147.9002,5.066667,0.076,5.066667
91.21,43.10131,0.076,147.9111,5.066667,0.076,5.066667
91.22,43.10608,0.07603333,147.9275,5.068889,0.07603333,5.068889
91.23,43.10608,0.07603333,147.9275,5.068889,0.07603333,5.068889
91.24,43.09654,0.07603333,147.8948,5.068889,0.07603333,5.068889
91.25,43.0886,0.07603333,147.8675,5.068889,0.07603333,5.068889
91.26,43.08541,0.07606667,147.8566,5.071111,0.07606667,5.071111
91.27,43.09018,0.07606667,147.873,5.071111,0.07606667,5.071111
91.28,43.09813,0.07606667,147.9002,5.071111,0.07606667,5.071111
91.29,43.10926,0.07606667,147.9384,5.071111,0.07606667,5.071111
91.3,43.11721,0.0761,147.9657,5.073333,0.0761,5.073333
91.31,43.11244,0.0761,147.9493,5.073333,0.0761,5.073333
91.32,43.09336,0.0761,147.8839,5.073333,0.0761,5.073333
91.33,43.08541,0.0761,147.8566,5.073333,0.0761,5.073333
91.34,43.09813,0.07613333,147.9002,5.075555,0.07613333,5.075555
91.35,43.12515,0.07613333,147.993,5.075555,0.07613333,5.075555
91.36,43.14264,0.07613333,148.053,5.075555,0.07613333,5.075555
91.37,43.14899,0.07613333,148.0748,5.075555,0.07613333,5.075555
91.38,43.14582,0.07616667,148.0639,5.077778,0.07616667,5.077778
91.39,43.14264,0.07616667,148.053,5.077778,0.07616667,5.077778
91.4,43.14582,0.07616667,148.0639,5.077778,0.07616667,5.077778
91.41,43.15059,0.07616667,148.0802,5.077778,0.07616667,5.077778
91.42,43.16171,0.0762,148.1184,5.08,0.0762,5.08
91.43,43.17443,0.0762,148.1621,5.08,0.0762,5.08
91.44,43.18396,0.0762,148.1948,5.08,0.0762,5.08
91.45,43.19032,0.0762,148.2166,5.08,0.0762,5.08
91.46,43.19032,0.07623333,148.2166,5.082222,0.07623333,5.082222
91.47,43.18714,0.07623333,148.2057,5.082222,0.07623333,5.082222
91.48,43.19032,0.07623333,148.2166,5.082222,0.07623333,5.082222
91.49,43.19986,0.07623333,148.2493,5.082222,0.07623333,5.082222
91.5,43.21893,0.07626667,148.3148,5.084445,0.07626667,5.084445
91.51,43.22847,0.07626667,148.3475,5.084445,0.07626667,5.084445
91.52,43.23483,0.07626667,148.3693,5.084445,0.07626667,5.084445
91.53,43.23483,0.07626667,148.3693,5.084445,0.07626667,5.084445
91.54,43.23483,0.0763,148.3693,5.086667,0.0763,5.086667
91.55,43.23165,0.0763,148.3584,5.086667,0.0763,5.086667
91.56,43.22688,0.0763,148.3421,5.086667,0.0763,5.086667
91.57,43.23165,0.0763,148.3584,5.086667,0.0763,5.086667
91.58,43.24913,0.07633334,148.4184,5.088889,0.07633334,5.088889
91.59,43.26979,0.07633334,148.4893,5.088889,0.07633334,5.088889
91.6,43.28092,0.07633334,148.5275,5.088889,0.07633334,5.088889
91.61,43.27615,0.07633334,148.5111,5.088889,0.07633334,5.088889
91.62,43.2682,0.07636667,148.4839,5.091111,0.07636667,5.091111
91.63,43.26344,0.07636667,148.4675,5.091111,0.07636667,5.091111
91.64,43.26344,0.07636667,148.4675,5.091111,0.07636667,5.091111
91.65,43.2682,0.07636667,148.4839,5.091111,0.07636667,5.091111
91.66,43.27774,0.0764,148.5166,5.093334,0.0764,5.093334
91.67,43.29681,0.0764,148.5821,5.093334,0.0764,5.093334
91.68,43.3143,0.0764,148.6421,5.093334,0.0764,5.093334
91.69,43.33019,0.0764,148.6966,5.093334,0.0764,5.093334
91.7,43.33814,0.07643333,148.7239,5.095555,0.07643333,5.095555
91.71,43.33019,0.07643333,148.6966,5.095555,0.07643333,5.095555
91.72,43.31748,0.07643333,148.653,5.095555,0.07643333,5.095555
91.73,43.30635,0.07643333,148.6148,5.095555,0.07643333,5.095555
91.74,43.31271,0.07646666,148.6366,5.097778,0.07646666,5.097778
91.75,43.32066,0.07646666,148.6639,5.097778,0.07646666,5.097778
91.76,43.32225,0.07646666,148.6693,5.097778,0.07646666,5.097778
91.77,43.32701,0.07646666,148.6857,5.097778,0.07646666,5.097778
91.78,43.33337,0.0765,148.7075,5.1,0.0765,5.1
91.79,43.33814,0.0765,148.7239,5.1,0.0765,5.1
91.8,43.34609,0.0765,148.7512,5.1,0.0765,5.1
91.81,43.35403,0.0765,148.7784,5.1,0.0765,5.1
91.82,43.36198,0.07653333,148.8057,5.102222,0.07653333,5.102222
91.83,43.3588,0.07653333,148.7948,5.102222,0.07653333,5.102222
91.84,43.35563,0.07653333,148.7839,5.102222,0.07653333,5.102222
91.85,43.3588,0.07653333,148.7948,5.102222,0.07653333,5.102222
91.86,43.36675,0.07656667,148.8221,5.104445,0.07656667,5.104445
91.87,43.37947,0.07656667,148.8657,5.104445,0.07656667,5.104445
91.88,43.39218,0.07656667,148.9093,5.104445,0.07656667,5.104445
91.89,43.40013,0.07656667,148.9366,5.104445,0.07656667,5.104445
91.9,43.39854,0.0766,148.9312,5.106667,0.0766,5.106667
91.91,43.40649,0.0766,148.9584,5.106667,0.0766,5.106667
91.92,43.42874,0.0766,149.0348,5.106667,0.0766,5.106667
91.93,43.45576,0.0766,149.1275,5.106667,0.0766,5.106667
91.94,43.4653,0.07663333,149.1602,5.108889,0.07663333,5.108889
91.95,43.45735,0.07663333,149.133,5.108889,0.07663333,5.108889
91.96,43.4494,0.07663333,149.1057,5.108889,0.07663333,5.108889
91.97,43.44463,0.07663333,149.0893,5.108889,0.07663333,5.108889
91.98,43.43669,0.07666667,149.0621,5.111111,0.07666667,5.111111
91.99,43.43192,0.07666667,149.0457,5.111111,0.07666667,5.111111
92.0,43.4351,0.07666667,149.0566,5.111111,0.07666667,5.111111
92.01,43.43669,0.07666667,149.0621,5.111111,0.07666667,5.111111
92.02,43.44463,0.0767,149.0893,5.113334,0.0767,5.113334
92.03,43.46053,0.0767,149.1439,5.113334,0.0767,5.113334
92.04,43.47324,0.0767,149.1875,5.113334,0.0767,5.113334
92.05,43.48119,0.0767,149.2148,5.113334,0.0767,5.113334
92.06,43.48119,0.07673334,149.2148,5.115556,0.07673334,5.115556
92.07,43.48596,0.07673334,149.2311,5.115556,0.07673334,5.115556
92.08,43.50185,0.07673334,149.2857,5.115556,0.07673334,5.115556
92.09,43.51775,0.07673334,149.3402,5.115556,0.07673334,5.115556
92.1,43.5257,0.07676667,149.3675,5.117778,0.07676667,5.117778
92.11,43.53841,0.07676667,149.4111,5.117778,0.07676667,5.117778
92.12,43.56225,0.07676667,149.493,5.117778,0.07676667,5.117778
92.13,43.57497,0.07676667,149.5366,5.117778,0.07676667,5.117778
92.14,43.56225,0.0768,149.493,5.12,0.0768,5.12
92.15,43.54159,0.0768,149.4221,5.12,0.0768,5.12
92.16,43.53046,0.0768,149.3839,5.12,0.0768,5.12
92.17,43.53841,0.0768,149.4111,5.12,0.0768,5.12
92.18,43.5559,0.07683334,149.4712,5.122222,0.07683334,5.122222
92.19,43.5702,0.07683334,149.5202,5.122222,0.07683334,5.122222
92.2,43.57815,0.07683334,149.5475,5.122222,0.07683334,5.122222
92.21,43.57974,0.07683334,149.553,5.122222,0.07683334,5.122222
92.22,43.58768,0.07686666,149.5802,5.124444,0.07686666,5.124444
92.23,43.59245,0.07686666,149.5966,5.124444,0.07686666,5.124444
92.24,43.59563,0.07686666,149.6075,5.124444,0.07686666,5.124444
92.25,43.59881,0.07686666,149.6184,5.124444,0.07686666,5.124444
92.26,43.59881,0.0769,149.6184,5.126667,0.0769,5.126667
92.27,43.59881,0.0769,149.6184,5.126667,0.0769,5.126667
92.28,43.59086,0.0769,149.5911,5.126667,0.0769,5.126667
92.29,43.58292,0.0769,149.5639,5.126667,0.0769,5.126667
92.3,43.58451,0.07693333,149.5693,5.128889,0.07693333,5.128889
92.31,43.60358,0.07693333,149.6348,5.128889,0.07693333,5.128889
92.32,43.62106,0.07693333,149.6948,5.128889,0.07693333,5.128889
92.33,43.62424,0.07693333,149.7057,5.128889,0.07693333,5.128889
92.34,43.61629,0.07696667,149.6784,5.131111,0.07696667,5.131111
92.35,43.61153,0.07696667,149.6621,5.131111,0.07696667,5.131111
92.36,43.61629,0.07696667,149.6784,5.131111,0.07696667,5.131111
92.37,43.62901,0.07696667,149.7221,5.131111,0.07696667,5.131111
92.38,43.64808,0.077,149.7875,5.133333,0.077,5.133333
92.39,43.65285,0.077,149.8039,5.133333,0.077,5.133333
92.4,43.64014,0.077,149.7602,5.133333,0.077,5.133333
92.41,43.62424,0.077,149.7057,5.133333,0.077,5.133333
92.42,43.62742,0.07703333,149.7166,5.135556,0.07703333,5.135556
92.43,43.64491,0.07703333,149.7766,5.135556,0.07703333,5.135556
92.44,43.65285,0.07703333,149.8039,5.135556,0.07703333,5.135556
92.45,43.64014,0.07703333,149.7602,5.135556,0.07703333,5.135556
92.46,43.63537,0.07706667,149.7439,5.137778,0.07706667,5.137778
92.47,43.64967,0.07706667,149.793,5.137778,0.07706667,5.137778
92.48,43.67352,0.07706667,149.8748,5.137778,0.07706667,5.137778
92.49,43.68464,0.07706667,149.913,5.137778,0.07706667,5.137778
92.5,43.68623,0.0771,149.9184,5.14,0.0771,5.14
92.51,43.69259,0.0771,149.9402,5.14,0.0771,5.14
92.52,43.7053,0.0771,149.9839,5.14,0.0771,5.14
92.53,43.72279,0.0771,150.0439,5.14,0.0771,5.14
92.54,43.74186,0.07713334,150.1093,5.142222,0.07713334,5.142222
92.55,43.74663,0.07713334,150.1257,5.142222,0.07713334,5.142222
92.56,43.74345,0.07713334,150.1148,5.142222,0.07713334,5.142222
92.57,43.73868,0.07713334,150.0984,5.142222,0.07713334,5.142222
92.58,43.74186,0.07716667,150.1093,5.144444,0.07716667,5.144444
92.59,43.74981,0.07716667,150.1366,5.144444,0.07716667,5.144444
92.6,43.75935,0.07716667,150.1693,5.144444,0.07716667,5.144444
92.61,43.76729,0.07716667,150.1966,5.144444,0.07716667,5.144444
92.62,43.77524,0.0772,150.2239,5.146667,0.0772,5.146667
92.63,43.78319,0.0772,150.2511,5.146667,0.0772,5.146667
92.64,43.7959,0.0772,150.2948,5.146667,0.0772,5.146667
92.65,43.81498,0.0772,150.3602,5.146667,0.0772,5.146667
92.66,43.83564,0.07723334,150.4312,5.148889,0.07723334,5.148889
92.67,43.84518,0.07723334,150.4639,5.148889,0.07723334,5.148889
92.68,43.84041,0.07723334,150.4475,5.148889,0.07723334,5.148889
92.69,43.82928,0.07723334,150.4093,5.148889,0.07723334,5.148889
92.7,43.82928,0.07726667,150.4093,5.151112,0.07726667,5.151112
92.71,43.82928,0.07726667,150.4093,5.151112,0.07726667,5.151112
92.72,43.82133,0.07726667,150.3821,5.151112,0.07726667,5.151112
92.73,43.8118,0.07726667,150.3493,5.151112,0.07726667,5.151112
92.74,43.8118,0.0773,150.3493,5.153333,0.0773,5.153333
92.75,43.82133,0.0773,150.3821,5.153333,0.0773,5.153333
92.76,43.83564,0.0773,150.4312,5.153333,0.0773,5.153333
92.77,43.84518,0.0773,150.4639,5.153333,0.0773,5.153333
92.78,43.8563,0.07733333,150.5021,5.155555,0.07733333,5.155555
92.79,43.86425,0.07733333,150.5293,5.155555,0.07733333,5.155555
92.8,43.86425,0.07733333,150.5293,5.155555,0.07733333,5.155555
92.81,43.86584,0.07733333,150.5348,5.155555,0.07733333,5.155555
92.82,43.88173,0.07736667,150.5893,5.157778,0.07736667,5.157778
92.83,43.89763,0.07736667,150.6439,5.157778,0.07736667,5.157778
92.84,43.89763,0.07736667,150.6439,5.157778,0.07736667,5.157778
92.85,43.88968,0.07736667,150.6166,5.157778,0.07736667,5.157778
92.86,43.88173,0.0774,150.5893,5.16,0.0774,5.16
92.87,43.87696,0.0774,150.573,5.16,0.0774,5.16
92.88,43.87696,0.0774,150.573,5.16,0.0774,5.16
92.89,43.88491,0.0774,150.6003,5.16,0.0774,5.16
92.9,43.90081,0.07743333,150.6548,5.162222,0.07743333,5.162222
92.91,43.91511,0.07743333,150.7039,5.162222,0.07743333,5.162222
92.92,43.92624,0.07743333,150.7421,5.162222,0.07743333,5.162222
92.93,43.92942,0.07743333,150.753,5.162222,0.07743333,5.162222
92.94,43.92942,0.07746667,150.753,5.164444,0.07746667,5.164444
92.95,43.92306,0.07746667,150.7312,5.164444,0.07746667,5.164444
92.96,43.92624,0.07746667,150.7421,5.164444,0.07746667,5.164444
92.97,43.93419,0.07746667,150.7693,5.164444,0.07746667,5.164444
92.98,43.93578,0.0775,150.7748,5.166667,0.0775,5.166667
92.99,43.92624,0.0775,150.7421,5.166667,0.0775,5.166667
93.0,43.91352,0.0775,150.6984,5.166667,0.0775,5.166667
93.01,43.91511,0.0775,150.7039,5.166667,0.0775,5.166667
93.02,43.93419,0.07753333,150.7693,5.168889,0.07753333,5.168889
93.03,43.9469,0.07753333,150.813,5.168889,0.07753333,5.168889
93.04,43.9469,0.07753333,150.813,5.168889,0.07753333,5.168889
93.05,43.94372,0.07753333,150.8021,5.168889,0.07753333,5.168889
93.06,43.95485,0.07756667,150.8402,5.171111,0.07756667,5.171111
93.07,43.97075,0.07756667,150.8948,5.171111,0.07756667,5.171111
93.08,43.98028,0.07756667,150.9275,5.171111,0.07756667,5.171111
93.09,43.98028,0.07756667,150.9275,5.171111,0.07756667,5.171111
93.1,43.98823,0.0776,150.9548,5.173334,0.0776,5.173334
93.11,44.01525,0.0776,151.0475,5.173334,0.0776,5.173334
93.12,44.04863,0.0776,151.1621,5.173334,0.0776,5.173334
93.13,44.07406,0.0776,151.2493,5.173334,0.0776,5.173334
93.14,44.07406,0.07763334,151.2493,5.175556,0.07763334,5.175556
93.15,44.07247,0.07763334,151.2439,5.175556,0.07763334,5.175556
93.16,44.082,0.07763334,151.2766,5.175556,0.07763334,5.175556
93.17,44.10108,0.07763334,151.3421,5.175556,0.07763334,5.175556
93.18,44.10585,0.07766667,151.3584,5.177778,0.07766667,5.177778
93.19,44.09472,0.07766667,151.3203,5.177778,0.07766667,5.177778
93.2,44.07883,0.07766667,151.2657,5.177778,0.07766667,5.177778
93.21,44.06611,0.07766667,151.2221,5.177778,0.07766667,5.177778
93.22,44.06452,0.0777,151.2166,5.18,0.0777,5.18
93.23,44.06134,0.0777,151.2057,5.18,0.0777,5.18
93.24,44.05816,0.0777,151.1948,5.18,0.0777,5.18
93.25,44.05339,0.0777,151.1784,5.18,0.0777,5.18
93.26,44.05339,0.07773334,151.1784,5.182222,0.07773334,5.182222
93.27,44.05658,0.07773334,151.1893,5.182222,0.07773334,5.182222
93.28,44.06452,0.07773334,151.2166,5.182222,0.07773334,5.182222
93.29,44.07247,0.07773334,151.2439,5.182222,0.07773334,5.182222
93.3,44.08519,0.07776666,151.2875,5.184444,0.07776666,5.184444
93.31,44.10108,0.07776666,151.3421,5.184444,0.07776666,5.184444
93.32,44.12174,0.07776666,151.413,5.184444,0.07776666,5.184444
93.33,44.13764,0.07776666,151.4675,5.184444,0.07776666,5.184444
93.34,44.14241,0.0778,151.4839,5.186666,0.0778,5.186666
93.35,44.12969,0.0778,151.4402,5.186666,0.0778,5.186666
93.36,44.10585,0.0778,151.3584,5.186666,0.0778,5.186666
93.37,44.09313,0.0778,151.3148,5.186666,0.0778,5.186666
93.38,44.10585,0.07783333,151.3584,5.188889,0.07783333,5.188889
93.39,44.13764,0.07783333,151.4675,5.188889,0.07783333,5.188889
93.4,44.15512,0.07783333,151.5275,5.188889,0.07783333,5.188889
93.41,44.15194,0.07783333,151.5166,5.188889,0.07783333,5.188889
93.42,44.15194,0.07786667,151.5166,5.191111,0.07786667,5.191111
93.43,44.16307,0.07786667,151.5548,5.191111,0.07786667,5.191111
93.44,44.1726,0.07786667,151.5875,5.191111,0.07786667,5.191111
93.45,44.16625,0.07786667,151.5657,5.191111,0.07786667,5.191111
93.46,44.15512,0.0779,151.5275,5.193333,0.0779,5.193333
93.47,44.16307,0.0779,151.5548,5.193333,0.0779,5.193333
93.48,44.18691,0.0779,151.6366,5.193333,0.0779,5.193333
93.49,44.20121,0.0779,151.6857,5.193333,0.0779,5.193333
93.5,44.20121,0.07793333,151.6857,5.195556,0.07793333,5.195556
93.51,44.19963,0.07793333,151.6803,5.195556,0.07793333,5.195556
93.52,44.20757,0.07793333,151.7075,5.195556,0.07793333,5.195556
93.53,44.21711,0.07793333,151.7402,5.195556,0.07793333,5.195556
93.54,44.22506,0.07796667,151.7675,5.197778,0.07796667,5.197778
93.55,44.22982,0.07796667,151.7839,5.197778,0.07796667,5.197778
93.56,44.23301,0.07796667,151.7948,5.197778,0.07796667,5.197778
93.57,44.24413,0.07796667,151.833,5.197778,0.07796667,5.197778
93.58,44.25685,0.078,151.8766,5.2,0.078,5.2
93.59,44.25843,0.078,151.8821,5.2,0.078,5.2
93.6,44.25208,0.078,151.8602,5.2,0.078,5.2
93.61,44.23777,0.078,151.8112,5.2,0.078,5.2
93.62,44.23618,0.07803334,151.8057,5.202222,0.07803334,5.202222
93.63,44.24095,0.07803334,151.8221,5.202222,0.07803334,5.202222
93.64,44.25208,0.07803334,151.8602,5.202222,0.07803334,5.202222
93.65,44.26479,0.07803334,151.9039,5.202222,0.07803334,5.202222
93.66,44.28069,0.07806667,151.9584,5.204444,0.07806667,5.204444
93.67,44.28704,0.07806667,151.9802,5.204444,0.07806667,5.204444
93.68,44.29023,0.07806667,151.9912,5.204444,0.07806667,5.204444
93.69,44.29499,0.07806667,152.0075,5.204444,0.07806667,5.204444
93.7,44.30135,0.0781,152.0293,5.206667,0.0781,5.206667
93.71,44.30135,0.0781,152.0293,5.206667,0.0781,5.206667
93.72,44.30294,0.0781,152.0348,5.206667,0.0781,5.206667
93.73,44.31884,0.0781,152.0893,5.206667,0.0781,5.206667
93.74,44.33791,0.07813334,152.1548,5.208889,0.07813334,5.208889
93.75,44.34426,0.07813334,152.1766,5.208889,0.07813334,5.208889
93.76,44.34268,0.07813334,152.1712,5.208889,0.07813334,5.208889
93.77,44.33791,0.07813334,152.1548,5.208889,0.07813334,5.208889
93.78,44.3395,0.07816667,152.1602,5.211112,0.07816667,5.211112
93.79,44.34745,0.07816667,152.1875,5.211112,0.07816667,5.211112
93.8,44.35857,0.07816667,152.2257,5.211112,0.07816667,5.211112
93.81,44.36016,0.07816667,152.2312,5.211112,0.07816667,5.211112
93.82,44.36334,0.0782,152.2421,5.213333,0.0782,5.213333
93.83,44.36652,0.0782,152.253,5.213333,0.0782,5.213333
93.84,44.37288,0.0782,152.2748,5.213333,0.0782,5.213333
93.85,44.384,0.0782,152.313,5.213333,0.0782,5.213333
93.86,44.39195,0.07823333,152.3402,5.215555,0.07823333,5.215555
93.87,44.39672,0.07823333,152.3566,5.215555,0.07823333,5.215555
93.88,44.39195,0.07823333,152.3402,5.215555,0.07823333,5.215555
93.89,44.38083,0.07823333,152.3021,5.215555,0.07823333,5.215555
93.9,44.37923,0.07826667,152.2966,5.217778,0.07826667,5.217778
93.91,44.39672,0.07826667,152.3566,5.217778,0.07826667,5.217778
93.92,44.41738,0.07826667,152.4275,5.217778,0.07826667,5.217778
93.93,44.4301,0.07826667,152.4711,5.217778,0.07826667,5.217778
93.94,44.43328,0.0783,152.4821,5.22,0.0783,5.22
93.95,44.43328,0.0783,152.4821,5.22,0.0783,5.22
93.96,44.42374,0.0783,152.4493,5.22,0.0783,5.22
93.97,44.41579,0.0783,152.4221,5.22,0.0783,5.22
93.98,44.41738,0.07833333,152.4275,5.222222,0.07833333,5.222222
93.99,44.4301,0.07833333,152.4711,5.222222,0.07833333,5.222222
94.0,44.44122,0.07833333,152.5093,5.222222,0.07833333,5.222222
94.01,44.44917,0.07833333,152.5366,5.222222,0.07833333,5.222222
94.02,44.45871,0.07836667,152.5693,5.224444,0.07836667,5.224444
94.03,44.4746,0.07836667,152.6239,5.224444,0.07836667,5.224444
94.04,44.48573,0.07836667,152.6621,5.224444,0.07836667,5.224444
94.05,44.4905,0.07836667,152.6784,5.224444,0.07836667,5.224444
94.06,44.49368,0.0784,152.6893,5.226667,0.0784,5.226667
94.07,44.50162,0.0784,152.7166,5.226667,0.0784,5.226667
94.08,44.52229,0.0784,152.7875,5.226667,0.0784,5.226667
94.09,44.53818,0.0784,152.8421,5.226667,0.0784,5.226667
94.1,44.535,0.07843333,152.8311,5.228889,0.07843333,5.228889
94.11,44.52229,0.07843333,152.7875,5.228889,0.07843333,5.228889
94.12,44.51116,0.07843333,152.7493,5.228889,0.07843333,5.228889
94.13,44.50957,0.07843333,152.7439,5.228889,0.07843333,5.228889
94.14,44.50957,0.07846667,152.7439,5.231111,0.07846667,5.231111
94.15,44.51116,0.07846667,152.7493,5.231111,0.07846667,5.231111
94.16,44.50957,0.07846667,152.7439,5.231111,0.07846667,5.231111
94.17,44.50957,0.07846667,152.7439,5.231111,0.07846667,5.231111
94.18,44.51434,0.0785,152.7603,5.233334,0.0785,5.233334
94.19,44.52705,0.0785,152.8039,5.233334,0.0785,5.233334
94.2,44.54295,0.0785,152.8584,5.233334,0.0785,5.233334
94.21,44.55884,0.0785,152.913,5.233334,0.0785,5.233334
94.22,44.55884,0.07853334,152.913,5.235556,0.07853334,5.235556
94.23,44.54454,0.07853334,152.8639,5.235556,0.07853334,5.235556
94.24,44.53818,0.07853334,152.8421,5.235556,0.07853334,5.235556
94.25,44.535,0.07853334,152.8311,5.235556,0.07853334,5.235556
94.26,44.535,0.07856667,152.8311,5.237778,0.07856667,5.237778
94.27,44.53818,0.07856667,152.8421,5.237778,0.07856667,5.237778
94.28,44.54772,0.07856667,152.8748,5.237778,0.07856667,5.237778
94.29,44.56838,0.07856667,152.9457,5.237778,0.07856667,5.237778
94.3,44.58745,0.0786,153.0112,5.24,0.0786,5.24
94.31,44.5954,0.0786,153.0384,5.24,0.0786,5.24
94.32,44.59222,0.0786,153.0275,5.24,0.0786,5.24
94.33,44.59222,0.0786,153.0275,5.24,0.0786,5.24
94.34,44.60017,0.07863333,153.0548,5.242222,0.07863333,5.242222
94.35,44.60812,0.07863333,153.0821,5.242222,0.07863333,5.242222
94.36,44.61288,0.07863333,153.0984,5.242222,0.07863333,5.242222
94.37,44.60812,0.07863333,153.0821,5.242222,0.07863333,5.242222
94.38,44.60494,0.07866666,153.0712,5.244444,0.07866666,5.244444
94.39,44.60971,0.07866666,153.0875,5.244444,0.07866666,5.244444
94.4,44.61606,0.07866666,153.1093,5.244444,0.07866666,5.244444
94.41,44.6256,0.07866666,153.1421,5.244444,0.07866666,5.244444
94.42,44.64149,0.0787,153.1966,5.246666,0.0787,5.246666
94.43,44.66057,0.0787,153.2621,5.246666,0.0787,5.246666
94.44,44.66534,0.0787,153.2784,5.246666,0.0787,5.246666
94.45,44.66534,0.0787,153.2784,5.246666,0.0787,5.246666
94.46,44.66693,0.07873333,153.2839,5.248889,0.07873333,5.248889
94.47,44.686,0.07873333,153.3493,5.248889,0.07873333,5.248889
94.48,44.70348,0.07873333,153.4093,5.248889,0.07873333,5.248889
94.49,44.71143,0.07873333,153.4366,5.248889,0.07873333,5.248889
94.5,44.70666,0.07876667,153.4202,5.251111,0.07876667,5.251111
94.51,44.69554,0.07876667,153.3821,5.251111,0.07876667,5.251111
94.52,44.68282,0.07876667,153.3384,5.251111,0.07876667,5.251111
94.53,44.67487,0.07876667,153.3112,5.251111,0.07876667,5.251111
94.54,44.68282,0.0788,153.3384,5.253334,0.0788,5.253334
94.55,44.69554,0.0788,153.3821,5.253334,0.0788,5.253334
94.56,44.70348,0.0788,153.4093,5.253334,0.0788,5.253334
94.57,44.70666,0.0788,153.4202,5.253334,0.0788,5.253334
94.58,44.71143,0.07883333,153.4366,5.255556,0.07883333,5.255556
94.59,44.72256,0.07883333,153.4748,5.255556,0.07883333,5.255556
94.6,44.74004,0.07883333,153.5348,5.255556,0.07883333,5.255556
94.61,44.75276,0.07883333,153.5784,5.255556,0.07883333,5.255556
94.62,44.7607,0.07886667,153.6057,5.257778,0.07886667,5.257778
94.63,44.75911,0.07886667,153.6003,5.257778,0.07886667,5.257778
94.64,44.75117,0.07886667,153.573,5.257778,0.07886667,5.257778
94.65,44.74322,0.07886667,153.5457,5.257778,0.07886667,5.257778
94.66,44.73845,0.0789,153.5293,5.26,0.0789,5.26
94.67,44.74799,0.0789,153.5621,5.26,0.0789,5.26
94.68,44.7607,0.0789,153.6057,5.26,0.0789,5.26
94.69,44.76706,0.0789,153.6275,5.26,0.0789,5.26
94.7,44.77183,0.07893334,153.6439,5.262222,0.07893334,5.262222
94.71,44.78137,0.07893334,153.6766,5.262222,0.07893334,5.262222
94.72,44.79249,0.07893334,153.7148,5.262222,0.07893334,5.262222
94.73,44.79249,0.07893334,153.7148,5.262222,0.07893334,5.262222
94.74,44.78772,0.07896667,153.6984,5.264445,0.07896667,5.264445
94.75,44.78772,0.07896667,153.6984,5.264445,0.07896667,5.264445
94.76,44.78931,0.07896667,153.7039,5.264445,0.07896667,5.264445
94.77,44.78772,0.07896667,153.6984,5.264445,0.07896667,5.264445
94.78,44.78772,0.079,153.6984,5.266667,0.079,5.266667
94.79,44.79567,0.079,153.7257,5.266667,0.079,5.266667
94.8,44.80362,0.079,153.753,5.266667,0.079,5.266667
94.81,44.80839,0.079,153.7693,5.266667,0.079,5.266667
94.82,44.81633,0.07903334,153.7966,5.268889,0.07903334,5.268889
94.83,44.83382,0.07903334,153.8566,5.268889,0.07903334,5.268889
94.84,44.85448,0.07903334,153.9275,5.268889,0.07903334,5.268889
94.85,44.87038,0.07903334,153.9821,5.268889,0.07903334,5.268889
94.86,44.87514,0.07906666,153.9984,5.271111,0.07906666,5.271111
94.87,44.87514,0.07906666,153.9984,5.271111,0.07906666,5.271111
94.88,44.87355,0.07906666,153.993,5.271111,0.07906666,5.271111
94.89,44.86561,0.07906666,153.9657,5.271111,0.07906666,5.271111
94.9,44.85448,0.0791,153.9275,5.273333,0.0791,5.273333
94.91,44.85289,0.0791,153.9221,5.273333,0.0791,5.273333
94.92,44.85448,0.0791,153.9275,5.273333,0.0791,5.273333
94.93,44.87038,0.0791,153.9821,5.273333,0.0791,5.273333
94.94,44.88627,0.07913333,154.0366,5.275556,0.07913333,5.275556
94.95,44.89422,0.07913333,154.0639,5.275556,0.07913333,5.275556
94.96,44.89104,0.07913333,154.053,5.275556,0.07913333,5.275556
94.97,44.88627,0.07913333,154.0366,5.275556,0.07913333,5.275556
94.98,44.88309,0.07916667,154.0257,5.277778,0.07916667,5.277778
94.99,44.87355,0.07916667,153.993,5.277778,0.07916667,5.277778
95.0,44.8672,0.07916667,153.9712,5.277778,0.07916667,5.277778
95.01,44.8815,0.07916667,154.0202,5.277778,0.07916667,5.277778
95.02,44.90376,0.0792,154.0966,5.28,0.0792,5.28
95.03,44.9276,0.0792,154.1784,5.28,0.0792,5.28
95.04,44.93872,0.0792,154.2166,5.28,0.0792,5.28
95.05,44.93872,0.0792,154.2166,5.28,0.0792,5.28
95.06,44.94667,0.07923333,154.2439,5.282222,0.07923333,5.282222
95.07,44.96415,0.07923333,154.3039,5.282222,0.07923333,5.282222
95.08,44.97528,0.07923333,154.3421,5.282222,0.07923333,5.282222
95.09,44.96733,0.07923333,154.3148,5.282222,0.07923333,5.282222
95.1,44.95621,0.07926667,154.2766,5.284444,0.07926667,5.284444
95.11,44.96415,0.07926667,154.3039,5.284444,0.07926667,5.284444
95.12,44.98005,0.07926667,154.3584,5.284444,0.07926667,5.284444
95.13,44.98959,0.07926667,154.3912,5.284444,0.07926667,5.284444
95.14,44.98959,0.0793,154.3912,5.286667,0.0793,5.286667
95.15,44.99594,0.0793,154.413,5.286667,0.0793,5.286667
95.16,45.01025,0.0793,154.4621,5.286667,0.0793,5.286667
95.17,45.02614,0.0793,154.5166,5.286667,0.0793,5.286667
95.18,45.03727,0.07933334,154.5548,5.288889,0.07933334,5.288889
95.19,45.03409,0.07933334,154.5439,5.288889,0.07933334,5.288889
95.2,45.02614,0.07933334,154.5166,5.288889,0.07933334,5.288889
95.21,45.02614,0.07933334,154.5166,5.288889,0.07933334,5.288889
95.22,45.03409,0.07936667,154.5439,5.291111,0.07936667,5.291111
95.23,45.04204,0.07936667,154.5712,5.291111,0.07936667,5.291111
95.24,45.04204,0.07936667,154.5712,5.291111,0.07936667,5.291111
95.25,45.03886,0.07936667,154.5603,5.291111,0.07936667,5.291111
95.26,45.03727,0.0794,154.5548,5.293334,0.0794,5.293334
95.27,45.04681,0.0794,154.5875,5.293334,0.0794,5.293334
95.28,45.06747,0.0794,154.6584,5.293334,0.0794,5.293334
95.29,45.08972,0.0794,154.7348,5.293334,0.0794,5.293334
95.3,45.09926,0.07943334,154.7675,5.295556,0.07943334,5.295556
95.31,45.09926,0.07943334,154.7675,5.295556,0.07943334,5.295556
95.32,45.09926,0.07943334,154.7675,5.295556,0.07943334,5.295556
95.33,45.09608,0.07943334,154.7566,5.295556,0.07943334,5.295556
95.34,45.09131,0.07946667,154.7402,5.297778,0.07946667,5.297778
95.35,45.09131,0.07946667,154.7402,5.297778,0.07946667,5.297778
95.36,45.10244,0.07946667,154.7784,5.297778,0.07946667,5.297778
95.37,45.11515,0.07946667,154.8221,5.297778,0.07946667,5.297778
95.38,45.12628,0.0795,154.8602,5.3,0.0795,5.3
95.39,45.13264,0.0795,154.8821,5.3,0.0795,5.3
95.4,45.139,0.0795,154.9039,5.3,0.0795,5.3
95.41,45.139,0.0795,154.9039,5.3,0.0795,5.3
95.42,45.12787,0.07953333,154.8657,5.302222,0.07953333,5.302222
95.43,45.11197,0.07953333,154.8112,5.302222,0.07953333,5.302222
95.44,45.1072,0.07953333,154.7948,5.302222,0.07953333,5.302222
95.45,45.11833,0.07953333,154.833,5.302222,0.07953333,5.302222
95.46,45.12787,0.07956666,154.8657,5.304444,0.07956666,5.304444
95.47,45.12787,0.07956666,154.8657,5.304444,0.07956666,5.304444
95.48,45.11992,0.07956666,154.8384,5.304444,0.07956666,5.304444
95.49,45.12787,0.07956666,154.8657,5.304444,0.07956666,5.304444
95.5,45.14853,0.0796,154.9366,5.306666,0.0796,5.306666
95.51,45.16125,0.0796,154.9803,5.306666,0.0796,5.306666
95.52,45.16442,0.0796,154.9911,5.306666,0.0796,5.306666
95.53,45.15648,0.0796,154.9639,5.306666,0.0796,5.306666
95.54,45.14853,0.07963333,154.9366,5.308889,0.07963333,5.308889
95.55,45.14853,0.07963333,154.9366,5.308889,0.07963333,5.308889
95.56,45.16125,0.07963333,154.9803,5.308889,0.07963333,5.308889
95.57,45.1835,0.07963333,155.0566,5.308889,0.07963333,5.308889
95.58,45.1978,0.07966667,155.1057,5.311111,0.07966667,5.311111
95.59,45.20575,0.07966667,155.133,5.311111,0.07966667,5.311111
95.6,45.20893,0.07966667,155.1439,5.311111,0.07966667,5.311111
95.61,45.20893,0.07966667,155.1439,5.311111,0.07966667,5.311111
95.62,45.20575,0.0797,155.133,5.313334,0.0797,5.313334
95.63,45.1978,0.0797,155.1057,5.313334,0.0797,5.313334
95.64,45.19622,0.0797,155.1003,5.313334,0.0797,5.313334
95.65,45.20575,0.0797,155.133,5.313334,0.0797,5.313334
95.66,45.22641,0.07973333,155.2039,5.315556,0.07973333,5.315556
95.67,45.24708,0.07973333,155.2748,5.315556,0.07973333,5.315556
95.68,45.26138,0.07973333,155.3239,5.315556,0.07973333,5.315556
95.69,45.25821,0.07973333,155.313,5.315556,0.07973333,5.315556
95.7,45.25026,0.07976667,155.2857,5.317778,0.07976667,5.317778
95.71,45.24708,0.07976667,155.2748,5.317778,0.07976667,5.317778
95.72,45.25026,0.07976667,155.2857,5.317778,0.07976667,5.317778
95.73,45.25344,0.07976667,155.2966,5.317778,0.07976667,5.317778
95.74,45.26297,0.0798,155.3293,5.32,0.0798,5.32
95.75,45.27092,0.0798,155.3566,5.32,0.0798,5.32
95.76,45.27092,0.0798,155.3566,5.32,0.0798,5.32
95.77,45.26615,0.0798,155.3403,5.32,0.0798,5.32
95.78,45.26933,0.07983334,155.3512,5.322222,0.07983334,5.322222
95.79,45.28999,0.07983334,155.4221,5.322222,0.07983334,5.322222
95.8,45.31543,0.07983334,155.5094,5.322222,0.07983334,5.322222
95.81,45.33132,0.07983334,155.5639,5.322222,0.07983334,5.322222
95.82,45.34085,0.07986667,155.5966,5.324445,0.07986667,5.324445
95.83,45.3488,0.07986667,155.6239,5.324445,0.07986667,5.324445
95.84,45.3488,0.07986667,155.6239,5.324445,0.07986667,5.324445
95.85,45.34721,0.07986667,155.6184,5.324445,0.07986667,5.324445
95.86,45.34404,0.0799,155.6075,5.326667,0.0799,5.326667
95.87,45.33927,0.0799,155.5912,5.326667,0.0799,5.326667
95.88,45.32655,0.0799,155.5475,5.326667,0.0799,5.326667
95.89,45.31066,0.0799,155.493,5.326667,0.0799,5.326667
95.9,45.31066,0.07993334,155.493,5.328889,0.07993334,5.328889
95.91,45.32814,0.07993334,155.553,5.328889,0.07993334,5.328889
95.92,45.35198,0.07993334,155.6348,5.328889,0.07993334,5.328889
95.93,45.3647,0.07993334,155.6784,5.328889,0.07993334,5.328889
95.94,45.3647,0.07996666,155.6784,5.331111,0.07996666,5.331111
95.95,45.3647,0.07996666,155.6784,5.331111,0.07996666,5.331111
95.96,45.36946,0.07996666,155.6948,5.331111,0.07996666,5.331111
95.97,45.37582,0.07996666,155.7166,5.331111,0.07996666,5.331111
95.98,45.38377,0.08,155.7439,5.333333,0.08,5.333333
95.99,45.39808,0.08,155.793,5.333333,0.08,5.333333
96.0,45.40602,0.08,155.8203,5.333333,0.08,5.333333
96.01,45.40443,0.08,155.8148,5.333333,0.08,5.333333
96.02,45.39331,0.08003333,155.7766,5.335556,0.08003333,5.335556
96.03,45.39013,0.08003333,155.7657,5.335556,0.08003333,5.335556
96.04,45.39331,0.08003333,155.7766,5.335556,0.08003333,5.335556
96.05,45.40602,0.08003333,155.8203,5.335556,0.08003333,5.335556
96.06,45.41715,0.08006667,155.8584,5.337778,0.08006667,5.337778
96.07,45.4251,0.08006667,155.8857,5.337778,0.08006667,5.337778
96.08,45.42192,0.08006667,155.8748,5.337778,0.08006667,5.337778
96.09,45.41397,0.08006667,155.8475,5.337778,0.08006667,5.337778
96.1,45.41238,0.0801,155.8421,5.34,0.0801,5.34
96.11,45.41715,0.0801,155.8584,5.34,0.0801,5.34
96.12,45.42987,0.0801,155.9021,5.34,0.0801,5.34
96.13,45.44735,0.0801,155.9621,5.34,0.0801,5.34
96.14,45.46642,0.08013333,156.0275,5.342222,0.08013333,5.342222
96.15,45.47119,0.08013333,156.0439,5.342222,0.08013333,5.342222
96.16,45.4696,0.08013333,156.0384,5.342222,0.08013333,5.342222
96.17,45.4696,0.08013333,156.0384,5.342222,0.08013333,5.342222
96.18,45.48232,0.08016667,156.0821,5.344444,0.08016667,5.344444
96.19,45.49503,0.08016667,156.1257,5.344444,0.08016667,5.344444
96.2,45.49821,0.08016667,156.1366,5.344444,0.08016667,5.344444
96.21,45.49821,0.08016667,156.1366,5.344444,0.08016667,5.344444
96.22,45.49821,0.0802,156.1366,5.346667,0.0802,5.346667
96.23,45.49821,0.0802,156.1366,5.346667,0.0802,5.346667
96.24,45.50457,0.0802,156.1584,5.346667,0.0802,5.346667
96.25,45.51888,0.0802,156.2075,5.346667,0.0802,5.346667
96.26,45.52841,0.08023334,156.2402,5.348889,0.08023334,5.348889
96.27,45.53636,0.08023334,156.2675,5.348889,0.08023334,5.348889
96.28,45.54431,0.08023334,156.2948,5.348889,0.08023334,5.348889
96.29,45.55543,0.08023334,156.333,5.348889,0.08023334,5.348889
96.3,45.5602,0.08026667,156.3493,5.351111,0.08026667,5.351111
96.31,45.56815,0.08026667,156.3766,5.351111,0.08026667,5.351111
96.32,45.57769,0.08026667,156.4093,5.351111,0.08026667,5.351111
96.33,45.58404,0.08026667,156.4312,5.351111,0.08026667,5.351111
96.34,45.5761,0.0803,156.4039,5.353333,0.0803,5.353333
96.35,45.56497,0.0803,156.3657,5.353333,0.0803,5.353333
96.36,45.56497,0.0803,156.3657,5.353333,0.0803,5.353333
96.37,45.57292,0.0803,156.393,5.353333,0.0803,5.353333
96.38,45.58086,0.08033334,156.4203,5.355556,0.08033334,5.355556
96.39,45.5761,0.08033334,156.4039,5.355556,0.08033334,5.355556
96.4,45.56974,0.08033334,156.3821,5.355556,0.08033334,5.355556
96.41,45.57292,0.08033334,156.393,5.355556,0.08033334,5.355556
96.42,45.5761,0.08036667,156.4039,5.357778,0.08036667,5.357778
96.43,45.5761,0.08036667,156.4039,5.357778,0.08036667,5.357778
96.44,45.58086,0.08036667,156.4203,5.357778,0.08036667,5.357778
96.45,45.59676,0.08036667,156.4748,5.357778,0.08036667,5.357778
96.46,45.60947,0.0804,156.5184,5.36,0.0804,5.36
96.47,45.61265,0.0804,156.5293,5.36,0.0804,5.36
96.48,45.61742,0.0804,156.5457,5.36,0.0804,5.36
96.49,45.62219,0.0804,156.5621,5.36,0.0804,5.36
96.5,45.62696,0.08043333,156.5784,5.362222,0.08043333,5.362222
96.51,45.63808,0.08043333,156.6166,5.362222,0.08043333,5.362222
96.52,45.65398,0.08043333,156.6712,5.362222,0.08043333,5.362222
96.53,45.66669,0.08043333,156.7148,5.362222,0.08043333,5.362222
96.54,45.67464,0.08046667,156.7421,5.364444,0.08046667,5.364444
96.55,45.68418,0.08046667,156.7748,5.364444,0.08046667,5.364444
96.56,45.69848,0.08046667,156.8239,5.364444,0.08046667,5.364444
96.57,45.70007,0.08046667,156.8293,5.364444,0.08046667,5.364444
96.58,45.69213,0.0805,156.8021,5.366667,0.0805,5.366667
96.59,45.68259,0.0805,156.7693,5.366667,0.0805,5.366667
96.6,45.68259,0.0805,156.7693,5.366667,0.0805,5.366667
96.61,45.69054,0.0805,156.7966,5.366667,0.0805,5.366667
96.62,45.70007,0.08053333,156.8293,5.368889,0.08053333,5.368889
96.63,45.6953,0.08053333,156.813,5.368889,0.08053333,5.368889
96.64,45.67941,0.08053333,156.7584,5.368889,0.08053333,5.368889
96.65,45.67146,0.08053333,156.7312,5.368889,0.08053333,5.368889
96.66,45.68259,0.08056667,156.7693,5.371111,0.08056667,5.371111
96.67,45.70325,0.08056667,156.8403,5.371111,0.08056667,5.371111
96.68,45.72392,0.08056667,156.9112,5.371111,0.08056667,5.371111
96.69,45.73504,0.08056667,156.9494,5.371111,0.08056667,5.371111
96.7,45.74458,0.0806,156.9821,5.373333,0.0806,5.373333
96.71,45.75253,0.0806,157.0093,5.373333,0.0806,5.373333
96.72,45.75253,0.0806,157.0093,5.373333,0.0806,5.373333
96.73,45.74935,0.0806,156.9984,5.373333,0.0806,5.373333
96.74,45.75729,0.08063333,157.0257,5.375556,0.08063333,5.375556
96.75,45.77319,0.08063333,157.0803,5.375556,0.08063333,5.375556
96.76,45.78114,0.08063333,157.1075,5.375556,0.08063333,5.375556
96.77,45.77796,0.08063333,157.0966,5.375556,0.08063333,5.375556
96.78,45.77319,0.08066667,157.0803,5.377778,0.08066667,5.377778
96.79,45.76524,0.08066667,157.053,5.377778,0.08066667,5.377778
96.8,45.7557,0.08066667,157.0202,5.377778,0.08066667,5.377778
96.81,45.7557,0.08066667,157.0202,5.377778,0.08066667,5.377778
96.82,45.77001,0.0807,157.0693,5.38,0.0807,5.38
96.83,45.79703,0.0807,157.1621,5.38,0.0807,5.38
96.84,45.82087,0.0807,157.2439,5.38,0.0807,5.38
96.85,45.83359,0.0807,157.2875,5.38,0.0807,5.38
96.86,45.83518,0.08073334,157.293,5.382223,0.08073334,5.382223
96.87,45.83518,0.08073334,157.293,5.382223,0.08073334,5.382223
96.88,45.84153,0.08073334,157.3148,5.382223,0.08073334,5.382223
96.89,45.8463,0.08073334,157.3312,5.382223,0.08073334,5.382223
96.9,45.85107,0.08076667,157.3475,5.384445,0.08076667,5.384445
96.91,45.85107,0.08076667,157.3475,5.384445,0.08076667,5.384445
96.92,45.8463,0.08076667,157.3312,5.384445,0.08076667,5.384445
96.93,45.84312,0.08076667,157.3203,5.384445,0.08076667,5.384445
96.94,45.85425,0.0808,157.3584,5.386667,0.0808,5.386667
96.95,45.87014,0.0808,157.413,5.386667,0.0808,5.386667
96.96,45.88445,0.0808,157.4621,5.386667,0.0808,5.386667
96.97,45.88763,0.0808,157.473,5.386667,0.0808,5.386667
96.98,45.88445,0.08083333,157.4621,5.388889,0.08083333,5.388889
96.99,45.88286,0.08083333,157.4566,5.388889,0.08083333,5.388889
97.0,45.89558,0.08083333,157.5003,5.388889,0.08083333,5.388889
97.01,45.92101,0.08083333,157.5875,5.388889,0.08083333,5.388889
97.02,45.94008,0.08086666,157.653,5.391111,0.08086666,5.391111
97.03,45.94008,0.08086666,157.653,5.391111,0.08086666,5.391111
97.04,45.92419,0.08086666,157.5984,5.391111,0.08086666,5.391111
97.05,45.91306,0.08086666,157.5603,5.391111,0.08086666,5.391111
97.06,45.92101,0.0809,157.5875,5.393333,0.0809,5.393333
97.07,45.94485,0.0809,157.6694,5.393333,0.0809,5.393333
97.08,45.96392,0.0809,157.7348,5.393333,0.0809,5.393333
97.09,45.96551,0.0809,157.7402,5.393333,0.0809,5.393333
97.1,45.96551,0.08093333,157.7402,5.395555,0.08093333,5.395555
97.11,45.97346,0.08093333,157.7675,5.395555,0.08093333,5.395555
97.12,45.98618,0.08093333,157.8112,5.395555,0.08093333,5.395555
97.13,45.9973,0.08093333,157.8493,5.395555,0.08093333,5.395555
97.14,45.9973,0.08096667,157.8493,5.397778,0.08096667,5.397778
97.15,46.00525,0.08096667,157.8766,5.397778,0.08096667,5.397778
97.16,46.01479,0.08096667,157.9093,5.397778,0.08096667,5.397778
97.17,46.02114,0.08096667,157.9312,5.397778,0.08096667,5.397778
97.18,46.01796,0.081,157.9203,5.4,0.081,5.4
97.19,46.01796,0.081,157.9203,5.4,0.081,5.4
97.2,46.02114,0.081,157.9312,5.4,0.081,5.4
97.21,46.02273,0.081,157.9366,5.4,0.081,5.4
97.22,46.0275,0.08103333,157.953,5.402222,0.08103333,5.402222
97.23,46.03068,0.08103333,157.9639,5.402222,0.08103333,5.402222
97.24,46.03068,0.08103333,157.9639,5.402222,0.08103333,5.402222
97.25,46.02591,0.08103333,157.9475,5.402222,0.08103333,5.402222
97.26,46.02591,0.08106667,157.9475,5.404445,0.08106667,5.404445
97.27,46.03863,0.08106667,157.9912,5.404445,0.08106667,5.404445
97.28,46.05929,0.08106667,158.0621,5.404445,0.08106667,5.404445
97.29,46.06724,0.08106667,158.0893,5.404445,0.08106667,5.404445
97.3,46.07042,0.0811,158.1003,5.406667,0.0811,5.406667
97.31,46.07518,0.0811,158.1166,5.406667,0.0811,5.406667
97.32,46.0879,0.0811,158.1603,5.406667,0.0811,5.406667
97.33,46.10062,0.0811,158.2039,5.406667,0.0811,5.406667
97.34,46.10698,0.08113334,158.2257,5.408889,0.08113334,5.408889
97.35,46.10698,0.08113334,158.2257,5.408889,0.08113334,5.408889
97.36,46.10379,0.08113334,158.2148,5.408889,0.08113334,5.408889
97.37,46.09267,0.08113334,158.1766,5.408889,0.08113334,5.408889
97.38,46.07995,0.08116667,158.133,5.411111,0.08116667,5.411111
97.39,46.07042,0.08116667,158.1003,5.411111,0.08116667,5.411111
97.4,46.07042,0.08116667,158.1003,5.411111,0.08116667,5.411111
97.41,46.0879,0.08116667,158.1603,5.411111,0.08116667,5.411111
97.42,46.11492,0.0812,158.253,5.413333,0.0812,5.413333
97.43,46.12923,0.0812,158.3021,5.413333,0.0812,5.413333
97.44,46.12128,0.0812,158.2748,5.413333,0.0812,5.413333
97.45,46.09903,0.0812,158.1984,5.413333,0.0812,5.413333
97.46,46.08313,0.08123334,158.1439,5.415556,0.08123334,5.415556
97.47,46.09108,0.08123334,158.1712,5.415556,0.08123334,5.415556
97.48,46.10856,0.08123334,158.2312,5.415556,0.08123334,5.415556
97.49,46.11969,0.08123334,158.2693,5.415556,0.08123334,5.415556
97.5,46.11969,0.08126666,158.2693,5.417778,0.08126666,5.417778
97.51,46.12923,0.08126666,158.3021,5.417778,0.08126666,5.417778
97.52,46.1483,0.08126666,158.3675,5.417778,0.08126666,5.417778
97.53,46.15784,0.08126666,158.4003,5.417778,0.08126666,5.417778
97.54,46.15625,0.0813,158.3948,5.42,0.0813,5.42
97.55,46.14989,0.0813,158.373,5.42,0.0813,5.42
97.56,46.1483,0.0813,158.3675,5.42,0.0813,5.42
97.57,46.14353,0.0813,158.3512,5.42,0.0813,5.42
97.58,46.14035,0.08133333,158.3403,5.422222,0.08133333,5.422222
97.59,46.13559,0.08133333,158.3239,5.422222,0.08133333,5.422222
97.6,46.1324,0.08133333,158.313,5.422222,0.08133333,5.422222
97.61,46.13717,0.08133333,158.3293,5.422222,0.08133333,5.422222
97.62,46.15625,0.08136667,158.3948,5.424444,0.08136667,5.424444
97.63,46.18645,0.08136667,158.4984,5.424444,0.08136667,5.424444
97.64,46.20711,0.08136667,158.5694,5.424444,0.08136667,5.424444
97.65,46.21824,0.08136667,158.6075,5.424444,0.08136667,5.424444
97.66,46.22618,0.0814,158.6348,5.426667,0.0814,5.426667
97.67,46.23572,0.0814,158.6675,5.426667,0.0814,5.426667
97.68,46.23572,0.0814,158.6675,5.426667,0.0814,5.426667
97.69,46.21824,0.0814,158.6075,5.426667,0.0814,5.426667
97.7,46.20552,0.08143333,158.5639,5.428889,0.08143333,5.428889
97.71,46.21347,0.08143333,158.5912,5.428889,0.08143333,5.428889
97.72,46.23095,0.08143333,158.6512,5.428889,0.08143333,5.428889
97.73,46.2389,0.08143333,158.6784,5.428889,0.08143333,5.428889
97.74,46.22936,0.08146667,158.6457,5.431111,0.08146667,5.431111
97.75,46.21029,0.08146667,158.5803,5.431111,0.08146667,5.431111
97.76,46.20552,0.08146667,158.5639,5.431111,0.08146667,5.431111
97.77,46.223,0.08146667,158.6239,5.431111,0.08146667,5.431111
97.78,46.2548,0.0815,158.733,5.433333,0.0815,5.433333
97.79,46.27546,0.0815,158.8039,5.433333,0.0815,5.433333
97.8,46.27864,0.0815,158.8148,5.433333,0.0815,5.433333
97.81,46.27228,0.0815,158.793,5.433333,0.0815,5.433333
97.82,46.26751,0.08153334,158.7766,5.435555,0.08153334,5.435555
97.83,46.26751,0.08153334,158.7766,5.435555,0.08153334,5.435555
97.84,46.27228,0.08153334,158.793,5.435555,0.08153334,5.435555
97.85,46.27864,0.08153334,158.8148,5.435555,0.08153334,5.435555
97.86,46.27864,0.08156667,158.8148,5.437778,0.08156667,5.437778
97.87,46.27546,0.08156667,158.8039,5.437778,0.08156667,5.437778
97.88,46.28817,0.08156667,158.8475,5.437778,0.08156667,5.437778
97.89,46.30883,0.08156667,158.9184,5.437778,0.08156667,5.437778
97.9,46.32473,0.0816,158.973,5.44,0.0816,5.44
97.91,46.3295,0.0816,158.9893,5.44,0.0816,5.44
97.92,46.32791,0.0816,158.9839,5.44,0.0816,5.44
97.93,46.33586,0.0816,159.0112,5.44,0.0816,5.44
97.94,46.35652,0.08163334,159.0821,5.442223,0.08163334,5.442223
97.95,46.37877,0.08163334,159.1584,5.442223,0.08163334,5.442223
97.96,46.3899,0.08163334,159.1966,5.442223,0.08163334,5.442223
97.97,46.3899,0.08163334,159.1966,5.442223,0.08163334,5.442223
97.98,46.3899,0.08166667,159.1966,5.444445,0.08166667,5.444445
97.99,46.39308,0.08166667,159.2075,5.444445,0.08166667,5.444445
98.0,46.39308,0.08166667,159.2075,5.444445,0.08166667,5.444445
98.01,46.39308,0.08166667,159.2075,5.444445,0.08166667,5.444445
98.02,46.39466,0.0817,159.213,5.446667,0.0817,5.446667
98.03,46.40261,0.0817,159.2403,5.446667,0.0817,5.446667
98.04,46.41056,0.0817,159.2675,5.446667,0.0817,5.446667
98.05,46.41056,0.0817,159.2675,5.446667,0.0817,5.446667
98.06,46.41056,0.08173333,159.2675,5.448889,0.08173333,5.448889
98.07,46.40738,0.08173333,159.2566,5.448889,0.08173333,5.448889
98.08,46.40579,0.08173333,159.2512,5.448889,0.08173333,5.448889
98.09,46.40579,0.08173333,159.2512,5.448889,0.08173333,5.448889
98.1,46.41533,0.08176666,159.2839,5.451111,0.08176666,5.451111
98.11,46.4344,0.08176666,159.3493,5.451111,0.08176666,5.451111
98.12,46.4503,0.08176666,159.4039,5.451111,0.08176666,5.451111
98.13,46.45507,0.08176666,159.4203,5.451111,0.08176666,5.451111
98.14,46.45824,0.0818,159.4312,5.453333,0.0818,5.453333
98.15,46.45984,0.0818,159.4366,5.453333,0.0818,5.453333
98.16,46.46301,0.0818,159.4475,5.453333,0.0818,5.453333
98.17,46.4646,0.0818,159.453,5.453333,0.0818,5.453333
98.18,46.47573,0.08183333,159.4912,5.455555,0.08183333,5.455555
98.19,46.48845,0.08183333,159.5348,5.455555,0.08183333,5.455555
98.2,46.49162,0.08183333,159.5457,5.455555,0.08183333,5.455555
98.21,46.48685,0.08183333,159.5293,5.455555,0.08183333,5.455555
98.22,46.4805,0.08186667,159.5075,5.457778,0.08186667,5.457778
98.23,46.48368,0.08186667,159.5184,5.457778,0.08186667,5.457778
98.24,46.49321,0.08186667,159.5512,5.457778,0.08186667,5.457778
98.25,46.50116,0.08186667,159.5784,5.457778,0.08186667,5.457778
98.26,46.50434,0.0819,159.5893,5.46,0.0819,5.46
98.27,46.50434,0.0819,159.5893,5.46,0.0819,5.46
98.28,46.50752,0.0819,159.6003,5.46,0.0819,5.46
98.29,46.50116,0.0819,159.5784,5.46,0.0819,5.46
98.3,46.49321,0.08193333,159.5512,5.462222,0.08193333,5.462222
98.31,46.49162,0.08193333,159.5457,5.462222,0.08193333,5.462222
98.32,46.49321,0.08193333,159.5512,5.462222,0.08193333,5.462222
98.33,46.49321,0.08193333,159.5512,5.462222,0.08193333,5.462222
98.34,46.49639,0.08196667,159.5621,5.464445,0.08196667,5.464445
98.35,46.50752,0.08196667,159.6003,5.464445,0.08196667,5.464445
98.36,46.51706,0.08196667,159.633,5.464445,0.08196667,5.464445
98.37,46.51229,0.08196667,159.6166,5.464445,0.08196667,5.464445
98.38,46.50434,0.082,159.5893,5.466667,0.082,5.466667
98.39,46.51546,0.082,159.6275,5.466667,0.082,5.466667
98.4,46.52977,0.082,159.6766,5.466667,0.082,5.466667
98.41,46.53295,0.082,159.6875,5.466667,0.082,5.466667
98.42,46.525,0.08203334,159.6603,5.468889,0.08203334,5.468889
98.43,46.52977,0.08203334,159.6766,5.468889,0.08203334,5.468889
98.44,46.55679,0.08203334,159.7693,5.468889,0.08203334,5.468889
98.45,46.58222,0.08203334,159.8566,5.468889,0.08203334,5.468889
98.46,46.59017,0.08206667,159.8839,5.471111,0.08206667,5.471111
98.47,46.57904,0.08206667,159.8457,5.471111,0.08206667,5.471111
98.48,46.56474,0.08206667,159.7966,5.471111,0.08206667,5.471111
98.49,46.56474,0.08206667,159.7966,5.471111,0.08206667,5.471111
98.5,46.58222,0.0821,159.8566,5.473333,0.0821,5.473333
98.51,46.59494,0.0821,159.9003,5.473333,0.0821,5.473333
98.52,46.6013,0.0821,159.9221,5.473333,0.0821,5.473333
98.53,46.60924,0.0821,159.9493,5.473333,0.0821,5.473333
98.54,46.62673,0.08213334,160.0094,5.475556,0.08213334,5.475556
98.55,46.65216,0.08213334,160.0966,5.475556,0.08213334,5.475556
98.56,46.67282,0.08213334,160.1675,5.475556,0.08213334,5.475556
98.57,46.68077,0.08213334,160.1948,5.475556,0.08213334,5.475556
98.58,46.67918,0.08216666,160.1893,5.477777,0.08216666,5.477777
98.59,46.66805,0.08216666,160.1512,5.477777,0.08216666,5.477777
98.6,46.66011,0.08216666,160.1239,5.477777,0.08216666,5.477777
98.61,46.66011,0.08216666,160.1239,5.477777,0.08216666,5.477777
98.62,46.66646,0.0822,160.1457,5.48,0.0822,5.48
98.63,46.67282,0.0822,160.1675,5.48,0.0822,5.48
98.64,46.676,0.0822,160.1784,5.48,0.0822,5.48
98.65,46.67123,0.0822,160.1621,5.48,0.0822,5.48
98.66,46.66328,0.08223333,160.1348,5.482222,0.08223333,5.482222
98.67,46.66646,0.08223333,160.1457,5.482222,0.08223333,5.482222
98.68,46.676,0.08223333,160.1784,5.482222,0.08223333,5.482222
98.69,46.68395,0.08223333,160.2057,5.482222,0.08223333,5.482222
98.7,46.68713,0.08226667,160.2166,5.484445,0.08226667,5.484445
98.71,46.69189,0.08226667,160.233,5.484445,0.08226667,5.484445
98.72,46.70143,0.08226667,160.2657,5.484445,0.08226667,5.484445
98.73,46.70938,0.08226667,160.293,5.484445,0.08226667,5.484445
98.74,46.71574,0.0823,160.3148,5.486667,0.0823,5.486667
98.75,46.7205,0.0823,160.3312,5.486667,0.0823,5.486667
98.76,46.73004,0.0823,160.3639,5.486667,0.0823,5.486667
98.77,46.74117,0.0823,160.4021,5.486667,0.0823,5.486667
98.78,46.74435,0.08233333,160.413,5.488889,0.08233333,5.488889
98.79,46.73322,0.08233333,160.3748,5.488889,0.08233333,5.488889
98.8,46.7364,0.08233333,160.3857,5.488889,0.08233333,5.488889
98.81,46.74911,0.08233333,160.4294,5.488889,0.08233333,5.488889
98.82,46.75865,0.08236667,160.4621,5.491111,0.08236667,5.491111
98.83,46.75388,0.08236667,160.4457,5.491111,0.08236667,5.491111
98.84,46.74117,0.08236667,160.4021,5.491111,0.08236667,5.491111
98.85,46.73799,0.08236667,160.3912,5.491111,0.08236667,5.491111
98.86,46.74594,0.0824,160.4184,5.493333,0.0824,5.493333
98.87,46.76183,0.0824,160.473,5.493333,0.0824,5.493333
98.88,46.7809,0.0824,160.5384,5.493333,0.0824,5.493333
98.89,46.79521,0.0824,160.5875,5.493333,0.0824,5.493333
98.9,46.80316,0.08243334,160.6148,5.495556,0.08243334,5.495556
98.91,46.80157,0.08243334,160.6093,5.495556,0.08243334,5.495556
98.92,46.78726,0.08243334,160.5603,5.495556,0.08243334,5.495556
98.93,46.7809,0.08243334,160.5384,5.495556,0.08243334,5.495556
98.94,46.79521,0.08246667,160.5875,5.497778,0.08246667,5.497778
98.95,46.827,0.08246667,160.6966,5.497778,0.08246667,5.497778
98.96,46.85084,0.08246667,160.7784,5.497778,0.08246667,5.497778
98.97,46.85879,0.08246667,160.8057,5.497778,0.08246667,5.497778
98.98,46.85879,0.0825,160.8057,5.5,0.0825,5.5
98.99,46.85561,0.0825,160.7948,5.5,0.0825,5.5
99.0,46.84448,0.0825,160.7566,5.5,0.0825,5.5
99.01,46.83495,0.0825,160.7239,5.5,0.0825,5.5
99.02,46.83495,0.08253334,160.7239,5.502223,0.08253334,5.502223
99.03,46.84289,0.08253334,160.7512,5.502223,0.08253334,5.502223
99.04,46.84448,0.08253334,160.7566,5.502223,0.08253334,5.502223
99.05,46.83812,0.08253334,160.7348,5.502223,0.08253334,5.502223
99.06,46.83018,0.08256667,160.7075,5.504445,0.08256667,5.504445
99.07,46.827,0.08256667,160.6966,5.504445,0.08256667,5.504445
99.08,46.827,0.08256667,160.6966,5.504445,0.08256667,5.504445
99.09,46.83018,0.08256667,160.7075,5.504445,0.08256667,5.504445
99.1,46.83971,0.0826,160.7403,5.506667,0.0826,5.506667
99.11,46.85561,0.0826,160.7948,5.506667,0.0826,5.506667
99.12,46.86673,0.0826,160.833,5.506667,0.0826,5.506667
99.13,46.8715,0.0826,160.8493,5.506667,0.0826,5.506667
99.14,46.87309,0.08263333,160.8548,5.508889,0.08263333,5.508889
99.15,46.87309,0.08263333,160.8548,5.508889,0.08263333,5.508889
99.16,46.87627,0.08263333,160.8657,5.508889,0.08263333,5.508889
99.17,46.88899,0.08263333,160.9093,5.508889,0.08263333,5.508889
99.18,46.90488,0.08266667,160.9639,5.511111,0.08266667,5.511111
99.19,46.90488,0.08266667,160.9639,5.511111,0.08266667,5.511111
99.2,46.90011,0.08266667,160.9475,5.511111,0.08266667,5.511111
99.21,46.9017,0.08266667,160.953,5.511111,0.08266667,5.511111
99.22,46.92078,0.0827,161.0184,5.513333,0.0827,5.513333
99.23,46.94621,0.0827,161.1057,5.513333,0.0827,5.513333
99.24,46.9621,0.0827,161.1603,5.513333,0.0827,5.513333
99.25,46.95892,0.0827,161.1494,5.513333,0.0827,5.513333
99.26,46.95733,0.08273333,161.1439,5.515555,0.08273333,5.515555
99.27,46.9621,0.08273333,161.1603,5.515555,0.08273333,5.515555
99.28,46.9621,0.08273333,161.1603,5.515555,0.08273333,5.515555
99.29,46.95892,0.08273333,161.1494,5.515555,0.08273333,5.515555
99.3,46.95733,0.08276667,161.1439,5.517778,0.08276667,5.517778
99.31,46.9621,0.08276667,161.1603,5.517778,0.08276667,5.517778
99.32,46.96687,0.08276667,161.1766,5.517778,0.08276667,5.517778
99.33,46.96687,0.08276667,161.1766,5.517778,0.08276667,5.517778
99.34,46.95733,0.0828,161.1439,5.52,0.0828,5.52
99.35,46.94462,0.0828,161.1003,5.52,0.0828,5.52
99.36,46.94462,0.0828,161.1003,5.52,0.0828,5.52
99.37,46.95415,0.0828,161.133,5.52,0.0828,5.52
99.38,46.9621,0.08283333,161.1603,5.522223,0.08283333,5.522223
99.39,46.96687,0.08283333,161.1766,5.522223,0.08283333,5.522223
99.4,46.97323,0.08283333,161.1984,5.522223,0.08283333,5.522223
99.41,46.978,0.08283333,161.2148,5.522223,0.08283333,5.522223
99.42,46.98594,0.08286667,161.2421,5.524445,0.08286667,5.524445
99.43,46.99071,0.08286667,161.2584,5.524445,0.08286667,5.524445
99.44,46.98594,0.08286667,161.2421,5.524445,0.08286667,5.524445
99.45,46.98594,0.08286667,161.2421,5.524445,0.08286667,5.524445
99.46,46.99548,0.0829,161.2748,5.526667,0.0829,5.526667
99.47,47.00978,0.0829,161.3239,5.526667,0.0829,5.526667
99.48,47.01455,0.0829,161.3403,5.526667,0.0829,5.526667
99.49,47.01614,0.0829,161.3457,5.526667,0.0829,5.526667
99.5,47.01932,0.08293334,161.3566,5.528889,0.08293334,5.528889
99.51,47.02727,0.08293334,161.3839,5.528889,0.08293334,5.528889
99.52,47.03839,0.08293334,161.4221,5.528889,0.08293334,5.528889
99.53,47.04793,0.08293334,161.4548,5.528889,0.08293334,5.528889
99.54,47.05588,0.08296667,161.4821,5.531111,0.08296667,5.531111
99.55,47.05588,0.08296667,161.4821,5.531111,0.08296667,5.531111
99.56,47.05588,0.08296667,161.4821,5.531111,0.08296667,5.531111
99.57,47.05906,0.08296667,161.493,5.531111,0.08296667,5.531111
99.58,47.06383,0.083,161.5094,5.533334,0.083,5.533334
99.59,47.07336,0.083,161.5421,5.533334,0.083,5.533334
99.6,47.08449,0.083,161.5803,5.533334,0.083,5.533334
99.61,47.08926,0.083,161.5966,5.533334,0.083,5.533334
99.62,47.07972,0.08303333,161.5639,5.535555,0.08303333,5.535555
99.63,47.06701,0.08303333,161.5203,5.535555,0.08303333,5.535555
99.64,47.06065,0.08303333,161.4984,5.535555,0.08303333,5.535555
99.65,47.06701,0.08303333,161.5203,5.535555,0.08303333,5.535555
99.66,47.08131,0.08306666,161.5694,5.537777,0.08306666,5.537777
99.67,47.09562,0.08306666,161.6184,5.537777,0.08306666,5.537777
99.68,47.10515,0.08306666,161.6512,5.537777,0.08306666,5.537777
99.69,47.1131,0.08306666,161.6785,5.537777,0.08306666,5.537777
99.7,47.12105,0.0831,161.7057,5.54,0.0831,5.54
99.71,47.13218,0.0831,161.7439,5.54,0.0831,5.54
99.72,47.14489,0.0831,161.7875,5.54,0.0831,5.54
99.73,47.16079,0.0831,161.8421,5.54,0.0831,5.54
99.74,47.16714,0.08313333,161.8639,5.542222,0.08313333,5.542222
99.75,47.1735,0.08313333,161.8857,5.542222,0.08313333,5.542222
99.76,47.17509,0.08313333,161.8912,5.542222,0.08313333,5.542222
99.77,47.18304,0.08313333,161.9184,5.542222,0.08313333,5.542222
99.78,47.1894,0.08316667,161.9403,5.544445,0.08316667,5.544445
99.79,47.19098,0.08316667,161.9457,5.544445,0.08316667,5.544445
99.8,47.19098,0.08316667,161.9457,5.544445,0.08316667,5.544445
99.81,47.18304,0.08316667,161.9184,5.544445,0.08316667,5.544445
99.82,47.17032,0.0832,161.8748,5.546667,0.0832,5.546667
99.83,47.17032,0.0832,161.8748,5.546667,0.0832,5.546667
99.84,47.18145,0.0832,161.913,5.546667,0.0832,5.546667
99.85,47.19575,0.0832,161.9621,5.546667,0.0832,5.546667
99.86,47.21482,0.08323333,162.0275,5.548889,0.08323333,5.548889
99.87,47.23867,0.08323333,162.1093,5.548889,0.08323333,5.548889
99.88,47.25615,0.08323333,162.1694,5.548889,0.08323333,5.548889
99.89,47.2641,0.08323333,162.1966,5.548889,0.08323333,5.548889
99.9,47.26092,0.08326667,162.1857,5.551111,0.08326667,5.551111
99.91,47.26728,0.08326667,162.2075,5.551111,0.08326667,5.551111
99.92,47.28158,0.08326667,162.2566,5.551111,0.08326667,5.551111
99.93,47.29748,0.08326667,162.3112,5.551111,0.08326667,5.551111
99.94,47.29589,0.0833,162.3057,5.553333,0.0833,5.553333
99.95,47.28794,0.0833,162.2784,5.553333,0.0833,5.553333
99.96,47.28794,0.0833,162.2784,5.553333,0.0833,5.553333
99.97,47.30066,0.0833,162.3221,5.553333,0.0833,5.553333
99.98,47.30384,0.08333334,162.333,5.555556,0.08333334,5.555556
99.99,47.28953,0.08333334,162.2839,5.555556,0.08333334,5.555556
100.0,47.27999,0.08333334,162.2512,5.555556,0.08333334,5.555556
100.01,47.27999,0.08333334,162.2512,5.555556,0.08333334,5.555556
100.02,47.27999,0.08336667,162.2512,5.557778,0.08336667,5.557778
100.03,47.27681,0.08336667,162.2403,5.557778,0.08336667,5.557778
100.04,47.27999,0.08336667,162.2512,5.557778,0.08336667,5.557778
100.05,47.28794,0.08336667,162.2784,5.557778,0.08336667,5.557778
100.06,47.29589,0.0834,162.3057,5.56,0.0834,5.56
100.07,47.29271,0.0834,162.2948,5.56,0.0834,5.56
100.08,47.28794,0.0834,162.2784,5.56,0.0834,5.56
100.09,47.29271,0.0834,162.2948,5.56,0.0834,5.56
100.1,47.31655,0.08343334,162.3766,5.562222,0.08343334,5.562222
100.11,47.33722,0.08343334,162.4475,5.562222,0.08343334,5.562222
100.12,47.33403,0.08343334,162.4366,5.562222,0.08343334,5.562222
100.13,47.31814,0.08343334,162.3821,5.562222,0.08343334,5.562222
100.14,47.31655,0.08346666,162.3766,5.564444,0.08346666,5.564444
100.15,47.33245,0.08346666,162.4312,5.564444,0.08346666,5.564444
100.16,47.34993,0.08346666,162.4912,5.564444,0.08346666,5.564444
100.17,47.36106,0.08346666,162.5294,5.564444,0.08346666,5.564444
100.18,47.36583,0.0835,162.5457,5.566667,0.0835,5.566667
100.19,47.37059,0.0835,162.5621,5.566667,0.0835,5.566667
100.2,47.37536,0.0835,162.5784,5.566667,0.0835,5.566667
100.21,47.38649,0.0835,162.6166,5.566667,0.0835,5.566667
100.22,47.3992,0.08353333,162.6603,5.568889,0.08353333,5.568889
100.23,47.4151,0.08353333,162.7148,5.568889,0.08353333,5.568889
100.24,47.42305,0.08353333,162.7421,5.568889,0.08353333,5.568889
100.25,47.41828,0.08353333,162.7257,5.568889,0.08353333,5.568889
100.26,47.41033,0.08356667,162.6984,5.571111,0.08356667,5.571111
100.27,47.40238,0.08356667,162.6712,5.571111,0.08356667,5.571111
100.28,47.39444,0.08356667,162.6439,5.571111,0.08356667,5.571111
100.29,47.39602,0.08356667,162.6494,5.571111,0.08356667,5.571111
100.3,47.40715,0.0836,162.6875,5.573333,0.0836,5.573333
100.31,47.41986,0.0836,162.7312,5.573333,0.0836,5.573333
100.32,47.43099,0.0836,162.7693,5.573333,0.0836,5.573333
100.33,47.43576,0.0836,162.7857,5.573333,0.0836,5.573333
100.34,47.44053,0.08363333,162.8021,5.575556,0.08363333,5.575556
100.35,47.45642,0.08363333,162.8566,5.575556,0.08363333,5.575556
100.36,47.47709,0.08363333,162.9275,5.575556,0.08363333,5.575556
100.37,47.4898,0.08363333,162.9712,5.575556,0.08363333,5.575556
100.38,47.4898,0.08366667,162.9712,5.577778,0.08366667,5.577778
100.39,47.47709,0.08366667,162.9275,5.577778,0.08366667,5.577778
100.4,47.4755,0.08366667,162.9221,5.577778,0.08366667,5.577778
100.41,47.48821,0.08366667,162.9657,5.577778,0.08366667,5.577778
100.42,47.49775,0.0837,162.9984,5.58,0.0837,5.58
100.43,47.49775,0.0837,162.9984,5.58,0.0837,5.58
100.44,47.4898,0.0837,162.9712,5.58,0.0837,5.58
100.45,47.48503,0.0837,162.9548,5.58,0.0837,5.58
100.46,47.4898,0.08373334,162.9712,5.582222,0.08373334,5.582222
100.47,47.50093,0.08373334,163.0094,5.582222,0.08373334,5.582222
100.48,47.51046,0.08373334,163.0421,5.582222,0.08373334,5.582222
100.49,47.51841,0.08373334,163.0694,5.582222,0.08373334,5.582222
100.5,47.52477,0.08376667,163.0912,5.584445,0.08376667,5.584445
100.51,47.51841,0.08376667,163.0694,5.584445,0.08376667,5.584445
100.52,47.51841,0.08376667,163.0694,5.584445,0.08376667,5.584445
100.53,47.52636,0.08376667,163.0966,5.584445,0.08376667,5.584445
100.54,47.53431,0.0838,163.1239,5.586667,0.0838,5.586667
100.55,47.53272,0.0838,163.1185,5.586667,0.0838,5.586667
100.56,47.51841,0.0838,163.0694,5.586667,0.0838,5.586667
100.57,47.51365,0.0838,163.053,5.586667,0.0838,5.586667
100.58,47.52159,0.08383334,163.0803,5.588889,0.08383334,5.588889
100.59,47.53431,0.08383334,163.1239,5.588889,0.08383334,5.588889
100.6,47.5502,0.08383334,163.1785,5.588889,0.08383334,5.588889
100.61,47.5661,0.08383334,163.233,5.588889,0.08383334,5.588889
100.62,47.57881,0.08386667,163.2766,5.591111,0.08386667,5.591111
100.63,47.58676,0.08386667,163.3039,5.591111,0.08386667,5.591111
100.64,47.59153,0.08386667,163.3203,5.591111,0.08386667,5.591111
100.65,47.59153,0.08386667,163.3203,5.591111,0.08386667,5.591111
100.66,47.58358,0.0839,163.293,5.593334,0.0839,5.593334
100.67,47.57563,0.0839,163.2657,5.593334,0.0839,5.593334
100.68,47.58199,0.0839,163.2875,5.593334,0.0839,5.593334
100.69,47.60265,0.0839,163.3584,5.593334,0.0839,5.593334
100.7,47.62332,0.08393333,163.4294,5.595555,0.08393333,5.595555
100.71,47.63603,0.08393333,163.473,5.595555,0.08393333,5.595555
100.72,47.64875,0.08393333,163.5166,5.595555,0.08393333,5.595555
100.73,47.66146,0.08393333,163.5603,5.595555,0.08393333,5.595555
100.74,47.67577,0.08396666,163.6094,5.597778,0.08396666,5.597778
100.75,47.68372,0.08396666,163.6366,5.597778,0.08396666,5.597778
100.76,47.68372,0.08396666,163.6366,5.597778,0.08396666,5.597778
100.77,47.67736,0.08396666,163.6148,5.597778,0.08396666,5.597778
100.78,47.67736,0.084,163.6148,5.6,0.084,5.6
100.79,47.68054,0.084,163.6257,5.6,0.084,5.6
100.8,47.68531,0.084,163.6421,5.6,0.084,5.6
100.81,47.69007,0.084,163.6584,5.6,0.084,5.6
100.82,47.68848,0.08403333,163.653,5.602222,0.08403333,5.602222
100.83,47.68531,0.08403333,163.6421,5.602222,0.08403333,5.602222
100.84,47.68848,0.08403333,163.653,5.602222,0.08403333,5.602222
100.85,47.69643,0.08403333,163.6803,5.602222,0.08403333,5.602222
100.86,47.70438,0.08406667,163.7075,5.604445,0.08406667,5.604445
100.87,47.71709,0.08406667,163.7512,5.604445,0.08406667,5.604445
100.88,47.73299,0.08406667,163.8057,5.604445,0.08406667,5.604445
100.89,47.74094,0.08406667,163.833,5.604445,0.08406667,5.604445
100.9,47.74094,0.0841,163.833,5.606667,0.0841,5.606667
100.91,47.74253,0.0841,163.8385,5.606667,0.0841,5.606667
100.92,47.75047,0.0841,163.8657,5.606667,0.0841,5.606667
100.93,47.7473,0.0841,163.8548,5.606667,0.0841,5.606667
100.94,47.74253,0.08413333,163.8385,5.608889,0.08413333,5.608889
100.95,47.74253,0.08413333,163.8385,5.608889,0.08413333,5.608889
100.96,47.75365,0.08413333,163.8766,5.608889,0.08413333,5.608889
100.97,47.76637,0.08413333,163.9203,5.608889,0.08413333,5.608889
100.98,47.77114,0.08416667,163.9366,5.611111,0.08416667,5.611111
100.99,47.76637,0.08416667,163.9203,5.611111,0.08416667,5.611111
101.0,47.7473,0.08416667,163.8548,5.611111,0.08416667,5.611111
101.01,47.72981,0.08416667,163.7948,5.611111,0.08416667,5.611111
101.02,47.74253,0.0842,163.8385,5.613334,0.0842,5.613334
101.03,47.77591,0.0842,163.953,5.613334,0.0842,5.613334
101.04,47.80293,0.0842,164.0457,5.613334,0.0842,5.613334
101.05,47.80452,0.0842,164.0512,5.613334,0.0842,5.613334
101.06,47.79975,0.08423334,164.0348,5.615556,0.08423334,5.615556
101.07,47.79816,0.08423334,164.0294,5.615556,0.08423334,5.615556
101.08,47.80293,0.08423334,164.0457,5.615556,0.08423334,5.615556
101.09,47.79816,0.08423334,164.0294,5.615556,0.08423334,5.615556
101.1,47.78703,0.08426667,163.9912,5.617778,0.08426667,5.617778
101.11,47.78226,0.08426667,163.9748,5.617778,0.08426667,5.617778
101.12,47.78226,0.08426667,163.9748,5.617778,0.08426667,5.617778
101.13,47.78385,0.08426667,163.9803,5.617778,0.08426667,5.617778
101.14,47.79816,0.0843,164.0294,5.62,0.0843,5.62
101.15,47.81246,0.0843,164.0784,5.62,0.0843,5.62
101.16,47.82677,0.0843,164.1275,5.62,0.0843,5.62
101.17,47.8363,0.0843,164.1603,5.62,0.0843,5.62
101.18,47.84743,0.08433334,164.1985,5.622222,0.08433334,5.622222
101.19,47.8522,0.08433334,164.2148,5.622222,0.08433334,5.622222
101.2,47.8522,0.08433334,164.2148,5.622222,0.08433334,5.622222
101.21,47.84902,0.08433334,164.2039,5.622222,0.08433334,5.622222
101.22,47.8522,0.08436666,164.2148,5.624444,0.08436666,5.624444
101.23,47.85538,0.08436666,164.2257,5.624444,0.08436666,5.624444
101.24,47.85697,0.08436666,164.2312,5.624444,0.08436666,5.624444
101.25,47.86491,0.08436666,164.2585,5.624444,0.08436666,5.624444
101.26,47.87604,0.0844,164.2966,5.626667,0.0844,5.626667
101.27,47.88399,0.0844,164.3239,5.626667,0.0844,5.626667
101.28,47.88876,0.0844,164.3403,5.626667,0.0844,5.626667
101.29,47.88081,0.0844,164.313,5.626667,0.0844,5.626667
101.3,47.86809,0.08443333,164.2693,5.628889,0.08443333,5.628889
101.31,47.86491,0.08443333,164.2585,5.628889,0.08443333,5.628889
101.32,47.86968,0.08443333,164.2748,5.628889,0.08443333,5.628889
101.33,47.88081,0.08443333,164.313,5.628889,0.08443333,5.628889
101.34,47.89035,0.08446667,164.3457,5.631111,0.08446667,5.631111
101.35,47.89829,0.08446667,164.373,5.631111,0.08446667,5.631111
101.36,47.90942,0.08446667,164.4112,5.631111,0.08446667,5.631111
101.37,47.91896,0.08446667,164.4439,5.631111,0.08446667,5.631111
101.38,47.93326,0.0845,164.493,5.633333,0.0845,5.633333
101.39,47.95074,0.0845,164.553,5.633333,0.0845,5.633333
101.4,47.96187,0.0845,164.5912,5.633333,0.0845,5.633333
101.41,47.96664,0.0845,164.6075,5.633333,0.0845,5.633333
101.42,47.96982,0.08453333,164.6185,5.635556,0.08453333,5.635556
101.43,47.97459,0.08453333,164.6348,5.635556,0.08453333,5.635556
101.44,47.97618,0.08453333,164.6403,5.635556,0.08453333,5.635556
101.45,47.96187,0.08453333,164.5912,5.635556,0.08453333,5.635556
101.46,47.93803,0.08456667,164.5094,5.637778,0.08456667,5.637778
101.47,47.93008,0.08456667,164.4821,5.637778,0.08456667,5.637778
101.48,47.9428,0.08456667,164.5257,5.637778,0.08456667,5.637778
101.49,47.97141,0.08456667,164.6239,5.637778,0.08456667,5.637778
101.5,47.99843,0.0846,164.7166,5.64,0.0846,5.64
101.51,48.01273,0.0846,164.7657,5.64,0.0846,5.64
101.52,48.01273,0.0846,164.7657,5.64,0.0846,5.64
101.53,48.0032,0.0846,164.733,5.64,0.0846,5.64
101.54,47.98412,0.08463334,164.6675,5.642222,0.08463334,5.642222
101.55,47.97141,0.08463334,164.6239,5.642222,0.08463334,5.642222
101.56,47.96187,0.08463334,164.5912,5.642222,0.08463334,5.642222
101.57,47.95392,0.08463334,164.5639,5.642222,0.08463334,5.642222
101.58,47.96346,0.08466667,164.5966,5.644444,0.08466667,5.644444
101.59,47.99048,0.08466667,164.6894,5.644444,0.08466667,5.644444
101.6,48.01273,0.08466667,164.7657,5.644444,0.08466667,5.644444
101.61,48.01273,0.08466667,164.7657,5.644444,0.08466667,5.644444
101.62,48.00002,0.0847,164.7221,5.646667,0.0847,5.646667
101.63,47.99843,0.0847,164.7166,5.646667,0.0847,5.646667
101.64,48.01114,0.0847,164.7603,5.646667,0.0847,5.646667
101.65,48.03181,0.0847,164.8312,5.646667,0.0847,5.646667
101.66,48.04134,0.08473334,164.8639,5.648889,0.08473334,5.648889
101.67,48.03975,0.08473334,164.8584,5.648889,0.08473334,5.648889
101.68,48.04452,0.08473334,164.8748,5.648889,0.08473334,5.648889
101.69,48.06201,0.08473334,164.9348,5.648889,0.08473334,5.648889
101.7,48.0779,0.08476667,164.9893,5.651112,0.08476667,5.651112
101.71,48.0779,0.08476667,164.9893,5.651112,0.08476667,5.651112
101.72,48.07631,0.08476667,164.9839,5.651112,0.08476667,5.651112
101.73,48.08426,0.08476667,165.0112,5.651112,0.08476667,5.651112
101.74,48.09697,0.0848,165.0548,5.653333,0.0848,5.653333
101.75,48.10969,0.0848,165.0984,5.653333,0.0848,5.653333
101.76,48.11446,0.0848,165.1148,5.653333,0.0848,5.653333
101.77,48.11446,0.0848,165.1148,5.653333,0.0848,5.653333
101.78,48.11764,0.08483333,165.1257,5.655555,0.08483333,5.655555
101.79,48.11446,0.08483333,165.1148,5.655555,0.08483333,5.655555
101.8,48.10651,0.08483333,165.0875,5.655555,0.08483333,5.655555
101.81,48.10492,0.08483333,165.0821,5.655555,0.08483333,5.655555
101.82,48.10969,0.08486667,165.0984,5.657778,0.08486667,5.657778
101.83,48.11446,0.08486667,165.1148,5.657778,0.08486667,5.657778
101.84,48.12082,0.08486667,165.1366,5.657778,0.08486667,5.657778
101.85,48.13512,0.08486667,165.1857,5.657778,0.08486667,5.657778
101.86,48.15578,0.0849,165.2566,5.66,0.0849,5.66
101.87,48.17168,0.0849,165.3112,5.66,0.0849,5.66
101.88,48.17963,0.0849,165.3385,5.66,0.0849,5.66
101.89,48.18757,0.0849,165.3657,5.66,0.0849,5.66
101.9,48.18757,0.08493333,165.3657,5.662222,0.08493333,5.662222
101.91,48.18439,0.08493333,165.3548,5.662222,0.08493333,5.662222
101.92,48.17963,0.08493333,165.3385,5.662222,0.08493333,5.662222
101.93,48.17486,0.08493333,165.3221,5.662222,0.08493333,5.662222
101.94,48.17486,0.08496667,165.3221,5.664444,0.08496667,5.664444
101.95,48.19234,0.08496667,165.3821,5.664444,0.08496667,5.664444
101.96,48.21936,0.08496667,165.4748,5.664444,0.08496667,5.664444
101.97,48.23526,0.08496667,165.5294,5.664444,0.08496667,5.664444
101.98,48.2289,0.085,165.5075,5.666667,0.085,5.666667
101.99,48.20347,0.085,165.4203,5.666667,0.085,5.666667
102.0,48.17486,0.085,165.3221,5.666667,0.085,5.666667
102.01,48.16214,0.085,165.2785,5.666667,0.085,5.666667
102.02,48.16214,0.08503333,165.2785,5.668889,0.08503333,5.668889
102.03,48.17009,0.08503333,165.3057,5.668889,0.08503333,5.668889
102.04,48.1828,0.08503333,165.3493,5.668889,0.08503333,5.668889
102.05,48.20347,0.08503333,165.4203,5.668889,0.08503333,5.668889
102.06,48.22413,0.08506667,165.4912,5.671111,0.08506667,5.671111
102.07,48.23208,0.08506667,165.5184,5.671111,0.08506667,5.671111
102.08,48.23526,0.08506667,165.5294,5.671111,0.08506667,5.671111
102.09,48.24002,0.08506667,165.5457,5.671111,0.08506667,5.671111
102.1,48.24479,0.0851,165.5621,5.673334,0.0851,5.673334
102.11,48.24797,0.0851,165.573,5.673334,0.0851,5.673334
102.12,48.25751,0.0851,165.6057,5.673334,0.0851,5.673334
102.13,48.26546,0.0851,165.633,5.673334,0.0851,5.673334
102.14,48.26546,0.08513334,165.633,5.675556,0.08513334,5.675556
102.15,48.25592,0.08513334,165.6003,5.675556,0.08513334,5.675556
102.16,48.25274,0.08513334,165.5894,5.675556,0.08513334,5.675556
102.17,48.26387,0.08513334,165.6275,5.675556,0.08513334,5.675556
102.18,48.27658,0.08516667,165.6712,5.677778,0.08516667,5.677778
102.19,48.28135,0.08516667,165.6875,5.677778,0.08516667,5.677778
102.2,48.28135,0.08516667,165.6875,5.677778,0.08516667,5.677778
102.21,48.28135,0.08516667,165.6875,5.677778,0.08516667,5.677778
102.22,48.28135,0.0852,165.6875,5.68,0.0852,5.68
102.23,48.28612,0.0852,165.7039,5.68,0.0852,5.68
102.24,48.29884,0.0852,165.7475,5.68,0.0852,5.68
102.25,48.32586,0.0852,165.8403,5.68,0.0852,5.68
102.26,48.34652,0.08523333,165.9112,5.682222,0.08523333,5.682222
102.27,48.34652,0.08523333,165.9112,5.682222,0.08523333,5.682222
102.28,48.33857,0.08523333,165.8839,5.682222,0.08523333,5.682222
102.29,48.33381,0.08523333,165.8675,5.682222,0.08523333,5.682222
102.3,48.34652,0.08526666,165.9112,5.684444,0.08526666,5.684444
102.31,48.37513,0.08526666,166.0094,5.684444,0.08526666,5.684444
102.32,48.38784,0.08526666,166.053,5.684444,0.08526666,5.684444
102.33,48.37831,0.08526666,166.0203,5.684444,0.08526666,5.684444
102.34,48.35923,0.0853,165.9548,5.686666,0.0853,5.686666
102.35,48.3497,0.0853,165.9221,5.686666,0.0853,5.686666
102.36,48.35129,0.0853,165.9275,5.686666,0.0853,5.686666
102.37,48.35447,0.0853,165.9384,5.686666,0.0853,5.686666
102.38,48.35606,0.08533333,165.9439,5.688889,0.08533333,5.688889
102.39,48.36242,0.08533333,165.9657,5.688889,0.08533333,5.688889
102.4,48.37831,0.08533333,166.0203,5.688889,0.08533333,5.688889
102.41,48.39579,0.08533333,166.0803,5.688889,0.08533333,5.688889
102.42,48.40056,0.08536667,166.0966,5.691111,0.08536667,5.691111
102.43,48.39261,0.08536667,166.0694,5.691111,0.08536667,5.691111
102.44,48.38467,0.08536667,166.0421,5.691111,0.08536667,5.691111
102.45,48.38784,0.08536667,166.053,5.691111,0.08536667,5.691111
102.46,48.39897,0.0854,166.0912,5.693333,0.0854,5.693333
102.47,48.41169,0.0854,166.1348,5.693333,0.0854,5.693333
102.48,48.4244,0.0854,166.1785,5.693333,0.0854,5.693333
102.49,48.4403,0.0854,166.233,5.693333,0.0854,5.693333
102.5,48.44825,0.08543333,166.2603,5.695556,0.08543333,5.695556
102.51,48.44506,0.08543333,166.2494,5.695556,0.08543333,5.695556
102.52,48.43553,0.08543333,166.2166,5.695556,0.08543333,5.695556
102.53,48.4403,0.08543333,166.233,5.695556,0.08543333,5.695556
102.54,48.45619,0.08546667,166.2875,5.697778,0.08546667,5.697778
102.55,48.46573,0.08546667,166.3203,5.697778,0.08546667,5.697778
102.56,48.4705,0.08546667,166.3366,5.697778,0.08546667,5.697778
102.57,48.47686,0.08546667,166.3585,5.697778,0.08546667,5.697778
102.58,48.4705,0.0855,166.3366,5.7,0.0855,5.7
102.59,48.46573,0.0855,166.3203,5.7,0.0855,5.7
102.6,48.4705,0.0855,166.3366,5.7,0.0855,5.7
102.61,48.4848,0.0855,166.3857,5.7,0.0855,5.7
102.62,48.48639,0.08553334,166.3912,5.702222,0.08553334,5.702222
102.63,48.47844,0.08553334,166.3639,5.702222,0.08553334,5.702222
102.64,48.4848,0.08553334,166.3857,5.702222,0.08553334,5.702222
102.65,48.50229,0.08553334,166.4457,5.702222,0.08553334,5.702222
102.66,48.52136,0.08556667,166.5112,5.704445,0.08556667,5.704445
102.67,48.53566,0.08556667,166.5603,5.704445,0.08556667,5.704445
102.68,48.54361,0.08556667,166.5875,5.704445,0.08556667,5.704445
102.69,48.54679,0.08556667,166.5984,5.704445,0.08556667,5.704445
102.7,48.54679,0.0856,166.5984,5.706667,0.0856,5.706667
102.71,48.55633,0.0856,166.6312,5.706667,0.0856,5.706667
102.72,48.56427,0.0856,166.6584,5.706667,0.0856,5.706667
102.73,48.56269,0.0856,166.653,5.706667,0.0856,5.706667
102.74,48.55633,0.08563334,166.6312,5.708889,0.08563334,5.708889
102.75,48.54997,0.08563334,166.6094,5.708889,0.08563334,5.708889
102.76,48.54997,0.08563334,166.6094,5.708889,0.08563334,5.708889
102.77,48.55951,0.08563334,166.6421,5.708889,0.08563334,5.708889
102.78,48.57858,0.08566666,166.7075,5.711111,0.08566666,5.711111
102.79,48.59924,0.08566666,166.7785,5.711111,0.08566666,5.711111
102.8,48.60878,0.08566666,166.8112,5.711111,0.08566666,5.711111
102.81,48.60878,0.08566666,166.8112,5.711111,0.08566666,5.711111
102.82,48.60878,0.0857,166.8112,5.713333,0.0857,5.713333
102.83,48.61673,0.0857,166.8384,5.713333,0.0857,5.713333
102.84,48.62944,0.0857,166.8821,5.713333,0.0857,5.713333
102.85,48.64057,0.0857,166.9203,5.713333,0.0857,5.713333
102.86,48.64057,0.08573333,166.9203,5.715556,0.08573333,5.715556
102.87,48.62149,0.08573333,166.8548,5.715556,0.08573333,5.715556
102.88,48.61196,0.08573333,166.8221,5.715556,0.08573333,5.715556
102.89,48.61991,0.08573333,166.8494,5.715556,0.08573333,5.715556
102.9,48.64057,0.08576667,166.9203,5.717778,0.08576667,5.717778
102.91,48.64852,0.08576667,166.9475,5.717778,0.08576667,5.717778
102.92,48.64534,0.08576667,166.9366,5.717778,0.08576667,5.717778
102.93,48.64852,0.08576667,166.9475,5.717778,0.08576667,5.717778
102.94,48.65805,0.0858,166.9803,5.72,0.0858,5.72
102.95,48.67236,0.0858,167.0294,5.72,0.0858,5.72
102.96,48.68666,0.0858,167.0785,5.72,0.0858,5.72
102.97,48.70097,0.0858,167.1275,5.72,0.0858,5.72
102.98,48.70732,0.08583333,167.1494,5.722222,0.08583333,5.722222
102.99,48.70256,0.08583333,167.133,5.722222,0.08583333,5.722222
103.0,48.68984,0.08583333,167.0894,5.722222,0.08583333,5.722222
103.01,48.6819,0.08583333,167.0621,5.722222,0.08583333,5.722222
103.02,48.67871,0.08586667,167.0512,5.724444,0.08586667,5.724444
103.03,48.68507,0.08586667,167.073,5.724444,0.08586667,5.724444
103.04,48.70097,0.08586667,167.1275,5.724444,0.08586667,5.724444
103.05,48.71845,0.08586667,167.1875,5.724444,0.08586667,5.724444
103.06,48.72163,0.0859,167.1984,5.726667,0.0859,5.726667
103.07,48.71051,0.0859,167.1603,5.726667,0.0859,5.726667
103.08,48.71051,0.0859,167.1603,5.726667,0.0859,5.726667
103.09,48.7264,0.0859,167.2148,5.726667,0.0859,5.726667
103.1,48.73594,0.08593334,167.2475,5.728889,0.08593334,5.728889
103.11,48.73117,0.08593334,167.2312,5.728889,0.08593334,5.728889
103.12,48.71845,0.08593334,167.1875,5.728889,0.08593334,5.728889
103.13,48.72163,0.08593334,167.1984,5.728889,0.08593334,5.728889
103.14,48.73435,0.08596667,167.2421,5.731111,0.08596667,5.731111
103.15,48.74389,0.08596667,167.2748,5.731111,0.08596667,5.731111
103.16,48.73117,0.08596667,167.2312,5.731111,0.08596667,5.731111
103.17,48.70732,0.08596667,167.1494,5.731111,0.08596667,5.731111
103.18,48.69461,0.086,167.1057,5.733334,0.086,5.733334
103.19,48.70574,0.086,167.1439,5.733334,0.086,5.733334
103.2,48.73117,0.086,167.2312,5.733334,0.086,5.733334
103.21,48.75501,0.086,167.313,5.733334,0.086,5.733334
103.22,48.76455,0.08603334,167.3457,5.735556,0.08603334,5.735556
103.23,48.7709,0.08603334,167.3675,5.735556,0.08603334,5.735556
103.24,48.7725,0.08603334,167.373,5.735556,0.08603334,5.735556
103.25,48.77885,0.08603334,167.3948,5.735556,0.08603334,5.735556
103.26,48.7868,0.08606667,167.4221,5.737778,0.08606667,5.737778
103.27,48.79634,0.08606667,167.4548,5.737778,0.08606667,5.737778
103.28,48.80746,0.08606667,167.493,5.737778,0.08606667,5.737778
103.29,48.82018,0.08606667,167.5366,5.737778,0.08606667,5.737778
103.3,48.83607,0.0861,167.5912,5.74,0.0861,5.74
103.31,48.84402,0.0861,167.6185,5.74,0.0861,5.74
103.32,48.82972,0.0861,167.5694,5.74,0.0861,5.74
103.33,48.80746,0.0861,167.493,5.74,0.0861,5.74
103.34,48.79316,0.08613333,167.4439,5.742222,0.08613333,5.742222
103.35,48.80111,0.08613333,167.4712,5.742222,0.08613333,5.742222
103.36,48.817,0.08613333,167.5257,5.742222,0.08613333,5.742222
103.37,48.82972,0.08613333,167.5694,5.742222,0.08613333,5.742222
103.38,48.83607,0.08616666,167.5912,5.744444,0.08616666,5.744444
103.39,48.84084,0.08616666,167.6075,5.744444,0.08616666,5.744444
103.4,48.85356,0.08616666,167.6512,5.744444,0.08616666,5.744444
103.41,48.86627,0.08616666,167.6948,5.744444,0.08616666,5.744444
103.42,48.88217,0.0862,167.7494,5.746666,0.0862,5.746666
103.43,48.89329,0.0862,167.7875,5.746666,0.0862,5.746666
103.44,48.90283,0.0862,167.8203,5.746666,0.0862,5.746666
103.45,48.90283,0.0862,167.8203,5.746666,0.0862,5.746666
103.46,48.89806,0.08623333,167.8039,5.748889,0.08623333,5.748889
103.47,48.89329,0.08623333,167.7875,5.748889,0.08623333,5.748889
103.48,48.89488,0.08623333,167.793,5.748889,0.08623333,5.748889
103.49,48.9076,0.08623333,167.8366,5.748889,0.08623333,5.748889
103.5,48.92985,0.08626667,167.913,5.751111,0.08626667,5.751111
103.51,48.94257,0.08626667,167.9566,5.751111,0.08626667,5.751111
103.52,48.93939,0.08626667,167.9457,5.751111,0.08626667,5.751111
103.53,48.92349,0.08626667,167.8912,5.751111,0.08626667,5.751111
103.54,48.91396,0.0863,167.8585,5.753334,0.0863,5.753334
103.55,48.91555,0.0863,167.8639,5.753334,0.0863,5.753334
103.56,48.92667,0.0863,167.9021,5.753334,0.0863,5.753334
103.57,48.93621,0.0863,167.9348,5.753334,0.0863,5.753334
103.58,48.94733,0.08633333,167.973,5.755556,0.08633333,5.755556
103.59,48.9521,0.08633333,167.9894,5.755556,0.08633333,5.755556
103.6,48.95528,0.08633333,168.0003,5.755556,0.08633333,5.755556
103.61,48.94733,0.08633333,167.973,5.755556,0.08633333,5.755556
103.62,48.93462,0.08636667,167.9294,5.757778,0.08636667,5.757778
103.63,48.92667,0.08636667,167.9021,5.757778,0.08636667,5.757778
103.64,48.92985,0.08636667,167.913,5.757778,0.08636667,5.757778
103.65,48.94733,0.08636667,167.973,5.757778,0.08636667,5.757778
103.66,48.97277,0.0864,168.0603,5.76,0.0864,5.76
103.67,48.98707,0.0864,168.1094,5.76,0.0864,5.76
103.68,48.98071,0.0864,168.0875,5.76,0.0864,5.76
103.69,48.97912,0.0864,168.0821,5.76,0.0864,5.76
103.7,48.98866,0.08643334,168.1148,5.762222,0.08643334,5.762222
103.71,49.00773,0.08643334,168.1803,5.762222,0.08643334,5.762222
103.72,49.01727,0.08643334,168.213,5.762222,0.08643334,5.762222
103.73,49.02204,0.08643334,168.2294,5.762222,0.08643334,5.762222
103.74,49.01727,0.08646667,168.213,5.764445,0.08646667,5.764445
103.75,49.00138,0.08646667,168.1585,5.764445,0.08646667,5.764445
103.76,48.98707,0.08646667,168.1094,5.764445,0.08646667,5.764445
103.77,48.98389,0.08646667,168.0984,5.764445,0.08646667,5.764445
103.78,48.99661,0.0865,168.1421,5.766667,0.0865,5.766667
103.79,49.01568,0.0865,168.2076,5.766667,0.0865,5.766667
103.8,49.0284,0.0865,168.2512,5.766667,0.0865,5.766667
103.81,49.03634,0.0865,168.2784,5.766667,0.0865,5.766667
103.82,49.04429,0.08653334,168.3057,5.768889,0.08653334,5.768889
103.83,49.05065,0.08653334,168.3275,5.768889,0.08653334,5.768889
103.84,49.05701,0.08653334,168.3494,5.768889,0.08653334,5.768889
103.85,49.04429,0.08653334,168.3057,5.768889,0.08653334,5.768889
103.86,49.03316,0.08656666,168.2675,5.771111,0.08656666,5.771111
103.87,49.04111,0.08656666,168.2948,5.771111,0.08656666,5.771111
103.88,49.06972,0.08656666,168.393,5.771111,0.08656666,5.771111
103.89,49.09356,0.08656666,168.4748,5.771111,0.08656666,5.771111
103.9,49.09833,0.0866,168.4912,5.773333,0.0866,5.773333
103.91,49.09039,0.0866,168.4639,5.773333,0.0866,5.773333
103.92,49.07767,0.0866,168.4203,5.773333,0.0866,5.773333
103.93,49.06972,0.0866,168.393,5.773333,0.0866,5.773333
103.94,49.07449,0.08663333,168.4094,5.775556,0.08663333,5.775556
103.95,49.08562,0.08663333,168.4475,5.775556,0.08663333,5.775556
103.96,49.09039,0.08663333,168.4639,5.775556,0.08663333,5.775556
103.97,49.09515,0.08663333,168.4803,5.775556,0.08663333,5.775556
103.98,49.10628,0.08666667,168.5185,5.777778,0.08666667,5.777778
103.99,49.11582,0.08666667,168.5512,5.777778,0.08666667,5.777778
104.0,49.12376,0.08666667,168.5785,5.777778,0.08666667,5.777778
104.01,49.12694,0.08666667,168.5894,5.777778,0.08666667,5.777778
104.02,49.12694,0.0867,168.5894,5.78,0.0867,5.78
104.03,49.13489,0.0867,168.6166,5.78,0.0867,5.78
104.04,49.14443,0.0867,168.6494,5.78,0.0867,5.78
104.05,49.15555,0.0867,168.6875,5.78,0.0867,5.78
104.06,49.1635,0.08673333,168.7148,5.782222,0.08673333,5.782222
104.07,49.1635,0.08673333,168.7148,5.782222,0.08673333,5.782222
104.08,49.15555,0.08673333,168.6875,5.782222,0.08673333,5.782222
104.09,49.15237,0.08673333,168.6766,5.782222,0.08673333,5.782222
104.1,49.16032,0.08676667,168.7039,5.784444,0.08676667,5.784444
104.11,49.18098,0.08676667,168.7748,5.784444,0.08676667,5.784444
104.12,49.20165,0.08676667,168.8457,5.784444,0.08676667,5.784444
104.13,49.21277,0.08676667,168.8839,5.784444,0.08676667,5.784444
104.14,49.208,0.0868,168.8675,5.786667,0.0868,5.786667
104.15,49.18734,0.0868,168.7966,5.786667,0.0868,5.786667
104.16,49.15555,0.0868,168.6875,5.786667,0.0868,5.786667
104.17,49.14284,0.0868,168.6439,5.786667,0.0868,5.786667
104.18,49.15237,0.08683334,168.6766,5.788889,0.08683334,5.788889
104.19,49.17939,0.08683334,168.7694,5.788889,0.08683334,5.788889
104.2,49.208,0.08683334,168.8675,5.788889,0.08683334,5.788889
104.21,49.2239,0.08683334,168.9221,5.788889,0.08683334,5.788889
104.22,49.22072,0.08686667,168.9112,5.791111,0.08686667,5.791111
104.23,49.20959,0.08686667,168.873,5.791111,0.08686667,5.791111
104.24,49.208,0.08686667,168.8675,5.791111,0.08686667,5.791111
104.25,49.20959,0.08686667,168.873,5.791111,0.08686667,5.791111
104.26,49.21754,0.0869,168.9003,5.793334,0.0869,5.793334
104.27,49.23026,0.0869,168.9439,5.793334,0.0869,5.793334
104.28,49.25251,0.0869,169.0203,5.793334,0.0869,5.793334
104.29,49.26999,0.0869,169.0803,5.793334,0.0869,5.793334
104.3,49.27794,0.08693334,169.1075,5.795556,0.08693334,5.795556
104.31,49.26999,0.08693334,169.0803,5.795556,0.08693334,5.795556
104.32,49.26205,0.08693334,169.053,5.795556,0.08693334,5.795556
104.33,49.25728,0.08693334,169.0366,5.795556,0.08693334,5.795556
104.34,49.26205,0.08696667,169.053,5.797778,0.08696667,5.797778
104.35,49.27476,0.08696667,169.0966,5.797778,0.08696667,5.797778
104.36,49.29383,0.08696667,169.1621,5.797778,0.08696667,5.797778
104.37,49.31132,0.08696667,169.2221,5.797778,0.08696667,5.797778
104.38,49.31927,0.087,169.2494,5.8,0.087,5.8
104.39,49.3145,0.087,169.233,5.8,0.087,5.8
104.4,49.30655,0.087,169.2057,5.8,0.087,5.8
104.41,49.2986,0.087,169.1785,5.8,0.087,5.8
104.42,49.29543,0.08703333,169.1675,5.802222,0.08703333,5.802222
104.43,49.29066,0.08703333,169.1512,5.802222,0.08703333,5.802222
104.44,49.29066,0.08703333,169.1512,5.802222,0.08703333,5.802222
104.45,49.29383,0.08703333,169.1621,5.802222,0.08703333,5.802222
104.46,49.30178,0.08706667,169.1894,5.804444,0.08706667,5.804444
104.47,49.30655,0.08706667,169.2057,5.804444,0.08706667,5.804444
104.48,49.30973,0.08706667,169.2166,5.804444,0.08706667,5.804444
104.49,49.30973,0.08706667,169.2166,5.804444,0.08706667,5.804444
104.5,49.30973,0.0871,169.2166,5.806666,0.0871,5.806666
104.51,49.30337,0.0871,169.1948,5.806666,0.0871,5.806666
104.52,49.30655,0.0871,169.2057,5.806666,0.0871,5.806666
104.53,49.30655,0.0871,169.2057,5.806666,0.0871,5.806666
104.54,49.3145,0.08713333,169.233,5.808889,0.08713333,5.808889
104.55,49.33516,0.08713333,169.3039,5.808889,0.08713333,5.808889
104.56,49.36059,0.08713333,169.3912,5.808889,0.08713333,5.808889
104.57,49.36854,0.08713333,169.4185,5.808889,0.08713333,5.808889
104.58,49.36059,0.08716667,169.3912,5.811111,0.08716667,5.811111
104.59,49.35106,0.08716667,169.3584,5.811111,0.08716667,5.811111
104.6,49.34788,0.08716667,169.3475,5.811111,0.08716667,5.811111
104.61,49.3447,0.08716667,169.3366,5.811111,0.08716667,5.811111
104.62,49.34311,0.0872,169.3312,5.813334,0.0872,5.813334
104.63,49.34311,0.0872,169.3312,5.813334,0.0872,5.813334
104.64,49.34788,0.0872,169.3475,5.813334,0.0872,5.813334
104.65,49.35582,0.0872,169.3748,5.813334,0.0872,5.813334
104.66,49.36854,0.08723333,169.4185,5.815556,0.08723333,5.815556
104.67,49.37649,0.08723333,169.4457,5.815556,0.08723333,5.815556
104.68,49.38126,0.08723333,169.4621,5.815556,0.08723333,5.815556
104.69,49.39556,0.08723333,169.5112,5.815556,0.08723333,5.815556
104.7,49.41623,0.08726667,169.5821,5.817778,0.08726667,5.817778
104.71,49.43689,0.08726667,169.653,5.817778,0.08726667,5.817778
104.72,49.44642,0.08726667,169.6857,5.817778,0.08726667,5.817778
104.73,49.44642,0.08726667,169.6857,5.817778,0.08726667,5.817778
104.74,49.44484,0.0873,169.6803,5.82,0.0873,5.82
104.75,49.44642,0.0873,169.6857,5.82,0.0873,5.82
104.76,49.45755,0.0873,169.7239,5.82,0.0873,5.82
104.77,49.4655,0.0873,169.7512,5.82,0.0873,5.82
104.78,49.4655,0.08733334,169.7512,5.822222,0.08733334,5.822222
104.79,49.46232,0.08733334,169.7403,5.822222,0.08733334,5.822222
104.8,49.45914,0.08733334,169.7294,5.822222,0.08733334,5.822222
104.81,49.45755,0.08733334,169.7239,5.822222,0.08733334,5.822222
104.82,49.45755,0.08736667,169.7239,5.824445,0.08736667,5.824445
104.83,49.46232,0.08736667,169.7403,5.824445,0.08736667,5.824445
104.84,49.46709,0.08736667,169.7566,5.824445,0.08736667,5.824445
104.85,49.47345,0.08736667,169.7785,5.824445,0.08736667,5.824445
104.86,49.48139,0.0874,169.8057,5.826667,0.0874,5.826667
104.87,49.49411,0.0874,169.8494,5.826667,0.0874,5.826667
104.88,49.50682,0.0874,169.893,5.826667,0.0874,5.826667
104.89,49.51954,0.0874,169.9366,5.826667,0.0874,5.826667
104.9,49.53861,0.08743333,170.0021,5.828889,0.08743333,5.828889
104.91,49.56086,0.08743333,170.0784,5.828889,0.08743333,5.828889
104.92,49.56722,0.08743333,170.1003,5.828889,0.08743333,5.828889
104.93,49.5561,0.08743333,170.0621,5.828889,0.08743333,5.828889
104.94,49.53861,0.08746666,170.0021,5.831111,0.08746666,5.831111
104.95,49.53067,0.08746666,169.9748,5.831111,0.08746666,5.831111
104.96,49.52272,0.08746666,169.9475,5.831111,0.08746666,5.831111
104.97,49.51636,0.08746666,169.9257,5.831111,0.08746666,5.831111
104.98,49.52272,0.0875,169.9475,5.833333,0.0875,5.833333
104.99,49.53861,0.0875,170.0021,5.833333,0.0875,5.833333
105.0,49.55133,0.0875,170.0457,5.833333,0.0875,5.833333
105.01,49.55292,0.0875,170.0512,5.833333,0.0875,5.833333
105.02,49.55292,0.08753333,170.0512,5.835556,0.08753333,5.835556
105.03,49.55928,0.08753333,170.073,5.835556,0.08753333,5.835556
105.04,49.56404,0.08753333,170.0894,5.835556,0.08753333,5.835556
105.05,49.56881,0.08753333,170.1057,5.835556,0.08753333,5.835556
105.06,49.58471,0.08756667,170.1603,5.837778,0.08756667,5.837778
105.07,49.60378,0.08756667,170.2257,5.837778,0.08756667,5.837778
105.08,49.61808,0.08756667,170.2748,5.837778,0.08756667,5.837778
105.09,49.61808,0.08756667,170.2748,5.837778,0.08756667,5.837778
105.1,49.61332,0.0876,170.2585,5.84,0.0876,5.84
105.11,49.60855,0.0876,170.2421,5.84,0.0876,5.84
105.12,49.61014,0.0876,170.2475,5.84,0.0876,5.84
105.13,49.61808,0.0876,170.2748,5.84,0.0876,5.84
105.14,49.63239,0.08763333,170.3239,5.842222,0.08763333,5.842222
105.15,49.64511,0.08763333,170.3676,5.842222,0.08763333,5.842222
105.16,49.65305,0.08763333,170.3948,5.842222,0.08763333,5.842222
105.17,49.65464,0.08763333,170.4003,5.842222,0.08763333,5.842222
105.18,49.661,0.08766667,170.4221,5.844445,0.08766667,5.844445
105.19,49.67849,0.08766667,170.4821,5.844445,0.08766667,5.844445
105.2,49.70233,0.08766667,170.5639,5.844445,0.08766667,5.844445
105.21,49.71504,0.08766667,170.6075,5.844445,0.08766667,5.844445
105.22,49.71822,0.0877,170.6185,5.846667,0.0877,5.846667
105.23,49.71504,0.0877,170.6075,5.846667,0.0877,5.846667
105.24,49.70391,0.0877,170.5694,5.846667,0.0877,5.846667
105.25,49.68643,0.0877,170.5094,5.846667,0.0877,5.846667
105.26,49.68166,0.08773334,170.493,5.848889,0.08773334,5.848889
105.27,49.6912,0.08773334,170.5257,5.848889,0.08773334,5.848889
105.28,49.70391,0.08773334,170.5694,5.848889,0.08773334,5.848889
105.29,49.7071,0.08773334,170.5803,5.848889,0.08773334,5.848889
105.3,49.7071,0.08776667,170.5803,5.851111,0.08776667,5.851111
105.31,49.71186,0.08776667,170.5966,5.851111,0.08776667,5.851111
105.32,49.71822,0.08776667,170.6185,5.851111,0.08776667,5.851111
105.33,49.72776,0.08776667,170.6512,5.851111,0.08776667,5.851111
105.34,49.74047,0.0878,170.6948,5.853333,0.0878,5.853333
105.35,49.75637,0.0878,170.7494,5.853333,0.0878,5.853333
105.36,49.76749,0.0878,170.7876,5.853333,0.0878,5.853333
105.37,49.77226,0.0878,170.8039,5.853333,0.0878,5.853333
105.38,49.76749,0.08783334,170.7876,5.855556,0.08783334,5.855556
105.39,49.77226,0.08783334,170.8039,5.855556,0.08783334,5.855556
105.4,49.78816,0.08783334,170.8585,5.855556,0.08783334,5.855556
105.41,49.80882,0.08783334,170.9294,5.855556,0.08783334,5.855556
105.42,49.81041,0.08786666,170.9348,5.857778,0.08786666,5.857778
105.43,49.7961,0.08786666,170.8857,5.857778,0.08786666,5.857778
105.44,49.77703,0.08786666,170.8203,5.857778,0.08786666,5.857778
105.45,49.76749,0.08786666,170.7876,5.857778,0.08786666,5.857778
105.46,49.75955,0.0879,170.7603,5.86,0.0879,5.86
105.47,49.74683,0.0879,170.7166,5.86,0.0879,5.86
105.48,49.73571,0.0879,170.6785,5.86,0.0879,5.86
105.49,49.74365,0.0879,170.7057,5.86,0.0879,5.86
105.5,49.76908,0.08793333,170.793,5.862222,0.08793333,5.862222
105.51,49.7961,0.08793333,170.8857,5.862222,0.08793333,5.862222
105.52,49.80882,0.08793333,170.9294,5.862222,0.08793333,5.862222
105.53,49.80087,0.08793333,170.9021,5.862222,0.08793333,5.862222
105.54,49.78816,0.08796667,170.8585,5.864444,0.08796667,5.864444
105.55,49.78021,0.08796667,170.8312,5.864444,0.08796667,5.864444
105.56,49.78498,0.08796667,170.8475,5.864444,0.08796667,5.864444
105.57,49.80087,0.08796667,170.9021,5.864444,0.08796667,5.864444
105.58,49.82154,0.088,170.973,5.866667,0.088,5.866667
105.59,49.83743,0.088,171.0275,5.866667,0.088,5.866667
105.6,49.84538,0.088,171.0548,5.866667,0.088,5.866667
105.61,49.83902,0.088,171.033,5.866667,0.088,5.866667
105.62,49.83743,0.08803333,171.0275,5.868889,0.08803333,5.868889
105.63,49.83902,0.08803333,171.033,5.868889,0.08803333,5.868889
105.64,49.8422,0.08803333,171.0439,5.868889,0.08803333,5.868889
105.65,49.84697,0.08803333,171.0603,5.868889,0.08803333,5.868889
105.66,49.85492,0.08806667,171.0876,5.871111,0.08806667,5.871111
105.67,49.86763,0.08806667,171.1312,5.871111,0.08806667,5.871111
105.68,49.88353,0.08806667,171.1857,5.871111,0.08806667,5.871111
105.69,49.9026,0.08806667,171.2512,5.871111,0.08806667,5.871111
105.7,49.91531,0.0881,171.2948,5.873333,0.0881,5.873333
105.71,49.91531,0.0881,171.2948,5.873333,0.0881,5.873333
105.72,49.91055,0.0881,171.2785,5.873333,0.0881,5.873333
105.73,49.90419,0.0881,171.2566,5.873333,0.0881,5.873333
105.74,49.90419,0.08813334,171.2566,5.875556,0.08813334,5.875556
105.75,49.91055,0.08813334,171.2785,5.875556,0.08813334,5.875556
105.76,49.91214,0.08813334,171.2839,5.875556,0.08813334,5.875556
105.77,49.92008,0.08813334,171.3112,5.875556,0.08813334,5.875556
105.78,49.93598,0.08816667,171.3657,5.877778,0.08816667,5.877778
105.79,49.94392,0.08816667,171.393,5.877778,0.08816667,5.877778
105.8,49.93916,0.08816667,171.3766,5.877778,0.08816667,5.877778
105.81,49.9328,0.08816667,171.3548,5.877778,0.08816667,5.877778
105.82,49.9328,0.0882,171.3548,5.88,0.0882,5.88
105.83,49.93916,0.0882,171.3766,5.88,0.0882,5.88
105.84,49.95346,0.0882,171.4257,5.88,0.0882,5.88
105.85,49.96777,0.0882,171.4748,5.88,0.0882,5.88
105.86,49.98048,0.08823334,171.5184,5.882223,0.08823334,5.882223
105.87,49.98048,0.08823334,171.5184,5.882223,0.08823334,5.882223
105.88,49.97571,0.08823334,171.5021,5.882223,0.08823334,5.882223
105.89,49.96936,0.08823334,171.4803,5.882223,0.08823334,5.882223
105.9,49.97253,0.08826667,171.4912,5.884445,0.08826667,5.884445
105.91,49.97571,0.08826667,171.5021,5.884445,0.08826667,5.884445
105.92,49.96777,0.08826667,171.4748,5.884445,0.08826667,5.884445
105.93,49.96141,0.08826667,171.453,5.884445,0.08826667,5.884445
105.94,49.96777,0.0883,171.4748,5.886667,0.0883,5.886667
105.95,49.97571,0.0883,171.5021,5.886667,0.0883,5.886667
105.96,49.98207,0.0883,171.5239,5.886667,0.0883,5.886667
105.97,49.99002,0.0883,171.5512,5.886667,0.0883,5.886667
105.98,49.99002,0.08833333,171.5512,5.888889,0.08833333,5.888889
105.99,49.99002,0.08833333,171.5512,5.888889,0.08833333,5.888889
106.0,49.9932,0.08833333,171.5621,5.888889,0.08833333,5.888889
106.01,50.00114,0.08833333,171.5894,5.888889,0.08833333,5.888889
106.02,50.00591,0.08836666,171.6057,5.891111,0.08836666,5.891111
106.03,50.00909,0.08836666,171.6166,5.891111,0.08836666,5.891111
106.04,50.01704,0.08836666,171.6439,5.891111,0.08836666,5.891111
106.05,50.03293,0.08836666,171.6985,5.891111,0.08836666,5.891111
106.06,50.04565,0.0884,171.7421,5.893333,0.0884,5.893333
106.07,50.04565,0.0884,171.7421,5.893333,0.0884,5.893333
106.08,50.03929,0.0884,171.7203,5.893333,0.0884,5.893333
106.09,50.04247,0.0884,171.7312,5.893333,0.0884,5.893333
106.1,50.04724,0.08843333,171.7475,5.895555,0.08843333,5.895555
106.11,50.06154,0.08843333,171.7966,5.895555,0.08843333,5.895555
106.12,50.07585,0.08843333,171.8457,5.895555,0.08843333,5.895555
106.13,50.09174,0.08843333,171.9003,5.895555,0.08843333,5.895555
106.14,50.09015,0.08846667,171.8948,5.897778,0.08846667,5.897778
106.15,50.08221,0.08846667,171.8676,5.897778,0.08846667,5.897778
106.16,50.07903,0.08846667,171.8566,5.897778,0.08846667,5.897778
106.17,50.08221,0.08846667,171.8676,5.897778,0.08846667,5.897778
106.18,50.08221,0.0885,171.8676,5.9,0.0885,5.9
106.19,50.07426,0.0885,171.8403,5.9,0.0885,5.9
106.2,50.07108,0.0885,171.8294,5.9,0.0885,5.9
106.21,50.07426,0.0885,171.8403,5.9,0.0885,5.9
106.22,50.08221,0.08853333,171.8676,5.902222,0.08853333,5.902222
106.23,50.09492,0.08853333,171.9112,5.902222,0.08853333,5.902222
106.24,50.11082,0.08853333,171.9657,5.902222,0.08853333,5.902222
106.25,50.12353,0.08853333,172.0094,5.902222,0.08853333,5.902222
106.26,50.13148,0.08856667,172.0367,5.904445,0.08856667,5.904445
106.27,50.13943,0.08856667,172.0639,5.904445,0.08856667,5.904445
106.28,50.14102,0.08856667,172.0694,5.904445,0.08856667,5.904445
106.29,50.1442,0.08856667,172.0803,5.904445,0.08856667,5.904445
106.3,50.15532,0.0886,172.1185,5.906667,0.0886,5.906667
106.31,50.16486,0.0886,172.1512,5.906667,0.0886,5.906667
106.32,50.16804,0.0886,172.1621,5.906667,0.0886,5.906667
106.33,50.16804,0.0886,172.1621,5.906667,0.0886,5.906667
106.34,50.16486,0.08863334,172.1512,5.908889,0.08863334,5.908889
106.35,50.16486,0.08863334,172.1512,5.908889,0.08863334,5.908889
106.36,50.16486,0.08863334,172.1512,5.908889,0.08863334,5.908889
106.37,50.16486,0.08863334,172.1512,5.908889,0.08863334,5.908889
106.38,50.16009,0.08866667,172.1348,5.911111,0.08866667,5.911111
106.39,50.15532,0.08866667,172.1185,5.911111,0.08866667,5.911111
106.4,50.15214,0.08866667,172.1075,5.911111,0.08866667,5.911111
106.41,50.16168,0.08866667,172.1403,5.911111,0.08866667,5.911111
106.42,50.17281,0.0887,172.1785,5.913333,0.0887,5.913333
106.43,50.17598,0.0887,172.1894,5.913333,0.0887,5.913333
106.44,50.16804,0.0887,172.1621,5.913333,0.0887,5.913333
106.45,50.17281,0.0887,172.1785,5.913333,0.0887,5.913333
106.46,50.19347,0.08873334,172.2494,5.915556,0.08873334,5.915556
106.47,50.20936,0.08873334,172.3039,5.915556,0.08873334,5.915556
106.48,50.21254,0.08873334,172.3148,5.915556,0.08873334,5.915556
106.49,50.20936,0.08873334,172.3039,5.915556,0.08873334,5.915556
106.5,50.20936,0.08876666,172.3039,5.917778,0.08876666,5.917778
106.51,50.21413,0.08876666,172.3203,5.917778,0.08876666,5.917778
106.52,50.2189,0.08876666,172.3366,5.917778,0.08876666,5.917778
106.53,50.22685,0.08876666,172.3639,5.917778,0.08876666,5.917778
106.54,50.23003,0.0888,172.3748,5.92,0.0888,5.92
106.55,50.23479,0.0888,172.3912,5.92,0.0888,5.92
106.56,50.25069,0.0888,172.4457,5.92,0.0888,5.92
106.57,50.25864,0.0888,172.473,5.92,0.0888,5.92
106.58,50.25864,0.08883333,172.473,5.922222,0.08883333,5.922222
106.59,50.25546,0.08883333,172.4621,5.922222,0.08883333,5.922222
106.6,50.25546,0.08883333,172.4621,5.922222,0.08883333,5.922222
106.61,50.25546,0.08883333,172.4621,5.922222,0.08883333,5.922222
106.62,50.2634,0.08886667,172.4894,5.924444,0.08886667,5.924444
106.63,50.27453,0.08886667,172.5276,5.924444,0.08886667,5.924444
106.64,50.26658,0.08886667,172.5003,5.924444,0.08886667,5.924444
106.65,50.25387,0.08886667,172.4566,5.924444,0.08886667,5.924444
106.66,50.24751,0.0889,172.4348,5.926667,0.0889,5.926667
106.67,50.25069,0.0889,172.4457,5.926667,0.0889,5.926667
106.68,50.25387,0.0889,172.4566,5.926667,0.0889,5.926667
106.69,50.25546,0.0889,172.4621,5.926667,0.0889,5.926667
106.7,50.2634,0.08893333,172.4894,5.928889,0.08893333,5.928889
106.71,50.26181,0.08893333,172.4839,5.928889,0.08893333,5.928889
106.72,50.25864,0.08893333,172.473,5.928889,0.08893333,5.928889
106.73,50.26658,0.08893333,172.5003,5.928889,0.08893333,5.928889
106.74,50.29202,0.08896667,172.5876,5.931111,0.08896667,5.931111
106.75,50.32857,0.08896667,172.713,5.931111,0.08896667,5.931111
106.76,50.35559,0.08896667,172.8057,5.931111,0.08896667,5.931111
106.77,50.36036,0.08896667,172.8221,5.931111,0.08896667,5.931111
106.78,50.34924,0.089,172.7839,5.933333,0.089,5.933333
106.79,50.34447,0.089,172.7675,5.933333,0.089,5.933333
106.8,50.34764,0.089,172.7785,5.933333,0.089,5.933333
106.81,50.34129,0.089,172.7567,5.933333,0.089,5.933333
106.82,50.33334,0.08903334,172.7294,5.935555,0.08903334,5.935555
106.83,50.33334,0.08903334,172.7294,5.935555,0.08903334,5.935555
106.84,50.34924,0.08903334,172.7839,5.935555,0.08903334,5.935555
106.85,50.36036,0.08903334,172.8221,5.935555,0.08903334,5.935555
106.86,50.35718,0.08906667,172.8112,5.937778,0.08906667,5.937778
106.87,50.34764,0.08906667,172.7785,5.937778,0.08906667,5.937778
106.88,50.33652,0.08906667,172.7403,5.937778,0.08906667,5.937778
106.89,50.33175,0.08906667,172.7239,5.937778,0.08906667,5.937778
106.9,50.33334,0.0891,172.7294,5.94,0.0891,5.94
106.91,50.34129,0.0891,172.7567,5.94,0.0891,5.94
106.92,50.35241,0.0891,172.7948,5.94,0.0891,5.94
106.93,50.36513,0.0891,172.8385,5.94,0.0891,5.94
106.94,50.38579,0.08913334,172.9094,5.942223,0.08913334,5.942223
106.95,50.39851,0.08913334,172.953,5.942223,0.08913334,5.942223
106.96,50.39851,0.08913334,172.953,5.942223,0.08913334,5.942223
106.97,50.39692,0.08913334,172.9476,5.942223,0.08913334,5.942223
106.98,50.40963,0.08916667,172.9912,5.944445,0.08916667,5.944445
106.99,50.4303,0.08916667,173.0621,5.944445,0.08916667,5.944445
107.0,50.44143,0.08916667,173.1003,5.944445,0.08916667,5.944445
107.01,50.44619,0.08916667,173.1167,5.944445,0.08916667,5.944445
107.02,50.45891,0.0892,173.1603,5.946667,0.0892,5.946667
107.03,50.47162,0.0892,173.2039,5.946667,0.0892,5.946667
107.04,50.47639,0.0892,173.2203,5.946667,0.0892,5.946667
107.05,50.47639,0.0892,173.2203,5.946667,0.0892,5.946667
107.06,50.4748,0.08923333,173.2148,5.948889,0.08923333,5.948889
107.07,50.46685,0.08923333,173.1875,5.948889,0.08923333,5.948889
107.08,50.45891,0.08923333,173.1603,5.948889,0.08923333,5.948889
107.09,50.46368,0.08923333,173.1766,5.948889,0.08923333,5.948889
107.1,50.47639,0.08926667,173.2203,5.951111,0.08926667,5.951111
107.11,50.49229,0.08926667,173.2748,5.951111,0.08926667,5.951111
107.12,50.505,0.08926667,173.3185,5.951111,0.08926667,5.951111
107.13,50.51136,0.08926667,173.3403,5.951111,0.08926667,5.951111
107.14,50.505,0.0893,173.3185,5.953333,0.0893,5.953333
107.15,50.50818,0.0893,173.3294,5.953333,0.0893,5.953333
107.16,50.52407,0.0893,173.3839,5.953333,0.0893,5.953333
107.17,50.53997,0.0893,173.4385,5.953333,0.0893,5.953333
107.18,50.53679,0.08933333,173.4276,5.955555,0.08933333,5.955555
107.19,50.53679,0.08933333,173.4276,5.955555,0.08933333,5.955555
107.2,50.54792,0.08933333,173.4657,5.955555,0.08933333,5.955555
107.21,50.55745,0.08933333,173.4985,5.955555,0.08933333,5.955555
107.22,50.55587,0.08936667,173.493,5.957778,0.08936667,5.957778
107.23,50.55745,0.08936667,173.4985,5.957778,0.08936667,5.957778
107.24,50.5654,0.08936667,173.5257,5.957778,0.08936667,5.957778
107.25,50.56858,0.08936667,173.5366,5.957778,0.08936667,5.957778
107.26,50.57017,0.0894,173.5421,5.96,0.0894,5.96
107.27,50.57812,0.0894,173.5694,5.96,0.0894,5.96
107.28,50.58924,0.0894,173.6076,5.96,0.0894,5.96
107.29,50.59401,0.0894,173.6239,5.96,0.0894,5.96
107.3,50.59719,0.08943333,173.6348,5.962222,0.08943333,5.962222
107.31,50.59401,0.08943333,173.6239,5.962222,0.08943333,5.962222
107.32,50.58448,0.08943333,173.5912,5.962222,0.08943333,5.962222
107.33,50.57017,0.08943333,173.5421,5.962222,0.08943333,5.962222
107.34,50.5654,0.08946667,173.5257,5.964445,0.08946667,5.964445
107.35,50.57017,0.08946667,173.5421,5.964445,0.08946667,5.964445
107.36,50.5813,0.08946667,173.5803,5.964445,0.08946667,5.964445
107.37,50.58924,0.08946667,173.6076,5.964445,0.08946667,5.964445
107.38,50.59401,0.0895,173.6239,5.966667,0.0895,5.966667
107.39,50.59878,0.0895,173.6403,5.966667,0.0895,5.966667
107.4,50.60514,0.0895,173.6621,5.966667,0.0895,5.966667
107.41,50.61467,0.0895,173.6948,5.966667,0.0895,5.966667
107.42,50.62262,0.08953334,173.7221,5.968889,0.08953334,5.968889
107.43,50.63375,0.08953334,173.7603,5.968889,0.08953334,5.968889
107.44,50.65441,0.08953334,173.8312,5.968889,0.08953334,5.968889
107.45,50.67508,0.08953334,173.9021,5.968889,0.08953334,5.968889
107.46,50.68461,0.08956667,173.9348,5.971111,0.08956667,5.971111
107.47,50.68779,0.08956667,173.9457,5.971111,0.08956667,5.971111
107.48,50.69574,0.08956667,173.973,5.971111,0.08956667,5.971111
107.49,50.70369,0.08956667,174.0003,5.971111,0.08956667,5.971111
107.5,50.70686,0.0896,174.0112,5.973334,0.0896,5.973334
107.51,50.7005,0.0896,173.9894,5.973334,0.0896,5.973334
107.52,50.69256,0.0896,173.9621,5.973334,0.0896,5.973334
107.53,50.69097,0.0896,173.9566,5.973334,0.0896,5.973334
107.54,50.69574,0.08963333,173.973,5.975555,0.08963333,5.975555
107.55,50.70845,0.08963333,174.0166,5.975555,0.08963333,5.975555
107.56,50.72753,0.08963333,174.0821,5.975555,0.08963333,5.975555
107.57,50.74024,0.08963333,174.1257,5.975555,0.08963333,5.975555
107.58,50.73706,0.08966666,174.1148,5.977777,0.08966666,5.977777
107.59,50.72435,0.08966666,174.0712,5.977777,0.08966666,5.977777
107.6,50.72117,0.08966666,174.0603,5.977777,0.08966666,5.977777
107.61,50.72911,0.08966666,174.0876,5.977777,0.08966666,5.977777
107.62,50.73547,0.0897,174.1094,5.98,0.0897,5.98
107.63,50.7323,0.0897,174.0985,5.98,0.0897,5.98
107.64,50.7323,0.0897,174.0985,5.98,0.0897,5.98
107.65,50.74183,0.0897,174.1312,5.98,0.0897,5.98
107.66,50.75772,0.08973333,174.1857,5.982222,0.08973333,5.982222
107.67,50.76408,0.08973333,174.2076,5.982222,0.08973333,5.982222
107.68,50.77044,0.08973333,174.2294,5.982222,0.08973333,5.982222
107.69,50.78633,0.08973333,174.2839,5.982222,0.08973333,5.982222
107.7,50.79428,0.08976667,174.3112,5.984445,0.08976667,5.984445
107.71,50.77362,0.08976667,174.2403,5.984445,0.08976667,5.984445
107.72,50.74819,0.08976667,174.153,5.984445,0.08976667,5.984445
107.73,50.74501,0.08976667,174.1421,5.984445,0.08976667,5.984445
107.74,50.74978,0.0898,174.1585,5.986667,0.0898,5.986667
107.75,50.75296,0.0898,174.1694,5.986667,0.0898,5.986667
107.76,50.75772,0.0898,174.1857,5.986667,0.0898,5.986667
107.77,50.77044,0.0898,174.2294,5.986667,0.0898,5.986667
107.78,50.78952,0.08983333,174.2948,5.988889,0.08983333,5.988889
107.79,50.80223,0.08983333,174.3385,5.988889,0.08983333,5.988889
107.8,50.80223,0.08983333,174.3385,5.988889,0.08983333,5.988889
107.81,50.80223,0.08983333,174.3385,5.988889,0.08983333,5.988889
107.82,50.80541,0.08986667,174.3494,5.991111,0.08986667,5.991111
107.83,50.80541,0.08986667,174.3494,5.991111,0.08986667,5.991111
107.84,50.79746,0.08986667,174.3221,5.991111,0.08986667,5.991111
107.85,50.78952,0.08986667,174.2948,5.991111,0.08986667,5.991111
107.86,50.79269,0.0899,174.3057,5.993333,0.0899,5.993333
107.87,50.80223,0.0899,174.3385,5.993333,0.0899,5.993333
107.88,50.81495,0.0899,174.3821,5.993333,0.0899,5.993333
107.89,50.8213,0.0899,174.4039,5.993333,0.0899,5.993333
107.9,50.8229,0.08993334,174.4094,5.995556,0.08993334,5.995556
107.91,50.81813,0.08993334,174.393,5.995556,0.08993334,5.995556
107.92,50.81336,0.08993334,174.3766,5.995556,0.08993334,5.995556
107.93,50.81813,0.08993334,174.393,5.995556,0.08993334,5.995556
107.94,50.84356,0.08996667,174.4803,5.997778,0.08996667,5.997778
107.95,50.87217,0.08996667,174.5785,5.997778,0.08996667,5.997778
107.96,50.88012,0.08996667,174.6057,5.997778,0.08996667,5.997778
107.97,50.87217,0.08996667,174.5785,5.997778,0.08996667,5.997778
107.98,50.87058,0.09,174.573,6.0,0.09,6.0
107.99,50.88012,0.09,174.6057,6.0,0.09,6.0
108.0,50.89124,0.09,174.6439,6.0,0.09,6.0
108.01,50.89124,0.09,174.6439,6.0,0.09,6.0
108.02,50.89124,0.09003334,174.6439,6.002223,0.09003334,6.002223
108.03,50.89283,0.09003334,174.6494,6.002223,0.09003334,6.002223
108.04,50.89124,0.09003334,174.6439,6.002223,0.09003334,6.002223
108.05,50.88329,0.09003334,174.6166,6.002223,0.09003334,6.002223
108.06,50.87535,0.09006667,174.5894,6.004445,0.09006667,6.004445
108.07,50.87852,0.09006667,174.6003,6.004445,0.09006667,6.004445
108.08,50.88488,0.09006667,174.6221,6.004445,0.09006667,6.004445
108.09,50.89919,0.09006667,174.6712,6.004445,0.09006667,6.004445
108.1,50.90714,0.0901,174.6985,6.006667,0.0901,6.006667
108.11,50.90873,0.0901,174.7039,6.006667,0.0901,6.006667
108.12,50.90873,0.0901,174.7039,6.006667,0.0901,6.006667
108.13,50.91985,0.0901,174.7421,6.006667,0.0901,6.006667
108.14,50.9421,0.09013333,174.8185,6.008889,0.09013333,6.008889
108.15,50.97071,0.09013333,174.9167,6.008889,0.09013333,6.008889
108.16,50.99297,0.09013333,174.993,6.008889,0.09013333,6.008889
108.17,50.99773,0.09013333,175.0094,6.008889,0.09013333,6.008889
108.18,50.98184,0.09016667,174.9548,6.011111,0.09016667,6.011111
108.19,50.96595,0.09016667,174.9003,6.011111,0.09016667,6.011111
108.2,50.97071,0.09016667,174.9167,6.011111,0.09016667,6.011111
108.21,50.98502,0.09016667,174.9657,6.011111,0.09016667,6.011111
108.22,50.98979,0.0902,174.9821,6.013333,0.0902,6.013333
108.23,50.99297,0.0902,174.993,6.013333,0.0902,6.013333
108.24,50.99773,0.0902,175.0094,6.013333,0.0902,6.013333
108.25,51.01045,0.0902,175.053,6.013333,0.0902,6.013333
108.26,51.02794,0.09023333,175.113,6.015555,0.09023333,6.015555
108.27,51.03906,0.09023333,175.1512,6.015555,0.09023333,6.015555
108.28,51.03588,0.09023333,175.1403,6.015555,0.09023333,6.015555
108.29,51.02317,0.09023333,175.0966,6.015555,0.09023333,6.015555
108.3,51.01045,0.09026667,175.053,6.017778,0.09026667,6.017778
108.31,51.00568,0.09026667,175.0366,6.017778,0.09026667,6.017778
108.32,51.01522,0.09026667,175.0694,6.017778,0.09026667,6.017778
108.33,51.02317,0.09026667,175.0966,6.017778,0.09026667,6.017778
108.34,51.02317,0.0903,175.0966,6.02,0.0903,6.02
108.35,51.02158,0.0903,175.0912,6.02,0.0903,6.02
108.36,51.02794,0.0903,175.113,6.02,0.0903,6.02
108.37,51.04383,0.0903,175.1676,6.02,0.0903,6.02
108.38,51.05178,0.09033334,175.1948,6.022223,0.09033334,6.022223
108.39,51.05019,0.09033334,175.1894,6.022223,0.09033334,6.022223
108.4,51.04224,0.09033334,175.1621,6.022223,0.09033334,6.022223
108.41,51.04383,0.09033334,175.1676,6.022223,0.09033334,6.022223
108.42,51.04701,0.09036667,175.1785,6.024445,0.09036667,6.024445
108.43,51.05019,0.09036667,175.1894,6.024445,0.09036667,6.024445
108.44,51.05813,0.09036667,175.2166,6.024445,0.09036667,6.024445
108.45,51.08039,0.09036667,175.293,6.024445,0.09036667,6.024445
108.46,51.10423,0.0904,175.3748,6.026667,0.0904,6.026667
108.47,51.11694,0.0904,175.4185,6.026667,0.0904,6.026667
108.48,51.11694,0.0904,175.4185,6.026667,0.0904,6.026667
108.49,51.11694,0.0904,175.4185,6.026667,0.0904,6.026667
108.5,51.11694,0.09043334,175.4185,6.028889,0.09043334,6.028889
108.51,51.11217,0.09043334,175.4021,6.028889,0.09043334,6.028889
108.52,51.109,0.09043334,175.3912,6.028889,0.09043334,6.028889
108.53,51.11217,0.09043334,175.4021,6.028889,0.09043334,6.028889
108.54,51.11535,0.09046667,175.413,6.031111,0.09046667,6.031111
108.55,51.109,0.09046667,175.3912,6.031111,0.09046667,6.031111
108.56,51.10741,0.09046667,175.3857,6.031111,0.09046667,6.031111
108.57,51.11217,0.09046667,175.4021,6.031111,0.09046667,6.031111
108.58,51.12012,0.0905,175.4294,6.033334,0.0905,6.033334
108.59,51.12012,0.0905,175.4294,6.033334,0.0905,6.033334
108.6,51.12171,0.0905,175.4348,6.033334,0.0905,6.033334
108.61,51.12489,0.0905,175.4457,6.033334,0.0905,6.033334
108.62,51.11694,0.09053333,175.4185,6.035555,0.09053333,6.035555
108.63,51.109,0.09053333,175.3912,6.035555,0.09053333,6.035555
108.64,51.11535,0.09053333,175.413,6.035555,0.09053333,6.035555
108.65,51.12489,0.09053333,175.4457,6.035555,0.09053333,6.035555
108.66,51.13761,0.09056666,175.4894,6.037778,0.09056666,6.037778
108.67,51.1535,0.09056666,175.5439,6.037778,0.09056666,6.037778
108.68,51.16622,0.09056666,175.5876,6.037778,0.09056666,6.037778
108.69,51.17257,0.09056666,175.6094,6.037778,0.09056666,6.037778
108.7,51.16622,0.0906,175.5876,6.04,0.0906,6.04
108.71,51.17257,0.0906,175.6094,6.04,0.0906,6.04
108.72,51.18211,0.0906,175.6421,6.04,0.0906,6.04
108.73,51.18529,0.0906,175.653,6.04,0.0906,6.04
108.74,51.17416,0.09063333,175.6148,6.042222,0.09063333,6.042222
108.75,51.17257,0.09063333,175.6094,6.042222,0.09063333,6.042222
108.76,51.17257,0.09063333,175.6094,6.042222,0.09063333,6.042222
108.77,51.1694,0.09063333,175.5985,6.042222,0.09063333,6.042222
108.78,51.17257,0.09066667,175.6094,6.044445,0.09066667,6.044445
108.79,51.18211,0.09066667,175.6421,6.044445,0.09066667,6.044445
108.8,51.19324,0.09066667,175.6803,6.044445,0.09066667,6.044445
108.81,51.19483,0.09066667,175.6857,6.044445,0.09066667,6.044445
108.82,51.19324,0.0907,175.6803,6.046667,0.0907,6.046667
108.83,51.20118,0.0907,175.7076,6.046667,0.0907,6.046667
108.84,51.2139,0.0907,175.7512,6.046667,0.0907,6.046667
108.85,51.23138,0.0907,175.8112,6.046667,0.0907,6.046667
108.86,51.2441,0.09073333,175.8548,6.048889,0.09073333,6.048889
108.87,51.25523,0.09073333,175.893,6.048889,0.09073333,6.048889
108.88,51.26317,0.09073333,175.9203,6.048889,0.09073333,6.048889
108.89,51.26476,0.09073333,175.9257,6.048889,0.09073333,6.048889
108.9,51.26317,0.09076667,175.9203,6.051111,0.09076667,6.051111
108.91,51.25999,0.09076667,175.9094,6.051111,0.09076667,6.051111
108.92,51.26476,0.09076667,175.9257,6.051111,0.09076667,6.051111
108.93,51.27589,0.09076667,175.9639,6.051111,0.09076667,6.051111
108.94,51.28384,0.0908,175.9912,6.053333,0.0908,6.053333
108.95,51.29178,0.0908,176.0185,6.053333,0.0908,6.053333
108.96,51.29337,0.0908,176.0239,6.053333,0.0908,6.053333
108.97,51.29178,0.0908,176.0185,6.053333,0.0908,6.053333
108.98,51.28384,0.09083334,175.9912,6.055556,0.09083334,6.055556
108.99,51.28066,0.09083334,175.9803,6.055556,0.09083334,6.055556
109.0,51.27589,0.09083334,175.9639,6.055556,0.09083334,6.055556
109.01,51.26794,0.09083334,175.9366,6.055556,0.09083334,6.055556
109.02,51.25523,0.09086667,175.893,6.057778,0.09086667,6.057778
109.03,51.25046,0.09086667,175.8766,6.057778,0.09086667,6.057778
109.04,51.25523,0.09086667,175.893,6.057778,0.09086667,6.057778
109.05,51.27907,0.09086667,175.9748,6.057778,0.09086667,6.057778
109.06,51.30768,0.0909,176.073,6.06,0.0909,6.06
109.07,51.32198,0.0909,176.1221,6.06,0.0909,6.06
109.08,51.32198,0.0909,176.1221,6.06,0.0909,6.06
109.09,51.32198,0.0909,176.1221,6.06,0.0909,6.06
109.1,51.33311,0.09093334,176.1603,6.062222,0.09093334,6.062222
109.11,51.35059,0.09093334,176.2203,6.062222,0.09093334,6.062222
109.12,51.36172,0.09093334,176.2585,6.062222,0.09093334,6.062222
109.13,51.36649,0.09093334,176.2748,6.062222,0.09093334,6.062222
109.14,51.37444,0.09096666,176.3021,6.064444,0.09096666,6.064444
109.15,51.38238,0.09096666,176.3294,6.064444,0.09096666,6.064444
109.16,51.3792,0.09096666,176.3185,6.064444,0.09096666,6.064444
109.17,51.37444,0.09096666,176.3021,6.064444,0.09096666,6.064444
109.18,51.37284,0.091,176.2966,6.066667,0.091,6.066667
109.19,51.37761,0.091,176.313,6.066667,0.091,6.066667
109.2,51.39033,0.091,176.3567,6.066667,0.091,6.066667
109.21,51.40145,0.091,176.3948,6.066667,0.091,6.066667
109.22,51.40145,0.09103333,176.3948,6.068889,0.09103333,6.068889
109.23,51.3951,0.09103333,176.373,6.068889,0.09103333,6.068889
109.24,51.40145,0.09103333,176.3948,6.068889,0.09103333,6.068889
109.25,51.42212,0.09103333,176.4657,6.068889,0.09103333,6.068889
109.26,51.44437,0.09106667,176.5421,6.071111,0.09106667,6.071111
109.27,51.46027,0.09106667,176.5966,6.071111,0.09106667,6.071111
109.28,51.46821,0.09106667,176.6239,6.071111,0.09106667,6.071111
109.29,51.47139,0.09106667,176.6348,6.071111,0.09106667,6.071111
109.3,51.46821,0.0911,176.6239,6.073333,0.0911,6.073333
109.31,51.46027,0.0911,176.5966,6.073333,0.0911,6.073333
109.32,51.4555,0.0911,176.5803,6.073333,0.0911,6.073333
109.33,51.46503,0.0911,176.613,6.073333,0.0911,6.073333
109.34,51.47934,0.09113333,176.6621,6.075556,0.09113333,6.075556
109.35,51.48888,0.09113333,176.6948,6.075556,0.09113333,6.075556
109.36,51.49205,0.09113333,176.7057,6.075556,0.09113333,6.075556
109.37,51.49364,0.09113333,176.7112,6.075556,0.09113333,6.075556
109.38,51.49682,0.09116667,176.7221,6.077778,0.09116667,6.077778
109.39,51.49682,0.09116667,176.7221,6.077778,0.09116667,6.077778
109.4,51.50477,0.09116667,176.7494,6.077778,0.09116667,6.077778
109.41,51.52066,0.09116667,176.8039,6.077778,0.09116667,6.077778
109.42,51.53338,0.0912,176.8476,6.08,0.0912,6.08
109.43,51.5302,0.0912,176.8366,6.08,0.0912,6.08
109.44,51.5159,0.0912,176.7876,6.08,0.0912,6.08
109.45,51.49205,0.0912,176.7057,6.08,0.0912,6.08
109.46,51.47616,0.09123334,176.6512,6.082222,0.09123334,6.082222
109.47,51.48729,0.09123334,176.6894,6.082222,0.09123334,6.082222
109.48,51.5159,0.09123334,176.7876,6.082222,0.09123334,6.082222
109.49,51.53815,0.09123334,176.8639,6.082222,0.09123334,6.082222
109.5,51.53656,0.09126667,176.8585,6.084445,0.09126667,6.084445
109.51,51.5159,0.09126667,176.7876,6.084445,0.09126667,6.084445
109.52,51.50795,0.09126667,176.7603,6.084445,0.09126667,6.084445
109.53,51.52225,0.09126667,176.8094,6.084445,0.09126667,6.084445
109.54,51.54927,0.0913,176.9021,6.086667,0.0913,6.086667
109.55,51.56517,0.0913,176.9566,6.086667,0.0913,6.086667
109.56,51.56676,0.0913,176.9621,6.086667,0.0913,6.086667
109.57,51.56517,0.0913,176.9566,6.086667,0.0913,6.086667
109.58,51.56199,0.09133334,176.9457,6.088889,0.09133334,6.088889
109.59,51.56676,0.09133334,176.9621,6.088889,0.09133334,6.088889
109.6,51.58107,0.09133334,177.0112,6.088889,0.09133334,6.088889
109.61,51.59537,0.09133334,177.0603,6.088889,0.09133334,6.088889
109.62,51.60649,0.09136667,177.0985,6.091111,0.09136667,6.091111
109.63,51.61444,0.09136667,177.1257,6.091111,0.09136667,6.091111
109.64,51.61444,0.09136667,177.1257,6.091111,0.09136667,6.091111
109.65,51.60968,0.09136667,177.1094,6.091111,0.09136667,6.091111
109.66,51.59855,0.0914,177.0712,6.093333,0.0914,6.093333
109.67,51.59378,0.0914,177.0548,6.093333,0.0914,6.093333
109.68,51.59378,0.0914,177.0548,6.093333,0.0914,6.093333
109.69,51.59855,0.0914,177.0712,6.093333,0.0914,6.093333
109.7,51.60968,0.09143333,177.1094,6.095555,0.09143333,6.095555
109.71,51.61126,0.09143333,177.1148,6.095555,0.09143333,6.095555
109.72,51.60968,0.09143333,177.1094,6.095555,0.09143333,6.095555
109.73,51.61126,0.09143333,177.1148,6.095555,0.09143333,6.095555
109.74,51.62398,0.09146667,177.1585,6.097778,0.09146667,6.097778
109.75,51.64305,0.09146667,177.2239,6.097778,0.09146667,6.097778
109.76,51.65259,0.09146667,177.2567,6.097778,0.09146667,6.097778
109.77,51.65259,0.09146667,177.2567,6.097778,0.09146667,6.097778
109.78,51.64782,0.0915,177.2403,6.1,0.0915,6.1
109.79,51.64464,0.0915,177.2294,6.1,0.0915,6.1
109.8,51.64782,0.0915,177.2403,6.1,0.0915,6.1
109.81,51.65259,0.0915,177.2567,6.1,0.0915,6.1
109.82,51.66372,0.09153333,177.2948,6.102222,0.09153333,6.102222
109.83,51.67961,0.09153333,177.3494,6.102222,0.09153333,6.102222
109.84,51.69233,0.09153333,177.393,6.102222,0.09153333,6.102222
109.85,51.6812,0.09153333,177.3548,6.102222,0.09153333,6.102222
109.86,51.66054,0.09156667,177.2839,6.104445,0.09156667,6.104445
109.87,51.64464,0.09156667,177.2294,6.104445,0.09156667,6.104445
109.88,51.64464,0.09156667,177.2294,6.104445,0.09156667,6.104445
109.89,51.65895,0.09156667,177.2785,6.104445,0.09156667,6.104445
109.9,51.67643,0.0916,177.3385,6.106667,0.0916,6.106667
109.91,51.70028,0.0916,177.4203,6.106667,0.0916,6.106667
109.92,51.71617,0.0916,177.4748,6.106667,0.0916,6.106667
109.93,51.72094,0.0916,177.4912,6.106667,0.0916,6.106667
109.94,51.72412,0.09163333,177.5021,6.108889,0.09163333,6.108889
109.95,51.7257,0.09163333,177.5076,6.108889,0.09163333,6.108889
109.96,51.72889,0.09163333,177.5185,6.108889,0.09163333,6.108889
109.97,51.73683,0.09163333,177.5457,6.108889,0.09163333,6.108889
109.98,51.75431,0.09166667,177.6057,6.111111,0.09166667,6.111111
109.99,51.77339,0.09166667,177.6712,6.111111,0.09166667,6.111111
110.0,51.77498,0.09166667,177.6767,6.111111,0.09166667,6.111111
110.01,51.76226,0.09166667,177.633,6.111111,0.09166667,6.111111
110.02,51.7575,0.0917,177.6167,6.113334,0.0917,6.113334
110.03,51.77339,0.0917,177.6712,6.113334,0.0917,6.113334
110.04,51.79564,0.0917,177.7476,6.113334,0.0917,6.113334
110.05,51.79882,0.0917,177.7585,6.113334,0.0917,6.113334
110.06,51.78292,0.09173334,177.7039,6.115556,0.09173334,6.115556
110.07,51.77339,0.09173334,177.6712,6.115556,0.09173334,6.115556
110.08,51.77339,0.09173334,177.6712,6.115556,0.09173334,6.115556
110.09,51.77498,0.09173334,177.6767,6.115556,0.09173334,6.115556
110.1,51.77498,0.09176667,177.6767,6.117778,0.09176667,6.117778
110.11,51.78134,0.09176667,177.6985,6.117778,0.09176667,6.117778
110.12,51.79087,0.09176667,177.7312,6.117778,0.09176667,6.117778
110.13,51.802,0.09176667,177.7694,6.117778,0.09176667,6.117778
110.14,51.81472,0.0918,177.813,6.12,0.0918,6.12
110.15,51.82266,0.0918,177.8403,6.12,0.0918,6.12
110.16,51.81948,0.0918,177.8294,6.12,0.0918,6.12
110.17,51.81472,0.0918,177.813,6.12,0.0918,6.12
110.18,51.8163,0.09183333,177.8185,6.122222,0.09183333,6.122222
110.19,51.82266,0.09183333,177.8403,6.122222,0.09183333,6.122222
110.2,51.82743,0.09183333,177.8566,6.122222,0.09183333,6.122222
110.21,51.83856,0.09183333,177.8948,6.122222,0.09183333,6.122222
110.22,51.84333,0.09186666,177.9112,6.124444,0.09186666,6.124444
110.23,51.84809,0.09186666,177.9276,6.124444,0.09186666,6.124444
110.24,51.84809,0.09186666,177.9276,6.124444,0.09186666,6.124444
110.25,51.85127,0.09186666,177.9385,6.124444,0.09186666,6.124444
110.26,51.86081,0.0919,177.9712,6.126667,0.0919,6.126667
110.27,51.87671,0.0919,178.0257,6.126667,0.0919,6.126667
110.28,51.8926,0.0919,178.0803,6.126667,0.0919,6.126667
110.29,51.88942,0.0919,178.0694,6.126667,0.0919,6.126667
110.3,51.87671,0.09193333,178.0257,6.128889,0.09193333,6.128889
110.31,51.86876,0.09193333,177.9985,6.128889,0.09193333,6.128889
110.32,51.87352,0.09193333,178.0148,6.128889,0.09193333,6.128889
110.33,51.88147,0.09193333,178.0421,6.128889,0.09193333,6.128889
110.34,51.88783,0.09196667,178.0639,6.131111,0.09196667,6.131111
110.35,51.8926,0.09196667,178.0803,6.131111,0.09196667,6.131111
110.36,51.8926,0.09196667,178.0803,6.131111,0.09196667,6.131111
110.37,51.89578,0.09196667,178.0912,6.131111,0.09196667,6.131111
110.38,51.90055,0.092,178.1076,6.133333,0.092,6.133333
110.39,51.90532,0.092,178.1239,6.133333,0.092,6.133333
110.4,51.90532,0.092,178.1239,6.133333,0.092,6.133333
110.41,51.89737,0.092,178.0966,6.133333,0.092,6.133333
110.42,51.8926,0.09203333,178.0803,6.135556,0.09203333,6.135556
110.43,51.90213,0.09203333,178.113,6.135556,0.09203333,6.135556
110.44,51.92598,0.09203333,178.1948,6.135556,0.09203333,6.135556
110.45,51.94187,0.09203333,178.2494,6.135556,0.09203333,6.135556
110.46,51.94664,0.09206667,178.2657,6.137778,0.09206667,6.137778
110.47,51.94982,0.09206667,178.2766,6.137778,0.09206667,6.137778
110.48,51.953,0.09206667,178.2876,6.137778,0.09206667,6.137778
110.49,51.95935,0.09206667,178.3094,6.137778,0.09206667,6.137778
110.5,51.97366,0.0921,178.3585,6.14,0.0921,6.14
110.51,51.9832,0.0921,178.3912,6.14,0.0921,6.14
110.52,51.98161,0.0921,178.3857,6.14,0.0921,6.14
110.53,51.97048,0.0921,178.3476,6.14,0.0921,6.14
110.54,51.97048,0.09213334,178.3476,6.142222,0.09213334,6.142222
110.55,51.97843,0.09213334,178.3748,6.142222,0.09213334,6.142222
110.56,51.9832,0.09213334,178.3912,6.142222,0.09213334,6.142222
110.57,51.9832,0.09213334,178.3912,6.142222,0.09213334,6.142222
110.58,51.98796,0.09216667,178.4076,6.144444,0.09216667,6.144444
110.59,52.00227,0.09216667,178.4566,6.144444,0.09216667,6.144444
110.6,52.01976,0.09216667,178.5167,6.144444,0.09216667,6.144444
110.61,52.03883,0.09216667,178.5821,6.144444,0.09216667,6.144444
110.62,52.05313,0.0922,178.6312,6.146667,0.0922,6.146667
110.63,52.05631,0.0922,178.6421,6.146667,0.0922,6.146667
110.64,52.04837,0.0922,178.6148,6.146667,0.0922,6.146667
110.65,52.04678,0.0922,178.6094,6.146667,0.0922,6.146667
110.66,52.05154,0.09223334,178.6257,6.148889,0.09223334,6.148889
110.67,52.05313,0.09223334,178.6312,6.148889,0.09223334,6.148889
110.68,52.04837,0.09223334,178.6148,6.148889,0.09223334,6.148889
110.69,52.04837,0.09223334,178.6148,6.148889,0.09223334,6.148889
110.7,52.05154,0.09226667,178.6257,6.151112,0.09226667,6.151112
110.71,52.05631,0.09226667,178.6421,6.151112,0.09226667,6.151112
110.72,52.06108,0.09226667,178.6585,6.151112,0.09226667,6.151112
110.73,52.07539,0.09226667,178.7076,6.151112,0.09226667,6.151112
110.74,52.08969,0.0923,178.7567,6.153333,0.0923,6.153333
110.75,52.104,0.0923,178.8057,6.153333,0.0923,6.153333
110.76,52.10876,0.0923,178.8221,6.153333,0.0923,6.153333
110.77,52.11671,0.0923,178.8494,6.153333,0.0923,6.153333
110.78,52.13897,0.09233333,178.9258,6.155555,0.09233333,6.155555
110.79,52.16122,0.09233333,179.0021,6.155555,0.09233333,6.155555
110.8,52.16281,0.09233333,179.0076,6.155555,0.09233333,6.155555
110.81,52.15327,0.09233333,178.9748,6.155555,0.09233333,6.155555
110.82,52.13737,0.09236667,178.9203,6.157778,0.09236667,6.157778
110.83,52.12466,0.09236667,178.8767,6.157778,0.09236667,6.157778
110.84,52.11671,0.09236667,178.8494,6.157778,0.09236667,6.157778
110.85,52.10559,0.09236667,178.8112,6.157778,0.09236667,6.157778
110.86,52.10082,0.0924,178.7948,6.16,0.0924,6.16
110.87,52.10559,0.0924,178.8112,6.16,0.0924,6.16
110.88,52.12148,0.0924,178.8657,6.16,0.0924,6.16
110.89,52.13737,0.0924,178.9203,6.16,0.0924,6.16
110.9,52.13737,0.09243333,178.9203,6.162222,0.09243333,6.162222
110.91,52.13261,0.09243333,178.9039,6.162222,0.09243333,6.162222
110.92,52.12943,0.09243333,178.893,6.162222,0.09243333,6.162222
110.93,52.1342,0.09243333,178.9094,6.162222,0.09243333,6.162222
110.94,52.1342,0.09246667,178.9094,6.164444,0.09246667,6.164444
110.95,52.12943,0.09246667,178.893,6.164444,0.09246667,6.164444
110.96,52.12943,0.09246667,178.893,6.164444,0.09246667,6.164444
110.97,52.14532,0.09246667,178.9476,6.164444,0.09246667,6.164444
110.98,52.17075,0.0925,179.0348,6.166667,0.0925,6.166667
110.99,52.19619,0.0925,179.1221,6.166667,0.0925,6.166667
111.0,52.21208,0.0925,179.1767,6.166667,0.0925,6.166667
111.01,52.21049,0.0925,179.1712,6.166667,0.0925,6.166667
111.02,52.19619,0.09253334,179.1221,6.168889,0.09253334,6.168889
111.03,52.1946,0.09253334,179.1167,6.168889,0.09253334,6.168889
111.04,52.20731,0.09253334,179.1603,6.168889,0.09253334,6.168889
111.05,52.21526,0.09253334,179.1876,6.168889,0.09253334,6.168889
111.06,52.21208,0.09256667,179.1767,6.171111,0.09256667,6.171111
111.07,52.20413,0.09256667,179.1494,6.171111,0.09256667,6.171111
111.08,52.19936,0.09256667,179.133,6.171111,0.09256667,6.171111
111.09,52.20254,0.09256667,179.1439,6.171111,0.09256667,6.171111
111.1,52.21526,0.0926,179.1876,6.173334,0.0926,6.173334
111.11,52.22797,0.0926,179.2312,6.173334,0.0926,6.173334
111.12,52.2391,0.0926,179.2694,6.173334,0.0926,6.173334
111.13,52.24387,0.0926,179.2858,6.173334,0.0926,6.173334
111.14,52.24705,0.09263334,179.2966,6.175556,0.09263334,6.175556
111.15,52.24387,0.09263334,179.2858,6.175556,0.09263334,6.175556
111.16,52.2391,0.09263334,179.2694,6.175556,0.09263334,6.175556
111.17,52.24069,0.09263334,179.2748,6.175556,0.09263334,6.175556
111.18,52.25182,0.09266667,179.313,6.177778,0.09266667,6.177778
111.19,52.26771,0.09266667,179.3676,6.177778,0.09266667,6.177778
111.2,52.28043,0.09266667,179.4112,6.177778,0.09266667,6.177778
111.21,52.28837,0.09266667,179.4385,6.177778,0.09266667,6.177778
111.22,52.29632,0.0927,179.4657,6.18,0.0927,6.18
111.23,52.30427,0.0927,179.493,6.18,0.0927,6.18
111.24,52.29314,0.0927,179.4548,6.18,0.0927,6.18
111.25,52.2693,0.0927,179.373,6.18,0.0927,6.18
111.26,52.25182,0.09273333,179.313,6.182222,0.09273333,6.182222
111.27,52.25341,0.09273333,179.3185,6.182222,0.09273333,6.182222
111.28,52.27248,0.09273333,179.3839,6.182222,0.09273333,6.182222
111.29,52.29314,0.09273333,179.4548,6.182222,0.09273333,6.182222
111.3,52.30586,0.09276666,179.4985,6.184444,0.09276666,6.184444
111.31,52.32175,0.09276666,179.553,6.184444,0.09276666,6.184444
111.32,52.33924,0.09276666,179.613,6.184444,0.09276666,6.184444
111.33,52.35036,0.09276666,179.6512,6.184444,0.09276666,6.184444
111.34,52.35036,0.0928,179.6512,6.186666,0.0928,6.186666
111.35,52.35354,0.0928,179.6621,6.186666,0.0928,6.186666
111.36,52.36149,0.0928,179.6894,6.186666,0.0928,6.186666
111.37,52.36308,0.0928,179.6948,6.186666,0.0928,6.186666
111.38,52.35831,0.09283333,179.6785,6.188889,0.09283333,6.188889
111.39,52.35036,0.09283333,179.6512,6.188889,0.09283333,6.188889
111.4,52.35036,0.09283333,179.6512,6.188889,0.09283333,6.188889
111.41,52.36149,0.09283333,179.6894,6.188889,0.09283333,6.188889
111.42,52.37897,0.09286667,179.7494,6.191111,0.09286667,6.191111
111.43,52.38692,0.09286667,179.7767,6.191111,0.09286667,6.191111
111.44,52.3742,0.09286667,179.733,6.191111,0.09286667,6.191111
111.45,52.35354,0.09286667,179.6621,6.191111,0.09286667,6.191111
111.46,52.34718,0.0929,179.6403,6.193333,0.0929,6.193333
111.47,52.36626,0.0929,179.7057,6.193333,0.0929,6.193333
111.48,52.38215,0.0929,179.7603,6.193333,0.0929,6.193333
111.49,52.38215,0.0929,179.7603,6.193333,0.0929,6.193333
111.5,52.37579,0.09293333,179.7385,6.195556,0.09293333,6.195556
111.51,52.38374,0.09293333,179.7657,6.195556,0.09293333,6.195556
111.52,52.39646,0.09293333,179.8094,6.195556,0.09293333,6.195556
111.53,52.40758,0.09293333,179.8476,6.195556,0.09293333,6.195556
111.54,52.42348,0.09296667,179.9021,6.197778,0.09296667,6.197778
111.55,52.43937,0.09296667,179.9567,6.197778,0.09296667,6.197778
111.56,52.44414,0.09296667,179.973,6.197778,0.09296667,6.197778
111.57,52.43301,0.09296667,179.9348,6.197778,0.09296667,6.197778
111.58,52.41871,0.093,179.8857,6.2,0.093,6.2
111.59,52.39964,0.093,179.8203,6.2,0.093,6.2
111.6,52.38374,0.093,179.7657,6.2,0.093,6.2
111.61,52.38374,0.093,179.7657,6.2,0.093,6.2
111.62,52.4044,0.09303334,179.8367,6.202222,0.09303334,6.202222
111.63,52.43619,0.09303334,179.9457,6.202222,0.09303334,6.202222
111.64,52.45686,0.09303334,180.0166,6.202222,0.09303334,6.202222
111.65,52.46957,0.09303334,180.0603,6.202222,0.09303334,6.202222
111.66,52.4648,0.09306667,180.0439,6.204445,0.09306667,6.204445
111.67,52.44891,0.09306667,179.9894,6.204445,0.09306667,6.204445
111.68,52.43619,0.09306667,179.9457,6.204445,0.09306667,6.204445
111.69,52.43301,0.09306667,179.9348,6.204445,0.09306667,6.204445
111.7,52.43937,0.0931,179.9567,6.206667,0.0931,6.206667
111.71,52.44732,0.0931,179.9839,6.206667,0.0931,6.206667
111.72,52.46003,0.0931,180.0276,6.206667,0.0931,6.206667
111.73,52.46798,0.0931,180.0548,6.206667,0.0931,6.206667
111.74,52.47275,0.09313334,180.0712,6.208889,0.09313334,6.208889
111.75,52.4807,0.09313334,180.0985,6.208889,0.09313334,6.208889
111.76,52.49341,0.09313334,180.1421,6.208889,0.09313334,6.208889
111.77,52.50454,0.09313334,180.1803,6.208889,0.09313334,6.208889
111.78,52.50931,0.09316666,180.1967,6.211111,0.09316666,6.211111
111.79,52.50136,0.09316666,180.1694,6.211111,0.09316666,6.211111
111.8,52.48864,0.09316666,180.1257,6.211111,0.09316666,6.211111
111.81,52.47752,0.09316666,180.0876,6.211111,0.09316666,6.211111
111.82,52.47275,0.0932,180.0712,6.213333,0.0932,6.213333
111.83,52.47593,0.0932,180.0821,6.213333,0.0932,6.213333
111.84,52.48547,0.0932,180.1148,6.213333,0.0932,6.213333
111.85,52.50136,0.0932,180.1694,6.213333,0.0932,6.213333
111.86,52.50931,0.09323333,180.1967,6.215556,0.09323333,6.215556
111.87,52.5109,0.09323333,180.2021,6.215556,0.09323333,6.215556
111.88,52.51725,0.09323333,180.2239,6.215556,0.09323333,6.215556
111.89,52.53315,0.09323333,180.2785,6.215556,0.09323333,6.215556
111.9,52.54269,0.09326667,180.3112,6.217778,0.09326667,6.217778
111.91,52.54269,0.09326667,180.3112,6.217778,0.09326667,6.217778
111.92,52.53792,0.09326667,180.2948,6.217778,0.09326667,6.217778
111.93,52.5411,0.09326667,180.3057,6.217778,0.09326667,6.217778
111.94,52.55381,0.0933,180.3494,6.22,0.0933,6.22
111.95,52.56653,0.0933,180.393,6.22,0.0933,6.22
111.96,52.5713,0.0933,180.4094,6.22,0.0933,6.22
111.97,52.56971,0.0933,180.4039,6.22,0.0933,6.22
111.98,52.5713,0.09333333,180.4094,6.222222,0.09333333,6.222222
111.99,52.57924,0.09333333,180.4366,6.222222,0.09333333,6.222222
112.0,52.59196,0.09333333,180.4803,6.222222,0.09333333,6.222222
112.01,52.60468,0.09333333,180.5239,6.222222,0.09333333,6.222222
112.02,52.61262,0.09336667,180.5512,6.224444,0.09336667,6.224444
112.03,52.6158,0.09336667,180.5621,6.224444,0.09336667,6.224444
112.04,52.61262,0.09336667,180.5512,6.224444,0.09336667,6.224444
112.05,52.61898,0.09336667,180.573,6.224444,0.09336667,6.224444
112.06,52.63169,0.0934,180.6167,6.226667,0.0934,6.226667
112.07,52.64441,0.0934,180.6603,6.226667,0.0934,6.226667
112.08,52.64441,0.0934,180.6603,6.226667,0.0934,6.226667
112.09,52.63964,0.0934,180.6439,6.226667,0.0934,6.226667
112.1,52.64123,0.09343334,180.6494,6.228889,0.09343334,6.228889
112.11,52.65236,0.09343334,180.6876,6.228889,0.09343334,6.228889
112.12,52.65554,0.09343334,180.6985,6.228889,0.09343334,6.228889
112.13,52.64759,0.09343334,180.6712,6.228889,0.09343334,6.228889
112.14,52.63646,0.09346667,180.633,6.231112,0.09346667,6.231112
112.15,52.63646,0.09346667,180.633,6.231112,0.09346667,6.231112
112.16,52.64441,0.09346667,180.6603,6.231112,0.09346667,6.231112
112.17,52.64759,0.09346667,180.6712,6.231112,0.09346667,6.231112
112.18,52.65236,0.0935,180.6876,6.233334,0.0935,6.233334
112.19,52.6619,0.0935,180.7203,6.233334,0.0935,6.233334
112.2,52.68892,0.0935,180.813,6.233334,0.0935,6.233334
112.21,52.71276,0.0935,180.8948,6.233334,0.0935,6.233334
112.22,52.71912,0.09353334,180.9167,6.235556,0.09353334,6.235556
112.23,52.71276,0.09353334,180.8948,6.235556,0.09353334,6.235556
112.24,52.69845,0.09353334,180.8457,6.235556,0.09353334,6.235556
112.25,52.69368,0.09353334,180.8294,6.235556,0.09353334,6.235556
112.26,52.69687,0.09356667,180.8403,6.237778,0.09356667,6.237778
112.27,52.69368,0.09356667,180.8294,6.237778,0.09356667,6.237778
112.28,52.68415,0.09356667,180.7966,6.237778,0.09356667,6.237778
112.29,52.6762,0.09356667,180.7694,6.237778,0.09356667,6.237778
112.3,52.67779,0.0936,180.7748,6.24,0.0936,6.24
112.31,52.69051,0.0936,180.8185,6.24,0.0936,6.24
112.32,52.7064,0.0936,180.873,6.24,0.0936,6.24
112.33,52.72548,0.0936,180.9385,6.24,0.0936,6.24
112.34,52.74614,0.09363333,181.0094,6.242222,0.09363333,6.242222
112.35,52.75567,0.09363333,181.0421,6.242222,0.09363333,6.242222
112.36,52.75567,0.09363333,181.0421,6.242222,0.09363333,6.242222
112.37,52.7509,0.09363333,181.0257,6.242222,0.09363333,6.242222
112.38,52.75567,0.09366667,181.0421,6.244444,0.09366667,6.244444
112.39,52.7668,0.09366667,181.0803,6.244444,0.09366667,6.244444
112.4,52.77475,0.09366667,181.1076,6.244444,0.09366667,6.244444
112.41,52.77475,0.09366667,181.1076,6.244444,0.09366667,6.244444
112.42,52.76998,0.0937,181.0912,6.246666,0.0937,6.246666
112.43,52.76998,0.0937,181.0912,6.246666,0.0937,6.246666
112.44,52.77157,0.0937,181.0966,6.246666,0.0937,6.246666
112.45,52.77157,0.0937,181.0966,6.246666,0.0937,6.246666
112.46,52.76362,0.09373333,181.0694,6.248889,0.09373333,6.248889
112.47,52.75567,0.09373333,181.0421,6.248889,0.09373333,6.248889
112.48,52.75885,0.09373333,181.053,6.248889,0.09373333,6.248889
112.49,52.7668,0.09373333,181.0803,6.248889,0.09373333,6.248889
112.5,52.7668,0.09376667,181.0803,6.251111,0.09376667,6.251111
112.51,52.76203,0.09376667,181.0639,6.251111,0.09376667,6.251111
112.52,52.76362,0.09376667,181.0694,6.251111,0.09376667,6.251111
112.53,52.77475,0.09376667,181.1076,6.251111,0.09376667,6.251111
112.54,52.79541,0.0938,181.1785,6.253334,0.0938,6.253334
112.55,52.81925,0.0938,181.2603,6.253334,0.0938,6.253334
112.56,52.82879,0.0938,181.293,6.253334,0.0938,6.253334
112.57,52.81289,0.0938,181.2385,6.253334,0.0938,6.253334
112.58,52.79541,0.09383333,181.1785,6.255556,0.09383333,6.255556
112.59,52.79541,0.09383333,181.1785,6.255556,0.09383333,6.255556
112.6,52.81289,0.09383333,181.2385,6.255556,0.09383333,6.255556
112.61,52.8272,0.09383333,181.2876,6.255556,0.09383333,6.255556
112.62,52.82879,0.09386667,181.293,6.257778,0.09386667,6.257778
112.63,52.83197,0.09386667,181.3039,6.257778,0.09386667,6.257778
112.64,52.83673,0.09386667,181.3203,6.257778,0.09386667,6.257778
112.65,52.8415,0.09386667,181.3367,6.257778,0.09386667,6.257778
112.66,52.85263,0.0939,181.3748,6.26,0.0939,6.26
112.67,52.86535,0.0939,181.4185,6.26,0.0939,6.26
112.68,52.87647,0.0939,181.4566,6.26,0.0939,6.26
112.69,52.88124,0.0939,181.473,6.26,0.0939,6.26
112.7,52.88601,0.09393334,181.4894,6.262222,0.09393334,6.262222
112.71,52.89396,0.09393334,181.5166,6.262222,0.09393334,6.262222
112.72,52.89872,0.09393334,181.533,6.262222,0.09393334,6.262222
112.73,52.89396,0.09393334,181.5166,6.262222,0.09393334,6.262222
112.74,52.89078,0.09396667,181.5058,6.264445,0.09396667,6.264445
112.75,52.89872,0.09396667,181.533,6.264445,0.09396667,6.264445
112.76,52.90667,0.09396667,181.5603,6.264445,0.09396667,6.264445
112.77,52.90508,0.09396667,181.5548,6.264445,0.09396667,6.264445
112.78,52.89872,0.094,181.533,6.266667,0.094,6.266667
112.79,52.90191,0.094,181.5439,6.266667,0.094,6.266667
112.8,52.91303,0.094,181.5821,6.266667,0.094,6.266667
112.81,52.91939,0.094,181.6039,6.266667,0.094,6.266667
112.82,52.92733,0.09403333,181.6312,6.268888,0.09403333,6.268888
112.83,52.94164,0.09403333,181.6803,6.268888,0.09403333,6.268888
112.84,52.95594,0.09403333,181.7294,6.268888,0.09403333,6.268888
112.85,52.96707,0.09403333,181.7676,6.268888,0.09403333,6.268888
112.86,52.97184,0.09406666,181.7839,6.271111,0.09406666,6.271111
112.87,52.97661,0.09406666,181.8003,6.271111,0.09406666,6.271111
112.88,52.97979,0.09406666,181.8112,6.271111,0.09406666,6.271111
112.89,52.97502,0.09406666,181.7948,6.271111,0.09406666,6.271111
112.9,52.97979,0.0941,181.8112,6.273333,0.0941,6.273333
112.91,52.99568,0.0941,181.8658,6.273333,0.0941,6.273333
112.92,53.00363,0.0941,181.893,6.273333,0.0941,6.273333
112.93,53.00522,0.0941,181.8985,6.273333,0.0941,6.273333
112.94,53.01158,0.09413333,181.9203,6.275556,0.09413333,6.275556
112.95,53.01952,0.09413333,181.9476,6.275556,0.09413333,6.275556
112.96,53.01952,0.09413333,181.9476,6.275556,0.09413333,6.275556
112.97,53.01316,0.09413333,181.9258,6.275556,0.09413333,6.275556
112.98,53.01635,0.09416667,181.9367,6.277778,0.09416667,6.277778
112.99,53.02747,0.09416667,181.9748,6.277778,0.09416667,6.277778
113.0,53.02747,0.09416667,181.9748,6.277778,0.09416667,6.277778
113.01,53.02747,0.09416667,181.9748,6.277778,0.09416667,6.277778
113.02,53.03542,0.0942,182.0021,6.28,0.0942,6.28
113.03,53.0529,0.0942,182.0621,6.28,0.0942,6.28
113.04,53.06085,0.0942,182.0894,6.28,0.0942,6.28
113.05,53.06562,0.0942,182.1057,6.28,0.0942,6.28
113.06,53.0688,0.09423333,182.1167,6.282222,0.09423333,6.282222
113.07,53.06403,0.09423333,182.1003,6.282222,0.09423333,6.282222
113.08,53.04972,0.09423333,182.0512,6.282222,0.09423333,6.282222
113.09,53.05608,0.09423333,182.073,6.282222,0.09423333,6.282222
113.1,53.07674,0.09426667,182.1439,6.284444,0.09426667,6.284444
113.11,53.08628,0.09426667,182.1767,6.284444,0.09426667,6.284444
113.12,53.08628,0.09426667,182.1767,6.284444,0.09426667,6.284444
113.13,53.08469,0.09426667,182.1712,6.284444,0.09426667,6.284444
113.14,53.08469,0.0943,182.1712,6.286667,0.0943,6.286667
113.15,53.08946,0.0943,182.1876,6.286667,0.0943,6.286667
113.16,53.099,0.0943,182.2203,6.286667,0.0943,6.286667
113.17,53.11012,0.0943,182.2585,6.286667,0.0943,6.286667
113.18,53.11489,0.09433334,182.2748,6.288889,0.09433334,6.288889
113.19,53.10535,0.09433334,182.2421,6.288889,0.09433334,6.288889
113.2,53.08151,0.09433334,182.1603,6.288889,0.09433334,6.288889
113.21,53.06085,0.09433334,182.0894,6.288889,0.09433334,6.288889
113.22,53.0529,0.09436667,182.0621,6.291111,0.09436667,6.291111
113.23,53.06562,0.09436667,182.1057,6.291111,0.09436667,6.291111
113.24,53.099,0.09436667,182.2203,6.291111,0.09436667,6.291111
113.25,53.13556,0.09436667,182.3457,6.291111,0.09436667,6.291111
113.26,53.14668,0.0944,182.3839,6.293334,0.0944,6.293334
113.27,53.13079,0.0944,182.3294,6.293334,0.0944,6.293334
113.28,53.11489,0.0944,182.2748,6.293334,0.0944,6.293334
113.29,53.11807,0.0944,182.2858,6.293334,0.0944,6.293334
113.3,53.12602,0.09443334,182.313,6.295556,0.09443334,6.295556
113.31,53.12761,0.09443334,182.3185,6.295556,0.09443334,6.295556
113.32,53.11807,0.09443334,182.2858,6.295556,0.09443334,6.295556
113.33,53.10535,0.09443334,182.2421,6.295556,0.09443334,6.295556
113.34,53.09423,0.09446667,182.2039,6.297778,0.09446667,6.297778
113.35,53.08628,0.09446667,182.1767,6.297778,0.09446667,6.297778
113.36,53.08628,0.09446667,182.1767,6.297778,0.09446667,6.297778
113.37,53.09741,0.09446667,182.2148,6.297778,0.09446667,6.297778
113.38,53.12125,0.0945,182.2967,6.3,0.0945,6.3
113.39,53.1435,0.0945,182.373,6.3,0.0945,6.3
113.4,53.15145,0.0945,182.4003,6.3,0.0945,6.3
113.41,53.15145,0.0945,182.4003,6.3,0.0945,6.3
113.42,53.15463,0.09453333,182.4112,6.302222,0.09453333,6.302222
113.43,53.1594,0.09453333,182.4276,6.302222,0.09453333,6.302222
113.44,53.17052,0.09453333,182.4657,6.302222,0.09453333,6.302222
113.45,53.17847,0.09453333,182.493,6.302222,0.09453333,6.302222
113.46,53.18483,0.09456667,182.5148,6.304444,0.09456667,6.304444
113.47,53.19595,0.09456667,182.553,6.304444,0.09456667,6.304444
113.48,53.20072,0.09456667,182.5694,6.304444,0.09456667,6.304444
113.49,53.19278,0.09456667,182.5421,6.304444,0.09456667,6.304444
113.5,53.18006,0.0946,182.4985,6.306667,0.0946,6.306667
113.51,53.17847,0.0946,182.493,6.306667,0.0946,6.306667
113.52,53.18006,0.0946,182.4985,6.306667,0.0946,6.306667
113.53,53.18801,0.0946,182.5258,6.306667,0.0946,6.306667
113.54,53.2039,0.09463333,182.5803,6.308889,0.09463333,6.308889
113.55,53.2198,0.09463333,182.6348,6.308889,0.09463333,6.308889
113.56,53.22456,0.09463333,182.6512,6.308889,0.09463333,6.308889
113.57,53.22139,0.09463333,182.6403,6.308889,0.09463333,6.308889
113.58,53.22139,0.09466667,182.6403,6.311111,0.09466667,6.311111
113.59,53.22774,0.09466667,182.6621,6.311111,0.09466667,6.311111
113.6,53.24523,0.09466667,182.7221,6.311111,0.09466667,6.311111
113.61,53.26907,0.09466667,182.8039,6.311111,0.09466667,6.311111
113.62,53.27861,0.0947,182.8367,6.313334,0.0947,6.313334
113.63,53.2643,0.0947,182.7876,6.313334,0.0947,6.313334
113.64,53.24046,0.0947,182.7057,6.313334,0.0947,6.313334
113.65,53.2198,0.0947,182.6348,6.313334,0.0947,6.313334
113.66,53.20867,0.09473334,182.5966,6.315556,0.09473334,6.315556
113.67,53.21662,0.09473334,182.6239,6.315556,0.09473334,6.315556
113.68,53.24046,0.09473334,182.7057,6.315556,0.09473334,6.315556
113.69,53.27066,0.09473334,182.8094,6.315556,0.09473334,6.315556
113.7,53.29927,0.09476667,182.9076,6.317778,0.09476667,6.317778
113.71,53.31357,0.09476667,182.9566,6.317778,0.09476667,6.317778
113.72,53.30563,0.09476667,182.9294,6.317778,0.09476667,6.317778
113.73,53.28973,0.09476667,182.8748,6.317778,0.09476667,6.317778
113.74,53.28973,0.0948,182.8748,6.32,0.0948,6.32
113.75,53.2945,0.0948,182.8912,6.32,0.0948,6.32
113.76,53.28973,0.0948,182.8748,6.32,0.0948,6.32
113.77,53.28178,0.0948,182.8476,6.32,0.0948,6.32
113.78,53.28973,0.09483334,182.8748,6.322222,0.09483334,6.322222
113.79,53.30563,0.09483334,182.9294,6.322222,0.09483334,6.322222
113.8,53.31357,0.09483334,182.9566,6.322222,0.09483334,6.322222
113.81,53.31357,0.09483334,182.9566,6.322222,0.09483334,6.322222
113.82,53.32152,0.09486667,182.9839,6.324445,0.09486667,6.324445
113.83,53.33106,0.09486667,183.0167,6.324445,0.09486667,6.324445
113.84,53.33583,0.09486667,183.033,6.324445,0.09486667,6.324445
113.85,53.33424,0.09486667,183.0276,6.324445,0.09486667,6.324445
113.86,53.32788,0.0949,183.0058,6.326667,0.0949,6.326667
113.87,53.33583,0.0949,183.033,6.326667,0.0949,6.326667
113.88,53.35013,0.0949,183.0821,6.326667,0.0949,6.326667
113.89,53.35649,0.0949,183.1039,6.326667,0.0949,6.326667
113.9,53.35649,0.09493333,183.1039,6.328889,0.09493333,6.328889
113.91,53.35172,0.09493333,183.0876,6.328889,0.09493333,6.328889
113.92,53.3549,0.09493333,183.0985,6.328889,0.09493333,6.328889
113.93,53.36285,0.09493333,183.1257,6.328889,0.09493333,6.328889
113.94,53.36285,0.09496666,183.1257,6.331111,0.09496666,6.331111
113.95,53.35172,0.09496666,183.0876,6.331111,0.09496666,6.331111
113.96,53.3549,0.09496666,183.0985,6.331111,0.09496666,6.331111
113.97,53.36444,0.09496666,183.1312,6.331111,0.09496666,6.331111
113.98,53.37079,0.095,183.153,6.333333,0.095,6.333333
113.99,53.37238,0.095,183.1585,6.333333,0.095,6.333333
114.0,53.3851,0.095,183.2021,6.333333,0.095,6.333333
114.01,53.40735,0.095,183.2785,6.333333,0.095,6.333333
114.02,53.42484,0.09503333,183.3385,6.335556,0.09503333,6.335556
114.03,53.44073,0.09503333,183.393,6.335556,0.09503333,6.335556
114.04,53.44868,0.09503333,183.4203,6.335556,0.09503333,6.335556
114.05,53.45027,0.09503333,183.4258,6.335556,0.09503333,6.335556
114.06,53.45821,0.09506667,183.453,6.337778,0.09506667,6.337778
114.07,53.46934,0.09506667,183.4912,6.337778,0.09506667,6.337778
114.08,53.47888,0.09506667,183.5239,6.337778,0.09506667,6.337778
114.09,53.47729,0.09506667,183.5185,6.337778,0.09506667,6.337778
114.1,53.46934,0.0951,183.4912,6.34,0.0951,6.34
114.11,53.46139,0.0951,183.4639,6.34,0.0951,6.34
114.12,53.45821,0.0951,183.453,6.34,0.0951,6.34
114.13,53.46139,0.0951,183.4639,6.34,0.0951,6.34
114.14,53.47411,0.09513333,183.5076,6.342222,0.09513333,6.342222
114.15,53.49,0.09513333,183.5621,6.342222,0.09513333,6.342222
114.16,53.50272,0.09513333,183.6058,6.342222,0.09513333,6.342222
114.17,53.5059,0.09513333,183.6167,6.342222,0.09513333,6.342222
114.18,53.49954,0.09516667,183.5948,6.344445,0.09516667,6.344445
114.19,53.49,0.09516667,183.5621,6.344445,0.09516667,6.344445
114.2,53.48206,0.09516667,183.5348,6.344445,0.09516667,6.344445
114.21,53.46616,0.09516667,183.4803,6.344445,0.09516667,6.344445
114.22,53.45821,0.0952,183.453,6.346667,0.0952,6.346667
114.23,53.45662,0.0952,183.4476,6.346667,0.0952,6.346667
114.24,53.45662,0.0952,183.4476,6.346667,0.0952,6.346667
114.25,53.45345,0.0952,183.4367,6.346667,0.0952,6.346667
114.26,53.45662,0.09523334,183.4476,6.348889,0.09523334,6.348889
114.27,53.47411,0.09523334,183.5076,6.348889,0.09523334,6.348889
114.28,53.49795,0.09523334,183.5894,6.348889,0.09523334,6.348889
114.29,53.52179,0.09523334,183.6712,6.348889,0.09523334,6.348889
114.3,53.53133,0.09526667,183.7039,6.351111,0.09526667,6.351111
114.31,53.53451,0.09526667,183.7148,6.351111,0.09526667,6.351111
114.32,53.5361,0.09526667,183.7203,6.351111,0.09526667,6.351111
114.33,53.54245,0.09526667,183.7421,6.351111,0.09526667,6.351111
114.34,53.54722,0.0953,183.7585,6.353333,0.0953,6.353333
114.35,53.55835,0.0953,183.7967,6.353333,0.0953,6.353333
114.36,53.56312,0.0953,183.813,6.353333,0.0953,6.353333
114.37,53.56471,0.0953,183.8185,6.353333,0.0953,6.353333
114.38,53.57106,0.09533334,183.8403,6.355556,0.09533334,6.355556
114.39,53.5806,0.09533334,183.873,6.355556,0.09533334,6.355556
114.4,53.57583,0.09533334,183.8567,6.355556,0.09533334,6.355556
114.41,53.56312,0.09533334,183.813,6.355556,0.09533334,6.355556
114.42,53.55994,0.09536666,183.8021,6.357778,0.09536666,6.357778
114.43,53.56789,0.09536666,183.8294,6.357778,0.09536666,6.357778
114.44,53.57901,0.09536666,183.8676,6.357778,0.09536666,6.357778
114.45,53.57901,0.09536666,183.8676,6.357778,0.09536666,6.357778
114.46,53.57265,0.0954,183.8457,6.36,0.0954,6.36
114.47,53.57583,0.0954,183.8567,6.36,0.0954,6.36
114.48,53.59332,0.0954,183.9167,6.36,0.0954,6.36
114.49,53.61557,0.0954,183.993,6.36,0.0954,6.36
114.5,53.62034,0.09543333,184.0094,6.362222,0.09543333,6.362222
114.51,53.61239,0.09543333,183.9821,6.362222,0.09543333,6.362222
114.52,53.60126,0.09543333,183.9439,6.362222,0.09543333,6.362222
114.53,53.59173,0.09543333,183.9112,6.362222,0.09543333,6.362222
114.54,53.57901,0.09546667,183.8676,6.364444,0.09546667,6.364444
114.55,53.57106,0.09546667,183.8403,6.364444,0.09546667,6.364444
114.56,53.56789,0.09546667,183.8294,6.364444,0.09546667,6.364444
114.57,53.57901,0.09546667,183.8676,6.364444,0.09546667,6.364444
114.58,53.60444,0.0955,183.9548,6.366667,0.0955,6.366667
114.59,53.62988,0.0955,184.0421,6.366667,0.0955,6.366667
114.6,53.64577,0.0955,184.0967,6.366667,0.0955,6.366667
114.61,53.65054,0.0955,184.113,6.366667,0.0955,6.366667
114.62,53.65054,0.09553333,184.113,6.368889,0.09553333,6.368889
114.63,53.64895,0.09553333,184.1076,6.368889,0.09553333,6.368889
114.64,53.64577,0.09553333,184.0967,6.368889,0.09553333,6.368889
114.65,53.64418,0.09553333,184.0912,6.368889,0.09553333,6.368889
114.66,53.64577,0.09556667,184.0967,6.371111,0.09556667,6.371111
114.67,53.65372,0.09556667,184.1239,6.371111,0.09556667,6.371111
114.68,53.67438,0.09556667,184.1948,6.371111,0.09556667,6.371111
114.69,53.69345,0.09556667,184.2603,6.371111,0.09556667,6.371111
114.7,53.70299,0.0956,184.293,6.373333,0.0956,6.373333
114.71,53.70299,0.0956,184.293,6.373333,0.0956,6.373333
114.72,53.69822,0.0956,184.2767,6.373333,0.0956,6.373333
114.73,53.6871,0.0956,184.2385,6.373333,0.0956,6.373333
114.74,53.67279,0.09563334,184.1894,6.375556,0.09563334,6.375556
114.75,53.65689,0.09563334,184.1348,6.375556,0.09563334,6.375556
114.76,53.65054,0.09563334,184.113,6.375556,0.09563334,6.375556
114.77,53.66961,0.09563334,184.1785,6.375556,0.09563334,6.375556
114.78,53.69822,0.09566667,184.2767,6.377778,0.09566667,6.377778
114.79,53.71888,0.09566667,184.3476,6.377778,0.09566667,6.377778
114.8,53.71888,0.09566667,184.3476,6.377778,0.09566667,6.377778
114.81,53.70776,0.09566667,184.3094,6.377778,0.09566667,6.377778
114.82,53.70299,0.0957,184.293,6.38,0.0957,6.38
114.83,53.70617,0.0957,184.3039,6.38,0.0957,6.38
114.84,53.71094,0.0957,184.3203,6.38,0.0957,6.38
114.85,53.72206,0.0957,184.3585,6.38,0.0957,6.38
114.86,53.72683,0.09573334,184.3748,6.382223,0.09573334,6.382223
114.87,53.72683,0.09573334,184.3748,6.382223,0.09573334,6.382223
114.88,53.72365,0.09573334,184.3639,6.382223,0.09573334,6.382223
114.89,53.72683,0.09573334,184.3748,6.382223,0.09573334,6.382223
114.9,53.7316,0.09576667,184.3912,6.384445,0.09576667,6.384445
114.91,53.74432,0.09576667,184.4348,6.384445,0.09576667,6.384445
114.92,53.76339,0.09576667,184.5003,6.384445,0.09576667,6.384445
114.93,53.77929,0.09576667,184.5548,6.384445,0.09576667,6.384445
114.94,53.78405,0.0958,184.5712,6.386666,0.0958,6.386666
114.95,53.78405,0.0958,184.5712,6.386666,0.0958,6.386666
114.96,53.792,0.0958,184.5985,6.386666,0.0958,6.386666
114.97,53.79359,0.0958,184.6039,6.386666,0.0958,6.386666
114.98,53.78405,0.09583333,184.5712,6.388889,0.09583333,6.388889
114.99,53.7761,0.09583333,184.5439,6.388889,0.09583333,6.388889
115.0,53.78087,0.09583333,184.5603,6.388889,0.09583333,6.388889
115.01,53.79677,0.09583333,184.6148,6.388889,0.09583333,6.388889
115.02,53.80948,0.09586667,184.6585,6.391111,0.09586667,6.391111
115.03,53.8222,0.09586667,184.7021,6.391111,0.09586667,6.391111
115.04,53.83332,0.09586667,184.7403,6.391111,0.09586667,6.391111
115.05,53.83332,0.09586667,184.7403,6.391111,0.09586667,6.391111
115.06,53.8222,0.0959,184.7021,6.393333,0.0959,6.393333
115.07,53.81584,0.0959,184.6803,6.393333,0.0959,6.393333
115.08,53.81743,0.0959,184.6858,6.393333,0.0959,6.393333
115.09,53.82061,0.0959,184.6967,6.393333,0.0959,6.393333
115.1,53.82061,0.09593333,184.6967,6.395555,0.09593333,6.395555
115.11,53.81743,0.09593333,184.6858,6.395555,0.09593333,6.395555
115.12,53.8222,0.09593333,184.7021,6.395555,0.09593333,6.395555
115.13,53.83809,0.09593333,184.7567,6.395555,0.09593333,6.395555
115.14,53.85081,0.09596667,184.8003,6.397778,0.09596667,6.397778
115.15,53.86193,0.09596667,184.8385,6.397778,0.09596667,6.397778
115.16,53.87306,0.09596667,184.8767,6.397778,0.09596667,6.397778
115.17,53.8826,0.09596667,184.9094,6.397778,0.09596667,6.397778
115.18,53.87942,0.096,184.8985,6.4,0.096,6.4
115.19,53.86512,0.096,184.8494,6.4,0.096,6.4
115.2,53.84127,0.096,184.7676,6.4,0.096,6.4
115.21,53.83332,0.096,184.7403,6.4,0.096,6.4
115.22,53.84445,0.09603333,184.7785,6.402222,0.09603333,6.402222
115.23,53.85399,0.09603333,184.8112,6.402222,0.09603333,6.402222
115.24,53.86512,0.09603333,184.8494,6.402222,0.09603333,6.402222
115.25,53.87942,0.09603333,184.8985,6.402222,0.09603333,6.402222
115.26,53.89373,0.09606667,184.9476,6.404445,0.09606667,6.404445
115.27,53.89054,0.09606667,184.9367,6.404445,0.09606667,6.404445
115.28,53.87783,0.09606667,184.893,6.404445,0.09606667,6.404445
115.29,53.87465,0.09606667,184.8821,6.404445,0.09606667,6.404445
115.3,53.89054,0.0961,184.9367,6.406667,0.0961,6.406667
115.31,53.90644,0.0961,184.9912,6.406667,0.0961,6.406667
115.32,53.91439,0.0961,185.0185,6.406667,0.0961,6.406667
115.33,53.91916,0.0961,185.0348,6.406667,0.0961,6.406667
115.34,53.93187,0.09613334,185.0785,6.408889,0.09613334,6.408889
115.35,53.95095,0.09613334,185.1439,6.408889,0.09613334,6.408889
115.36,53.96048,0.09613334,185.1767,6.408889,0.09613334,6.408889
115.37,53.96048,0.09613334,185.1767,6.408889,0.09613334,6.408889
115.38,53.95253,0.09616667,185.1494,6.411111,0.09616667,6.411111
115.39,53.94459,0.09616667,185.1221,6.411111,0.09616667,6.411111
115.4,53.94777,0.09616667,185.133,6.411111,0.09616667,6.411111
115.41,53.95889,0.09616667,185.1712,6.411111,0.09616667,6.411111
115.42,53.9732,0.0962,185.2203,6.413333,0.0962,6.413333
115.43,53.98114,0.0962,185.2476,6.413333,0.0962,6.413333
115.44,53.97161,0.0962,185.2148,6.413333,0.0962,6.413333
115.45,53.95095,0.0962,185.1439,6.413333,0.0962,6.413333
115.46,53.93187,0.09623334,185.0785,6.415556,0.09623334,6.415556
115.47,53.9271,0.09623334,185.0621,6.415556,0.09623334,6.415556
115.48,53.93505,0.09623334,185.0894,6.415556,0.09623334,6.415556
115.49,53.95889,0.09623334,185.1712,6.415556,0.09623334,6.415556
115.5,53.9875,0.09626666,185.2694,6.417778,0.09626666,6.417778
115.51,53.99704,0.09626666,185.3021,6.417778,0.09626666,6.417778
115.52,53.98433,0.09626666,185.2585,6.417778,0.09626666,6.417778
115.53,53.95889,0.09626666,185.1712,6.417778,0.09626666,6.417778
115.54,53.94777,0.0963,185.133,6.42,0.0963,6.42
115.55,53.96048,0.0963,185.1767,6.42,0.0963,6.42
115.56,53.98909,0.0963,185.2748,6.42,0.0963,6.42
115.57,54.00817,0.0963,185.3403,6.42,0.0963,6.42
115.58,54.00975,0.09633333,185.3457,6.422222,0.09633333,6.422222
115.59,53.99386,0.09633333,185.2912,6.422222,0.09633333,6.422222
115.6,53.97638,0.09633333,185.2312,6.422222,0.09633333,6.422222
115.61,53.96366,0.09633333,185.1876,6.422222,0.09633333,6.422222
115.62,53.96048,0.09636667,185.1767,6.424444,0.09636667,6.424444
115.63,53.9732,0.09636667,185.2203,6.424444,0.09636667,6.424444
115.64,54.00181,0.09636667,185.3185,6.424444,0.09636667,6.424444
115.65,54.02883,0.09636667,185.4112,6.424444,0.09636667,6.424444
115.66,54.04155,0.0964,185.4548,6.426667,0.0964,6.426667
115.67,54.03678,0.0964,185.4385,6.426667,0.0964,6.426667
115.68,54.03042,0.0964,185.4167,6.426667,0.0964,6.426667
115.69,54.0336,0.0964,185.4276,6.426667,0.0964,6.426667
115.7,54.04472,0.09643333,185.4658,6.428889,0.09643333,6.428889
115.71,54.05426,0.09643333,185.4985,6.428889,0.09643333,6.428889
115.72,54.05426,0.09643333,185.4985,6.428889,0.09643333,6.428889
115.73,54.03836,0.09643333,185.4439,6.428889,0.09643333,6.428889
115.74,54.02247,0.09646667,185.3894,6.431111,0.09646667,6.431111
115.75,54.0177,0.09646667,185.373,6.431111,0.09646667,6.431111
115.76,54.0336,0.09646667,185.4276,6.431111,0.09646667,6.431111
115.77,54.05903,0.09646667,185.5148,6.431111,0.09646667,6.431111
115.78,54.08605,0.0965,185.6076,6.433333,0.0965,6.433333
115.79,54.094,0.0965,185.6348,6.433333,0.0965,6.433333
115.8,54.08128,0.0965,185.5912,6.433333,0.0965,6.433333
115.81,54.05903,0.0965,185.5148,6.433333,0.0965,6.433333
115.82,54.05267,0.09653334,185.493,6.435556,0.09653334,6.435556
115.83,54.06221,0.09653334,185.5258,6.435556,0.09653334,6.435556
115.84,54.08128,0.09653334,185.5912,6.435556,0.09653334,6.435556
115.85,54.09082,0.09653334,185.6239,6.435556,0.09653334,6.435556
115.86,54.08605,0.09656667,185.6076,6.437778,0.09656667,6.437778
115.87,54.08128,0.09656667,185.5912,6.437778,0.09656667,6.437778
115.88,54.08605,0.09656667,185.6076,6.437778,0.09656667,6.437778
115.89,54.10989,0.09656667,185.6894,6.437778,0.09656667,6.437778
115.9,54.13055,0.0966,185.7603,6.44,0.0966,6.44
115.91,54.13214,0.0966,185.7658,6.44,0.0966,6.44
115.92,54.12738,0.0966,185.7494,6.44,0.0966,6.44
115.93,54.13055,0.0966,185.7603,6.44,0.0966,6.44
115.94,54.14327,0.09663334,185.8039,6.442223,0.09663334,6.442223
115.95,54.15122,0.09663334,185.8312,6.442223,0.09663334,6.442223
115.96,54.14804,0.09663334,185.8203,6.442223,0.09663334,6.442223
115.97,54.1385,0.09663334,185.7876,6.442223,0.09663334,6.442223
115.98,54.12738,0.09666667,185.7494,6.444445,0.09666667,6.444445
115.99,54.12261,0.09666667,185.733,6.444445,0.09666667,6.444445
116.0,54.12738,0.09666667,185.7494,6.444445,0.09666667,6.444445
116.01,54.14009,0.09666667,185.793,6.444445,0.09666667,6.444445
116.02,54.15122,0.0967,185.8312,6.446667,0.0967,6.446667
116.03,54.15599,0.0967,185.8476,6.446667,0.0967,6.446667
116.04,54.16076,0.0967,185.8639,6.446667,0.0967,6.446667
116.05,54.1687,0.0967,185.8912,6.446667,0.0967,6.446667
116.06,54.18142,0.09673333,185.9348,6.448889,0.09673333,6.448889
116.07,54.19254,0.09673333,185.973,6.448889,0.09673333,6.448889
116.08,54.19572,0.09673333,185.9839,6.448889,0.09673333,6.448889
116.09,54.1846,0.09673333,185.9458,6.448889,0.09673333,6.448889
116.1,54.17665,0.09676667,185.9185,6.451111,0.09676667,6.451111
116.11,54.1846,0.09676667,185.9458,6.451111,0.09676667,6.451111
116.12,54.20208,0.09676667,186.0058,6.451111,0.09676667,6.451111
116.13,54.21798,0.09676667,186.0603,6.451111,0.09676667,6.451111
116.14,54.22433,0.0968,186.0821,6.453333,0.0968,6.453333
116.15,54.21798,0.0968,186.0603,6.453333,0.0968,6.453333
116.16,54.21321,0.0968,186.0439,6.453333,0.0968,6.453333
116.17,54.22592,0.0968,186.0876,6.453333,0.0968,6.453333
116.18,54.24976,0.09683333,186.1694,6.455555,0.09683333,6.455555
116.19,54.26566,0.09683333,186.2239,6.455555,0.09683333,6.455555
116.2,54.26725,0.09683333,186.2294,6.455555,0.09683333,6.455555
116.21,54.26248,0.09683333,186.213,6.455555,0.09683333,6.455555
116.22,54.25771,0.09686667,186.1967,6.457778,0.09686667,6.457778
116.23,54.26248,0.09686667,186.213,6.457778,0.09686667,6.457778
116.24,54.2752,0.09686667,186.2567,6.457778,0.09686667,6.457778
116.25,54.28314,0.09686667,186.2839,6.457778,0.09686667,6.457778
116.26,54.28155,0.0969,186.2785,6.46,0.0969,6.46
116.27,54.27361,0.0969,186.2512,6.46,0.0969,6.46
116.28,54.27361,0.0969,186.2512,6.46,0.0969,6.46
116.29,54.28791,0.0969,186.3003,6.46,0.0969,6.46
116.3,54.31493,0.09693334,186.393,6.462222,0.09693334,6.462222
116.31,54.33242,0.09693334,186.453,6.462222,0.09693334,6.462222
116.32,54.33559,0.09693334,186.4639,6.462222,0.09693334,6.462222
116.33,54.33083,0.09693334,186.4476,6.462222,0.09693334,6.462222
116.34,54.33083,0.09696667,186.4476,6.464445,0.09696667,6.464445
116.35,54.33242,0.09696667,186.453,6.464445,0.09696667,6.464445
116.36,54.32765,0.09696667,186.4367,6.464445,0.09696667,6.464445
116.37,54.32765,0.09696667,186.4367,6.464445,0.09696667,6.464445
116.38,54.34036,0.097,186.4803,6.466667,0.097,6.466667
116.39,54.35944,0.097,186.5458,6.466667,0.097,6.466667
116.4,54.37374,0.097,186.5948,6.466667,0.097,6.466667
116.41,54.38487,0.097,186.633,6.466667,0.097,6.466667
116.42,54.38169,0.09703334,186.6221,6.468889,0.09703334,6.468889
116.43,54.36738,0.09703334,186.573,6.468889,0.09703334,6.468889
116.44,54.35308,0.09703334,186.5239,6.468889,0.09703334,6.468889
116.45,54.35149,0.09703334,186.5185,6.468889,0.09703334,6.468889
116.46,54.34831,0.09706667,186.5076,6.471111,0.09706667,6.471111
116.47,54.34354,0.09706667,186.4912,6.471111,0.09706667,6.471111
116.48,54.34513,0.09706667,186.4967,6.471111,0.09706667,6.471111
116.49,54.35944,0.09706667,186.5458,6.471111,0.09706667,6.471111
116.5,54.36738,0.0971,186.573,6.473334,0.0971,6.473334
116.51,54.36103,0.0971,186.5512,6.473334,0.0971,6.473334
116.52,54.35626,0.0971,186.5349,6.473334,0.0971,6.473334
116.53,54.35944,0.0971,186.5458,6.473334,0.0971,6.473334
116.54,54.37215,0.09713333,186.5894,6.475555,0.09713333,6.475555
116.55,54.39281,0.09713333,186.6603,6.475555,0.09713333,6.475555
116.56,54.41348,0.09713333,186.7312,6.475555,0.09713333,6.475555
116.57,54.4246,0.09713333,186.7694,6.475555,0.09713333,6.475555
116.58,54.42619,0.09716666,186.7748,6.477777,0.09716666,6.477777
116.59,54.43732,0.09716666,186.813,6.477777,0.09716666,6.477777
116.6,54.44527,0.09716666,186.8403,6.477777,0.09716666,6.477777
116.61,54.44209,0.09716666,186.8294,6.477777,0.09716666,6.477777
116.62,54.43891,0.0972,186.8185,6.48,0.0972,6.48
116.63,54.44209,0.0972,186.8294,6.48,0.0972,6.48
116.64,54.45004,0.0972,186.8567,6.48,0.0972,6.48
116.65,54.4548,0.0972,186.873,6.48,0.0972,6.48
116.66,54.45321,0.09723333,186.8676,6.482222,0.09723333,6.482222
116.67,54.45004,0.09723333,186.8567,6.482222,0.09723333,6.482222
116.68,54.45321,0.09723333,186.8676,6.482222,0.09723333,6.482222
116.69,54.45798,0.09723333,186.8839,6.482222,0.09723333,6.482222
116.7,54.45957,0.09726667,186.8894,6.484445,0.09726667,6.484445
116.71,54.46275,0.09726667,186.9003,6.484445,0.09726667,6.484445
116.72,54.46752,0.09726667,186.9167,6.484445,0.09726667,6.484445
116.73,54.46752,0.09726667,186.9167,6.484445,0.09726667,6.484445
116.74,54.46752,0.0973,186.9167,6.486667,0.0973,6.486667
116.75,54.46593,0.0973,186.9112,6.486667,0.0973,6.486667
116.76,54.46593,0.0973,186.9112,6.486667,0.0973,6.486667
116.77,54.46593,0.0973,186.9112,6.486667,0.0973,6.486667
116.78,54.47865,0.09733333,186.9548,6.488889,0.09733333,6.488889
116.79,54.49454,0.09733333,187.0094,6.488889,0.09733333,6.488889
116.8,54.50408,0.09733333,187.0421,6.488889,0.09733333,6.488889
116.81,54.50408,0.09733333,187.0421,6.488889,0.09733333,6.488889
116.82,54.50249,0.09736667,187.0367,6.491111,0.09736667,6.491111
116.83,54.49931,0.09736667,187.0258,6.491111,0.09736667,6.491111
116.84,54.49931,0.09736667,187.0258,6.491111,0.09736667,6.491111
116.85,54.49613,0.09736667,187.0148,6.491111,0.09736667,6.491111
116.86,54.49613,0.0974,187.0148,6.493333,0.0974,6.493333
116.87,54.50726,0.0974,187.053,6.493333,0.0974,6.493333
116.88,54.51997,0.0974,187.0967,6.493333,0.0974,6.493333
116.89,54.5311,0.0974,187.1348,6.493333,0.0974,6.493333
116.9,54.5311,0.09743334,187.1348,6.495556,0.09743334,6.495556
116.91,54.52474,0.09743334,187.113,6.495556,0.09743334,6.495556
116.92,54.52792,0.09743334,187.1239,6.495556,0.09743334,6.495556
116.93,54.53904,0.09743334,187.1621,6.495556,0.09743334,6.495556
116.94,54.55176,0.09746667,187.2058,6.497778,0.09746667,6.497778
116.95,54.55971,0.09746667,187.233,6.497778,0.09746667,6.497778
116.96,54.55971,0.09746667,187.233,6.497778,0.09746667,6.497778
116.97,54.55335,0.09746667,187.2112,6.497778,0.09746667,6.497778
116.98,54.54858,0.0975,187.1948,6.5,0.0975,6.5
116.99,54.55335,0.0975,187.2112,6.5,0.0975,6.5
117.0,54.56924,0.0975,187.2658,6.5,0.0975,6.5
117.01,54.58037,0.0975,187.3039,6.5,0.0975,6.5
117.02,54.58037,0.09753334,187.3039,6.502223,0.09753334,6.502223
117.03,54.58196,0.09753334,187.3094,6.502223,0.09753334,6.502223
117.04,54.58832,0.09753334,187.3312,6.502223,0.09753334,6.502223
117.05,54.58991,0.09753334,187.3367,6.502223,0.09753334,6.502223
117.06,54.58991,0.09756666,187.3367,6.504444,0.09756666,6.504444
117.07,54.59785,0.09756666,187.3639,6.504444,0.09756666,6.504444
117.08,54.61057,0.09756666,187.4076,6.504444,0.09756666,6.504444
117.09,54.6217,0.09756666,187.4458,6.504444,0.09756666,6.504444
117.1,54.63282,0.0976,187.4839,6.506667,0.0976,6.506667
117.11,54.64236,0.0976,187.5167,6.506667,0.0976,6.506667
117.12,54.64554,0.0976,187.5276,6.506667,0.0976,6.506667
117.13,54.64236,0.0976,187.5167,6.506667,0.0976,6.506667
117.14,54.64554,0.09763333,187.5276,6.508889,0.09763333,6.508889
117.15,54.64713,0.09763333,187.533,6.508889,0.09763333,6.508889
117.16,54.65348,0.09763333,187.5548,6.508889,0.09763333,6.508889
117.17,54.65825,0.09763333,187.5712,6.508889,0.09763333,6.508889
117.18,54.66302,0.09766667,187.5876,6.511111,0.09766667,6.511111
117.19,54.67097,0.09766667,187.6149,6.511111,0.09766667,6.511111
117.2,54.67574,0.09766667,187.6312,6.511111,0.09766667,6.511111
117.21,54.67097,0.09766667,187.6149,6.511111,0.09766667,6.511111
117.22,54.66302,0.0977,187.5876,6.513333,0.0977,6.513333
117.23,54.65825,0.0977,187.5712,6.513333,0.0977,6.513333
117.24,54.65508,0.0977,187.5603,6.513333,0.0977,6.513333
117.25,54.65825,0.0977,187.5712,6.513333,0.0977,6.513333
117.26,54.67097,0.09773333,187.6149,6.515555,0.09773333,6.515555
117.27,54.69004,0.09773333,187.6803,6.515555,0.09773333,6.515555
117.28,54.69958,0.09773333,187.713,6.515555,0.09773333,6.515555
117.29,54.6964,0.09773333,187.7021,6.515555,0.09773333,6.515555
117.3,54.68686,0.09776667,187.6694,6.517778,0.09776667,6.517778
117.31,54.68369,0.09776667,187.6585,6.517778,0.09776667,6.517778
117.32,54.69004,0.09776667,187.6803,6.517778,0.09776667,6.517778
117.33,54.68369,0.09776667,187.6585,6.517778,0.09776667,6.517778
117.34,54.67892,0.0978,187.6421,6.52,0.0978,6.52
117.35,54.68686,0.0978,187.6694,6.52,0.0978,6.52
117.36,54.71865,0.0978,187.7785,6.52,0.0978,6.52
117.37,54.74885,0.0978,187.8821,6.52,0.0978,6.52
117.38,54.76157,0.09783334,187.9258,6.522223,0.09783334,6.522223
117.39,54.76157,0.09783334,187.9258,6.522223,0.09783334,6.522223
117.4,54.75203,0.09783334,187.893,6.522223,0.09783334,6.522223
117.41,54.73137,0.09783334,187.8221,6.522223,0.09783334,6.522223
117.42,54.7123,0.09786667,187.7567,6.524445,0.09786667,6.524445
117.43,54.7107,0.09786667,187.7512,6.524445,0.09786667,6.524445
117.44,54.72819,0.09786667,187.8112,6.524445,0.09786667,6.524445
117.45,54.74408,0.09786667,187.8658,6.524445,0.09786667,6.524445
117.46,54.74091,0.0979,187.8548,6.526667,0.0979,6.526667
117.47,54.72501,0.0979,187.8003,6.526667,0.0979,6.526667
117.48,54.72024,0.0979,187.7839,6.526667,0.0979,6.526667
117.49,54.74885,0.0979,187.8821,6.526667,0.0979,6.526667
117.5,54.78541,0.09793334,188.0076,6.528889,0.09793334,6.528889
117.51,54.81084,0.09793334,188.0948,6.528889,0.09793334,6.528889
117.52,54.82515,0.09793334,188.1439,6.528889,0.09793334,6.528889
117.53,54.82991,0.09793334,188.1603,6.528889,0.09793334,6.528889
117.54,54.82515,0.09796667,188.1439,6.531111,0.09796667,6.531111
117.55,54.82197,0.09796667,188.133,6.531111,0.09796667,6.531111
117.56,54.81879,0.09796667,188.1221,6.531111,0.09796667,6.531111
117.57,54.80925,0.09796667,188.0894,6.531111,0.09796667,6.531111
117.58,54.78541,0.098,188.0076,6.533333,0.098,6.533333
117.59,54.76793,0.098,187.9476,6.533333,0.098,6.533333
117.6,54.76793,0.098,187.9476,6.533333,0.098,6.533333
117.61,54.78541,0.098,188.0076,6.533333,0.098,6.533333
117.62,54.81402,0.09803333,188.1058,6.535555,0.09803333,6.535555
117.63,54.83945,0.09803333,188.193,6.535555,0.09803333,6.535555
117.64,54.8474,0.09803333,188.2203,6.535555,0.09803333,6.535555
117.65,54.83468,0.09803333,188.1767,6.535555,0.09803333,6.535555
117.66,54.81402,0.09806667,188.1058,6.537778,0.09806667,6.537778
117.67,54.79813,0.09806667,188.0512,6.537778,0.09806667,6.537778
117.68,54.79018,0.09806667,188.0239,6.537778,0.09806667,6.537778
117.69,54.79336,0.09806667,188.0349,6.537778,0.09806667,6.537778
117.7,54.81084,0.0981,188.0948,6.54,0.0981,6.54
117.71,54.83945,0.0981,188.193,6.54,0.0981,6.54
117.72,54.85535,0.0981,188.2476,6.54,0.0981,6.54
117.73,54.85852,0.0981,188.2585,6.54,0.0981,6.54
117.74,54.86171,0.09813333,188.2694,6.542222,0.09813333,6.542222
117.75,54.87124,0.09813333,188.3021,6.542222,0.09813333,6.542222
117.76,54.87919,0.09813333,188.3294,6.542222,0.09813333,6.542222
117.77,54.87919,0.09813333,188.3294,6.542222,0.09813333,6.542222
117.78,54.87919,0.09816667,188.3294,6.544445,0.09816667,6.544445
117.79,54.88396,0.09816667,188.3458,6.544445,0.09816667,6.544445
117.8,54.90303,0.09816667,188.4112,6.544445,0.09816667,6.544445
117.81,54.92369,0.09816667,188.4821,6.544445,0.09816667,6.544445
117.82,54.94118,0.0982,188.5421,6.546667,0.0982,6.546667
117.83,54.94912,0.0982,188.5694,6.546667,0.0982,6.546667
117.84,54.94754,0.0982,188.5639,6.546667,0.0982,6.546667
117.85,54.92846,0.0982,188.4985,6.546667,0.0982,6.546667
117.86,54.90462,0.09823333,188.4167,6.548889,0.09823333,6.548889
117.87,54.89985,0.09823333,188.4003,6.548889,0.09823333,6.548889
117.88,54.91893,0.09823333,188.4658,6.548889,0.09823333,6.548889
117.89,54.93959,0.09823333,188.5367,6.548889,0.09823333,6.548889
117.9,54.94912,0.09826667,188.5694,6.551111,0.09826667,6.551111
117.91,54.9523,0.09826667,188.5803,6.551111,0.09826667,6.551111
117.92,54.94912,0.09826667,188.5694,6.551111,0.09826667,6.551111
117.93,54.94912,0.09826667,188.5694,6.551111,0.09826667,6.551111
117.94,54.9523,0.0983,188.5803,6.553333,0.0983,6.553333
117.95,54.96184,0.0983,188.613,6.553333,0.0983,6.553333
117.96,54.98092,0.0983,188.6785,6.553333,0.0983,6.553333
117.97,54.99363,0.0983,188.7221,6.553333,0.0983,6.553333
117.98,54.9984,0.09833334,188.7385,6.555556,0.09833334,6.555556
117.99,54.9984,0.09833334,188.7385,6.555556,0.09833334,6.555556
118.0,54.9984,0.09833334,188.7385,6.555556,0.09833334,6.555556
118.01,55.00158,0.09833334,188.7494,6.555556,0.09833334,6.555556
118.02,55.00158,0.09836667,188.7494,6.557778,0.09836667,6.557778
118.03,55.00476,0.09836667,188.7603,6.557778,0.09836667,6.557778
118.04,55.01111,0.09836667,188.7821,6.557778,0.09836667,6.557778
118.05,55.02701,0.09836667,188.8367,6.557778,0.09836667,6.557778
118.06,55.04131,0.0984,188.8858,6.56,0.0984,6.56
118.07,55.04131,0.0984,188.8858,6.56,0.0984,6.56
118.08,55.03495,0.0984,188.8639,6.56,0.0984,6.56
118.09,55.02701,0.0984,188.8367,6.56,0.0984,6.56
118.1,55.02542,0.09843334,188.8312,6.562222,0.09843334,6.562222
118.11,55.02542,0.09843334,188.8312,6.562222,0.09843334,6.562222
118.12,55.03337,0.09843334,188.8585,6.562222,0.09843334,6.562222
118.13,55.0429,0.09843334,188.8912,6.562222,0.09843334,6.562222
118.14,55.05403,0.09846666,188.9294,6.564445,0.09846666,6.564445
118.15,55.06198,0.09846666,188.9567,6.564445,0.09846666,6.564445
118.16,55.05562,0.09846666,188.9348,6.564445,0.09846666,6.564445
118.17,55.04608,0.09846666,188.9021,6.564445,0.09846666,6.564445
118.18,55.04767,0.0985,188.9076,6.566667,0.0985,6.566667
118.19,55.06198,0.0985,188.9567,6.566667,0.0985,6.566667
118.2,55.07946,0.0985,189.0167,6.566667,0.0985,6.566667
118.21,55.09217,0.0985,189.0603,6.566667,0.0985,6.566667
118.22,55.09853,0.09853333,189.0821,6.568889,0.09853333,6.568889
118.23,55.09217,0.09853333,189.0603,6.568889,0.09853333,6.568889
118.24,55.08264,0.09853333,189.0276,6.568889,0.09853333,6.568889
118.25,55.07946,0.09853333,189.0167,6.568889,0.09853333,6.568889
118.26,55.07946,0.09856667,189.0167,6.571111,0.09856667,6.571111
118.27,55.08264,0.09856667,189.0276,6.571111,0.09856667,6.571111
118.28,55.09217,0.09856667,189.0603,6.571111,0.09856667,6.571111
118.29,55.10807,0.09856667,189.1149,6.571111,0.09856667,6.571111
118.3,55.12078,0.0986,189.1585,6.573333,0.0986,6.573333
118.31,55.12873,0.0986,189.1858,6.573333,0.0986,6.573333
118.32,55.12873,0.0986,189.1858,6.573333,0.0986,6.573333
118.33,55.12714,0.0986,189.1803,6.573333,0.0986,6.573333
118.34,55.12397,0.09863333,189.1694,6.575556,0.09863333,6.575556
118.35,55.1335,0.09863333,189.2021,6.575556,0.09863333,6.575556
118.36,55.15258,0.09863333,189.2676,6.575556,0.09863333,6.575556
118.37,55.16052,0.09863333,189.2948,6.575556,0.09863333,6.575556
118.38,55.15734,0.09866667,189.284,6.577778,0.09866667,6.577778
118.39,55.14939,0.09866667,189.2567,6.577778,0.09866667,6.577778
118.4,55.13668,0.09866667,189.213,6.577778,0.09866667,6.577778
118.41,55.12078,0.09866667,189.1585,6.577778,0.09866667,6.577778
118.42,55.12078,0.0987,189.1585,6.58,0.0987,6.58
118.43,55.1335,0.0987,189.2021,6.58,0.0987,6.58
118.44,55.14939,0.0987,189.2567,6.58,0.0987,6.58
118.45,55.16052,0.0987,189.2948,6.58,0.0987,6.58
118.46,55.16529,0.09873334,189.3112,6.582222,0.09873334,6.582222
118.47,55.17324,0.09873334,189.3385,6.582222,0.09873334,6.582222
118.48,55.18596,0.09873334,189.3821,6.582222,0.09873334,6.582222
118.49,55.18596,0.09873334,189.3821,6.582222,0.09873334,6.582222
118.5,55.16847,0.09876667,189.3221,6.584445,0.09876667,6.584445
118.51,55.15575,0.09876667,189.2785,6.584445,0.09876667,6.584445
118.52,55.15575,0.09876667,189.2785,6.584445,0.09876667,6.584445
118.53,55.16211,0.09876667,189.3003,6.584445,0.09876667,6.584445
118.54,55.16529,0.0988,189.3112,6.586667,0.0988,6.586667
118.55,55.17006,0.0988,189.3276,6.586667,0.0988,6.586667
118.56,55.18436,0.0988,189.3767,6.586667,0.0988,6.586667
118.57,55.1939,0.0988,189.4094,6.586667,0.0988,6.586667
118.58,55.19708,0.09883334,189.4203,6.588889,0.09883334,6.588889
118.59,55.19867,0.09883334,189.4258,6.588889,0.09883334,6.588889
118.6,55.19708,0.09883334,189.4203,6.588889,0.09883334,6.588889
118.61,55.1939,0.09883334,189.4094,6.588889,0.09883334,6.588889
118.62,55.19867,0.09886667,189.4258,6.591111,0.09886667,6.591111
118.63,55.21297,0.09886667,189.4749,6.591111,0.09886667,6.591111
118.64,55.21774,0.09886667,189.4912,6.591111,0.09886667,6.591111
118.65,55.22251,0.09886667,189.5076,6.591111,0.09886667,6.591111
118.66,55.23364,0.0989,189.5458,6.593333,0.0989,6.593333
118.67,55.2543,0.0989,189.6167,6.593333,0.0989,6.593333
118.68,55.2702,0.0989,189.6712,6.593333,0.0989,6.593333
118.69,55.27496,0.0989,189.6876,6.593333,0.0989,6.593333
118.7,55.27179,0.09893333,189.6767,6.595555,0.09893333,6.595555
118.71,55.27179,0.09893333,189.6767,6.595555,0.09893333,6.595555
118.72,55.27973,0.09893333,189.7039,6.595555,0.09893333,6.595555
118.73,55.29245,0.09893333,189.7476,6.595555,0.09893333,6.595555
118.74,55.3004,0.09896667,189.7749,6.597778,0.09896667,6.597778
118.75,55.30357,0.09896667,189.7858,6.597778,0.09896667,6.597778
118.76,55.30357,0.09896667,189.7858,6.597778,0.09896667,6.597778
118.77,55.30357,0.09896667,189.7858,6.597778,0.09896667,6.597778
118.78,55.30357,0.099,189.7858,6.6,0.099,6.6
118.79,55.30516,0.099,189.7912,6.6,0.099,6.6
118.8,55.31152,0.099,189.813,6.6,0.099,6.6
118.81,55.31311,0.099,189.8185,6.6,0.099,6.6
118.82,55.30516,0.09903333,189.7912,6.602222,0.09903333,6.602222
118.83,55.29881,0.09903333,189.7694,6.602222,0.09903333,6.602222
118.84,55.29563,0.09903333,189.7585,6.602222,0.09903333,6.602222
118.85,55.30357,0.09903333,189.7858,6.602222,0.09903333,6.602222
118.86,55.31947,0.09906667,189.8403,6.604445,0.09906667,6.604445
118.87,55.32742,0.09906667,189.8676,6.604445,0.09906667,6.604445
118.88,55.33218,0.09906667,189.8839,6.604445,0.09906667,6.604445
118.89,55.33218,0.09906667,189.8839,6.604445,0.09906667,6.604445
118.9,55.32901,0.0991,189.873,6.606667,0.0991,6.606667
118.91,55.32106,0.0991,189.8457,6.606667,0.0991,6.606667
118.92,55.31152,0.0991,189.813,6.606667,0.0991,6.606667
118.93,55.31152,0.0991,189.813,6.606667,0.0991,6.606667
118.94,55.32424,0.09913334,189.8567,6.608889,0.09913334,6.608889
118.95,55.3449,0.09913334,189.9276,6.608889,0.09913334,6.608889
118.96,55.36238,0.09913334,189.9876,6.608889,0.09913334,6.608889
118.97,55.37828,0.09913334,190.0421,6.608889,0.09913334,6.608889
118.98,55.38464,0.09916667,190.0639,6.611111,0.09916667,6.611111
118.99,55.38146,0.09916667,190.053,6.611111,0.09916667,6.611111
119.0,55.38623,0.09916667,190.0694,6.611111,0.09916667,6.611111
119.01,55.39894,0.09916667,190.113,6.611111,0.09916667,6.611111
119.02,55.40689,0.0992,190.1403,6.613334,0.0992,6.613334
119.03,55.40689,0.0992,190.1403,6.613334,0.0992,6.613334
119.04,55.41325,0.0992,190.1621,6.613334,0.0992,6.613334
119.05,55.42755,0.0992,190.2112,6.613334,0.0992,6.613334
119.06,55.43391,0.09923334,190.233,6.615556,0.09923334,6.615556
119.07,55.41801,0.09923334,190.1785,6.615556,0.09923334,6.615556
119.08,55.391,0.09923334,190.0858,6.615556,0.09923334,6.615556
119.09,55.37669,0.09923334,190.0367,6.615556,0.09923334,6.615556
119.1,55.37033,0.09926667,190.0148,6.617778,0.09926667,6.617778
119.11,55.37033,0.09926667,190.0148,6.617778,0.09926667,6.617778
119.12,55.38146,0.09926667,190.053,6.617778,0.09926667,6.617778
119.13,55.40212,0.09926667,190.1239,6.617778,0.09926667,6.617778
119.14,55.41484,0.0993,190.1676,6.62,0.0993,6.62
119.15,55.41325,0.0993,190.1621,6.62,0.0993,6.62
119.16,55.41325,0.0993,190.1621,6.62,0.0993,6.62
119.17,55.42278,0.0993,190.1949,6.62,0.0993,6.62
119.18,55.43868,0.09933333,190.2494,6.622222,0.09933333,6.622222
119.19,55.44822,0.09933333,190.2821,6.622222,0.09933333,6.622222
119.2,55.45616,0.09933333,190.3094,6.622222,0.09933333,6.622222
119.21,55.46411,0.09933333,190.3367,6.622222,0.09933333,6.622222
119.22,55.47523,0.09936666,190.3748,6.624444,0.09936666,6.624444
119.23,55.47523,0.09936666,190.3748,6.624444,0.09936666,6.624444
119.24,55.46411,0.09936666,190.3367,6.624444,0.09936666,6.624444
119.25,55.45139,0.09936666,190.293,6.624444,0.09936666,6.624444
119.26,55.44345,0.0994,190.2658,6.626667,0.0994,6.626667
119.27,55.44345,0.0994,190.2658,6.626667,0.0994,6.626667
119.28,55.44662,0.0994,190.2767,6.626667,0.0994,6.626667
119.29,55.45616,0.0994,190.3094,6.626667,0.0994,6.626667
119.3,55.47206,0.09943333,190.364,6.628889,0.09943333,6.628889
119.31,55.47683,0.09943333,190.3803,6.628889,0.09943333,6.628889
119.32,55.47206,0.09943333,190.364,6.628889,0.09943333,6.628889
119.33,55.46729,0.09943333,190.3476,6.628889,0.09943333,6.628889
119.34,55.46729,0.09946667,190.3476,6.631111,0.09946667,6.631111
119.35,55.46729,0.09946667,190.3476,6.631111,0.09946667,6.631111
119.36,55.46411,0.09946667,190.3367,6.631111,0.09946667,6.631111
119.37,55.46252,0.09946667,190.3312,6.631111,0.09946667,6.631111
119.38,55.46729,0.0995,190.3476,6.633333,0.0995,6.633333
119.39,55.48,0.0995,190.3912,6.633333,0.0995,6.633333
119.4,55.49272,0.0995,190.4348,6.633333,0.0995,6.633333
119.41,55.50544,0.0995,190.4785,6.633333,0.0995,6.633333
119.42,55.50861,0.09953333,190.4894,6.635556,0.09953333,6.635556
119.43,55.50544,0.09953333,190.4785,6.635556,0.09953333,6.635556
119.44,55.51179,0.09953333,190.5003,6.635556,0.09953333,6.635556
119.45,55.52451,0.09953333,190.5439,6.635556,0.09953333,6.635556
119.46,55.53722,0.09956667,190.5876,6.637778,0.09956667,6.637778
119.47,55.54994,0.09956667,190.6312,6.637778,0.09956667,6.637778
119.48,55.56107,0.09956667,190.6694,6.637778,0.09956667,6.637778
119.49,55.56107,0.09956667,190.6694,6.637778,0.09956667,6.637778
119.5,55.5563,0.0996,190.653,6.64,0.0996,6.64
119.51,55.5563,0.0996,190.653,6.64,0.0996,6.64
119.52,55.55789,0.0996,190.6585,6.64,0.0996,6.64
119.53,55.55789,0.0996,190.6585,6.64,0.0996,6.64
119.54,55.5563,0.09963334,190.653,6.642222,0.09963334,6.642222
119.55,55.54994,0.09963334,190.6312,6.642222,0.09963334,6.642222
119.56,55.54517,0.09963334,190.6149,6.642222,0.09963334,6.642222
119.57,55.54517,0.09963334,190.6149,6.642222,0.09963334,6.642222
119.58,55.54994,0.09966667,190.6312,6.644444,0.09966667,6.644444
119.59,55.55789,0.09966667,190.6585,6.644444,0.09966667,6.644444
119.6,55.56107,0.09966667,190.6694,6.644444,0.09966667,6.644444
119.61,55.5563,0.09966667,190.653,6.644444,0.09966667,6.644444
119.62,55.5563,0.0997,190.653,6.646667,0.0997,6.646667
119.63,55.5563,0.0997,190.653,6.646667,0.0997,6.646667
119.64,55.54994,0.0997,190.6312,6.646667,0.0997,6.646667
119.65,55.5404,0.0997,190.5985,6.646667,0.0997,6.646667
119.66,55.54517,0.09973334,190.6149,6.648889,0.09973334,6.648889
119.67,55.56583,0.09973334,190.6858,6.648889,0.09973334,6.648889
119.68,55.58173,0.09973334,190.7403,6.648889,0.09973334,6.648889
119.69,55.5865,0.09973334,190.7567,6.648889,0.09973334,6.648889
119.7,55.5865,0.09976666,190.7567,6.651111,0.09976666,6.651111
119.71,55.58968,0.09976666,190.7676,6.651111,0.09976666,6.651111
119.72,55.59921,0.09976666,190.8003,6.651111,0.09976666,6.651111
119.73,55.60716,0.09976666,190.8276,6.651111,0.09976666,6.651111
119.74,55.61034,0.0998,190.8385,6.653333,0.0998,6.653333
119.75,55.61511,0.0998,190.8549,6.653333,0.0998,6.653333
119.76,55.62305,0.0998,190.8821,6.653333,0.0998,6.653333
119.77,55.63418,0.0998,190.9203,6.653333,0.0998,6.653333
119.78,55.64372,0.09983333,190.953,6.655555,0.09983333,6.655555
119.79,55.64372,0.09983333,190.953,6.655555,0.09983333,6.655555
119.8,55.63577,0.09983333,190.9258,6.655555,0.09983333,6.655555
119.81,55.62782,0.09983333,190.8985,6.655555,0.09983333,6.655555
119.82,55.62146,0.09986667,190.8767,6.657778,0.09986667,6.657778
119.83,55.61352,0.09986667,190.8494,6.657778,0.09986667,6.657778
119.84,55.60716,0.09986667,190.8276,6.657778,0.09986667,6.657778
119.85,55.61034,0.09986667,190.8385,6.657778,0.09986667,6.657778
119.86,55.62146,0.0999,190.8767,6.66,0.0999,6.66
119.87,55.631,0.0999,190.9094,6.66,0.0999,6.66
119.88,55.64213,0.0999,190.9476,6.66,0.0999,6.66
119.89,55.64372,0.0999,190.953,6.66,0.0999,6.66
119.9,55.64372,0.09993333,190.953,6.662222,0.09993333,6.662222
119.91,55.64372,0.09993333,190.953,6.662222,0.09993333,6.662222
119.92,55.64372,0.09993333,190.953,6.662222,0.09993333,6.662222
119.93,55.64213,0.09993333,190.9476,6.662222,0.09993333,6.662222
119.94,55.64213,0.09996667,190.9476,6.664444,0.09996667,6.664444
119.95,55.6469,0.09996667,190.9639,6.664444,0.09996667,6.664444
119.96,55.65643,0.09996667,190.9967,6.664444,0.09996667,6.664444
119.97,55.67074,0.09996667,191.0458,6.664444,0.09996667,6.664444
119.98,55.67551,0.1,191.0621,6.666667,0.1,6.666667
119.99,55.67551,0.1,191.0621,6.666667,0.1,6.666667
120.0,55.68345,0.1,191.0894,6.666667,0.1,6.666667
120.01,55.69935,0.1,191.144,6.666667,0.1,6.666667
120.02,55.71365,0.1000333,191.193,6.668889,0.1000333,6.668889
120.03,55.72001,0.1000333,191.2149,6.668889,0.1000333,6.668889
120.04,55.71683,0.1000333,191.2039,6.668889,0.1000333,6.668889
120.05,55.71683,0.1000333,191.2039,6.668889,0.1000333,6.668889
120.06,55.71365,0.1000667,191.193,6.671111,0.1000667,6.671111
120.07,55.70729,0.1000667,191.1712,6.671111,0.1000667,6.671111
120.08,55.69617,0.1000667,191.133,6.671111,0.1000667,6.671111
120.09,55.69617,0.1000667,191.133,6.671111,0.1000667,6.671111
120.1,55.70889,0.1001,191.1767,6.673334,0.1001,6.673334
120.11,55.72955,0.1001,191.2476,6.673334,0.1001,6.673334
120.12,55.74226,0.1001,191.2912,6.673334,0.1001,6.673334
120.13,55.74226,0.1001,191.2912,6.673334,0.1001,6.673334
120.14,55.74226,0.1001333,191.2912,6.675556,0.1001333,6.675556
120.15,55.75021,0.1001333,191.3185,6.675556,0.1001333,6.675556
120.16,55.76451,0.1001333,191.3676,6.675556,0.1001333,6.675556
120.17,55.77723,0.1001333,191.4112,6.675556,0.1001333,6.675556
120.18,55.77723,0.1001667,191.4112,6.677778,0.1001667,6.677778
120.19,55.76451,0.1001667,191.3676,6.677778,0.1001667,6.677778
120.2,55.75816,0.1001667,191.3458,6.677778,0.1001667,6.677778
120.21,55.76134,0.1001667,191.3567,6.677778,0.1001667,6.677778
120.22,55.76611,0.1002,191.373,6.68,0.1002,6.68
120.23,55.77405,0.1002,191.4003,6.68,0.1002,6.68
120.24,55.78518,0.1002,191.4385,6.68,0.1002,6.68
120.25,55.79472,0.1002,191.4712,6.68,0.1002,6.68
120.26,55.79472,0.1002333,191.4712,6.682222,0.1002333,6.682222
120.27,55.78995,0.1002333,191.4548,6.682222,0.1002333,6.682222
120.28,55.78518,0.1002333,191.4385,6.682222,0.1002333,6.682222
120.29,55.78518,0.1002333,191.4385,6.682222,0.1002333,6.682222
120.3,55.78518,0.1002667,191.4385,6.684444,0.1002667,6.684444
120.31,55.79472,0.1002667,191.4712,6.684444,0.1002667,6.684444
120.32,55.81856,0.1002667,191.553,6.684444,0.1002667,6.684444
120.33,55.84717,0.1002667,191.6512,6.684444,0.1002667,6.684444
120.34,55.85988,0.1003,191.6949,6.686666,0.1003,6.686666
120.35,55.85194,0.1003,191.6676,6.686666,0.1003,6.686666
120.36,55.82809,0.1003,191.5858,6.686666,0.1003,6.686666
120.37,55.81538,0.1003,191.5421,6.686666,0.1003,6.686666
120.38,55.81856,0.1003333,191.553,6.688889,0.1003333,6.688889
120.39,55.82809,0.1003333,191.5858,6.688889,0.1003333,6.688889
120.4,55.83922,0.1003333,191.6239,6.688889,0.1003333,6.688889
120.41,55.84399,0.1003333,191.6403,6.688889,0.1003333,6.688889
120.42,55.85511,0.1003667,191.6785,6.691111,0.1003667,6.691111
120.43,55.85988,0.1003667,191.6949,6.691111,0.1003667,6.691111
120.44,55.86306,0.1003667,191.7058,6.691111,0.1003667,6.691111
120.45,55.86465,0.1003667,191.7112,6.691111,0.1003667,6.691111
120.46,55.8726,0.1004,191.7385,6.693334,0.1004,6.693334
120.47,55.8726,0.1004,191.7385,6.693334,0.1004,6.693334
120.48,55.87101,0.1004,191.733,6.693334,0.1004,6.693334
120.49,55.87896,0.1004,191.7603,6.693334,0.1004,6.693334
120.5,55.89167,0.1004333,191.804,6.695556,0.1004333,6.695556
120.51,55.89644,0.1004333,191.8203,6.695556,0.1004333,6.695556
120.52,55.89962,0.1004333,191.8312,6.695556,0.1004333,6.695556
120.53,55.89962,0.1004333,191.8312,6.695556,0.1004333,6.695556
120.54,55.89962,0.1004667,191.8312,6.697778,0.1004667,6.697778
120.55,55.90439,0.1004667,191.8476,6.697778,0.1004667,6.697778
120.56,55.91233,0.1004667,191.8748,6.697778,0.1004667,6.697778
120.57,55.9171,0.1004667,191.8912,6.697778,0.1004667,6.697778
120.58,55.92187,0.1005,191.9076,6.7,0.1005,6.7
120.59,55.92982,0.1005,191.9349,6.7,0.1005,6.7
120.6,55.93618,0.1005,191.9567,6.7,0.1005,6.7
120.61,55.94094,0.1005,191.973,6.7,0.1005,6.7
120.62,55.94889,0.1005333,192.0003,6.702222,0.1005333,6.702222
120.63,55.96161,0.1005333,192.0439,6.702222,0.1005333,6.702222
120.64,55.97115,0.1005333,192.0767,6.702222,0.1005333,6.702222
120.65,55.96955,0.1005333,192.0712,6.702222,0.1005333,6.702222
120.66,55.95843,0.1005667,192.033,6.704445,0.1005667,6.704445
120.67,55.95684,0.1005667,192.0276,6.704445,0.1005667,6.704445
120.68,55.97115,0.1005667,192.0767,6.704445,0.1005667,6.704445
120.69,55.9934,0.1005667,192.153,6.704445,0.1005667,6.704445
120.7,55.99817,0.1006,192.1694,6.706667,0.1006,6.706667
120.71,55.98227,0.1006,192.1149,6.706667,0.1006,6.706667
120.72,55.96955,0.1006,192.0712,6.706667,0.1006,6.706667
120.73,55.96955,0.1006,192.0712,6.706667,0.1006,6.706667
120.74,55.96955,0.1006333,192.0712,6.708889,0.1006333,6.708889
120.75,55.96479,0.1006333,192.0549,6.708889,0.1006333,6.708889
120.76,55.96479,0.1006333,192.0549,6.708889,0.1006333,6.708889
120.77,55.96638,0.1006333,192.0603,6.708889,0.1006333,6.708889
120.78,55.97115,0.1006667,192.0767,6.711111,0.1006667,6.711111
120.79,55.98227,0.1006667,192.1149,6.711111,0.1006667,6.711111
120.8,55.99976,0.1006667,192.1749,6.711111,0.1006667,6.711111
120.81,56.01565,0.1006667,192.2294,6.711111,0.1006667,6.711111
120.82,56.02678,0.1007,192.2676,6.713333,0.1007,6.713333
120.83,56.02996,0.1007,192.2785,6.713333,0.1007,6.713333
120.84,56.0236,0.1007,192.2567,6.713333,0.1007,6.713333
120.85,56.01565,0.1007,192.2294,6.713333,0.1007,6.713333
120.86,56.00611,0.1007333,192.1967,6.715556,0.1007333,6.715556
120.87,55.99817,0.1007333,192.1694,6.715556,0.1007333,6.715556
120.88,55.99817,0.1007333,192.1694,6.715556,0.1007333,6.715556
120.89,56.0077,0.1007333,192.2021,6.715556,0.1007333,6.715556
120.9,56.0236,0.1007667,192.2567,6.717778,0.1007667,6.717778
120.91,56.04426,0.1007667,192.3276,6.717778,0.1007667,6.717778
120.92,56.06015,0.1007667,192.3821,6.717778,0.1007667,6.717778
120.93,56.07128,0.1007667,192.4203,6.717778,0.1007667,6.717778
120.94,56.07605,0.1008,192.4367,6.72,0.1008,6.72
120.95,56.0681,0.1008,192.4094,6.72,0.1008,6.72
120.96,56.05062,0.1008,192.3494,6.72,0.1008,6.72
120.97,56.03473,0.1008,192.2949,6.72,0.1008,6.72
120.98,56.04267,0.1008333,192.3221,6.722222,0.1008333,6.722222
120.99,56.06334,0.1008333,192.393,6.722222,0.1008333,6.722222
121.0,56.07605,0.1008333,192.4367,6.722222,0.1008333,6.722222
121.01,56.07605,0.1008333,192.4367,6.722222,0.1008333,6.722222
121.02,56.0681,0.1008667,192.4094,6.724444,0.1008667,6.724444
121.03,56.06015,0.1008667,192.3821,6.724444,0.1008667,6.724444
121.04,56.05857,0.1008667,192.3767,6.724444,0.1008667,6.724444
121.05,56.0681,0.1008667,192.4094,6.724444,0.1008667,6.724444
121.06,56.08718,0.1009,192.4749,6.726667,0.1009,6.726667
121.07,56.10943,0.1009,192.5512,6.726667,0.1009,6.726667
121.08,56.1285,0.1009,192.6167,6.726667,0.1009,6.726667
121.09,56.13009,0.1009,192.6221,6.726667,0.1009,6.726667
121.1,56.12532,0.1009333,192.6058,6.728889,0.1009333,6.728889
121.11,56.12056,0.1009333,192.5894,6.728889,0.1009333,6.728889
121.12,56.11261,0.1009333,192.5621,6.728889,0.1009333,6.728889
121.13,56.10784,0.1009333,192.5458,6.728889,0.1009333,6.728889
121.14,56.10784,0.1009667,192.5458,6.731112,0.1009667,6.731112
121.15,56.11579,0.1009667,192.573,6.731112,0.1009667,6.731112
121.16,56.12056,0.1009667,192.5894,6.731112,0.1009667,6.731112
121.17,56.12214,0.1009667,192.5948,6.731112,0.1009667,6.731112
121.18,56.12214,0.101,192.5948,6.733334,0.101,6.733334
121.19,56.12532,0.101,192.6058,6.733334,0.101,6.733334
121.2,56.1285,0.101,192.6167,6.733334,0.101,6.733334
121.21,56.1285,0.101,192.6167,6.733334,0.101,6.733334
121.22,56.13009,0.1010333,192.6221,6.735556,0.1010333,6.735556
121.23,56.13327,0.1010333,192.633,6.735556,0.1010333,6.735556
121.24,56.14122,0.1010333,192.6603,6.735556,0.1010333,6.735556
121.25,56.15075,0.1010333,192.693,6.735556,0.1010333,6.735556
121.26,56.1587,0.1010667,192.7203,6.737778,0.1010667,6.737778
121.27,56.16188,0.1010667,192.7312,6.737778,0.1010667,6.737778
121.28,56.16665,0.1010667,192.7476,6.737778,0.1010667,6.737778
121.29,56.18254,0.1010667,192.8021,6.737778,0.1010667,6.737778
121.3,56.21115,0.1011,192.9003,6.74,0.1011,6.74
121.31,56.23023,0.1011,192.9658,6.74,0.1011,6.74
121.32,56.22387,0.1011,192.944,6.74,0.1011,6.74
121.33,56.21115,0.1011,192.9003,6.74,0.1011,6.74
121.34,56.20162,0.1011333,192.8676,6.742222,0.1011333,6.742222
121.35,56.20162,0.1011333,192.8676,6.742222,0.1011333,6.742222
121.36,56.20639,0.1011333,192.884,6.742222,0.1011333,6.742222
121.37,56.20797,0.1011333,192.8894,6.742222,0.1011333,6.742222
121.38,56.21115,0.1011667,192.9003,6.744444,0.1011667,6.744444
121.39,56.21115,0.1011667,192.9003,6.744444,0.1011667,6.744444
121.4,56.20639,0.1011667,192.884,6.744444,0.1011667,6.744444
121.41,56.19844,0.1011667,192.8567,6.744444,0.1011667,6.744444
121.42,56.20321,0.1012,192.873,6.746666,0.1012,6.746666
121.43,56.21592,0.1012,192.9167,6.746666,0.1012,6.746666
121.44,56.22705,0.1012,192.9548,6.746666,0.1012,6.746666
121.45,56.235,0.1012,192.9821,6.746666,0.1012,6.746666
121.46,56.24294,0.1012333,193.0094,6.748889,0.1012333,6.748889
121.47,56.25884,0.1012333,193.0639,6.748889,0.1012333,6.748889
121.48,56.27314,0.1012333,193.113,6.748889,0.1012333,6.748889
121.49,56.28109,0.1012333,193.1403,6.748889,0.1012333,6.748889
121.5,56.2795,0.1012667,193.1349,6.751111,0.1012667,6.751111
121.51,56.26361,0.1012667,193.0803,6.751111,0.1012667,6.751111
121.52,56.25248,0.1012667,193.0421,6.751111,0.1012667,6.751111
121.53,56.25884,0.1012667,193.0639,6.751111,0.1012667,6.751111
121.54,56.27155,0.1013,193.1076,6.753334,0.1013,6.753334
121.55,56.2795,0.1013,193.1349,6.753334,0.1013,6.753334
121.56,56.27314,0.1013,193.113,6.753334,0.1013,6.753334
121.57,56.26838,0.1013,193.0967,6.753334,0.1013,6.753334
121.58,56.27314,0.1013333,193.113,6.755556,0.1013333,6.755556
121.59,56.28427,0.1013333,193.1512,6.755556,0.1013333,6.755556
121.6,56.2938,0.1013333,193.1839,6.755556,0.1013333,6.755556
121.61,56.30493,0.1013333,193.2221,6.755556,0.1013333,6.755556
121.62,56.32083,0.1013667,193.2767,6.757778,0.1013667,6.757778
121.63,56.33036,0.1013667,193.3094,6.757778,0.1013667,6.757778
121.64,56.32877,0.1013667,193.304,6.757778,0.1013667,6.757778
121.65,56.3256,0.1013667,193.293,6.757778,0.1013667,6.757778
121.66,56.32877,0.1014,193.304,6.76,0.1014,6.76
121.67,56.32877,0.1014,193.304,6.76,0.1014,6.76
121.68,56.32241,0.1014,193.2821,6.76,0.1014,6.76
121.69,56.32083,0.1014,193.2767,6.76,0.1014,6.76
121.7,56.31765,0.1014333,193.2658,6.762222,0.1014333,6.762222
121.71,56.31288,0.1014333,193.2494,6.762222,0.1014333,6.762222
121.72,56.3097,0.1014333,193.2385,6.762222,0.1014333,6.762222
121.73,56.31606,0.1014333,193.2603,6.762222,0.1014333,6.762222
121.74,56.33036,0.1014667,193.3094,6.764445,0.1014667,6.764445
121.75,56.34944,0.1014667,193.3749,6.764445,0.1014667,6.764445
121.76,56.35421,0.1014667,193.3912,6.764445,0.1014667,6.764445
121.77,56.34467,0.1014667,193.3585,6.764445,0.1014667,6.764445
121.78,56.3256,0.1015,193.293,6.766667,0.1015,6.766667
121.79,56.31288,0.1015,193.2494,6.766667,0.1015,6.766667
121.8,56.32083,0.1015,193.2767,6.766667,0.1015,6.766667
121.81,56.34944,0.1015,193.3749,6.766667,0.1015,6.766667
121.82,56.3701,0.1015333,193.4458,6.768889,0.1015333,6.768889
121.83,56.37328,0.1015333,193.4567,6.768889,0.1015333,6.768889
121.84,56.36215,0.1015333,193.4185,6.768889,0.1015333,6.768889
121.85,56.36215,0.1015333,193.4185,6.768889,0.1015333,6.768889
121.86,56.36215,0.1015667,193.4185,6.771111,0.1015667,6.771111
121.87,56.36533,0.1015667,193.4294,6.771111,0.1015667,6.771111
121.88,56.37805,0.1015667,193.473,6.771111,0.1015667,6.771111
121.89,56.39394,0.1015667,193.5276,6.771111,0.1015667,6.771111
121.9,56.39553,0.1016,193.533,6.773333,0.1016,6.773333
121.91,56.38599,0.1016,193.5003,6.773333,0.1016,6.773333
121.92,56.37963,0.1016,193.4785,6.773333,0.1016,6.773333
121.93,56.38758,0.1016,193.5058,6.773333,0.1016,6.773333
121.94,56.39076,0.1016333,193.5167,6.775556,0.1016333,6.775556
121.95,56.39076,0.1016333,193.5167,6.775556,0.1016333,6.775556
121.96,56.39871,0.1016333,193.5439,6.775556,0.1016333,6.775556
121.97,56.41937,0.1016333,193.6149,6.775556,0.1016333,6.775556
121.98,56.43686,0.1016667,193.6749,6.777778,0.1016667,6.777778
121.99,56.44798,0.1016667,193.713,6.777778,0.1016667,6.777778
122.0,56.44321,0.1016667,193.6967,6.777778,0.1016667,6.777778
122.01,56.43209,0.1016667,193.6585,6.777778,0.1016667,6.777778
122.02,56.42414,0.1017,193.6312,6.78,0.1017,6.78
122.03,56.4146,0.1017,193.5985,6.78,0.1017,6.78
122.04,56.41143,0.1017,193.5876,6.78,0.1017,6.78
122.05,56.41619,0.1017,193.604,6.78,0.1017,6.78
122.06,56.42414,0.1017333,193.6312,6.782222,0.1017333,6.782222
122.07,56.43686,0.1017333,193.6749,6.782222,0.1017333,6.782222
122.08,56.45593,0.1017333,193.7403,6.782222,0.1017333,6.782222
122.09,56.47182,0.1017333,193.7949,6.782222,0.1017333,6.782222
122.1,56.46865,0.1017667,193.784,6.784444,0.1017667,6.784444
122.11,56.45593,0.1017667,193.7403,6.784444,0.1017667,6.784444
122.12,56.4607,0.1017667,193.7567,6.784444,0.1017667,6.784444
122.13,56.48454,0.1017667,193.8385,6.784444,0.1017667,6.784444
122.14,56.50203,0.1018,193.8985,6.786667,0.1018,6.786667
122.15,56.50997,0.1018,193.9258,6.786667,0.1018,6.786667
122.16,56.5052,0.1018,193.9094,6.786667,0.1018,6.786667
122.17,56.49726,0.1018,193.8821,6.786667,0.1018,6.786667
122.18,56.49249,0.1018333,193.8658,6.788889,0.1018333,6.788889
122.19,56.48454,0.1018333,193.8385,6.788889,0.1018333,6.788889
122.2,56.47342,0.1018333,193.8003,6.788889,0.1018333,6.788889
122.21,56.45911,0.1018333,193.7512,6.788889,0.1018333,6.788889
122.22,56.4607,0.1018667,193.7567,6.791111,0.1018667,6.791111
122.23,56.48136,0.1018667,193.8276,6.791111,0.1018667,6.791111
122.24,56.5052,0.1018667,193.9094,6.791111,0.1018667,6.791111
122.25,56.50997,0.1018667,193.9258,6.791111,0.1018667,6.791111
122.26,56.5052,0.1019,193.9094,6.793334,0.1019,6.793334
122.27,56.51633,0.1019,193.9476,6.793334,0.1019,6.793334
122.28,56.53858,0.1019,194.024,6.793334,0.1019,6.793334
122.29,56.54653,0.1019,194.0512,6.793334,0.1019,6.793334
122.3,56.53381,0.1019333,194.0076,6.795556,0.1019333,6.795556
122.31,56.52428,0.1019333,193.9749,6.795556,0.1019333,6.795556
122.32,56.5211,0.1019333,193.964,6.795556,0.1019333,6.795556
122.33,56.53064,0.1019333,193.9967,6.795556,0.1019333,6.795556
122.34,56.54653,0.1019667,194.0512,6.797778,0.1019667,6.797778
122.35,56.55925,0.1019667,194.0949,6.797778,0.1019667,6.797778
122.36,56.55766,0.1019667,194.0894,6.797778,0.1019667,6.797778
122.37,56.54176,0.1019667,194.0349,6.797778,0.1019667,6.797778
122.38,56.52587,0.102,193.9803,6.8,0.102,6.8
122.39,56.52428,0.102,193.9749,6.8,0.102,6.8
122.4,56.53064,0.102,193.9967,6.8,0.102,6.8
122.41,56.54653,0.102,194.0512,6.8,0.102,6.8
122.42,56.56242,0.1020333,194.1058,6.802222,0.1020333,6.802222
122.43,56.5656,0.1020333,194.1167,6.802222,0.1020333,6.802222
122.44,56.55925,0.1020333,194.0949,6.802222,0.1020333,6.802222
122.45,56.56242,0.1020333,194.1058,6.802222,0.1020333,6.802222
122.46,56.57355,0.1020667,194.144,6.804444,0.1020667,6.804444
122.47,56.5815,0.1020667,194.1712,6.804444,0.1020667,6.804444
122.48,56.57037,0.1020667,194.133,6.804444,0.1020667,6.804444
122.49,56.55289,0.1020667,194.073,6.804444,0.1020667,6.804444
122.5,56.54176,0.1021,194.0349,6.806667,0.1021,6.806667
122.51,56.54971,0.1021,194.0621,6.806667,0.1021,6.806667
122.52,56.5656,0.1021,194.1167,6.806667,0.1021,6.806667
122.53,56.58309,0.1021,194.1767,6.806667,0.1021,6.806667
122.54,56.59898,0.1021333,194.2312,6.808889,0.1021333,6.808889
122.55,56.61488,0.1021333,194.2858,6.808889,0.1021333,6.808889
122.56,56.62282,0.1021333,194.313,6.808889,0.1021333,6.808889
122.57,56.6117,0.1021333,194.2749,6.808889,0.1021333,6.808889
122.58,56.5958,0.1021667,194.2203,6.811111,0.1021667,6.811111
122.59,56.59421,0.1021667,194.2149,6.811111,0.1021667,6.811111
122.6,56.60693,0.1021667,194.2585,6.811111,0.1021667,6.811111
122.61,56.62282,0.1021667,194.313,6.811111,0.1021667,6.811111
122.62,56.63236,0.1022,194.3458,6.813334,0.1022,6.813334
122.63,56.63872,0.1022,194.3676,6.813334,0.1022,6.813334
122.64,56.63872,0.1022,194.3676,6.813334,0.1022,6.813334
122.65,56.63554,0.1022,194.3567,6.813334,0.1022,6.813334
122.66,56.64349,0.1022333,194.384,6.815556,0.1022333,6.815556
122.67,56.66097,0.1022333,194.4439,6.815556,0.1022333,6.815556
122.68,56.67686,0.1022333,194.4985,6.815556,0.1022333,6.815556
122.69,56.68799,0.1022333,194.5367,6.815556,0.1022333,6.815556
122.7,56.68958,0.1022667,194.5421,6.817778,0.1022667,6.817778
122.71,56.68958,0.1022667,194.5421,6.817778,0.1022667,6.817778
122.72,56.68799,0.1022667,194.5367,6.817778,0.1022667,6.817778
122.73,56.68004,0.1022667,194.5094,6.817778,0.1022667,6.817778
122.74,56.68004,0.1023,194.5094,6.82,0.1023,6.82
122.75,56.68163,0.1023,194.5149,6.82,0.1023,6.82
122.76,56.68004,0.1023,194.5094,6.82,0.1023,6.82
122.77,56.66892,0.1023,194.4712,6.82,0.1023,6.82
122.78,56.66415,0.1023333,194.4549,6.822223,0.1023333,6.822223
122.79,56.6721,0.1023333,194.4821,6.822223,0.1023333,6.822223
122.8,56.68958,0.1023333,194.5421,6.822223,0.1023333,6.822223
122.81,56.7023,0.1023333,194.5858,6.822223,0.1023333,6.822223
122.82,56.71342,0.1023667,194.6239,6.824445,0.1023667,6.824445
122.83,56.72137,0.1023667,194.6512,6.824445,0.1023667,6.824445
122.84,56.72455,0.1023667,194.6621,6.824445,0.1023667,6.824445
122.85,56.7023,0.1023667,194.5858,6.824445,0.1023667,6.824445
122.86,56.66892,0.1024,194.4712,6.826667,0.1024,6.826667
122.87,56.64825,0.1024,194.4003,6.826667,0.1024,6.826667
122.88,56.6562,0.1024,194.4276,6.826667,0.1024,6.826667
122.89,56.68004,0.1024,194.5094,6.826667,0.1024,6.826667
122.9,56.69753,0.1024333,194.5694,6.828889,0.1024333,6.828889
122.91,56.71024,0.1024333,194.613,6.828889,0.1024333,6.828889
122.92,56.71342,0.1024333,194.6239,6.828889,0.1024333,6.828889
122.93,56.7166,0.1024333,194.6349,6.828889,0.1024333,6.828889
122.94,56.72932,0.1024667,194.6785,6.831111,0.1024667,6.831111
122.95,56.74998,0.1024667,194.7494,6.831111,0.1024667,6.831111
122.96,56.75952,0.1024667,194.7821,6.831111,0.1024667,6.831111
122.97,56.75793,0.1024667,194.7767,6.831111,0.1024667,6.831111
122.98,56.74521,0.1025,194.733,6.833333,0.1025,6.833333
122.99,56.73091,0.1025,194.684,6.833333,0.1025,6.833333
123.0,56.71819,0.1025,194.6403,6.833333,0.1025,6.833333
123.01,56.71024,0.1025,194.613,6.833333,0.1025,6.833333
123.02,56.72455,0.1025333,194.6621,6.835556,0.1025333,6.835556
123.03,56.74998,0.1025333,194.7494,6.835556,0.1025333,6.835556
123.04,56.76746,0.1025333,194.8094,6.835556,0.1025333,6.835556
123.05,56.77382,0.1025333,194.8312,6.835556,0.1025333,6.835556
123.06,56.76746,0.1025667,194.8094,6.837778,0.1025667,6.837778
123.07,56.76587,0.1025667,194.8039,6.837778,0.1025667,6.837778
123.08,56.7627,0.1025667,194.793,6.837778,0.1025667,6.837778
123.09,56.75475,0.1025667,194.7658,6.837778,0.1025667,6.837778
123.1,56.7468,0.1026,194.7385,6.84,0.1026,6.84
123.11,56.74998,0.1026,194.7494,6.84,0.1026,6.84
123.12,56.75793,0.1026,194.7767,6.84,0.1026,6.84
123.13,56.7627,0.1026,194.793,6.84,0.1026,6.84
123.14,56.76587,0.1026333,194.8039,6.842222,0.1026333,6.842222
123.15,56.76746,0.1026333,194.8094,6.842222,0.1026333,6.842222
123.16,56.78654,0.1026333,194.8749,6.842222,0.1026333,6.842222
123.17,56.81038,0.1026333,194.9567,6.842222,0.1026333,6.842222
123.18,56.82468,0.1026667,195.0058,6.844445,0.1026667,6.844445
123.19,56.82786,0.1026667,195.0167,6.844445,0.1026667,6.844445
123.2,56.82786,0.1026667,195.0167,6.844445,0.1026667,6.844445
123.21,56.82468,0.1026667,195.0058,6.844445,0.1026667,6.844445
123.22,56.81992,0.1027,194.9894,6.846667,0.1027,6.846667
123.23,56.81992,0.1027,194.9894,6.846667,0.1027,6.846667
123.24,56.81992,0.1027,194.9894,6.846667,0.1027,6.846667
123.25,56.82309,0.1027,195.0003,6.846667,0.1027,6.846667
123.26,56.82309,0.1027333,195.0003,6.848889,0.1027333,6.848889
123.27,56.81992,0.1027333,194.9894,6.848889,0.1027333,6.848889
123.28,56.81674,0.1027333,194.9785,6.848889,0.1027333,6.848889
123.29,56.81674,0.1027333,194.9785,6.848889,0.1027333,6.848889
123.3,56.82309,0.1027667,195.0003,6.851111,0.1027667,6.851111
123.31,56.82786,0.1027667,195.0167,6.851111,0.1027667,6.851111
123.32,56.83104,0.1027667,195.0276,6.851111,0.1027667,6.851111
123.33,56.83104,0.1027667,195.0276,6.851111,0.1027667,6.851111
123.34,56.82786,0.1028,195.0167,6.853333,0.1028,6.853333
123.35,56.83104,0.1028,195.0276,6.853333,0.1028,6.853333
123.36,56.84535,0.1028,195.0767,6.853333,0.1028,6.853333
123.37,56.85647,0.1028,195.1149,6.853333,0.1028,6.853333
123.38,56.8517,0.1028333,195.0985,6.855556,0.1028333,6.855556
123.39,56.83899,0.1028333,195.0549,6.855556,0.1028333,6.855556
123.4,56.83104,0.1028333,195.0276,6.855556,0.1028333,6.855556
123.41,56.82786,0.1028333,195.0167,6.855556,0.1028333,6.855556
123.42,56.83104,0.1028667,195.0276,6.857778,0.1028667,6.857778
123.43,56.83899,0.1028667,195.0549,6.857778,0.1028667,6.857778
123.44,56.8517,0.1028667,195.0985,6.857778,0.1028667,6.857778
123.45,56.86124,0.1028667,195.1312,6.857778,0.1028667,6.857778
123.46,56.87396,0.1029,195.1749,6.86,0.1029,6.86
123.47,56.88508,0.1029,195.213,6.86,0.1029,6.86
123.48,56.88985,0.1029,195.2294,6.86,0.1029,6.86
123.49,56.89303,0.1029,195.2403,6.86,0.1029,6.86
123.5,56.89621,0.1029333,195.2512,6.862222,0.1029333,6.862222
123.51,56.89621,0.1029333,195.2512,6.862222,0.1029333,6.862222
123.52,56.89303,0.1029333,195.2403,6.862222,0.1029333,6.862222
123.53,56.90257,0.1029333,195.273,6.862222,0.1029333,6.862222
123.54,56.92164,0.1029667,195.3385,6.864444,0.1029667,6.864444
123.55,56.93436,0.1029667,195.3821,6.864444,0.1029667,6.864444
123.56,56.93753,0.1029667,195.393,6.864444,0.1029667,6.864444
123.57,56.93753,0.1029667,195.393,6.864444,0.1029667,6.864444
123.58,56.9423,0.103,195.4094,6.866667,0.103,6.866667
123.59,56.95343,0.103,195.4476,6.866667,0.103,6.866667
123.6,56.95979,0.103,195.4694,6.866667,0.103,6.866667
123.61,56.9582,0.103,195.464,6.866667,0.103,6.866667
123.62,56.95343,0.1030333,195.4476,6.868889,0.1030333,6.868889
123.63,56.95343,0.1030333,195.4476,6.868889,0.1030333,6.868889
123.64,56.95502,0.1030333,195.453,6.868889,0.1030333,6.868889
123.65,56.95979,0.1030333,195.4694,6.868889,0.1030333,6.868889
123.66,56.96297,0.1030667,195.4803,6.871111,0.1030667,6.871111
123.67,56.95979,0.1030667,195.4694,6.871111,0.1030667,6.871111
123.68,56.95979,0.1030667,195.4694,6.871111,0.1030667,6.871111
123.69,56.96774,0.1030667,195.4967,6.871111,0.1030667,6.871111
123.7,56.97886,0.1031,195.5349,6.873333,0.1031,6.873333
123.71,56.96774,0.1031,195.4967,6.873333,0.1031,6.873333
123.72,56.94548,0.1031,195.4203,6.873333,0.1031,6.873333
123.73,56.93913,0.1031,195.3985,6.873333,0.1031,6.873333
123.74,56.9582,0.1031333,195.464,6.875556,0.1031333,6.875556
123.75,56.97568,0.1031333,195.5239,6.875556,0.1031333,6.875556
123.76,56.98363,0.1031333,195.5512,6.875556,0.1031333,6.875556
123.77,56.97886,0.1031333,195.5349,6.875556,0.1031333,6.875556
123.78,56.98204,0.1031667,195.5458,6.877778,0.1031667,6.877778
123.79,56.99952,0.1031667,195.6058,6.877778,0.1031667,6.877778
123.8,57.0186,0.1031667,195.6712,6.877778,0.1031667,6.877778
123.81,57.02813,0.1031667,195.7039,6.877778,0.1031667,6.877778
123.82,57.02813,0.1032,195.7039,6.88,0.1032,6.88
123.83,57.02496,0.1032,195.693,6.88,0.1032,6.88
123.84,57.03131,0.1032,195.7149,6.88,0.1032,6.88
123.85,57.04403,0.1032,195.7585,6.88,0.1032,6.88
123.86,57.05993,0.1032333,195.813,6.882223,0.1032333,6.882223
123.87,57.06151,0.1032333,195.8185,6.882223,0.1032333,6.882223
123.88,57.05674,0.1032333,195.8021,6.882223,0.1032333,6.882223
123.89,57.05198,0.1032333,195.7858,6.882223,0.1032333,6.882223
123.9,57.0488,0.1032667,195.7749,6.884445,0.1032667,6.884445
123.91,57.0488,0.1032667,195.7749,6.884445,0.1032667,6.884445
123.92,57.05198,0.1032667,195.7858,6.884445,0.1032667,6.884445
123.93,57.05993,0.1032667,195.813,6.884445,0.1032667,6.884445
123.94,57.06946,0.1033,195.8458,6.886666,0.1033,6.886666
123.95,57.07264,0.1033,195.8567,6.886666,0.1033,6.886666
123.96,57.05993,0.1033,195.813,6.886666,0.1033,6.886666
123.97,57.03926,0.1033,195.7421,6.886666,0.1033,6.886666
123.98,57.03608,0.1033333,195.7312,6.888889,0.1033333,6.888889
123.99,57.05357,0.1033333,195.7912,6.888889,0.1033333,6.888889
124.0,57.06946,0.1033333,195.8458,6.888889,0.1033333,6.888889
124.01,57.07582,0.1033333,195.8676,6.888889,0.1033333,6.888889
124.02,57.07264,0.1033667,195.8567,6.891111,0.1033667,6.891111
124.03,57.06946,0.1033667,195.8458,6.891111,0.1033667,6.891111
124.04,57.07741,0.1033667,195.873,6.891111,0.1033667,6.891111
124.05,57.0933,0.1033667,195.9276,6.891111,0.1033667,6.891111
124.06,57.1092,0.1034,195.9821,6.893333,0.1034,6.893333
124.07,57.11715,0.1034,196.0094,6.893333,0.1034,6.893333
124.08,57.11873,0.1034,196.0149,6.893333,0.1034,6.893333
124.09,57.11873,0.1034,196.0149,6.893333,0.1034,6.893333
124.1,57.11715,0.1034333,196.0094,6.895555,0.1034333,6.895555
124.11,57.11396,0.1034333,195.9985,6.895555,0.1034333,6.895555
124.12,57.12668,0.1034333,196.0421,6.895555,0.1034333,6.895555
124.13,57.14734,0.1034333,196.113,6.895555,0.1034333,6.895555
124.14,57.16324,0.1034667,196.1676,6.897778,0.1034667,6.897778
124.15,57.16801,0.1034667,196.184,6.897778,0.1034667,6.897778
124.16,57.16324,0.1034667,196.1676,6.897778,0.1034667,6.897778
124.17,57.15052,0.1034667,196.124,6.897778,0.1034667,6.897778
124.18,57.13463,0.1035,196.0694,6.9,0.1035,6.9
124.19,57.13304,0.1035,196.0639,6.9,0.1035,6.9
124.2,57.13781,0.1035,196.0803,6.9,0.1035,6.9
124.21,57.14257,0.1035,196.0967,6.9,0.1035,6.9
124.22,57.13781,0.1035333,196.0803,6.902222,0.1035333,6.902222
124.23,57.12986,0.1035333,196.053,6.902222,0.1035333,6.902222
124.24,57.12668,0.1035333,196.0421,6.902222,0.1035333,6.902222
124.25,57.13304,0.1035333,196.0639,6.902222,0.1035333,6.902222
124.26,57.13463,0.1035667,196.0694,6.904445,0.1035667,6.904445
124.27,57.13463,0.1035667,196.0694,6.904445,0.1035667,6.904445
124.28,57.1394,0.1035667,196.0858,6.904445,0.1035667,6.904445
124.29,57.15847,0.1035667,196.1512,6.904445,0.1035667,6.904445
124.3,57.17437,0.1036,196.2058,6.906667,0.1036,6.906667
124.31,57.17595,0.1036,196.2112,6.906667,0.1036,6.906667
124.32,57.17595,0.1036,196.2112,6.906667,0.1036,6.906667
124.33,57.18231,0.1036,196.233,6.906667,0.1036,6.906667
124.34,57.19026,0.1036333,196.2603,6.908889,0.1036333,6.908889
124.35,57.19503,0.1036333,196.2767,6.908889,0.1036333,6.908889
124.36,57.19185,0.1036333,196.2658,6.908889,0.1036333,6.908889
124.37,57.18708,0.1036333,196.2494,6.908889,0.1036333,6.908889
124.38,57.18231,0.1036667,196.233,6.911111,0.1036667,6.911111
124.39,57.19185,0.1036667,196.2658,6.911111,0.1036667,6.911111
124.4,57.20774,0.1036667,196.3203,6.911111,0.1036667,6.911111
124.41,57.21569,0.1036667,196.3476,6.911111,0.1036667,6.911111
124.42,57.21251,0.1037,196.3367,6.913333,0.1037,6.913333
124.43,57.21092,0.1037,196.3312,6.913333,0.1037,6.913333
124.44,57.21569,0.1037,196.3476,6.913333,0.1037,6.913333
124.45,57.2284,0.1037,196.3912,6.913333,0.1037,6.913333
124.46,57.2443,0.1037333,196.4458,6.915555,0.1037333,6.915555
124.47,57.24907,0.1037333,196.4621,6.915555,0.1037333,6.915555
124.48,57.2443,0.1037333,196.4458,6.915555,0.1037333,6.915555
124.49,57.23953,0.1037333,196.4294,6.915555,0.1037333,6.915555
124.5,57.2443,0.1037667,196.4458,6.917778,0.1037667,6.917778
124.51,57.2602,0.1037667,196.5003,6.917778,0.1037667,6.917778
124.52,57.27609,0.1037667,196.5549,6.917778,0.1037667,6.917778
124.53,57.28881,0.1037667,196.5985,6.917778,0.1037667,6.917778
124.54,57.29675,0.1038,196.6258,6.92,0.1038,6.92
124.55,57.29358,0.1038,196.6149,6.92,0.1038,6.92
124.56,57.27609,0.1038,196.5549,6.92,0.1038,6.92
124.57,57.25225,0.1038,196.473,6.92,0.1038,6.92
124.58,57.2443,0.1038333,196.4458,6.922222,0.1038333,6.922222
124.59,57.25384,0.1038333,196.4785,6.922222,0.1038333,6.922222
124.6,57.2602,0.1038333,196.5003,6.922222,0.1038333,6.922222
124.61,57.26178,0.1038333,196.5058,6.922222,0.1038333,6.922222
124.62,57.26814,0.1038667,196.5276,6.924444,0.1038667,6.924444
124.63,57.28086,0.1038667,196.5712,6.924444,0.1038667,6.924444
124.64,57.29039,0.1038667,196.6039,6.924444,0.1038667,6.924444
124.65,57.29834,0.1038667,196.6312,6.924444,0.1038667,6.924444
124.66,57.30152,0.1039,196.6421,6.926667,0.1039,6.926667
124.67,57.30152,0.1039,196.6421,6.926667,0.1039,6.926667
124.68,57.30152,0.1039,196.6421,6.926667,0.1039,6.926667
124.69,57.30152,0.1039,196.6421,6.926667,0.1039,6.926667
124.7,57.3047,0.1039333,196.653,6.928889,0.1039333,6.928889
124.71,57.30629,0.1039333,196.6585,6.928889,0.1039333,6.928889
124.72,57.30152,0.1039333,196.6421,6.928889,0.1039333,6.928889
124.73,57.29039,0.1039333,196.6039,6.928889,0.1039333,6.928889
124.74,57.27768,0.1039667,196.5603,6.931111,0.1039667,6.931111
124.75,57.26178,0.1039667,196.5058,6.931111,0.1039667,6.931111
124.76,57.25702,0.1039667,196.4894,6.931111,0.1039667,6.931111
124.77,57.27291,0.1039667,196.544,6.931111,0.1039667,6.931111
124.78,57.29675,0.104,196.6258,6.933333,0.104,6.933333
124.79,57.30629,0.104,196.6585,6.933333,0.104,6.933333
124.8,57.30629,0.104,196.6585,6.933333,0.104,6.933333
124.81,57.31424,0.104,196.6858,6.933333,0.104,6.933333
124.82,57.32695,0.1040333,196.7294,6.935556,0.1040333,6.935556
124.83,57.34285,0.1040333,196.784,6.935556,0.1040333,6.935556
124.84,57.35397,0.1040333,196.8221,6.935556,0.1040333,6.935556
124.85,57.3508,0.1040333,196.8112,6.935556,0.1040333,6.935556
124.86,57.35397,0.1040667,196.8221,6.937778,0.1040667,6.937778
124.87,57.35556,0.1040667,196.8276,6.937778,0.1040667,6.937778
124.88,57.3508,0.1040667,196.8112,6.937778,0.1040667,6.937778
124.89,57.33967,0.1040667,196.773,6.937778,0.1040667,6.937778
124.9,57.3349,0.1041,196.7567,6.94,0.1041,6.94
124.91,57.3349,0.1041,196.7567,6.94,0.1041,6.94
124.92,57.3349,0.1041,196.7567,6.94,0.1041,6.94
124.93,57.3349,0.1041,196.7567,6.94,0.1041,6.94
124.94,57.33967,0.1041333,196.773,6.942223,0.1041333,6.942223
124.95,57.34603,0.1041333,196.7949,6.942223,0.1041333,6.942223
124.96,57.35556,0.1041333,196.8276,6.942223,0.1041333,6.942223
124.97,57.36828,0.1041333,196.8712,6.942223,0.1041333,6.942223
124.98,57.39053,0.1041667,196.9476,6.944444,0.1041667,6.944444
124.99,57.41119,0.1041667,197.0185,6.944444,0.1041667,6.944444
125.0,57.42073,0.1041667,197.0512,6.944444,0.1041667,6.944444
125.01,57.41914,0.1041667,197.0458,6.944444,0.1041667,6.944444
125.02,57.42073,0.1042,197.0512,6.946667,0.1042,6.946667
125.03,57.4255,0.1042,197.0676,6.946667,0.1042,6.946667
125.04,57.42391,0.1042,197.0621,6.946667,0.1042,6.946667
125.05,57.41119,0.1042,197.0185,6.946667,0.1042,6.946667
125.06,57.39212,0.1042333,196.953,6.948889,0.1042333,6.948889
125.07,57.37622,0.1042333,196.8985,6.948889,0.1042333,6.948889
125.08,57.36828,0.1042333,196.8712,6.948889,0.1042333,6.948889
125.09,57.37464,0.1042333,196.8931,6.948889,0.1042333,6.948889
125.1,57.3953,0.1042667,196.9639,6.951111,0.1042667,6.951111
125.11,57.42073,0.1042667,197.0512,6.951111,0.1042667,6.951111
125.12,57.43663,0.1042667,197.1058,6.951111,0.1042667,6.951111
125.13,57.4398,0.1042667,197.1167,6.951111,0.1042667,6.951111
125.14,57.45252,0.1043,197.1603,6.953333,0.1043,6.953333
125.15,57.47318,0.1043,197.2312,6.953333,0.1043,6.953333
125.16,57.48113,0.1043,197.2585,6.953333,0.1043,6.953333
125.17,57.47001,0.1043,197.2203,6.953333,0.1043,6.953333
125.18,57.44934,0.1043333,197.1494,6.955555,0.1043333,6.955555
125.19,57.44139,0.1043333,197.1221,6.955555,0.1043333,6.955555
125.2,57.44934,0.1043333,197.1494,6.955555,0.1043333,6.955555
125.21,57.46206,0.1043333,197.193,6.955555,0.1043333,6.955555
125.22,57.47318,0.1043667,197.2312,6.957778,0.1043667,6.957778
125.23,57.48113,0.1043667,197.2585,6.957778,0.1043667,6.957778
125.24,57.49067,0.1043667,197.2912,6.957778,0.1043667,6.957778
125.25,57.49702,0.1043667,197.313,6.957778,0.1043667,6.957778
125.26,57.48908,0.1044,197.2858,6.96,0.1044,6.96
125.27,57.47795,0.1044,197.2476,6.96,0.1044,6.96
125.28,57.46524,0.1044,197.204,6.96,0.1044,6.96
125.29,57.46524,0.1044,197.204,6.96,0.1044,6.96
125.3,57.48272,0.1044333,197.264,6.962223,0.1044333,6.962223
125.31,57.50656,0.1044333,197.3458,6.962223,0.1044333,6.962223
125.32,57.51769,0.1044333,197.384,6.962223,0.1044333,6.962223
125.33,57.51292,0.1044333,197.3676,6.962223,0.1044333,6.962223
125.34,57.49862,0.1044667,197.3185,6.964445,0.1044667,6.964445
125.35,57.4859,0.1044667,197.2749,6.964445,0.1044667,6.964445
125.36,57.48272,0.1044667,197.264,6.964445,0.1044667,6.964445
125.37,57.49702,0.1044667,197.313,6.964445,0.1044667,6.964445
125.38,57.50974,0.1045,197.3567,6.966667,0.1045,6.966667
125.39,57.51928,0.1045,197.3894,6.966667,0.1045,6.966667
125.4,57.5304,0.1045,197.4276,6.966667,0.1045,6.966667
125.41,57.53517,0.1045,197.444,6.966667,0.1045,6.966667
125.42,57.53517,0.1045333,197.444,6.968889,0.1045333,6.968889
125.43,57.52723,0.1045333,197.4167,6.968889,0.1045333,6.968889
125.44,57.52246,0.1045333,197.4003,6.968889,0.1045333,6.968889
125.45,57.52563,0.1045333,197.4112,6.968889,0.1045333,6.968889
125.46,57.53517,0.1045667,197.444,6.971111,0.1045667,6.971111
125.47,57.54312,0.1045667,197.4712,6.971111,0.1045667,6.971111
125.48,57.54312,0.1045667,197.4712,6.971111,0.1045667,6.971111
125.49,57.53517,0.1045667,197.444,6.971111,0.1045667,6.971111
125.5,57.52723,0.1046,197.4167,6.973334,0.1046,6.973334
125.51,57.52563,0.1046,197.4112,6.973334,0.1046,6.973334
125.52,57.53358,0.1046,197.4385,6.973334,0.1046,6.973334
125.53,57.54312,0.1046,197.4712,6.973334,0.1046,6.973334
125.54,57.55107,0.1046333,197.4985,6.975555,0.1046333,6.975555
125.55,57.55584,0.1046333,197.5149,6.975555,0.1046333,6.975555
125.56,57.56378,0.1046333,197.5421,6.975555,0.1046333,6.975555
125.57,57.57014,0.1046333,197.564,6.975555,0.1046333,6.975555
125.58,57.57173,0.1046667,197.5694,6.977777,0.1046667,6.977777
125.59,57.57014,0.1046667,197.564,6.977777,0.1046667,6.977777
125.6,57.5765,0.1046667,197.5858,6.977777,0.1046667,6.977777
125.61,57.59239,0.1046667,197.6403,6.977777,0.1046667,6.977777
125.62,57.60511,0.1047,197.6839,6.98,0.1047,6.98
125.63,57.60829,0.1047,197.6949,6.98,0.1047,6.98
125.64,57.60511,0.1047,197.6839,6.98,0.1047,6.98
125.65,57.59875,0.1047,197.6621,6.98,0.1047,6.98
125.66,57.59557,0.1047333,197.6512,6.982222,0.1047333,6.982222
125.67,57.5908,0.1047333,197.6349,6.982222,0.1047333,6.982222
125.68,57.58445,0.1047333,197.6131,6.982222,0.1047333,6.982222
125.69,57.59239,0.1047333,197.6403,6.982222,0.1047333,6.982222
125.7,57.61623,0.1047667,197.7221,6.984445,0.1047667,6.984445
125.71,57.64167,0.1047667,197.8094,6.984445,0.1047667,6.984445
125.72,57.65756,0.1047667,197.864,6.984445,0.1047667,6.984445
125.73,57.66233,0.1047667,197.8803,6.984445,0.1047667,6.984445
125.74,57.66074,0.1048,197.8749,6.986667,0.1048,6.986667
125.75,57.64961,0.1048,197.8367,6.986667,0.1048,6.986667
125.76,57.64484,0.1048,197.8203,6.986667,0.1048,6.986667
125.77,57.64484,0.1048,197.8203,6.986667,0.1048,6.986667
125.78,57.65279,0.1048333,197.8476,6.988889,0.1048333,6.988889
125.79,57.65597,0.1048333,197.8585,6.988889,0.1048333,6.988889
125.8,57.64484,0.1048333,197.8203,6.988889,0.1048333,6.988889
125.81,57.62895,0.1048333,197.7658,6.988889,0.1048333,6.988889
125.82,57.61941,0.1048667,197.733,6.991111,0.1048667,6.991111
125.83,57.61623,0.1048667,197.7221,6.991111,0.1048667,6.991111
125.84,57.62418,0.1048667,197.7494,6.991111,0.1048667,6.991111
125.85,57.63372,0.1048667,197.7821,6.991111,0.1048667,6.991111
125.86,57.64167,0.1049,197.8094,6.993333,0.1049,6.993333
125.87,57.64484,0.1049,197.8203,6.993333,0.1049,6.993333
125.88,57.64484,0.1049,197.8203,6.993333,0.1049,6.993333
125.89,57.64484,0.1049,197.8203,6.993333,0.1049,6.993333
125.9,57.64484,0.1049333,197.8203,6.995556,0.1049333,6.995556
125.91,57.64961,0.1049333,197.8367,6.995556,0.1049333,6.995556
125.92,57.64961,0.1049333,197.8367,6.995556,0.1049333,6.995556
125.93,57.65279,0.1049333,197.8476,6.995556,0.1049333,6.995556
125.94,57.66074,0.1049667,197.8749,6.997778,0.1049667,6.997778
125.95,57.67663,0.1049667,197.9294,6.997778,0.1049667,6.997778
125.96,57.69094,0.1049667,197.9785,6.997778,0.1049667,6.997778
125.97,57.70683,0.1049667,198.0331,6.997778,0.1049667,6.997778
125.98,57.71478,0.105,198.0603,7.0,0.105,7.0
125.99,57.71478,0.105,198.0603,7.0,0.105,7.0
126.0,57.71001,0.105,198.0439,7.0,0.105,7.0
126.01,57.71001,0.105,198.0439,7.0,0.105,7.0
126.02,57.71955,0.1050333,198.0767,7.002223,0.1050333,7.002223
126.03,57.73385,0.1050333,198.1258,7.002223,0.1050333,7.002223
126.04,57.7418,0.1050333,198.153,7.002223,0.1050333,7.002223
126.05,57.75134,0.1050333,198.1858,7.002223,0.1050333,7.002223
126.06,57.76723,0.1050667,198.2403,7.004444,0.1050667,7.004444
126.07,57.77677,0.1050667,198.273,7.004444,0.1050667,7.004444
126.08,57.77995,0.1050667,198.284,7.004444,0.1050667,7.004444
126.09,57.76405,0.1050667,198.2294,7.004444,0.1050667,7.004444
126.1,57.74657,0.1051,198.1694,7.006667,0.1051,7.006667
126.11,57.73862,0.1051,198.1421,7.006667,0.1051,7.006667
126.12,57.74816,0.1051,198.1749,7.006667,0.1051,7.006667
126.13,57.76405,0.1051,198.2294,7.006667,0.1051,7.006667
126.14,57.76723,0.1051333,198.2403,7.008889,0.1051333,7.008889
126.15,57.76723,0.1051333,198.2403,7.008889,0.1051333,7.008889
126.16,57.77041,0.1051333,198.2512,7.008889,0.1051333,7.008889
126.17,57.772,0.1051333,198.2567,7.008889,0.1051333,7.008889
126.18,57.772,0.1051667,198.2567,7.011111,0.1051667,7.011111
126.19,57.77518,0.1051667,198.2676,7.011111,0.1051667,7.011111
126.2,57.78472,0.1051667,198.3003,7.011111,0.1051667,7.011111
126.21,57.79107,0.1051667,198.3221,7.011111,0.1051667,7.011111
126.22,57.78472,0.1052,198.3003,7.013333,0.1052,7.013333
126.23,57.77995,0.1052,198.284,7.013333,0.1052,7.013333
126.24,57.7879,0.1052,198.3112,7.013333,0.1052,7.013333
126.25,57.79902,0.1052,198.3494,7.013333,0.1052,7.013333
126.26,57.80061,0.1052333,198.3549,7.015555,0.1052333,7.015555
126.27,57.79584,0.1052333,198.3385,7.015555,0.1052333,7.015555
126.28,57.78313,0.1052333,198.2949,7.015555,0.1052333,7.015555
126.29,57.77041,0.1052333,198.2512,7.015555,0.1052333,7.015555
126.3,57.77518,0.1052667,198.2676,7.017778,0.1052667,7.017778
126.31,57.80061,0.1052667,198.3549,7.017778,0.1052667,7.017778
126.32,57.8324,0.1052667,198.464,7.017778,0.1052667,7.017778
126.33,57.84194,0.1052667,198.4967,7.017778,0.1052667,7.017778
126.34,57.83717,0.1053,198.4803,7.02,0.1053,7.02
126.35,57.8324,0.1053,198.464,7.02,0.1053,7.02
126.36,57.82922,0.1053,198.453,7.02,0.1053,7.02
126.37,57.82763,0.1053,198.4476,7.02,0.1053,7.02
126.38,57.82127,0.1053333,198.4258,7.022223,0.1053333,7.022223
126.39,57.81651,0.1053333,198.4094,7.022223,0.1053333,7.022223
126.4,57.82127,0.1053333,198.4258,7.022223,0.1053333,7.022223
126.41,57.83717,0.1053333,198.4803,7.022223,0.1053333,7.022223
126.42,57.85306,0.1053667,198.5349,7.024445,0.1053667,7.024445
126.43,57.86101,0.1053667,198.5621,7.024445,0.1053667,7.024445
126.44,57.8626,0.1053667,198.5676,7.024445,0.1053667,7.024445
126.45,57.86578,0.1053667,198.5785,7.024445,0.1053667,7.024445
126.46,57.86896,0.1054,198.5894,7.026667,0.1054,7.026667
126.47,57.86896,0.1054,198.5894,7.026667,0.1054,7.026667
126.48,57.8626,0.1054,198.5676,7.026667,0.1054,7.026667
126.49,57.85783,0.1054,198.5512,7.026667,0.1054,7.026667
126.5,57.86578,0.1054333,198.5785,7.028889,0.1054333,7.028889
126.51,57.88644,0.1054333,198.6494,7.028889,0.1054333,7.028889
126.52,57.89439,0.1054333,198.6767,7.028889,0.1054333,7.028889
126.53,57.88485,0.1054333,198.644,7.028889,0.1054333,7.028889
126.54,57.87373,0.1054667,198.6058,7.031111,0.1054667,7.031111
126.55,57.87055,0.1054667,198.5949,7.031111,0.1054667,7.031111
126.56,57.87373,0.1054667,198.6058,7.031111,0.1054667,7.031111
126.57,57.87373,0.1054667,198.6058,7.031111,0.1054667,7.031111
126.58,57.8769,0.1055,198.6167,7.033333,0.1055,7.033333
126.59,57.89121,0.1055,198.6658,7.033333,0.1055,7.033333
126.6,57.91028,0.1055,198.7312,7.033333,0.1055,7.033333
126.61,57.92777,0.1055,198.7912,7.033333,0.1055,7.033333
126.62,57.94366,0.1055333,198.8458,7.035555,0.1055333,7.035555
126.63,57.96432,0.1055333,198.9167,7.035555,0.1055333,7.035555
126.64,57.97545,0.1055333,198.9549,7.035555,0.1055333,7.035555
126.65,57.97068,0.1055333,198.9385,7.035555,0.1055333,7.035555
126.66,57.95638,0.1055667,198.8894,7.037778,0.1055667,7.037778
126.67,57.95161,0.1055667,198.873,7.037778,0.1055667,7.037778
126.68,57.95638,0.1055667,198.8894,7.037778,0.1055667,7.037778
126.69,57.95479,0.1055667,198.884,7.037778,0.1055667,7.037778
126.7,57.93889,0.1056,198.8294,7.04,0.1056,7.04
126.71,57.93095,0.1056,198.8021,7.04,0.1056,7.04
126.72,57.93889,0.1056,198.8294,7.04,0.1056,7.04
126.73,57.95638,0.1056,198.8894,7.04,0.1056,7.04
126.74,57.98022,0.1056333,198.9712,7.042222,0.1056333,7.042222
126.75,58.00406,0.1056333,199.0531,7.042222,0.1056333,7.042222
126.76,58.02472,0.1056333,199.1239,7.042222,0.1056333,7.042222
126.77,58.02472,0.1056333,199.1239,7.042222,0.1056333,7.042222
126.78,58.00724,0.1056667,199.064,7.044445,0.1056667,7.044445
126.79,57.9834,0.1056667,198.9821,7.044445,0.1056667,7.044445
126.8,57.97068,0.1056667,198.9385,7.044445,0.1056667,7.044445
126.81,57.96273,0.1056667,198.9112,7.044445,0.1056667,7.044445
126.82,57.96432,0.1057,198.9167,7.046667,0.1057,7.046667
126.83,57.97227,0.1057,198.944,7.046667,0.1057,7.046667
126.84,57.98499,0.1057,198.9876,7.046667,0.1057,7.046667
126.85,57.99611,0.1057,199.0258,7.046667,0.1057,7.046667
126.86,57.99929,0.1057333,199.0367,7.048889,0.1057333,7.048889
126.87,57.99611,0.1057333,199.0258,7.048889,0.1057333,7.048889
126.88,57.99134,0.1057333,199.0094,7.048889,0.1057333,7.048889
126.89,57.99294,0.1057333,199.0149,7.048889,0.1057333,7.048889
126.9,58.00088,0.1057667,199.0421,7.051111,0.1057667,7.051111
126.91,58.0136,0.1057667,199.0858,7.051111,0.1057667,7.051111
126.92,58.02155,0.1057667,199.1131,7.051111,0.1057667,7.051111
126.93,58.01678,0.1057667,199.0967,7.051111,0.1057667,7.051111
126.94,58.00724,0.1058,199.064,7.053333,0.1058,7.053333
126.95,58.00088,0.1058,199.0421,7.053333,0.1058,7.053333
126.96,58.00724,0.1058,199.064,7.053333,0.1058,7.053333
126.97,58.00883,0.1058,199.0694,7.053333,0.1058,7.053333
126.98,58.00883,0.1058333,199.0694,7.055556,0.1058333,7.055556
126.99,58.00406,0.1058333,199.0531,7.055556,0.1058333,7.055556
127.0,57.99611,0.1058333,199.0258,7.055556,0.1058333,7.055556
127.01,57.99294,0.1058333,199.0149,7.055556,0.1058333,7.055556
127.02,58.01201,0.1058667,199.0803,7.057778,0.1058667,7.057778
127.03,58.04062,0.1058667,199.1785,7.057778,0.1058667,7.057778
127.04,58.05016,0.1058667,199.2112,7.057778,0.1058667,7.057778
127.05,58.04062,0.1058667,199.1785,7.057778,0.1058667,7.057778
127.06,58.03744,0.1059,199.1676,7.06,0.1059,7.06
127.07,58.0581,0.1059,199.2385,7.06,0.1059,7.06
127.08,58.08512,0.1059,199.3312,7.06,0.1059,7.06
127.09,58.09466,0.1059,199.364,7.06,0.1059,7.06
127.1,58.09307,0.1059333,199.3585,7.062222,0.1059333,7.062222
127.11,58.08989,0.1059333,199.3476,7.062222,0.1059333,7.062222
127.12,58.08512,0.1059333,199.3312,7.062222,0.1059333,7.062222
127.13,58.08512,0.1059333,199.3312,7.062222,0.1059333,7.062222
127.14,58.09307,0.1059667,199.3585,7.064445,0.1059667,7.064445
127.15,58.10261,0.1059667,199.3912,7.064445,0.1059667,7.064445
127.16,58.09784,0.1059667,199.3749,7.064445,0.1059667,7.064445
127.17,58.09307,0.1059667,199.3585,7.064445,0.1059667,7.064445
127.18,58.10261,0.106,199.3912,7.066667,0.106,7.066667
127.19,58.12327,0.106,199.4621,7.066667,0.106,7.066667
127.2,58.14235,0.106,199.5276,7.066667,0.106,7.066667
127.21,58.15188,0.106,199.5603,7.066667,0.106,7.066667
127.22,58.15665,0.1060333,199.5767,7.068889,0.1060333,7.068889
127.23,58.14711,0.1060333,199.544,7.068889,0.1060333,7.068889
127.24,58.1185,0.1060333,199.4458,7.068889,0.1060333,7.068889
127.25,58.09466,0.1060333,199.364,7.068889,0.1060333,7.068889
127.26,58.09943,0.1060667,199.3803,7.071111,0.1060667,7.071111
127.27,58.12168,0.1060667,199.4567,7.071111,0.1060667,7.071111
127.28,58.14235,0.1060667,199.5276,7.071111,0.1060667,7.071111
127.29,58.15506,0.1060667,199.5712,7.071111,0.1060667,7.071111
127.3,58.15983,0.1061,199.5876,7.073333,0.1061,7.073333
127.31,58.1646,0.1061,199.604,7.073333,0.1061,7.073333
127.32,58.17572,0.1061,199.6422,7.073333,0.1061,7.073333
127.33,58.1789,0.1061,199.653,7.073333,0.1061,7.073333
127.34,58.17572,0.1061333,199.6422,7.075556,0.1061333,7.075556
127.35,58.1646,0.1061333,199.604,7.075556,0.1061333,7.075556
127.36,58.15983,0.1061333,199.5876,7.075556,0.1061333,7.075556
127.37,58.15983,0.1061333,199.5876,7.075556,0.1061333,7.075556
127.38,58.16301,0.1061667,199.5985,7.077778,0.1061667,7.077778
127.39,58.16301,0.1061667,199.5985,7.077778,0.1061667,7.077778
127.4,58.1646,0.1061667,199.604,7.077778,0.1061667,7.077778
127.41,58.17572,0.1061667,199.6422,7.077778,0.1061667,7.077778
127.42,58.20115,0.1062,199.7294,7.08,0.1062,7.08
127.43,58.22182,0.1062,199.8003,7.08,0.1062,7.08
127.44,58.22182,0.1062,199.8003,7.08,0.1062,7.08
127.45,58.20751,0.1062,199.7512,7.08,0.1062,7.08
127.46,58.20433,0.1062333,199.7403,7.082222,0.1062333,7.082222
127.47,58.21228,0.1062333,199.7676,7.082222,0.1062333,7.082222
127.48,58.21387,0.1062333,199.7731,7.082222,0.1062333,7.082222
127.49,58.20751,0.1062333,199.7512,7.082222,0.1062333,7.082222
127.5,58.19957,0.1062667,199.724,7.084445,0.1062667,7.084445
127.51,58.20751,0.1062667,199.7512,7.084445,0.1062667,7.084445
127.52,58.22499,0.1062667,199.8112,7.084445,0.1062667,7.084445
127.53,58.24566,0.1062667,199.8821,7.084445,0.1062667,7.084445
127.54,58.25043,0.1063,199.8985,7.086667,0.1063,7.086667
127.55,58.24884,0.1063,199.8931,7.086667,0.1063,7.086667
127.56,58.24248,0.1063,199.8712,7.086667,0.1063,7.086667
127.57,58.22976,0.1063,199.8276,7.086667,0.1063,7.086667
127.58,58.22023,0.1063333,199.7949,7.088889,0.1063333,7.088889
127.59,58.21705,0.1063333,199.784,7.088889,0.1063333,7.088889
127.6,58.22182,0.1063333,199.8003,7.088889,0.1063333,7.088889
127.61,58.22499,0.1063333,199.8112,7.088889,0.1063333,7.088889
127.62,58.22976,0.1063667,199.8276,7.091111,0.1063667,7.091111
127.63,58.24089,0.1063667,199.8658,7.091111,0.1063667,7.091111
127.64,58.24884,0.1063667,199.8931,7.091111,0.1063667,7.091111
127.65,58.2536,0.1063667,199.9094,7.091111,0.1063667,7.091111
127.66,58.2536,0.1064,199.9094,7.093333,0.1064,7.093333
127.67,58.24566,0.1064,199.8821,7.093333,0.1064,7.093333
127.68,58.24089,0.1064,199.8658,7.093333,0.1064,7.093333
127.69,58.23612,0.1064,199.8494,7.093333,0.1064,7.093333
127.7,58.24566,0.1064333,199.8821,7.095555,0.1064333,7.095555
127.71,58.2695,0.1064333,199.964,7.095555,0.1064333,7.095555
127.72,58.29016,0.1064333,200.0349,7.095555,0.1064333,7.095555
127.73,58.2997,0.1064333,200.0676,7.095555,0.1064333,7.095555
127.74,58.30765,0.1064667,200.0949,7.097778,0.1064667,7.097778
127.75,58.32354,0.1064667,200.1494,7.097778,0.1064667,7.097778
127.76,58.34262,0.1064667,200.2149,7.097778,0.1064667,7.097778
127.77,58.35215,0.1064667,200.2476,7.097778,0.1064667,7.097778
127.78,58.34262,0.1065,200.2149,7.1,0.1065,7.1
127.79,58.32672,0.1065,200.1603,7.1,0.1065,7.1
127.8,58.31878,0.1065,200.1331,7.1,0.1065,7.1
127.81,58.31878,0.1065,200.1331,7.1,0.1065,7.1
127.82,58.32672,0.1065333,200.1603,7.102222,0.1065333,7.102222
127.83,58.33626,0.1065333,200.1931,7.102222,0.1065333,7.102222
127.84,58.34739,0.1065333,200.2312,7.102222,0.1065333,7.102222
127.85,58.35215,0.1065333,200.2476,7.102222,0.1065333,7.102222
127.86,58.35215,0.1065667,200.2476,7.104445,0.1065667,7.104445
127.87,58.35215,0.1065667,200.2476,7.104445,0.1065667,7.104445
127.88,58.35533,0.1065667,200.2585,7.104445,0.1065667,7.104445
127.89,58.35533,0.1065667,200.2585,7.104445,0.1065667,7.104445
127.9,58.35056,0.1066,200.2421,7.106667,0.1066,7.106667
127.91,58.35056,0.1066,200.2421,7.106667,0.1066,7.106667
127.92,58.35692,0.1066,200.264,7.106667,0.1066,7.106667
127.93,58.3601,0.1066,200.2749,7.106667,0.1066,7.106667
127.94,58.35692,0.1066333,200.264,7.108889,0.1066333,7.108889
127.95,58.3601,0.1066333,200.2749,7.108889,0.1066333,7.108889
127.96,58.36487,0.1066333,200.2912,7.108889,0.1066333,7.108889
127.97,58.3601,0.1066333,200.2749,7.108889,0.1066333,7.108889
127.98,58.34262,0.1066667,200.2149,7.111111,0.1066667,7.111111
127.99,58.33149,0.1066667,200.1767,7.111111,0.1066667,7.111111
128.0,58.33626,0.1066667,200.1931,7.111111,0.1066667,7.111111
128.01,58.35056,0.1066667,200.2421,7.111111,0.1066667,7.111111
128.02,58.35692,0.1067,200.264,7.113334,0.1067,7.113334
128.03,58.3601,0.1067,200.2749,7.113334,0.1067,7.113334
128.04,58.36805,0.1067,200.3021,7.113334,0.1067,7.113334
128.05,58.39189,0.1067,200.384,7.113334,0.1067,7.113334
128.06,58.40937,0.1067333,200.444,7.115556,0.1067333,7.115556
128.07,58.4205,0.1067333,200.4821,7.115556,0.1067333,7.115556
128.08,58.42527,0.1067333,200.4985,7.115556,0.1067333,7.115556
128.09,58.43003,0.1067333,200.5149,7.115556,0.1067333,7.115556
128.1,58.42845,0.1067667,200.5094,7.117778,0.1067667,7.117778
128.11,58.42209,0.1067667,200.4876,7.117778,0.1067667,7.117778
128.12,58.43003,0.1067667,200.5149,7.117778,0.1067667,7.117778
128.13,58.44593,0.1067667,200.5694,7.117778,0.1067667,7.117778
128.14,58.4507,0.1068,200.5858,7.12,0.1068,7.12
128.15,58.43322,0.1068,200.5258,7.12,0.1068,7.12
128.16,58.40778,0.1068,200.4385,7.12,0.1068,7.12
128.17,58.39348,0.1068,200.3894,7.12,0.1068,7.12
128.18,58.39348,0.1068333,200.3894,7.122222,0.1068333,7.122222
128.19,58.39666,0.1068333,200.4003,7.122222,0.1068333,7.122222
128.2,58.39348,0.1068333,200.3894,7.122222,0.1068333,7.122222
128.21,58.40142,0.1068333,200.4167,7.122222,0.1068333,7.122222
128.22,58.40937,0.1068667,200.444,7.124444,0.1068667,7.124444
128.23,58.40778,0.1068667,200.4385,7.124444,0.1068667,7.124444
128.24,58.39348,0.1068667,200.3894,7.124444,0.1068667,7.124444
128.25,58.38871,0.1068667,200.373,7.124444,0.1068667,7.124444
128.26,58.39666,0.1069,200.4003,7.126667,0.1069,7.126667
128.27,58.41414,0.1069,200.4603,7.126667,0.1069,7.126667
128.28,58.43322,0.1069,200.5258,7.126667,0.1069,7.126667
128.29,58.44275,0.1069,200.5585,7.126667,0.1069,7.126667
128.3,58.44911,0.1069333,200.5803,7.128889,0.1069333,7.128889
128.31,58.44275,0.1069333,200.5585,7.128889,0.1069333,7.128889
128.32,58.43003,0.1069333,200.5149,7.128889,0.1069333,7.128889
128.33,58.4205,0.1069333,200.4821,7.128889,0.1069333,7.128889
128.34,58.41732,0.1069667,200.4712,7.131111,0.1069667,7.131111
128.35,58.41414,0.1069667,200.4603,7.131111,0.1069667,7.131111
128.36,58.40937,0.1069667,200.444,7.131111,0.1069667,7.131111
128.37,58.40778,0.1069667,200.4385,7.131111,0.1069667,7.131111
128.38,58.40937,0.107,200.444,7.133333,0.107,7.133333
128.39,58.41732,0.107,200.4712,7.133333,0.107,7.133333
128.4,58.43639,0.107,200.5367,7.133333,0.107,7.133333
128.41,58.46183,0.107,200.624,7.133333,0.107,7.133333
128.42,58.47931,0.1070333,200.684,7.135556,0.1070333,7.135556
128.43,58.47931,0.1070333,200.684,7.135556,0.1070333,7.135556
128.44,58.46977,0.1070333,200.6512,7.135556,0.1070333,7.135556
128.45,58.465,0.1070333,200.6349,7.135556,0.1070333,7.135556
128.46,58.465,0.1070667,200.6349,7.137778,0.1070667,7.137778
128.47,58.465,0.1070667,200.6349,7.137778,0.1070667,7.137778
128.48,58.46183,0.1070667,200.624,7.137778,0.1070667,7.137778
128.49,58.45864,0.1070667,200.6131,7.137778,0.1070667,7.137778
128.5,58.47136,0.1071,200.6567,7.14,0.1071,7.14
128.51,58.50156,0.1071,200.7603,7.14,0.1071,7.14
128.52,58.52382,0.1071,200.8367,7.14,0.1071,7.14
128.53,58.53017,0.1071,200.8585,7.14,0.1071,7.14
128.54,58.51428,0.1071333,200.804,7.142222,0.1071333,7.142222
128.55,58.4952,0.1071333,200.7385,7.142222,0.1071333,7.142222
128.56,58.49044,0.1071333,200.7222,7.142222,0.1071333,7.142222
128.57,58.49361,0.1071333,200.733,7.142222,0.1071333,7.142222
128.58,58.49838,0.1071667,200.7494,7.144444,0.1071667,7.144444
128.59,58.50156,0.1071667,200.7603,7.144444,0.1071667,7.144444
128.6,58.5111,0.1071667,200.793,7.144444,0.1071667,7.144444
128.61,58.52699,0.1071667,200.8476,7.144444,0.1071667,7.144444
128.62,58.54766,0.1072,200.9185,7.146667,0.1072,7.146667
128.63,58.56037,0.1072,200.9621,7.146667,0.1072,7.146667
128.64,58.56037,0.1072,200.9621,7.146667,0.1072,7.146667
128.65,58.54766,0.1072,200.9185,7.146667,0.1072,7.146667
128.66,58.53971,0.1072333,200.8912,7.148889,0.1072333,7.148889
128.67,58.54766,0.1072333,200.9185,7.148889,0.1072333,7.148889
128.68,58.55878,0.1072333,200.9567,7.148889,0.1072333,7.148889
128.69,58.55878,0.1072333,200.9567,7.148889,0.1072333,7.148889
128.7,58.55243,0.1072667,200.9349,7.151111,0.1072667,7.151111
128.71,58.5556,0.1072667,200.9458,7.151111,0.1072667,7.151111
128.72,58.56355,0.1072667,200.9731,7.151111,0.1072667,7.151111
128.73,58.56832,0.1072667,200.9894,7.151111,0.1072667,7.151111
128.74,58.56037,0.1073,200.9621,7.153333,0.1073,7.153333
128.75,58.55083,0.1073,200.9294,7.153333,0.1073,7.153333
128.76,58.53653,0.1073,200.8803,7.153333,0.1073,7.153333
128.77,58.52699,0.1073,200.8476,7.153333,0.1073,7.153333
128.78,58.52382,0.1073333,200.8367,7.155556,0.1073333,7.155556
128.79,58.53176,0.1073333,200.864,7.155556,0.1073333,7.155556
128.8,58.55083,0.1073333,200.9294,7.155556,0.1073333,7.155556
128.81,58.55878,0.1073333,200.9567,7.155556,0.1073333,7.155556
128.82,58.55878,0.1073667,200.9567,7.157778,0.1073667,7.157778
128.83,58.55243,0.1073667,200.9349,7.157778,0.1073667,7.157778
128.84,58.55083,0.1073667,200.9294,7.157778,0.1073667,7.157778
128.85,58.55878,0.1073667,200.9567,7.157778,0.1073667,7.157778
128.86,58.5715,0.1074,201.0003,7.16,0.1074,7.16
128.87,58.57627,0.1074,201.0167,7.16,0.1074,7.16
128.88,58.56037,0.1074,200.9621,7.16,0.1074,7.16
128.89,58.53971,0.1074,200.8912,7.16,0.1074,7.16
128.9,58.53971,0.1074333,200.8912,7.162222,0.1074333,7.162222
128.91,58.55878,0.1074333,200.9567,7.162222,0.1074333,7.162222
128.92,58.56832,0.1074333,200.9894,7.162222,0.1074333,7.162222
128.93,58.56514,0.1074333,200.9785,7.162222,0.1074333,7.162222
128.94,58.56355,0.1074667,200.9731,7.164444,0.1074667,7.164444
128.95,58.57309,0.1074667,201.0058,7.164444,0.1074667,7.164444
128.96,58.58739,0.1074667,201.0549,7.164444,0.1074667,7.164444
128.97,58.59216,0.1074667,201.0712,7.164444,0.1074667,7.164444
128.98,58.59375,0.1075,201.0767,7.166667,0.1075,7.166667
128.99,58.58898,0.1075,201.0603,7.166667,0.1075,7.166667
129.0,58.57627,0.1075,201.0167,7.166667,0.1075,7.166667
129.01,58.5715,0.1075,201.0003,7.166667,0.1075,7.166667
129.02,58.58898,0.1075333,201.0603,7.168889,0.1075333,7.168889
129.03,58.61759,0.1075333,201.1585,7.168889,0.1075333,7.168889
129.04,58.63667,0.1075333,201.224,7.168889,0.1075333,7.168889
129.05,58.63667,0.1075333,201.224,7.168889,0.1075333,7.168889
129.06,58.62872,0.1075667,201.1967,7.171111,0.1075667,7.171111
129.07,58.63031,0.1075667,201.2021,7.171111,0.1075667,7.171111
129.08,58.64143,0.1075667,201.2403,7.171111,0.1075667,7.171111
129.09,58.64461,0.1075667,201.2512,7.171111,0.1075667,7.171111
129.1,58.63826,0.1076,201.2294,7.173334,0.1076,7.173334
129.11,58.63031,0.1076,201.2021,7.173334,0.1076,7.173334
129.12,58.63031,0.1076,201.2021,7.173334,0.1076,7.173334
129.13,58.63667,0.1076,201.224,7.173334,0.1076,7.173334
129.14,58.64461,0.1076333,201.2512,7.175556,0.1076333,7.175556
129.15,58.64461,0.1076333,201.2512,7.175556,0.1076333,7.175556
129.16,58.64143,0.1076333,201.2403,7.175556,0.1076333,7.175556
129.17,58.64143,0.1076333,201.2403,7.175556,0.1076333,7.175556
129.18,58.64143,0.1076667,201.2403,7.177778,0.1076667,7.177778
129.19,58.63826,0.1076667,201.2294,7.177778,0.1076667,7.177778
129.2,58.63667,0.1076667,201.224,7.177778,0.1076667,7.177778
129.21,58.64143,0.1076667,201.2403,7.177778,0.1076667,7.177778
129.22,58.65415,0.1077,201.284,7.18,0.1077,7.18
129.23,58.67322,0.1077,201.3494,7.18,0.1077,7.18
129.24,58.68594,0.1077,201.3931,7.18,0.1077,7.18
129.25,58.69071,0.1077,201.4094,7.18,0.1077,7.18
129.26,58.69865,0.1077333,201.4367,7.182222,0.1077333,7.182222
129.27,58.71137,0.1077333,201.4803,7.182222,0.1077333,7.182222
129.28,58.71614,0.1077333,201.4967,7.182222,0.1077333,7.182222
129.29,58.7066,0.1077333,201.464,7.182222,0.1077333,7.182222
129.3,58.68594,0.1077667,201.3931,7.184444,0.1077667,7.184444
129.31,58.68276,0.1077667,201.3821,7.184444,0.1077667,7.184444
129.32,58.69865,0.1077667,201.4367,7.184444,0.1077667,7.184444
129.33,58.71614,0.1077667,201.4967,7.184444,0.1077667,7.184444
129.34,58.72409,0.1078,201.524,7.186666,0.1078,7.186666
129.35,58.73203,0.1078,201.5512,7.186666,0.1078,7.186666
129.36,58.74316,0.1078,201.5894,7.186666,0.1078,7.186666
129.37,58.74475,0.1078,201.5949,7.186666,0.1078,7.186666
129.38,58.7368,0.1078333,201.5676,7.188889,0.1078333,7.188889
129.39,58.72726,0.1078333,201.5349,7.188889,0.1078333,7.188889
129.4,58.72409,0.1078333,201.524,7.188889,0.1078333,7.188889
129.41,58.7368,0.1078333,201.5676,7.188889,0.1078333,7.188889
129.42,58.74475,0.1078667,201.5949,7.191111,0.1078667,7.191111
129.43,58.7368,0.1078667,201.5676,7.191111,0.1078667,7.191111
129.44,58.72726,0.1078667,201.5349,7.191111,0.1078667,7.191111
129.45,58.73521,0.1078667,201.5621,7.191111,0.1078667,7.191111
129.46,58.7527,0.1079,201.6221,7.193334,0.1079,7.193334
129.47,58.76382,0.1079,201.6603,7.193334,0.1079,7.193334
129.48,58.75587,0.1079,201.6331,7.193334,0.1079,7.193334
129.49,58.74793,0.1079,201.6058,7.193334,0.1079,7.193334
129.5,58.7527,0.1079333,201.6221,7.195556,0.1079333,7.195556
129.51,58.76541,0.1079333,201.6658,7.195556,0.1079333,7.195556
129.52,58.78131,0.1079333,201.7203,7.195556,0.1079333,7.195556
129.53,58.78766,0.1079333,201.7421,7.195556,0.1079333,7.195556
129.54,58.79243,0.1079667,201.7585,7.197778,0.1079667,7.197778
129.55,58.79402,0.1079667,201.764,7.197778,0.1079667,7.197778
129.56,58.78925,0.1079667,201.7476,7.197778,0.1079667,7.197778
129.57,58.77654,0.1079667,201.704,7.197778,0.1079667,7.197778
129.58,58.76064,0.108,201.6494,7.2,0.108,7.2
129.59,58.75587,0.108,201.6331,7.2,0.108,7.2
129.6,58.75905,0.108,201.644,7.2,0.108,7.2
129.61,58.75587,0.108,201.6331,7.2,0.108,7.2
129.62,58.7527,0.1080333,201.6221,7.202222,0.1080333,7.202222
129.63,58.76064,0.1080333,201.6494,7.202222,0.1080333,7.202222
129.64,58.77972,0.1080333,201.7149,7.202222,0.1080333,7.202222
129.65,58.79402,0.1080333,201.764,7.202222,0.1080333,7.202222
129.66,58.80197,0.1080667,201.7912,7.204445,0.1080667,7.204445
129.67,58.80038,0.1080667,201.7858,7.204445,0.1080667,7.204445
129.68,58.78925,0.1080667,201.7476,7.204445,0.1080667,7.204445
129.69,58.77654,0.1080667,201.704,7.204445,0.1080667,7.204445
129.7,58.77654,0.1081,201.704,7.206667,0.1081,7.206667
129.71,58.78766,0.1081,201.7421,7.206667,0.1081,7.206667
129.72,58.80833,0.1081,201.813,7.206667,0.1081,7.206667
129.73,58.83376,0.1081,201.9003,7.206667,0.1081,7.206667
129.74,58.85124,0.1081333,201.9603,7.208889,0.1081333,7.208889
129.75,58.85919,0.1081333,201.9876,7.208889,0.1081333,7.208889
129.76,58.8576,0.1081333,201.9821,7.208889,0.1081333,7.208889
129.77,58.85442,0.1081333,201.9712,7.208889,0.1081333,7.208889
129.78,58.8576,0.1081667,201.9821,7.211111,0.1081667,7.211111
129.79,58.8576,0.1081667,201.9821,7.211111,0.1081667,7.211111
129.8,58.84965,0.1081667,201.9549,7.211111,0.1081667,7.211111
129.81,58.84488,0.1081667,201.9385,7.211111,0.1081667,7.211111
129.82,58.85124,0.1082,201.9603,7.213333,0.1082,7.213333
129.83,58.86555,0.1082,202.0094,7.213333,0.1082,7.213333
129.84,58.87985,0.1082,202.0585,7.213333,0.1082,7.213333
129.85,58.8878,0.1082,202.0858,7.213333,0.1082,7.213333
129.86,58.89416,0.1082333,202.1076,7.215556,0.1082333,7.215556
129.87,58.8878,0.1082333,202.0858,7.215556,0.1082333,7.215556
129.88,58.87826,0.1082333,202.0531,7.215556,0.1082333,7.215556
129.89,58.87349,0.1082333,202.0367,7.215556,0.1082333,7.215556
129.9,58.87508,0.1082667,202.0421,7.217778,0.1082667,7.217778
129.91,58.87985,0.1082667,202.0585,7.217778,0.1082667,7.217778
129.92,58.87985,0.1082667,202.0585,7.217778,0.1082667,7.217778
129.93,58.87826,0.1082667,202.0531,7.217778,0.1082667,7.217778
129.94,58.87508,0.1083,202.0421,7.22,0.1083,7.22
129.95,58.87349,0.1083,202.0367,7.22,0.1083,7.22
129.96,58.87349,0.1083,202.0367,7.22,0.1083,7.22
129.97,58.87349,0.1083,202.0367,7.22,0.1083,7.22
129.98,58.87985,0.1083333,202.0585,7.222222,0.1083333,7.222222
129.99,58.8878,0.1083333,202.0858,7.222222,0.1083333,7.222222
130.0,58.89098,0.1083333,202.0967,7.222222,0.1083333,7.222222
130.01,58.8878,0.1083333,202.0858,7.222222,0.1083333,7.222222
130.02,58.8878,0.1083667,202.0858,7.224444,0.1083667,7.224444
130.03,58.90846,0.1083667,202.1567,7.224444,0.1083667,7.224444
130.04,58.94343,0.1083667,202.2767,7.224444,0.1083667,7.224444
130.05,58.96091,0.1083667,202.3367,7.224444,0.1083667,7.224444
130.06,58.95932,0.1084,202.3312,7.226667,0.1084,7.226667
130.07,58.9482,0.1084,202.2931,7.226667,0.1084,7.226667
130.08,58.94025,0.1084,202.2658,7.226667,0.1084,7.226667
130.09,58.93071,0.1084,202.233,7.226667,0.1084,7.226667
130.1,58.91959,0.1084333,202.1949,7.228889,0.1084333,7.228889
130.11,58.91164,0.1084333,202.1676,7.228889,0.1084333,7.228889
130.12,58.90687,0.1084333,202.1512,7.228889,0.1084333,7.228889
130.13,58.90846,0.1084333,202.1567,7.228889,0.1084333,7.228889
130.14,58.91482,0.1084667,202.1785,7.231112,0.1084667,7.231112
130.15,58.91482,0.1084667,202.1785,7.231112,0.1084667,7.231112
130.16,58.91164,0.1084667,202.1676,7.231112,0.1084667,7.231112
130.17,58.91164,0.1084667,202.1676,7.231112,0.1084667,7.231112
130.18,58.91482,0.1085,202.1785,7.233334,0.1085,7.233334
130.19,58.92436,0.1085,202.2112,7.233334,0.1085,7.233334
130.2,58.94025,0.1085,202.2658,7.233334,0.1085,7.233334
130.21,58.95932,0.1085,202.3312,7.233334,0.1085,7.233334
130.22,58.97363,0.1085333,202.3803,7.235556,0.1085333,7.235556
130.23,58.97999,0.1085333,202.4021,7.235556,0.1085333,7.235556
130.24,58.97363,0.1085333,202.3803,7.235556,0.1085333,7.235556
130.25,58.96409,0.1085333,202.3476,7.235556,0.1085333,7.235556
130.26,58.95932,0.1085667,202.3312,7.237778,0.1085667,7.237778
130.27,58.95932,0.1085667,202.3312,7.237778,0.1085667,7.237778
130.28,58.96886,0.1085667,202.364,7.237778,0.1085667,7.237778
130.29,58.98158,0.1085667,202.4076,7.237778,0.1085667,7.237778
130.3,58.98952,0.1086,202.4349,7.24,0.1086,7.24
130.31,58.98476,0.1086,202.4185,7.24,0.1086,7.24
130.32,58.97204,0.1086,202.3749,7.24,0.1086,7.24
130.33,58.95615,0.1086,202.3203,7.24,0.1086,7.24
130.34,58.9482,0.1086333,202.2931,7.242222,0.1086333,7.242222
130.35,58.95297,0.1086333,202.3094,7.242222,0.1086333,7.242222
130.36,58.96409,0.1086333,202.3476,7.242222,0.1086333,7.242222
130.37,58.96886,0.1086333,202.364,7.242222,0.1086333,7.242222
130.38,58.96886,0.1086667,202.364,7.244444,0.1086667,7.244444
130.39,58.96886,0.1086667,202.364,7.244444,0.1086667,7.244444
130.4,58.96886,0.1086667,202.364,7.244444,0.1086667,7.244444
130.41,58.95932,0.1086667,202.3312,7.244444,0.1086667,7.244444
130.42,58.95138,0.1087,202.304,7.246666,0.1087,7.246666
130.43,58.95615,0.1087,202.3203,7.246666,0.1087,7.246666
130.44,58.96886,0.1087,202.364,7.246666,0.1087,7.246666
130.45,58.97999,0.1087,202.4021,7.246666,0.1087,7.246666
130.46,58.99588,0.1087333,202.4567,7.248889,0.1087333,7.248889
130.47,59.01019,0.1087333,202.5058,7.248889,0.1087333,7.248889
130.48,59.02131,0.1087333,202.544,7.248889,0.1087333,7.248889
130.49,59.02131,0.1087333,202.544,7.248889,0.1087333,7.248889
130.5,59.02608,0.1087667,202.5603,7.251111,0.1087667,7.251111
130.51,59.04198,0.1087667,202.6149,7.251111,0.1087667,7.251111
130.52,59.0531,0.1087667,202.6531,7.251111,0.1087667,7.251111
130.53,59.04992,0.1087667,202.6421,7.251111,0.1087667,7.251111
130.54,59.03721,0.1088,202.5985,7.253334,0.1088,7.253334
130.55,59.02608,0.1088,202.5603,7.253334,0.1088,7.253334
130.56,59.02449,0.1088,202.5549,7.253334,0.1088,7.253334
130.57,59.02926,0.1088,202.5712,7.253334,0.1088,7.253334
130.58,59.03721,0.1088333,202.5985,7.255556,0.1088333,7.255556
130.59,59.04515,0.1088333,202.6258,7.255556,0.1088333,7.255556
130.6,59.04515,0.1088333,202.6258,7.255556,0.1088333,7.255556
130.61,59.03721,0.1088333,202.5985,7.255556,0.1088333,7.255556
130.62,59.03085,0.1088667,202.5767,7.257778,0.1088667,7.257778
130.63,59.03721,0.1088667,202.5985,7.257778,0.1088667,7.257778
130.64,59.04675,0.1088667,202.6312,7.257778,0.1088667,7.257778
130.65,59.0531,0.1088667,202.6531,7.257778,0.1088667,7.257778
130.66,59.05469,0.1089,202.6585,7.26,0.1089,7.26
130.67,59.06264,0.1089,202.6858,7.26,0.1089,7.26
130.68,59.07853,0.1089,202.7403,7.26,0.1089,7.26
130.69,59.0833,0.1089,202.7567,7.26,0.1089,7.26
130.7,59.07536,0.1089333,202.7294,7.262222,0.1089333,7.262222
130.71,59.06582,0.1089333,202.6967,7.262222,0.1089333,7.262222
130.72,59.06264,0.1089333,202.6858,7.262222,0.1089333,7.262222
130.73,59.07376,0.1089333,202.724,7.262222,0.1089333,7.262222
130.74,59.07853,0.1089667,202.7403,7.264445,0.1089667,7.264445
130.75,59.07536,0.1089667,202.7294,7.264445,0.1089667,7.264445
130.76,59.06741,0.1089667,202.7021,7.264445,0.1089667,7.264445
130.77,59.06264,0.1089667,202.6858,7.264445,0.1089667,7.264445
130.78,59.06264,0.109,202.6858,7.266667,0.109,7.266667
130.79,59.06582,0.109,202.6967,7.266667,0.109,7.266667
130.8,59.07059,0.109,202.7131,7.266667,0.109,7.266667
130.81,59.08171,0.109,202.7512,7.266667,0.109,7.266667
130.82,59.09125,0.1090333,202.784,7.268889,0.1090333,7.268889
130.83,59.0992,0.1090333,202.8112,7.268889,0.1090333,7.268889
130.84,59.10238,0.1090333,202.8221,7.268889,0.1090333,7.268889
130.85,59.10238,0.1090333,202.8221,7.268889,0.1090333,7.268889
130.86,59.0992,0.1090667,202.8112,7.271111,0.1090667,7.271111
130.87,59.09443,0.1090667,202.7949,7.271111,0.1090667,7.271111
130.88,59.08648,0.1090667,202.7676,7.271111,0.1090667,7.271111
130.89,59.0833,0.1090667,202.7567,7.271111,0.1090667,7.271111
130.9,59.09443,0.1091,202.7949,7.273333,0.1091,7.273333
130.91,59.11509,0.1091,202.8658,7.273333,0.1091,7.273333
130.92,59.13099,0.1091,202.9203,7.273333,0.1091,7.273333
130.93,59.13099,0.1091,202.9203,7.273333,0.1091,7.273333
130.94,59.11191,0.1091333,202.8549,7.275556,0.1091333,7.275556
130.95,59.09125,0.1091333,202.784,7.275556,0.1091333,7.275556
130.96,59.07536,0.1091333,202.7294,7.275556,0.1091333,7.275556
130.97,59.07376,0.1091333,202.724,7.275556,0.1091333,7.275556
130.98,59.07853,0.1091667,202.7403,7.277778,0.1091667,7.277778
130.99,59.08807,0.1091667,202.7731,7.277778,0.1091667,7.277778
131.0,59.10238,0.1091667,202.8221,7.277778,0.1091667,7.277778
131.01,59.11191,0.1091667,202.8549,7.277778,0.1091667,7.277778
131.02,59.11668,0.1092,202.8712,7.28,0.1092,7.28
131.03,59.11668,0.1092,202.8712,7.28,0.1092,7.28
131.04,59.11986,0.1092,202.8822,7.28,0.1092,7.28
131.05,59.12781,0.1092,202.9094,7.28,0.1092,7.28
131.06,59.12781,0.1092333,202.9094,7.282222,0.1092333,7.282222
131.07,59.11986,0.1092333,202.8822,7.282222,0.1092333,7.282222
131.08,59.10714,0.1092333,202.8385,7.282222,0.1092333,7.282222
131.09,59.11032,0.1092333,202.8494,7.282222,0.1092333,7.282222
131.1,59.12463,0.1092667,202.8985,7.284445,0.1092667,7.284445
131.11,59.13894,0.1092667,202.9476,7.284445,0.1092667,7.284445
131.12,59.13575,0.1092667,202.9367,7.284445,0.1092667,7.284445
131.13,59.12463,0.1092667,202.8985,7.284445,0.1092667,7.284445
131.14,59.11191,0.1093,202.8549,7.286667,0.1093,7.286667
131.15,59.10238,0.1093,202.8221,7.286667,0.1093,7.286667
131.16,59.10397,0.1093,202.8276,7.286667,0.1093,7.286667
131.17,59.11986,0.1093,202.8822,7.286667,0.1093,7.286667
131.18,59.13575,0.1093333,202.9367,7.288889,0.1093333,7.288889
131.19,59.13575,0.1093333,202.9367,7.288889,0.1093333,7.288889
131.2,59.12463,0.1093333,202.8985,7.288889,0.1093333,7.288889
131.21,59.11986,0.1093333,202.8822,7.288889,0.1093333,7.288889
131.22,59.11668,0.1093667,202.8712,7.291111,0.1093667,7.291111
131.23,59.11668,0.1093667,202.8712,7.291111,0.1093667,7.291111
131.24,59.12304,0.1093667,202.8931,7.291111,0.1093667,7.291111
131.25,59.13258,0.1093667,202.9258,7.291111,0.1093667,7.291111
131.26,59.14529,0.1094,202.9694,7.293334,0.1094,7.293334
131.27,59.1596,0.1094,203.0185,7.293334,0.1094,7.293334
131.28,59.16436,0.1094,203.0349,7.293334,0.1094,7.293334
131.29,59.15324,0.1094,202.9967,7.293334,0.1094,7.293334
131.3,59.13099,0.1094333,202.9203,7.295556,0.1094333,7.295556
131.31,59.11191,0.1094333,202.8549,7.295556,0.1094333,7.295556
131.32,59.10238,0.1094333,202.8221,7.295556,0.1094333,7.295556
131.33,59.09602,0.1094333,202.8003,7.295556,0.1094333,7.295556
131.34,59.09125,0.1094667,202.784,7.297778,0.1094667,7.297778
131.35,59.09443,0.1094667,202.7949,7.297778,0.1094667,7.297778
131.36,59.10397,0.1094667,202.8276,7.297778,0.1094667,7.297778
131.37,59.11668,0.1094667,202.8712,7.297778,0.1094667,7.297778
131.38,59.12304,0.1095,202.8931,7.3,0.1095,7.3
131.39,59.11668,0.1095,202.8712,7.3,0.1095,7.3
131.4,59.10238,0.1095,202.8221,7.3,0.1095,7.3
131.41,59.07853,0.1095,202.7403,7.3,0.1095,7.3
131.42,59.06582,0.1095333,202.6967,7.302222,0.1095333,7.302222
131.43,59.07059,0.1095333,202.7131,7.302222,0.1095333,7.302222
131.44,59.08648,0.1095333,202.7676,7.302222,0.1095333,7.302222
131.45,59.10238,0.1095333,202.8221,7.302222,0.1095333,7.302222
131.46,59.11032,0.1095667,202.8494,7.304444,0.1095667,7.304444
131.47,59.10238,0.1095667,202.8221,7.304444,0.1095667,7.304444
131.48,59.08648,0.1095667,202.7676,7.304444,0.1095667,7.304444
131.49,59.07376,0.1095667,202.724,7.304444,0.1095667,7.304444
131.5,59.06264,0.1096,202.6858,7.306667,0.1096,7.306667
131.51,59.05787,0.1096,202.6694,7.306667,0.1096,7.306667
131.52,59.05787,0.1096,202.6694,7.306667,0.1096,7.306667
131.53,59.06582,0.1096,202.6967,7.306667,0.1096,7.306667
131.54,59.05946,0.1096333,202.6749,7.308889,0.1096333,7.308889
131.55,59.04198,0.1096333,202.6149,7.308889,0.1096333,7.308889
131.56,59.02926,0.1096333,202.5712,7.308889,0.1096333,7.308889
131.57,59.02608,0.1096333,202.5603,7.308889,0.1096333,7.308889
131.58,59.02449,0.1096667,202.5549,7.311111,0.1096667,7.311111
131.59,59.02131,0.1096667,202.544,7.311111,0.1096667,7.311111
131.6,59.01337,0.1096667,202.5167,7.311111,0.1096667,7.311111
131.61,59.00542,0.1096667,202.4894,7.311111,0.1096667,7.311111
131.62,59.00065,0.1097,202.4731,7.313334,0.1097,7.313334
131.63,59.00542,0.1097,202.4894,7.313334,0.1097,7.313334
131.64,59.01814,0.1097,202.5331,7.313334,0.1097,7.313334
131.65,59.02926,0.1097,202.5712,7.313334,0.1097,7.313334
131.66,59.03085,0.1097333,202.5767,7.315556,0.1097333,7.315556
131.67,59.02926,0.1097333,202.5712,7.315556,0.1097333,7.315556
131.68,59.02131,0.1097333,202.544,7.315556,0.1097333,7.315556
131.69,59.01019,0.1097333,202.5058,7.315556,0.1097333,7.315556
131.7,59.00542,0.1097667,202.4894,7.317778,0.1097667,7.317778
131.71,59.00224,0.1097667,202.4785,7.317778,0.1097667,7.317778
131.72,58.98952,0.1097667,202.4349,7.317778,0.1097667,7.317778
131.73,58.96886,0.1097667,202.364,7.317778,0.1097667,7.317778
131.74,58.95297,0.1098,202.3094,7.32,0.1098,7.32
131.75,58.94502,0.1098,202.2821,7.32,0.1098,7.32
131.76,58.94343,0.1098,202.2767,7.32,0.1098,7.32
131.77,58.94343,0.1098,202.2767,7.32,0.1098,7.32
131.78,58.93707,0.1098333,202.2549,7.322223,0.1098333,7.322223
131.79,58.92754,0.1098333,202.2221,7.322223,0.1098333,7.322223
131.8,58.91482,0.1098333,202.1785,7.322223,0.1098333,7.322223
131.81,58.89893,0.1098333,202.124,7.322223,0.1098333,7.322223
131.82,58.88303,0.1098667,202.0694,7.324445,0.1098667,7.324445
131.83,58.86237,0.1098667,201.9985,7.324445,0.1098667,7.324445
131.84,58.32354,0.1098667,200.1494,7.324445,0.1098667,7.324445
131.85,54.32288,0.1098667,186.4203,7.324445,0.1098667,7.324445
131.86,42.02366,0.1099,144.213,7.326666,0.1099,7.326666
131.87,22.03623,0.1099,75.62194,7.326666,0.1099,7.326666
131.88,3.318787,0.1099,11.38911,7.326666,0.1099,7.326666
131.89,-6.713867,0.1099,-23.04004,7.326666,0.1099,7.326666
131.9,-9.479523,0.1099333,-32.53096,7.328889,0.1099333,7.328889
131.91,-9.786288,0.1099333,-33.58369,7.328889,0.1099333,7.328889
131.92,-9.803772,0.1099333,-33.64369,7.328889,0.1099333,7.328889
131.93,-9.787877,0.1099333,-33.58915,7.328889,0.1099333,7.328889
131.94,-9.794235,0.1099667,-33.61096,7.331111,0.1099667,7.331111
131.95,-9.822845,0.1099667,-33.70914,7.331111,0.1099667,7.331111
131.96,-9.837151,0.1099667,-33.75824,7.331111,0.1099667,7.331111
131.97,-9.835561,0.1099667,-33.75278,7.331111,0.1099667,7.331111
131.98,-9.835561,0.11,-33.75278,7.333333,0.11,7.333333
131.99,-9.827614,0.11,-33.72551,7.333333,0.11,7.333333
132.0,-9.799004,0.11,-33.62733,7.333333,0.11,7.333333
132.01,-9.783109,0.11,-33.57278,7.333333,0.11,7.333333
132.02,-9.799004,0.1100333,-33.62733,7.335556,0.1100333,7.335556
132.03,-9.80854,0.1100333,-33.66005,7.335556,0.1100333,7.335556
132.04,-9.791057,0.1100333,-33.60006,7.335556,0.1100333,7.335556
132.05,-9.770393,0.1100333,-33.52914,7.335556,0.1100333,7.335556
132.06,-9.77834,0.1100667,-33.55642,7.337778,0.1100667,7.337778
132.07,-9.787877,0.1100667,-33.58915,7.337778,0.1100667,7.337778
132.08,-9.77993,0.1100667,-33.56187,7.337778,0.1100667,7.337778
132.09,-9.775162,0.1100667,-33.54551,7.337778,0.1100667,7.337778
132.1,-9.787877,0.1101,-33.58915,7.34,0.1101,7.34
132.11,-9.794235,0.1101,-33.61096,7.34,0.1101,7.34
132.12,-9.77993,0.1101,-33.56187,7.34,0.1101,7.34
132.13,-9.765625,0.1101,-33.51278,7.34,0.1101,7.34
132.14,-9.757678,0.1101333,-33.48551,7.342222,0.1101333,7.342222
132.15,-9.757678,0.1101333,-33.48551,7.342222,0.1101333,7.342222
132.16,-9.762446,0.1101333,-33.50187,7.342222,0.1101333,7.342222
132.17,-9.77834,0.1101333,-33.55642,7.342222,0.1101333,7.342222
132.18,-9.806951,0.1101667,-33.6546,7.344445,0.1101667,7.344445
132.19,-9.824435,0.1101667,-33.7146,7.344445,0.1101667,7.344445
132.2,-9.814898,0.1101667,-33.68187,7.344445,0.1101667,7.344445
132.21,-9.803772,0.1101667,-33.64369,7.344445,0.1101667,7.344445
132.22,-9.814898,0.1102,-33.68187,7.346667,0.1102,7.346667
132.23,-9.827614,0.1102,-33.72551,7.346667,0.1102,7.346667
132.24,-9.822845,0.1102,-33.70914,7.346667,0.1102,7.346667
132.25,-9.80854,0.1102,-33.66005,7.346667,0.1102,7.346667
132.26,-9.794235,0.1102333,-33.61096,7.348889,0.1102333,7.348889
132.27,-9.771983,0.1102333,-33.5346,7.348889,0.1102333,7.348889
132.28,-9.754498,0.1102333,-33.4746,7.348889,0.1102333,7.348889
132.29,-9.759267,0.1102333,-33.49096,7.348889,0.1102333,7.348889
132.3,-9.77993,0.1102667,-33.56187,7.351111,0.1102667,7.351111
132.31,-9.799004,0.1102667,-33.62733,7.351111,0.1102667,7.351111
132.32,-9.811719,0.1102667,-33.67096,7.351111,0.1102667,7.351111
132.33,-9.832382,0.1102667,-33.74187,7.351111,0.1102667,7.351111
132.34,-9.856224,0.1103,-33.82369,7.353333,0.1103,7.353333
132.35,-9.860992,0.1103,-33.84005,7.353333,0.1103,7.353333
132.36,-9.845098,0.1103,-33.78551,7.353333,0.1103,7.353333
132.37,-9.827614,0.1103,-33.72551,7.353333,0.1103,7.353333
132.38,-9.819667,0.1103333,-33.69824,7.355556,0.1103333,7.355556
132.39,-9.816487,0.1103333,-33.68732,7.355556,0.1103333,7.355556
132.4,-9.819667,0.1103333,-33.69824,7.355556,0.1103333,7.355556
132.41,-9.822845,0.1103333,-33.70914,7.355556,0.1103333,7.355556
132.42,-9.803772,0.1103667,-33.64369,7.357778,0.1103667,7.357778
132.43,-9.771983,0.1103667,-33.5346,7.357778,0.1103667,7.357778
132.44,-9.759267,0.1103667,-33.49096,7.357778,0.1103667,7.357778
132.45,-9.77993,0.1103667,-33.56187,7.357778,0.1103667,7.357778
132.46,-9.806951,0.1104,-33.6546,7.36,0.1104,7.36
132.47,-9.811719,0.1104,-33.67096,7.36,0.1104,7.36
132.48,-9.803772,0.1104,-33.64369,7.36,0.1104,7.36
132.49,-9.800593,0.1104,-33.63278,7.36,0.1104,7.36
132.5,-9.806951,0.1104333,-33.6546,7.362222,0.1104333,7.362222
132.51,-9.806951,0.1104333,-33.6546,7.362222,0.1104333,7.362222
132.52,-9.800593,0.1104333,-33.63278,7.362222,0.1104333,7.362222
132.53,-9.794235,0.1104333,-33.61096,7.362222,0.1104333,7.362222
132.54,-9.786288,0.1104667,-33.58369,7.364444,0.1104667,7.364444
132.55,-9.783109,0.1104667,-33.57278,7.364444,0.1104667,7.364444
132.56,-9.791057,0.1104667,-33.60006,7.364444,0.1104667,7.364444
132.57,-9.803772,0.1104667,-33.64369,7.364444,0.1104667,7.364444
132.58,-9.811719,0.1105,-33.67096,7.366667,0.1105,7.366667
132.59,-9.806951,0.1105,-33.6546,7.366667,0.1105,7.366667
132.6,-9.799004,0.1105,-33.62733,7.366667,0.1105,7.366667
132.61,-9.799004,0.1105,-33.62733,7.366667,0.1105,7.366667
132.62,-9.794235,0.1105333,-33.61096,7.368889,0.1105333,7.368889
132.63,-9.775162,0.1105333,-33.54551,7.368889,0.1105333,7.368889
132.64,-9.754498,0.1105333,-33.4746,7.368889,0.1105333,7.368889
132.65,-9.754498,0.1105333,-33.4746,7.368889,0.1105333,7.368889
132.66,-9.775162,0.1105667,-33.54551,7.371111,0.1105667,7.371111
132.67,-9.791057,0.1105667,-33.60006,7.371111,0.1105667,7.371111
132.68,-9.794235,0.1105667,-33.61096,7.371111,0.1105667,7.371111
132.69,-9.794235,0.1105667,-33.61096,7.371111,0.1105667,7.371111
132.7,-9.795825,0.1106,-33.61642,7.373333,0.1106,7.373333
132.71,-9.799004,0.1106,-33.62733,7.373333,0.1106,7.373333
132.72,-9.800593,0.1106,-33.63278,7.373333,0.1106,7.373333
132.73,-9.803772,0.1106,-33.64369,7.373333,0.1106,7.373333
132.74,-9.803772,0.1106333,-33.64369,7.375556,0.1106333,7.375556
132.75,-9.800593,0.1106333,-33.63278,7.375556,0.1106333,7.375556
132.76,-9.799004,0.1106333,-33.62733,7.375556,0.1106333,7.375556
132.77,-9.800593,0.1106333,-33.63278,7.375556,0.1106333,7.375556
132.78,-9.80854,0.1106667,-33.66005,7.377778,0.1106667,7.377778
132.79,-9.814898,0.1106667,-33.68187,7.377778,0.1106667,7.377778
132.8,-9.80854,0.1106667,-33.66005,7.377778,0.1106667,7.377778
132.81,-9.794235,0.1106667,-33.61096,7.377778,0.1106667,7.377778
132.82,-9.77834,0.1107,-33.55642,7.38,0.1107,7.38
132.83,-9.77834,0.1107,-33.55642,7.38,0.1107,7.38
132.84,-9.783109,0.1107,-33.57278,7.38,0.1107,7.38
132.85,-9.787877,0.1107,-33.58915,7.38,0.1107,7.38
132.86,-9.795825,0.1107333,-33.61642,7.382223,0.1107333,7.382223
132.87,-9.811719,0.1107333,-33.67096,7.382223,0.1107333,7.382223
132.88,-9.819667,0.1107333,-33.69824,7.382223,0.1107333,7.382223
132.89,-9.816487,0.1107333,-33.68732,7.382223,0.1107333,7.382223
132.9,-9.814898,0.1107667,-33.68187,7.384445,0.1107667,7.384445
132.91,-9.806951,0.1107667,-33.6546,7.384445,0.1107667,7.384445
132.92,-9.791057,0.1107667,-33.60006,7.384445,0.1107667,7.384445
132.93,-9.775162,0.1107667,-33.54551,7.384445,0.1107667,7.384445
132.94,-9.770393,0.1108,-33.52914,7.386666,0.1108,7.386666
132.95,-9.775162,0.1108,-33.54551,7.386666,0.1108,7.386666
132.96,-9.783109,0.1108,-33.57278,7.386666,0.1108,7.386666
132.97,-9.787877,0.1108,-33.58915,7.386666,0.1108,7.386666
132.98,-9.783109,0.1108333,-33.57278,7.388889,0.1108333,7.388889
132.99,-9.771983,0.1108333,-33.5346,7.388889,0.1108333,7.388889
133.0,-9.770393,0.1108333,-33.52914,7.388889,0.1108333,7.388889
133.01,-9.77834,0.1108333,-33.55642,7.388889,0.1108333,7.388889
133.02,-9.77993,0.1108667,-33.56187,7.391111,0.1108667,7.391111
133.03,-9.771983,0.1108667,-33.5346,7.391111,0.1108667,7.391111
133.04,-9.767215,0.1108667,-33.51824,7.391111,0.1108667,7.391111
133.05,-9.762446,0.1108667,-33.50187,7.391111,0.1108667,7.391111
133.06,-9.759267,0.1109,-33.49096,7.393333,0.1109,7.393333
133.07,-9.762446,0.1109,-33.50187,7.393333,0.1109,7.393333
133.08,-9.762446,0.1109,-33.50187,7.393333,0.1109,7.393333
133.09,-9.759267,0.1109,-33.49096,7.393333,0.1109,7.393333
133.1,-9.762446,0.1109333,-33.50187,7.395555,0.1109333,7.395555
133.11,-9.770393,0.1109333,-33.52914,7.395555,0.1109333,7.395555
133.12,-9.77834,0.1109333,-33.55642,7.395555,0.1109333,7.395555
133.13,-9.786288,0.1109333,-33.58369,7.395555,0.1109333,7.395555
133.14,-9.786288,0.1109667,-33.58369,7.397778,0.1109667,7.397778
133.15,-9.77834,0.1109667,-33.55642,7.397778,0.1109667,7.397778
133.16,-9.767215,0.1109667,-33.51824,7.397778,0.1109667,7.397778
133.17,-9.767215,0.1109667,-33.51824,7.397778,0.1109667,7.397778
133.18,-9.771983,0.111,-33.5346,7.4,0.111,7.4
133.19,-9.770393,0.111,-33.52914,7.4,0.111,7.4
133.2,-9.759267,0.111,-33.49096,7.4,0.111,7.4
133.21,-9.75132,0.111,-33.46369,7.4,0.111,7.4
133.22,-9.759267,0.1110333,-33.49096,7.402222,0.1110333,7.402222
133.23,-9.771983,0.1110333,-33.5346,7.402222,0.1110333,7.402222
133.24,-9.787877,0.1110333,-33.58915,7.402222,0.1110333,7.402222
133.25,-9.799004,0.1110333,-33.62733,7.402222,0.1110333,7.402222
133.26,-9.800593,0.1110667,-33.63278,7.404445,0.1110667,7.404445
133.27,-9.799004,0.1110667,-33.62733,7.404445,0.1110667,7.404445
133.28,-9.795825,0.1110667,-33.61642,7.404445,0.1110667,7.404445
133.29,-9.787877,0.1110667,-33.58915,7.404445,0.1110667,7.404445
133.3,-9.783109,0.1111,-33.57278,7.406667,0.1111,7.406667
133.31,-9.77993,0.1111,-33.56187,7.406667,0.1111,7.406667
133.32,-9.77834,0.1111,-33.55642,7.406667,0.1111,7.406667
133.33,-9.775162,0.1111,-33.54551,7.406667,0.1111,7.406667
133.34,-9.771983,0.1111333,-33.5346,7.408889,0.1111333,7.408889
133.35,-9.770393,0.1111333,-33.52914,7.408889,0.1111333,7.408889
133.36,-9.765625,0.1111333,-33.51278,7.408889,0.1111333,7.408889
133.37,-9.754498,0.1111333,-33.4746,7.408889,0.1111333,7.408889
133.38,-9.754498,0.1111667,-33.4746,7.411111,0.1111667,7.411111
133.39,-9.765625,0.1111667,-33.51278,7.411111,0.1111667,7.411111
133.4,-9.771983,0.1111667,-33.5346,7.411111,0.1111667,7.411111
133.41,-9.765625,0.1111667,-33.51278,7.411111,0.1111667,7.411111
133.42,-9.759267,0.1112,-33.49096,7.413334,0.1112,7.413334
133.43,-9.757678,0.1112,-33.48551,7.413334,0.1112,7.413334
133.44,-9.757678,0.1112,-33.48551,7.413334,0.1112,7.413334
133.45,-9.754498,0.1112,-33.4746,7.413334,0.1112,7.413334
133.46,-9.759267,0.1112333,-33.49096,7.415555,0.1112333,7.415555
133.47,-9.762446,0.1112333,-33.50187,7.415555,0.1112333,7.415555
133.48,-9.762446,0.1112333,-33.50187,7.415555,0.1112333,7.415555
133.49,-9.765625,0.1112333,-33.51278,7.415555,0.1112333,7.415555
133.5,-9.765625,0.1112667,-33.51278,7.417778,0.1112667,7.417778
133.51,-9.765625,0.1112667,-33.51278,7.417778,0.1112667,7.417778
133.52,-9.771983,0.1112667,-33.5346,7.417778,0.1112667,7.417778
133.53,-9.787877,0.1112667,-33.58915,7.417778,0.1112667,7.417778
133.54,-9.799004,0.1113,-33.62733,7.42,0.1113,7.42
133.55,-9.795825,0.1113,-33.61642,7.42,0.1113,7.42
133.56,-9.786288,0.1113,-33.58369,7.42,0.1113,7.42
133.57,-9.77834,0.1113,-33.55642,7.42,0.1113,7.42
133.58,-9.775162,0.1113333,-33.54551,7.422222,0.1113333,7.422222
133.59,-9.767215,0.1113333,-33.51824,7.422222,0.1113333,7.422222
133.6,-9.757678,0.1113333,-33.48551,7.422222,0.1113333,7.422222
133.61,-9.746552,0.1113333,-33.44733,7.422222,0.1113333,7.422222
133.62,-9.741783,0.1113667,-33.43096,7.424445,0.1113667,7.424445
133.63,-9.743373,0.1113667,-33.43642,7.424445,0.1113667,7.424445
133.64,-9.75132,0.1113667,-33.46369,7.424445,0.1113667,7.424445
133.65,-9.759267,0.1113667,-33.49096,7.424445,0.1113667,7.424445
133.66,-9.759267,0.1114,-33.49096,7.426667,0.1114,7.426667
133.67,-9.759267,0.1114,-33.49096,7.426667,0.1114,7.426667
133.68,-9.765625,0.1114,-33.51278,7.426667,0.1114,7.426667
133.69,-9.770393,0.1114,-33.52914,7.426667,0.1114,7.426667
133.7,-9.767215,0.1114333,-33.51824,7.428889,0.1114333,7.428889
133.71,-9.759267,0.1114333,-33.49096,7.428889,0.1114333,7.428889
133.72,-9.759267,0.1114333,-33.49096,7.428889,0.1114333,7.428889
133.73,-9.767215,0.1114333,-33.51824,7.428889,0.1114333,7.428889
133.74,-9.771983,0.1114667,-33.5346,7.431111,0.1114667,7.431111
133.75,-9.770393,0.1114667,-33.52914,7.431111,0.1114667,7.431111
133.76,-9.765625,0.1114667,-33.51278,7.431111,0.1114667,7.431111
133.77,-9.767215,0.1114667,-33.51824,7.431111,0.1114667,7.431111
133.78,-9.77834,0.1115,-33.55642,7.433333,0.1115,7.433333
133.79,-9.783109,0.1115,-33.57278,7.433333,0.1115,7.433333
133.8,-9.77993,0.1115,-33.56187,7.433333,0.1115,7.433333
133.81,-9.775162,0.1115,-33.54551,7.433333,0.1115,7.433333
133.82,-9.771983,0.1115333,-33.5346,7.435556,0.1115333,7.435556
133.83,-9.767215,0.1115333,-33.51824,7.435556,0.1115333,7.435556
133.84,-9.754498,0.1115333,-33.4746,7.435556,0.1115333,7.435556
133.85,-9.741783,0.1115333,-33.43096,7.435556,0.1115333,7.435556
133.86,-9.741783,0.1115667,-33.43096,7.437778,0.1115667,7.437778
133.87,-9.75132,0.1115667,-33.46369,7.437778,0.1115667,7.437778
133.88,-9.767215,0.1115667,-33.51824,7.437778,0.1115667,7.437778
133.89,-9.77834,0.1115667,-33.55642,7.437778,0.1115667,7.437778
133.9,-9.783109,0.1116,-33.57278,7.44,0.1116,7.44
133.91,-9.787877,0.1116,-33.58915,7.44,0.1116,7.44
133.92,-9.787877,0.1116,-33.58915,7.44,0.1116,7.44
133.93,-9.786288,0.1116,-33.58369,7.44,0.1116,7.44
133.94,-9.77834,0.1116333,-33.55642,7.442223,0.1116333,7.442223
133.95,-9.765625,0.1116333,-33.51278,7.442223,0.1116333,7.442223
133.96,-9.757678,0.1116333,-33.48551,7.442223,0.1116333,7.442223
133.97,-9.75132,0.1116333,-33.46369,7.442223,0.1116333,7.442223
133.98,-9.743373,0.1116667,-33.43642,7.444444,0.1116667,7.444444
133.99,-9.737015,0.1116667,-33.4146,7.444444,0.1116667,7.444444
134.0,-9.733836,0.1116667,-33.40369,7.444444,0.1116667,7.444444
134.01,-9.733836,0.1116667,-33.40369,7.444444,0.1116667,7.444444
134.02,-9.733836,0.1117,-33.40369,7.446667,0.1117,7.446667
134.03,-9.729068,0.1117,-33.38733,7.446667,0.1117,7.446667
134.04,-9.725888,0.1117,-33.37642,7.446667,0.1117,7.446667
134.05,-9.733836,0.1117,-33.40369,7.446667,0.1117,7.446667
134.06,-9.741783,0.1117333,-33.43096,7.448889,0.1117333,7.448889
134.07,-9.741783,0.1117333,-33.43096,7.448889,0.1117333,7.448889
134.08,-9.737015,0.1117333,-33.4146,7.448889,0.1117333,7.448889
134.09,-9.743373,0.1117333,-33.43642,7.448889,0.1117333,7.448889
134.1,-9.759267,0.1117667,-33.49096,7.451111,0.1117667,7.451111
134.11,-9.762446,0.1117667,-33.50187,7.451111,0.1117667,7.451111
134.12,-9.746552,0.1117667,-33.44733,7.451111,0.1117667,7.451111
134.13,-9.730657,0.1117667,-33.39278,7.451111,0.1117667,7.451111
134.14,-9.725888,0.1118,-33.37642,7.453333,0.1118,7.453333
134.15,-9.733836,0.1118,-33.40369,7.453333,0.1118,7.453333
134.16,-9.741783,0.1118,-33.43096,7.453333,0.1118,7.453333
134.17,-9.737015,0.1118,-33.4146,7.453333,0.1118,7.453333
134.18,-9.729068,0.1118333,-33.38733,7.455555,0.1118333,7.455555
134.19,-9.737015,0.1118333,-33.4146,7.455555,0.1118333,7.455555
134.2,-9.74973,0.1118333,-33.45823,7.455555,0.1118333,7.455555
134.21,-9.757678,0.1118333,-33.48551,7.455555,0.1118333,7.455555
134.22,-9.759267,0.1118667,-33.49096,7.457778,0.1118667,7.457778
134.23,-9.757678,0.1118667,-33.48551,7.457778,0.1118667,7.457778
134.24,-9.75132,0.1118667,-33.46369,7.457778,0.1118667,7.457778
134.25,-9.74973,0.1118667,-33.45823,7.457778,0.1118667,7.457778
134.26,-9.74973,0.1119,-33.45823,7.46,0.1119,7.46
134.27,-9.743373,0.1119,-33.43642,7.46,0.1119,7.46
134.28,-9.741783,0.1119,-33.43096,7.46,0.1119,7.46
134.29,-9.738605,0.1119,-33.42006,7.46,0.1119,7.46
134.3,-9.737015,0.1119333,-33.4146,7.462223,0.1119333,7.462223
134.31,-9.737015,0.1119333,-33.4146,7.462223,0.1119333,7.462223
134.32,-9.74973,0.1119333,-33.45823,7.462223,0.1119333,7.462223
134.33,-9.765625,0.1119333,-33.51278,7.462223,0.1119333,7.462223
134.34,-9.762446,0.1119667,-33.50187,7.464445,0.1119667,7.464445
134.35,-9.738605,0.1119667,-33.42006,7.464445,0.1119667,7.464445
134.36,-9.713173,0.1119667,-33.33278,7.464445,0.1119667,7.464445
134.37,-9.708405,0.1119667,-33.31642,7.464445,0.1119667,7.464445
134.38,-9.72112,0.112,-33.36005,7.466667,0.112,7.466667
134.39,-9.730657,0.112,-33.39278,7.466667,0.112,7.466667
134.4,-9.741783,0.112,-33.43096,7.466667,0.112,7.466667
134.41,-9.74973,0.112,-33.45823,7.466667,0.112,7.466667
134.42,-9.754498,0.1120333,-33.4746,7.468889,0.1120333,7.468889
134.43,-9.759267,0.1120333,-33.49096,7.468889,0.1120333,7.468889
134.44,-9.765625,0.1120333,-33.51278,7.468889,0.1120333,7.468889
134.45,-9.77834,0.1120333,-33.55642,7.468889,0.1120333,7.468889
134.46,-9.787877,0.1120667,-33.58915,7.471111,0.1120667,7.471111
134.47,-9.791057,0.1120667,-33.60006,7.471111,0.1120667,7.471111
134.48,-9.791057,0.1120667,-33.60006,7.471111,0.1120667,7.471111
134.49,-9.791057,0.1120667,-33.60006,7.471111,0.1120667,7.471111
134.5,-9.791057,0.1121,-33.60006,7.473333,0.1121,7.473333
134.51,-9.786288,0.1121,-33.58369,7.473333,0.1121,7.473333
134.52,-9.77993,0.1121,-33.56187,7.473333,0.1121,7.473333
134.53,-9.77834,0.1121,-33.55642,7.473333,0.1121,7.473333
134.54,-9.77834,0.1121333,-33.55642,7.475555,0.1121333,7.475555
134.55,-9.77834,0.1121333,-33.55642,7.475555,0.1121333,7.475555
134.56,-9.77834,0.1121333,-33.55642,7.475555,0.1121333,7.475555
134.57,-9.786288,0.1121333,-33.58369,7.475555,0.1121333,7.475555
134.58,-9.787877,0.1121667,-33.58915,7.477777,0.1121667,7.477777
134.59,-9.787877,0.1121667,-33.58915,7.477777,0.1121667,7.477777
134.6,-9.786288,0.1121667,-33.58369,7.477777,0.1121667,7.477777
134.61,-9.794235,0.1121667,-33.61096,7.477777,0.1121667,7.477777
134.62,-9.806951,0.1122,-33.6546,7.48,0.1122,7.48
134.63,-9.816487,0.1122,-33.68732,7.48,0.1122,7.48
134.64,-9.819667,0.1122,-33.69824,7.48,0.1122,7.48
134.65,-9.806951,0.1122,-33.6546,7.48,0.1122,7.48
134.66,-9.787877,0.1122333,-33.58915,7.482222,0.1122333,7.482222
134.67,-9.775162,0.1122333,-33.54551,7.482222,0.1122333,7.482222
134.68,-9.77834,0.1122333,-33.55642,7.482222,0.1122333,7.482222
134.69,-9.794235,0.1122333,-33.61096,7.482222,0.1122333,7.482222
134.7,-9.80854,0.1122667,-33.66005,7.484445,0.1122667,7.484445
134.71,-9.814898,0.1122667,-33.68187,7.484445,0.1122667,7.484445
134.72,-9.806951,0.1122667,-33.6546,7.484445,0.1122667,7.484445
134.73,-9.794235,0.1122667,-33.61096,7.484445,0.1122667,7.484445
134.74,-9.783109,0.1123,-33.57278,7.486667,0.1123,7.486667
134.75,-9.775162,0.1123,-33.54551,7.486667,0.1123,7.486667
134.76,-9.771983,0.1123,-33.5346,7.486667,0.1123,7.486667
134.77,-9.770393,0.1123,-33.52914,7.486667,0.1123,7.486667
134.78,-9.765625,0.1123333,-33.51278,7.488889,0.1123333,7.488889
134.79,-9.765625,0.1123333,-33.51278,7.488889,0.1123333,7.488889
134.8,-9.771983,0.1123333,-33.5346,7.488889,0.1123333,7.488889
134.81,-9.786288,0.1123333,-33.58369,7.488889,0.1123333,7.488889
134.82,-9.794235,0.1123667,-33.61096,7.491111,0.1123667,7.491111
134.83,-9.795825,0.1123667,-33.61642,7.491111,0.1123667,7.491111
134.84,-9.791057,0.1123667,-33.60006,7.491111,0.1123667,7.491111
134.85,-9.77993,0.1123667,-33.56187,7.491111,0.1123667,7.491111
134.86,-9.767215,0.1124,-33.51824,7.493333,0.1124,7.493333
134.87,-9.754498,0.1124,-33.4746,7.493333,0.1124,7.493333
134.88,-9.754498,0.1124,-33.4746,7.493333,0.1124,7.493333
134.89,-9.759267,0.1124,-33.49096,7.493333,0.1124,7.493333
134.9,-9.765625,0.1124333,-33.51278,7.495556,0.1124333,7.495556
134.91,-9.770393,0.1124333,-33.52914,7.495556,0.1124333,7.495556
134.92,-9.775162,0.1124333,-33.54551,7.495556,0.1124333,7.495556
134.93,-9.775162,0.1124333,-33.54551,7.495556,0.1124333,7.495556
134.94,-9.771983,0.1124667,-33.5346,7.497778,0.1124667,7.497778
134.95,-9.770393,0.1124667,-33.52914,7.497778,0.1124667,7.497778
134.96,-9.771983,0.1124667,-33.5346,7.497778,0.1124667,7.497778
134.97,-9.770393,0.1124667,-33.52914,7.497778,0.1124667,7.497778
134.98,-9.762446,0.1125,-33.50187,7.5,0.1125,7.5
134.99,-9.754498,0.1125,-33.4746,7.5,0.1125,7.5
135.0,-9.75132,0.1125,-33.46369,7.5,0.1125,7.5
135.01,-9.74973,0.1125,-33.45823,7.5,0.1125,7.5
135.02,-9.743373,0.1125333,-33.43642,7.502222,0.1125333,7.502222
135.03,-9.743373,0.1125333,-33.43642,7.502222,0.1125333,7.502222
135.04,-9.75132,0.1125333,-33.46369,7.502222,0.1125333,7.502222
135.05,-9.765625,0.1125333,-33.51278,7.502222,0.1125333,7.502222
135.06,-9.771983,0.1125667,-33.5346,7.504444,0.1125667,7.504444
135.07,-9.775162,0.1125667,-33.54551,7.504444,0.1125667,7.504444
135.08,-9.771983,0.1125667,-33.5346,7.504444,0.1125667,7.504444
135.09,-9.770393,0.1125667,-33.52914,7.504444,0.1125667,7.504444
135.1,-9.770393,0.1126,-33.52914,7.506667,0.1126,7.506667
135.11,-9.77834,0.1126,-33.55642,7.506667,0.1126,7.506667
135.12,-9.783109,0.1126,-33.57278,7.506667,0.1126,7.506667
135.13,-9.77993,0.1126,-33.56187,7.506667,0.1126,7.506667
135.14,-9.77834,0.1126333,-33.55642,7.508889,0.1126333,7.508889
135.15,-9.783109,0.1126333,-33.57278,7.508889,0.1126333,7.508889
135.16,-9.783109,0.1126333,-33.57278,7.508889,0.1126333,7.508889
135.17,-9.775162,0.1126333,-33.54551,7.508889,0.1126333,7.508889
135.18,-9.771983,0.1126667,-33.5346,7.511111,0.1126667,7.511111
135.19,-9.77834,0.1126667,-33.55642,7.511111,0.1126667,7.511111
135.2,-9.783109,0.1126667,-33.57278,7.511111,0.1126667,7.511111
135.21,-9.783109,0.1126667,-33.57278,7.511111,0.1126667,7.511111
135.22,-9.775162,0.1127,-33.54551,7.513333,0.1127,7.513333
135.23,-9.765625,0.1127,-33.51278,7.513333,0.1127,7.513333
135.24,-9.754498,0.1127,-33.4746,7.513333,0.1127,7.513333
135.25,-9.754498,0.1127,-33.4746,7.513333,0.1127,7.513333
135.26,-9.75132,0.1127333,-33.46369,7.515555,0.1127333,7.515555
135.27,-9.75132,0.1127333,-33.46369,7.515555,0.1127333,7.515555
135.28,-9.759267,0.1127333,-33.49096,7.515555,0.1127333,7.515555
135.29,-9.765625,0.1127333,-33.51278,7.515555,0.1127333,7.515555
135.3,-9.762446,0.1127667,-33.50187,7.517778,0.1127667,7.517778
135.31,-9.765625,0.1127667,-33.51278,7.517778,0.1127667,7.517778
135.32,-9.77834,0.1127667,-33.55642,7.517778,0.1127667,7.517778
135.33,-9.786288,0.1127667,-33.58369,7.517778,0.1127667,7.517778
135.34,-9.77993,0.1128,-33.56187,7.52,0.1128,7.52
135.35,-9.767215,0.1128,-33.51824,7.52,0.1128,7.52
135.36,-9.754498,0.1128,-33.4746,7.52,0.1128,7.52
135.37,-9.74973,0.1128,-33.45823,7.52,0.1128,7.52
135.38,-9.759267,0.1128333,-33.49096,7.522223,0.1128333,7.522223
135.39,-9.775162,0.1128333,-33.54551,7.522223,0.1128333,7.522223
135.4,-9.786288,0.1128333,-33.58369,7.522223,0.1128333,7.522223
135.41,-9.791057,0.1128333,-33.60006,7.522223,0.1128333,7.522223
135.42,-9.794235,0.1128667,-33.61096,7.524445,0.1128667,7.524445
135.43,-9.787877,0.1128667,-33.58915,7.524445,0.1128667,7.524445
135.44,-9.77834,0.1128667,-33.55642,7.524445,0.1128667,7.524445
135.45,-9.770393,0.1128667,-33.52914,7.524445,0.1128667,7.524445
135.46,-9.767215,0.1129,-33.51824,7.526667,0.1129,7.526667
135.47,-9.759267,0.1129,-33.49096,7.526667,0.1129,7.526667
135.48,-9.741783,0.1129,-33.43096,7.526667,0.1129,7.526667
135.49,-9.725888,0.1129,-33.37642,7.526667,0.1129,7.526667
135.5,-9.730657,0.1129333,-33.39278,7.528889,0.1129333,7.528889
135.51,-9.75132,0.1129333,-33.46369,7.528889,0.1129333,7.528889
135.52,-9.770393,0.1129333,-33.52914,7.528889,0.1129333,7.528889
135.53,-9.783109,0.1129333,-33.57278,7.528889,0.1129333,7.528889
135.54,-9.791057,0.1129667,-33.60006,7.531111,0.1129667,7.531111
135.55,-9.794235,0.1129667,-33.61096,7.531111,0.1129667,7.531111
135.56,-9.787877,0.1129667,-33.58915,7.531111,0.1129667,7.531111
135.57,-9.77834,0.1129667,-33.55642,7.531111,0.1129667,7.531111
135.58,-9.767215,0.113,-33.51824,7.533333,0.113,7.533333
135.59,-9.759267,0.113,-33.49096,7.533333,0.113,7.533333
135.6,-9.754498,0.113,-33.4746,7.533333,0.113,7.533333
135.61,-9.74973,0.113,-33.45823,7.533333,0.113,7.533333
135.62,-9.743373,0.1130333,-33.43642,7.535555,0.1130333,7.535555
135.63,-9.738605,0.1130333,-33.42006,7.535555,0.1130333,7.535555
135.64,-9.738605,0.1130333,-33.42006,7.535555,0.1130333,7.535555
135.65,-9.743373,0.1130333,-33.43642,7.535555,0.1130333,7.535555
135.66,-9.754498,0.1130667,-33.4746,7.537778,0.1130667,7.537778
135.67,-9.757678,0.1130667,-33.48551,7.537778,0.1130667,7.537778
135.68,-9.74973,0.1130667,-33.45823,7.537778,0.1130667,7.537778
135.69,-9.738605,0.1130667,-33.42006,7.537778,0.1130667,7.537778
135.7,-9.743373,0.1131,-33.43642,7.54,0.1131,7.54
135.71,-9.759267,0.1131,-33.49096,7.54,0.1131,7.54
135.72,-9.767215,0.1131,-33.51824,7.54,0.1131,7.54
135.73,-9.767215,0.1131,-33.51824,7.54,0.1131,7.54
135.74,-9.765625,0.1131333,-33.51278,7.542222,0.1131333,7.542222
135.75,-9.770393,0.1131333,-33.52914,7.542222,0.1131333,7.542222
135.76,-9.771983,0.1131333,-33.5346,7.542222,0.1131333,7.542222
135.77,-9.770393,0.1131333,-33.52914,7.542222,0.1131333,7.542222
135.78,-9.770393,0.1131667,-33.52914,7.544445,0.1131667,7.544445
135.79,-9.770393,0.1131667,-33.52914,7.544445,0.1131667,7.544445
135.8,-9.765625,0.1131667,-33.51278,7.544445,0.1131667,7.544445
135.81,-9.757678,0.1131667,-33.48551,7.544445,0.1131667,7.544445
135.82,-9.746552,0.1132,-33.44733,7.546667,0.1132,7.546667
135.83,-9.743373,0.1132,-33.43642,7.546667,0.1132,7.546667
135.84,-9.743373,0.1132,-33.43642,7.546667,0.1132,7.546667
135.85,-9.74973,0.1132,-33.45823,7.546667,0.1132,7.546667
135.86,-9.754498,0.1132333,-33.4746,7.548889,0.1132333,7.548889
135.87,-9.759267,0.1132333,-33.49096,7.548889,0.1132333,7.548889
135.88,-9.767215,0.1132333,-33.51824,7.548889,0.1132333,7.548889
135.89,-9.775162,0.1132333,-33.54551,7.548889,0.1132333,7.548889
135.9,-9.775162,0.1132667,-33.54551,7.551111,0.1132667,7.551111
135.91,-9.771983,0.1132667,-33.5346,7.551111,0.1132667,7.551111
135.92,-9.775162,0.1132667,-33.54551,7.551111,0.1132667,7.551111
135.93,-9.77993,0.1132667,-33.56187,7.551111,0.1132667,7.551111
135.94,-9.775162,0.1133,-33.54551,7.553334,0.1133,7.553334
135.95,-9.765625,0.1133,-33.51278,7.553334,0.1133,7.553334
135.96,-9.754498,0.1133,-33.4746,7.553334,0.1133,7.553334
135.97,-9.746552,0.1133,-33.44733,7.553334,0.1133,7.553334
135.98,-9.743373,0.1133333,-33.43642,7.555556,0.1133333,7.555556
135.99,-9.75132,0.1133333,-33.46369,7.555556,0.1133333,7.555556
136.0,-9.765625,0.1133333,-33.51278,7.555556,0.1133333,7.555556
136.01,-9.767215,0.1133333,-33.51824,7.555556,0.1133333,7.555556
136.02,-9.762446,0.1133667,-33.50187,7.557778,0.1133667,7.557778
136.03,-9.75132,0.1133667,-33.46369,7.557778,0.1133667,7.557778
136.04,-9.741783,0.1133667,-33.43096,7.557778,0.1133667,7.557778
136.05,-9.733836,0.1133667,-33.40369,7.557778,0.1133667,7.557778
136.06,-9.733836,0.1134,-33.40369,7.56,0.1134,7.56
136.07,-9.741783,0.1134,-33.43096,7.56,0.1134,7.56
136.08,-9.74973,0.1134,-33.45823,7.56,0.1134,7.56
136.09,-9.746552,0.1134,-33.44733,7.56,0.1134,7.56
136.1,-9.74973,0.1134333,-33.45823,7.562222,0.1134333,7.562222
136.11,-9.75132,0.1134333,-33.46369,7.562222,0.1134333,7.562222
136.12,-9.75132,0.1134333,-33.46369,7.562222,0.1134333,7.562222
136.13,-9.743373,0.1134333,-33.43642,7.562222,0.1134333,7.562222
136.14,-9.733836,0.1134667,-33.40369,7.564445,0.1134667,7.564445
136.15,-9.730657,0.1134667,-33.39278,7.564445,0.1134667,7.564445
136.16,-9.725888,0.1134667,-33.37642,7.564445,0.1134667,7.564445
136.17,-9.717941,0.1134667,-33.34914,7.564445,0.1134667,7.564445
136.18,-9.717941,0.1135,-33.34914,7.566667,0.1135,7.566667
136.19,-9.729068,0.1135,-33.38733,7.566667,0.1135,7.566667
136.2,-9.743373,0.1135,-33.43642,7.566667,0.1135,7.566667
136.21,-9.754498,0.1135,-33.4746,7.566667,0.1135,7.566667
136.22,-9.762446,0.1135333,-33.50187,7.568889,0.1135333,7.568889
136.23,-9.767215,0.1135333,-33.51824,7.568889,0.1135333,7.568889
136.24,-9.770393,0.1135333,-33.52914,7.568889,0.1135333,7.568889
136.25,-9.771983,0.1135333,-33.5346,7.568889,0.1135333,7.568889
136.26,-9.771983,0.1135667,-33.5346,7.571111,0.1135667,7.571111
136.27,-9.770393,0.1135667,-33.52914,7.571111,0.1135667,7.571111
136.28,-9.762446,0.1135667,-33.50187,7.571111,0.1135667,7.571111
136.29,-9.759267,0.1135667,-33.49096,7.571111,0.1135667,7.571111
136.3,-9.767215,0.1136,-33.51824,7.573333,0.1136,7.573333
136.31,-9.77993,0.1136,-33.56187,7.573333,0.1136,7.573333
136.32,-9.794235,0.1136,-33.61096,7.573333,0.1136,7.573333
136.33,-9.794235,0.1136,-33.61096,7.573333,0.1136,7.573333
136.34,-9.77834,0.1136333,-33.55642,7.575556,0.1136333,7.575556
136.35,-9.754498,0.1136333,-33.4746,7.575556,0.1136333,7.575556
136.36,-9.741783,0.1136333,-33.43096,7.575556,0.1136333,7.575556
136.37,-9.743373,0.1136333,-33.43642,7.575556,0.1136333,7.575556
136.38,-9.762446,0.1136667,-33.50187,7.577778,0.1136667,7.577778
136.39,-9.77993,0.1136667,-33.56187,7.577778,0.1136667,7.577778
136.4,-9.786288,0.1136667,-33.58369,7.577778,0.1136667,7.577778
136.41,-9.783109,0.1136667,-33.57278,7.577778,0.1136667,7.577778
136.42,-9.783109,0.1137,-33.57278,7.58,0.1137,7.58
136.43,-9.787877,0.1137,-33.58915,7.58,0.1137,7.58
136.44,-9.786288,0.1137,-33.58369,7.58,0.1137,7.58
136.45,-9.771983,0.1137,-33.5346,7.58,0.1137,7.58
136.46,-9.754498,0.1137333,-33.4746,7.582222,0.1137333,7.582222
136.47,-9.746552,0.1137333,-33.44733,7.582222,0.1137333,7.582222
136.48,-9.738605,0.1137333,-33.42006,7.582222,0.1137333,7.582222
136.49,-9.729068,0.1137333,-33.38733,7.582222,0.1137333,7.582222
136.5,-9.730657,0.1137667,-33.39278,7.584445,0.1137667,7.584445
136.51,-9.746552,0.1137667,-33.44733,7.584445,0.1137667,7.584445
136.52,-9.765625,0.1137667,-33.51278,7.584445,0.1137667,7.584445
136.53,-9.771983,0.1137667,-33.5346,7.584445,0.1137667,7.584445
136.54,-9.77834,0.1138,-33.55642,7.586667,0.1138,7.586667
136.55,-9.791057,0.1138,-33.60006,7.586667,0.1138,7.586667
136.56,-9.799004,0.1138,-33.62733,7.586667,0.1138,7.586667
136.57,-9.77993,0.1138,-33.56187,7.586667,0.1138,7.586667
136.58,-9.762446,0.1138333,-33.50187,7.588889,0.1138333,7.588889
136.59,-9.75132,0.1138333,-33.46369,7.588889,0.1138333,7.588889
136.6,-9.743373,0.1138333,-33.43642,7.588889,0.1138333,7.588889
136.61,-9.72271,0.1138333,-33.36551,7.588889,0.1138333,7.588889
136.62,-9.705226,0.1138667,-33.30551,7.591111,0.1138667,7.591111
136.63,-9.702046,0.1138667,-33.2946,7.591111,0.1138667,7.591111
136.64,-9.713173,0.1138667,-33.33278,7.591111,0.1138667,7.591111
136.65,-9.729068,0.1138667,-33.38733,7.591111,0.1138667,7.591111
136.66,-9.743373,0.1139,-33.43642,7.593333,0.1139,7.593333
136.67,-9.759267,0.1139,-33.49096,7.593333,0.1139,7.593333
136.68,-9.771983,0.1139,-33.5346,7.593333,0.1139,7.593333
136.69,-9.775162,0.1139,-33.54551,7.593333,0.1139,7.593333
136.7,-9.771983,0.1139333,-33.5346,7.595555,0.1139333,7.595555
136.71,-9.775162,0.1139333,-33.54551,7.595555,0.1139333,7.595555
136.72,-9.77834,0.1139333,-33.55642,7.595555,0.1139333,7.595555
136.73,-9.767215,0.1139333,-33.51824,7.595555,0.1139333,7.595555
136.74,-9.754498,0.1139667,-33.4746,7.597778,0.1139667,7.597778
136.75,-9.746552,0.1139667,-33.44733,7.597778,0.1139667,7.597778
136.76,-9.746552,0.1139667,-33.44733,7.597778,0.1139667,7.597778
136.77,-9.746552,0.1139667,-33.44733,7.597778,0.1139667,7.597778
136.78,-9.741783,0.114,-33.43096,7.6,0.114,7.6
136.79,-9.741783,0.114,-33.43096,7.6,0.114,7.6
136.8,-9.746552,0.114,-33.44733,7.6,0.114,7.6
136.81,-9.75132,0.114,-33.46369,7.6,0.114,7.6
136.82,-9.75132,0.1140333,-33.46369,7.602222,0.1140333,7.602222
136.83,-9.757678,0.1140333,-33.48551,7.602222,0.1140333,7.602222
136.84,-9.771983,0.1140333,-33.5346,7.602222,0.1140333,7.602222
136.85,-9.786288,0.1140333,-33.58369,7.602222,0.1140333,7.602222
136.86,-9.794235,0.1140667,-33.61096,7.604445,0.1140667,7.604445
136.87,-9.795825,0.1140667,-33.61642,7.604445,0.1140667,7.604445
136.88,-9.787877,0.1140667,-33.58915,7.604445,0.1140667,7.604445
136.89,-9.771983,0.1140667,-33.5346,7.604445,0.1140667,7.604445
136.9,-9.759267,0.1141,-33.49096,7.606667,0.1141,7.606667
136.91,-9.75132,0.1141,-33.46369,7.606667,0.1141,7.606667
136.92,-9.754498,0.1141,-33.4746,7.606667,0.1141,7.606667
136.93,-9.767215,0.1141,-33.51824,7.606667,0.1141,7.606667
136.94,-9.786288,0.1141333,-33.58369,7.608889,0.1141333,7.608889
136.95,-9.795825,0.1141333,-33.61642,7.608889,0.1141333,7.608889
136.96,-9.791057,0.1141333,-33.60006,7.608889,0.1141333,7.608889
136.97,-9.77993,0.1141333,-33.56187,7.608889,0.1141333,7.608889
136.98,-9.775162,0.1141667,-33.54551,7.611111,0.1141667,7.611111
136.99,-9.770393,0.1141667,-33.52914,7.611111,0.1141667,7.611111
137.0,-9.765625,0.1141667,-33.51278,7.611111,0.1141667,7.611111
137.01,-9.762446,0.1141667,-33.50187,7.611111,0.1141667,7.611111
137.02,-9.767215,0.1142,-33.51824,7.613334,0.1142,7.613334
137.03,-9.77834,0.1142,-33.55642,7.613334,0.1142,7.613334
137.04,-9.783109,0.1142,-33.57278,7.613334,0.1142,7.613334
137.05,-9.787877,0.1142,-33.58915,7.613334,0.1142,7.613334
137.06,-9.794235,0.1142333,-33.61096,7.615556,0.1142333,7.615556
137.07,-9.787877,0.1142333,-33.58915,7.615556,0.1142333,7.615556
137.08,-9.770393,0.1142333,-33.52914,7.615556,0.1142333,7.615556
137.09,-9.75132,0.1142333,-33.46369,7.615556,0.1142333,7.615556
137.1,-9.75132,0.1142667,-33.46369,7.617778,0.1142667,7.617778
137.11,-9.762446,0.1142667,-33.50187,7.617778,0.1142667,7.617778
137.12,-9.775162,0.1142667,-33.54551,7.617778,0.1142667,7.617778
137.13,-9.786288,0.1142667,-33.58369,7.617778,0.1142667,7.617778
137.14,-9.77834,0.1143,-33.55642,7.62,0.1143,7.62
137.15,-9.757678,0.1143,-33.48551,7.62,0.1143,7.62
137.16,-9.741783,0.1143,-33.43096,7.62,0.1143,7.62
137.17,-9.743373,0.1143,-33.43642,7.62,0.1143,7.62
137.18,-9.754498,0.1143333,-33.4746,7.622222,0.1143333,7.622222
137.19,-9.762446,0.1143333,-33.50187,7.622222,0.1143333,7.622222
137.2,-9.762446,0.1143333,-33.50187,7.622222,0.1143333,7.622222
137.21,-9.75132,0.1143333,-33.46369,7.622222,0.1143333,7.622222
137.22,-9.741783,0.1143667,-33.43096,7.624444,0.1143667,7.624444
137.23,-9.737015,0.1143667,-33.4146,7.624444,0.1143667,7.624444
137.24,-9.733836,0.1143667,-33.40369,7.624444,0.1143667,7.624444
137.25,-9.733836,0.1143667,-33.40369,7.624444,0.1143667,7.624444
137.26,-9.737015,0.1144,-33.4146,7.626667,0.1144,7.626667
137.27,-9.738605,0.1144,-33.42006,7.626667,0.1144,7.626667
137.28,-9.738605,0.1144,-33.42006,7.626667,0.1144,7.626667
137.29,-9.746552,0.1144,-33.44733,7.626667,0.1144,7.626667
137.3,-9.759267,0.1144333,-33.49096,7.628889,0.1144333,7.628889
137.31,-9.770393,0.1144333,-33.52914,7.628889,0.1144333,7.628889
137.32,-9.762446,0.1144333,-33.50187,7.628889,0.1144333,7.628889
137.33,-9.741783,0.1144333,-33.43096,7.628889,0.1144333,7.628889
137.34,-9.725888,0.1144667,-33.37642,7.631111,0.1144667,7.631111
137.35,-9.725888,0.1144667,-33.37642,7.631111,0.1144667,7.631111
137.36,-9.730657,0.1144667,-33.39278,7.631111,0.1144667,7.631111
137.37,-9.741783,0.1144667,-33.43096,7.631111,0.1144667,7.631111
137.38,-9.746552,0.1145,-33.44733,7.633333,0.1145,7.633333
137.39,-9.741783,0.1145,-33.43096,7.633333,0.1145,7.633333
137.4,-9.738605,0.1145,-33.42006,7.633333,0.1145,7.633333
137.41,-9.746552,0.1145,-33.44733,7.633333,0.1145,7.633333
137.42,-9.757678,0.1145333,-33.48551,7.635556,0.1145333,7.635556
137.43,-9.762446,0.1145333,-33.50187,7.635556,0.1145333,7.635556
137.44,-9.762446,0.1145333,-33.50187,7.635556,0.1145333,7.635556
137.45,-9.757678,0.1145333,-33.48551,7.635556,0.1145333,7.635556
137.46,-9.75132,0.1145667,-33.46369,7.637778,0.1145667,7.637778
137.47,-9.746552,0.1145667,-33.44733,7.637778,0.1145667,7.637778
137.48,-9.743373,0.1145667,-33.43642,7.637778,0.1145667,7.637778
137.49,-9.738605,0.1145667,-33.42006,7.637778,0.1145667,7.637778
137.5,-9.741783,0.1146,-33.43096,7.64,0.1146,7.64
137.51,-9.757678,0.1146,-33.48551,7.64,0.1146,7.64
137.52,-9.77834,0.1146,-33.55642,7.64,0.1146,7.64
137.53,-9.799004,0.1146,-33.62733,7.64,0.1146,7.64
137.54,-9.803772,0.1146333,-33.64369,7.642222,0.1146333,7.642222
137.55,-9.791057,0.1146333,-33.60006,7.642222,0.1146333,7.642222
137.56,-9.771983,0.1146333,-33.5346,7.642222,0.1146333,7.642222
137.57,-9.759267,0.1146333,-33.49096,7.642222,0.1146333,7.642222
137.58,-9.74973,0.1146667,-33.45823,7.644444,0.1146667,7.644444
137.59,-9.743373,0.1146667,-33.43642,7.644444,0.1146667,7.644444
137.6,-9.743373,0.1146667,-33.43642,7.644444,0.1146667,7.644444
137.61,-9.746552,0.1146667,-33.44733,7.644444,0.1146667,7.644444
137.62,-9.743373,0.1147,-33.43642,7.646667,0.1147,7.646667
137.63,-9.733836,0.1147,-33.40369,7.646667,0.1147,7.646667
137.64,-9.72112,0.1147,-33.36005,7.646667,0.1147,7.646667
137.65,-9.72112,0.1147,-33.36005,7.646667,0.1147,7.646667
137.66,-9.72271,0.1147333,-33.36551,7.648889,0.1147333,7.648889
137.67,-9.725888,0.1147333,-33.37642,7.648889,0.1147333,7.648889
137.68,-9.72271,0.1147333,-33.36551,7.648889,0.1147333,7.648889
137.69,-9.729068,0.1147333,-33.38733,7.648889,0.1147333,7.648889
137.7,-9.743373,0.1147667,-33.43642,7.651111,0.1147667,7.651111
137.71,-9.765625,0.1147667,-33.51278,7.651111,0.1147667,7.651111
137.72,-9.775162,0.1147667,-33.54551,7.651111,0.1147667,7.651111
137.73,-9.775162,0.1147667,-33.54551,7.651111,0.1147667,7.651111
137.74,-9.771983,0.1148,-33.5346,7.653333,0.1148,7.653333
137.75,-9.771983,0.1148,-33.5346,7.653333,0.1148,7.653333
137.76,-9.775162,0.1148,-33.54551,7.653333,0.1148,7.653333
137.77,-9.783109,0.1148,-33.57278,7.653333,0.1148,7.653333
137.78,-9.794235,0.1148333,-33.61096,7.655556,0.1148333,7.655556
137.79,-9.791057,0.1148333,-33.60006,7.655556,0.1148333,7.655556
137.8,-9.771983,0.1148333,-33.5346,7.655556,0.1148333,7.655556
137.81,-9.754498,0.1148333,-33.4746,7.655556,0.1148333,7.655556
137.82,-9.75132,0.1148667,-33.46369,7.657778,0.1148667,7.657778
137.83,-9.765625,0.1148667,-33.51278,7.657778,0.1148667,7.657778
137.84,-9.77834,0.1148667,-33.55642,7.657778,0.1148667,7.657778
137.85,-9.77993,0.1148667,-33.56187,7.657778,0.1148667,7.657778
137.86,-9.77993,0.1149,-33.56187,7.66,0.1149,7.66
137.87,-9.77993,0.1149,-33.56187,7.66,0.1149,7.66
137.88,-9.775162,0.1149,-33.54551,7.66,0.1149,7.66
137.89,-9.77834,0.1149,-33.55642,7.66,0.1149,7.66
137.9,-9.786288,0.1149333,-33.58369,7.662222,0.1149333,7.662222
137.91,-9.783109,0.1149333,-33.57278,7.662222,0.1149333,7.662222
137.92,-9.771983,0.1149333,-33.5346,7.662222,0.1149333,7.662222
137.93,-9.765625,0.1149333,-33.51278,7.662222,0.1149333,7.662222
137.94,-9.771983,0.1149667,-33.5346,7.664444,0.1149667,7.664444
137.95,-9.783109,0.1149667,-33.57278,7.664444,0.1149667,7.664444
137.96,-9.786288,0.1149667,-33.58369,7.664444,0.1149667,7.664444
137.97,-9.786288,0.1149667,-33.58369,7.664444,0.1149667,7.664444
137.98,-9.794235,0.115,-33.61096,7.666667,0.115,7.666667
137.99,-9.795825,0.115,-33.61642,7.666667,0.115,7.666667
138.0,-9.786288,0.115,-33.58369,7.666667,0.115,7.666667
138.01,-9.767215,0.115,-33.51824,7.666667,0.115,7.666667
138.02,-9.757678,0.1150333,-33.48551,7.668889,0.1150333,7.668889
138.03,-9.762446,0.1150333,-33.50187,7.668889,0.1150333,7.668889
138.04,-9.770393,0.1150333,-33.52914,7.668889,0.1150333,7.668889
138.05,-9.767215,0.1150333,-33.51824,7.668889,0.1150333,7.668889
138.06,-9.757678,0.1150667,-33.48551,7.671111,0.1150667,7.671111
138.07,-9.743373,0.1150667,-33.43642,7.671111,0.1150667,7.671111
138.08,-9.737015,0.1150667,-33.4146,7.671111,0.1150667,7.671111
138.09,-9.743373,0.1150667,-33.43642,7.671111,0.1150667,7.671111
138.1,-9.759267,0.1151,-33.49096,7.673334,0.1151,7.673334
138.11,-9.770393,0.1151,-33.52914,7.673334,0.1151,7.673334
138.12,-9.771983,0.1151,-33.5346,7.673334,0.1151,7.673334
138.13,-9.77834,0.1151,-33.55642,7.673334,0.1151,7.673334
138.14,-9.783109,0.1151333,-33.57278,7.675556,0.1151333,7.675556
138.15,-9.783109,0.1151333,-33.57278,7.675556,0.1151333,7.675556
138.16,-9.775162,0.1151333,-33.54551,7.675556,0.1151333,7.675556
138.17,-9.765625,0.1151333,-33.51278,7.675556,0.1151333,7.675556
138.18,-9.75132,0.1151667,-33.46369,7.677778,0.1151667,7.677778
138.19,-9.746552,0.1151667,-33.44733,7.677778,0.1151667,7.677778
138.2,-9.754498,0.1151667,-33.4746,7.677778,0.1151667,7.677778
138.21,-9.765625,0.1151667,-33.51278,7.677778,0.1151667,7.677778
138.22,-9.771983,0.1152,-33.5346,7.68,0.1152,7.68
138.23,-9.767215,0.1152,-33.51824,7.68,0.1152,7.68
138.24,-9.757678,0.1152,-33.48551,7.68,0.1152,7.68
138.25,-9.75132,0.1152,-33.46369,7.68,0.1152,7.68
138.26,-9.75132,0.1152333,-33.46369,7.682222,0.1152333,7.682222
138.27,-9.743373,0.1152333,-33.43642,7.682222,0.1152333,7.682222
138.28,-9.737015,0.1152333,-33.4146,7.682222,0.1152333,7.682222
138.29,-9.738605,0.1152333,-33.42006,7.682222,0.1152333,7.682222
138.3,-9.75132,0.1152667,-33.46369,7.684444,0.1152667,7.684444
138.31,-9.754498,0.1152667,-33.4746,7.684444,0.1152667,7.684444
138.32,-9.741783,0.1152667,-33.43096,7.684444,0.1152667,7.684444
138.33,-9.729068,0.1152667,-33.38733,7.684444,0.1152667,7.684444
138.34,-9.730657,0.1153,-33.39278,7.686666,0.1153,7.686666
138.35,-9.743373,0.1153,-33.43642,7.686666,0.1153,7.686666
138.36,-9.746552,0.1153,-33.44733,7.686666,0.1153,7.686666
138.37,-9.737015,0.1153,-33.4146,7.686666,0.1153,7.686666
138.38,-9.730657,0.1153333,-33.39278,7.688889,0.1153333,7.688889
138.39,-9.730657,0.1153333,-33.39278,7.688889,0.1153333,7.688889
138.4,-9.733836,0.1153333,-33.40369,7.688889,0.1153333,7.688889
138.41,-9.737015,0.1153333,-33.4146,7.688889,0.1153333,7.688889
138.42,-9.743373,0.1153667,-33.43642,7.691111,0.1153667,7.691111
138.43,-9.759267,0.1153667,-33.49096,7.691111,0.1153667,7.691111
138.44,-9.770393,0.1153667,-33.52914,7.691111,0.1153667,7.691111
138.45,-9.770393,0.1153667,-33.52914,7.691111,0.1153667,7.691111
138.46,-9.759267,0.1154,-33.49096,7.693334,0.1154,7.693334
138.47,-9.746552,0.1154,-33.44733,7.693334,0.1154,7.693334
138.48,-9.741783,0.1154,-33.43096,7.693334,0.1154,7.693334
138.49,-9.743373,0.1154,-33.43642,7.693334,0.1154,7.693334
138.5,-9.74973,0.1154333,-33.45823,7.695556,0.1154333,7.695556
138.51,-9.741783,0.1154333,-33.43096,7.695556,0.1154333,7.695556
138.52,-9.730657,0.1154333,-33.39278,7.695556,0.1154333,7.695556
138.53,-9.725888,0.1154333,-33.37642,7.695556,0.1154333,7.695556
138.54,-9.725888,0.1154667,-33.37642,7.697778,0.1154667,7.697778
138.55,-9.725888,0.1154667,-33.37642,7.697778,0.1154667,7.697778
138.56,-9.729068,0.1154667,-33.38733,7.697778,0.1154667,7.697778
138.57,-9.738605,0.1154667,-33.42006,7.697778,0.1154667,7.697778
138.58,-9.762446,0.1155,-33.50187,7.7,0.1155,7.7
138.59,-9.783109,0.1155,-33.57278,7.7,0.1155,7.7
138.6,-9.786288,0.1155,-33.58369,7.7,0.1155,7.7
138.61,-9.771983,0.1155,-33.5346,7.7,0.1155,7.7
138.62,-9.759267,0.1155333,-33.49096,7.702222,0.1155333,7.702222
138.63,-9.75132,0.1155333,-33.46369,7.702222,0.1155333,7.702222
138.64,-9.759267,0.1155333,-33.49096,7.702222,0.1155333,7.702222
138.65,-9.77834,0.1155333,-33.55642,7.702222,0.1155333,7.702222
138.66,-9.794235,0.1155667,-33.61096,7.704445,0.1155667,7.704445
138.67,-9.791057,0.1155667,-33.60006,7.704445,0.1155667,7.704445
138.68,-9.771983,0.1155667,-33.5346,7.704445,0.1155667,7.704445
138.69,-9.754498,0.1155667,-33.4746,7.704445,0.1155667,7.704445
138.7,-9.75132,0.1156,-33.46369,7.706667,0.1156,7.706667
138.71,-9.757678,0.1156,-33.48551,7.706667,0.1156,7.706667
138.72,-9.757678,0.1156,-33.48551,7.706667,0.1156,7.706667
138.73,-9.746552,0.1156,-33.44733,7.706667,0.1156,7.706667
138.74,-9.725888,0.1156333,-33.37642,7.708889,0.1156333,7.708889
138.75,-9.709994,0.1156333,-33.32187,7.708889,0.1156333,7.708889
138.76,-9.713173,0.1156333,-33.33278,7.708889,0.1156333,7.708889
138.77,-9.733836,0.1156333,-33.40369,7.708889,0.1156333,7.708889
138.78,-9.754498,0.1156667,-33.4746,7.711111,0.1156667,7.711111
138.79,-9.757678,0.1156667,-33.48551,7.711111,0.1156667,7.711111
138.8,-9.74973,0.1156667,-33.45823,7.711111,0.1156667,7.711111
138.81,-9.743373,0.1156667,-33.43642,7.711111,0.1156667,7.711111
138.82,-9.757678,0.1157,-33.48551,7.713333,0.1157,7.713333
138.83,-9.77993,0.1157,-33.56187,7.713333,0.1157,7.713333
138.84,-9.794235,0.1157,-33.61096,7.713333,0.1157,7.713333
138.85,-9.787877,0.1157,-33.58915,7.713333,0.1157,7.713333
138.86,-9.771983,0.1157333,-33.5346,7.715556,0.1157333,7.715556
138.87,-9.754498,0.1157333,-33.4746,7.715556,0.1157333,7.715556
138.88,-9.737015,0.1157333,-33.4146,7.715556,0.1157333,7.715556
138.89,-9.738605,0.1157333,-33.42006,7.715556,0.1157333,7.715556
138.9,-9.754498,0.1157667,-33.4746,7.717778,0.1157667,7.717778
138.91,-9.765625,0.1157667,-33.51278,7.717778,0.1157667,7.717778
138.92,-9.767215,0.1157667,-33.51824,7.717778,0.1157667,7.717778
138.93,-9.767215,0.1157667,-33.51824,7.717778,0.1157667,7.717778
138.94,-9.762446,0.1158,-33.50187,7.72,0.1158,7.72
138.95,-9.759267,0.1158,-33.49096,7.72,0.1158,7.72
138.96,-9.762446,0.1158,-33.50187,7.72,0.1158,7.72
138.97,-9.771983,0.1158,-33.5346,7.72,0.1158,7.72
138.98,-9.77834,0.1158333,-33.55642,7.722222,0.1158333,7.722222
138.99,-9.77993,0.1158333,-33.56187,7.722222,0.1158333,7.722222
139.0,-9.77993,0.1158333,-33.56187,7.722222,0.1158333,7.722222
139.01,-9.77993,0.1158333,-33.56187,7.722222,0.1158333,7.722222
139.02,-9.77834,0.1158667,-33.55642,7.724444,0.1158667,7.724444
139.03,-9.775162,0.1158667,-33.54551,7.724444,0.1158667,7.724444
139.04,-9.770393,0.1158667,-33.52914,7.724444,0.1158667,7.724444
139.05,-9.765625,0.1158667,-33.51278,7.724444,0.1158667,7.724444
139.06,-9.759267,0.1159,-33.49096,7.726667,0.1159,7.726667
139.07,-9.75132,0.1159,-33.46369,7.726667,0.1159,7.726667
139.08,-9.743373,0.1159,-33.43642,7.726667,0.1159,7.726667
139.09,-9.741783,0.1159,-33.43096,7.726667,0.1159,7.726667
139.1,-9.746552,0.1159333,-33.44733,7.728889,0.1159333,7.728889
139.11,-9.754498,0.1159333,-33.4746,7.728889,0.1159333,7.728889
139.12,-9.765625,0.1159333,-33.51278,7.728889,0.1159333,7.728889
139.13,-9.767215,0.1159333,-33.51824,7.728889,0.1159333,7.728889
139.14,-9.754498,0.1159667,-33.4746,7.731112,0.1159667,7.731112
139.15,-9.743373,0.1159667,-33.43642,7.731112,0.1159667,7.731112
139.16,-9.743373,0.1159667,-33.43642,7.731112,0.1159667,7.731112
139.17,-9.738605,0.1159667,-33.42006,7.731112,0.1159667,7.731112
139.18,-9.72271,0.116,-33.36551,7.733334,0.116,7.733334
139.19,-9.714763,0.116,-33.33824,7.733334,0.116,7.733334
139.2,-9.717941,0.116,-33.34914,7.733334,0.116,7.733334
139.21,-9.72271,0.116,-33.36551,7.733334,0.116,7.733334
139.22,-9.725888,0.1160333,-33.37642,7.735556,0.1160333,7.735556
139.23,-9.730657,0.1160333,-33.39278,7.735556,0.1160333,7.735556
139.24,-9.737015,0.1160333,-33.4146,7.735556,0.1160333,7.735556
139.25,-9.737015,0.1160333,-33.4146,7.735556,0.1160333,7.735556
139.26,-9.730657,0.1160667,-33.39278,7.737778,0.1160667,7.737778
139.27,-9.725888,0.1160667,-33.37642,7.737778,0.1160667,7.737778
139.28,-9.72271,0.1160667,-33.36551,7.737778,0.1160667,7.737778
139.29,-9.730657,0.1160667,-33.39278,7.737778,0.1160667,7.737778
139.3,-9.75132,0.1161,-33.46369,7.74,0.1161,7.74
139.31,-9.771983,0.1161,-33.5346,7.74,0.1161,7.74
139.32,-9.786288,0.1161,-33.58369,7.74,0.1161,7.74
139.33,-9.786288,0.1161,-33.58369,7.74,0.1161,7.74
139.34,-9.77834,0.1161333,-33.55642,7.742222,0.1161333,7.742222
139.35,-9.771983,0.1161333,-33.5346,7.742222,0.1161333,7.742222
139.36,-9.770393,0.1161333,-33.52914,7.742222,0.1161333,7.742222
139.37,-9.765625,0.1161333,-33.51278,7.742222,0.1161333,7.742222
139.38,-9.759267,0.1161667,-33.49096,7.744444,0.1161667,7.744444
139.39,-9.754498,0.1161667,-33.4746,7.744444,0.1161667,7.744444
139.4,-9.74973,0.1161667,-33.45823,7.744444,0.1161667,7.744444
139.41,-9.746552,0.1161667,-33.44733,7.744444,0.1161667,7.744444
139.42,-9.75132,0.1162,-33.46369,7.746667,0.1162,7.746667
139.43,-9.759267,0.1162,-33.49096,7.746667,0.1162,7.746667
139.44,-9.762446,0.1162,-33.50187,7.746667,0.1162,7.746667
139.45,-9.762446,0.1162,-33.50187,7.746667,0.1162,7.746667
139.46,-9.757678,0.1162333,-33.48551,7.748889,0.1162333,7.748889
139.47,-9.746552,0.1162333,-33.44733,7.748889,0.1162333,7.748889
139.48,-9.741783,0.1162333,-33.43096,7.748889,0.1162333,7.748889
139.49,-9.738605,0.1162333,-33.42006,7.748889,0.1162333,7.748889
139.5,-9.733836,0.1162667,-33.40369,7.751111,0.1162667,7.751111
139.51,-9.72271,0.1162667,-33.36551,7.751111,0.1162667,7.751111
139.52,-9.725888,0.1162667,-33.37642,7.751111,0.1162667,7.751111
139.53,-9.743373,0.1162667,-33.43642,7.751111,0.1162667,7.751111
139.54,-9.759267,0.1163,-33.49096,7.753334,0.1163,7.753334
139.55,-9.754498,0.1163,-33.4746,7.753334,0.1163,7.753334
139.56,-9.738605,0.1163,-33.42006,7.753334,0.1163,7.753334
