time,force,stroke,stress,strain_stroke,disp,strain_disp
0.0,0.1080831,0.0,0.3557705,0.0,0.0,0.0
0.01,0.1001358,0.0,0.3296109,0.0,0.0,0.0
0.02,0.08742014,0.0,0.2877555,0.0,0.0,0.0
0.03,0.08583069,0.0,0.2825236,0.0,0.0,0.0
0.04,0.1033147,3.333333e-05,0.3400748,0.002222222,3.333333e-05,0.002222222
0.05,0.1192093,3.333333e-05,0.3923939,0.002222222,3.333333e-05,0.002222222
0.06,0.1144409,3.333333e-05,0.3766982,0.002222222,3.333333e-05,0.002222222
0.07,0.1001358,6.666667e-05,0.3296109,0.004444445,6.666667e-05,0.004444445
0.08,0.09218851,6.666667e-05,0.3034513,0.004444445,6.666667e-05,0.004444445
0.09,0.09059906,6.666667e-05,0.2982194,0.004444445,6.666667e-05,0.004444445
0.1,0.08265177,6.666667e-05,0.2720598,0.004444445,6.666667e-05,0.004444445
0.11,0.07470449,6.666667e-05,0.2459002,0.004444445,6.666667e-05,0.004444445
0.12,0.08265177,0.0001,0.2720598,0.006666667,0.0001,0.006666667
0.13,0.1001358,0.0001,0.3296109,0.006666667,0.0001,0.006666667
0.14,0.1160304,0.0001,0.3819301,0.006666667,0.0001,0.006666667
0.15,0.1271566,0.0001,0.4185535,0.006666667,0.0001,0.006666667
0.16,0.1351039,0.0001333333,0.4447132,0.008888889,0.0001333333,0.008888889
0.17,0.1446406,0.0001333333,0.4761047,0.008888889,0.0001333333,0.008888889
0.18,0.1573563,0.0001333333,0.51796,0.008888889,0.0001333333,0.008888889
0.19,0.1716614,0.0001666667,0.5650473,0.01111111,0.0001666667,0.01111111
0.2,0.1764297,0.0001666667,0.5807431,0.01111111,0.0001666667,0.01111111
0.21,0.1780192,0.0001666667,0.585975,0.01111111,0.0001666667,0.01111111
0.22,0.1859665,0.0001666667,0.6121346,0.01111111,0.0001666667,0.01111111
0.23,0.1859665,0.0002,0.6121346,0.01333333,0.0002,0.01333333
0.24,0.1764297,0.0002,0.5807431,0.01333333,0.0002,0.01333333
0.25,0.1637141,0.0002,0.5388877,0.01333333,0.0002,0.01333333
0.26,0.1525879,0.0002,0.5022643,0.01333333,0.0002,0.01333333
0.27,0.1525879,0.0002,0.5022643,0.01333333,0.0002,0.01333333
0.28,0.1684825,0.0002333333,0.5545835,0.01555556,0.0002333333,0.01555556
0.29,0.2002716,0.0002333333,0.6592218,0.01555556,0.0002333333,0.01555556
0.3,0.2304713,0.0002333333,0.7586283,0.01555556,0.0002333333,0.01555556
0.31,0.2574921,0.0002333333,0.847571,0.01555556,0.0002333333,0.01555556
0.32,0.2749761,0.0002666667,0.9051221,0.01777778,0.0002666667,0.01777778
0.33,0.2876917,0.0002666667,0.9469774,0.01777778,0.0002666667,0.01777778
0.34,0.2924601,0.0002666667,0.9626731,0.01777778,0.0002666667,0.01777778
0.35,0.2924601,0.0003,0.9626731,0.02,0.0003,0.02
0.36,0.2924601,0.0003,0.9626731,0.02,0.0003,0.02
0.37,0.295639,0.0003,0.973137,0.02,0.0003,0.02
0.38,0.298818,0.0003,0.9836009,0.02,0.0003,0.02
0.39,0.2924601,0.0003333333,0.9626731,0.02222222,0.0003333333,0.02222222
0.4,0.2924601,0.0003333333,0.9626731,0.02222222,0.0003333333,0.02222222
0.41,0.3067652,0.0003333333,1.00976,0.02222222,0.0003333333,0.02222222
0.42,0.3210703,0.0003333333,1.056848,0.02222222,0.0003333333,0.02222222
0.43,0.3369649,0.0003666667,1.109167,0.02444444,0.0003666667,0.02444444
0.44,0.3528595,0.0003666667,1.161486,0.02444444,0.0003666667,0.02444444
0.45,0.3687541,0.0003666667,1.213805,0.02444444,0.0003666667,0.02444444
0.46,0.3814697,0.0003666667,1.255661,0.02444444,0.0003666667,0.02444444
0.47,0.3941854,0.0004,1.297516,0.02666667,0.0004,0.02666667
0.48,0.4053116,0.0004,1.334139,0.02666667,0.0004,0.02666667
0.49,0.4132589,0.0004,1.360299,0.02666667,0.0004,0.02666667
0.5,0.4084905,0.0004,1.344603,0.02666667,0.0004,0.02666667
0.51,0.4053116,0.0004,1.334139,0.02666667,0.0004,0.02666667
0.52,0.4180273,0.0004333333,1.375995,0.02888889,0.0004333333,0.02888889
0.53,0.4434586,0.0004333333,1.459705,0.02888889,0.0004333333,0.02888889
0.54,0.4673004,0.0004333333,1.538184,0.02888889,0.0004333333,0.02888889
0.55,0.4863739,0.0004333333,1.600967,0.02888889,0.0004333333,0.02888889
0.56,0.4959106,0.0004666667,1.632359,0.03111111,0.0004666667,0.03111111
0.57,0.500679,0.0004666667,1.648055,0.03111111,0.0004666667,0.03111111
0.58,0.5070369,0.0004666667,1.668982,0.03111111,0.0004666667,0.03111111
0.59,0.5149841,0.0005,1.695142,0.03333334,0.0005,0.03333334
0.6,0.5245209,0.0005,1.726533,0.03333334,0.0005,0.03333334
0.61,0.5356471,0.0005,1.763157,0.03333334,0.0005,0.03333334
0.62,0.5435944,0.0005,1.789316,0.03333334,0.0005,0.03333334
0.63,0.5531311,0.0005333333,1.820708,0.03555556,0.0005333333,0.03555556
0.64,0.5658467,0.0005333333,1.862563,0.03555556,0.0005333333,0.03555556
0.65,0.5737941,0.0005333333,1.888723,0.03555556,0.0005333333,0.03555556
0.66,0.5737941,0.0005333333,1.888723,0.03555556,0.0005333333,0.03555556
0.67,0.5801519,0.0005333333,1.909651,0.03555556,0.0005333333,0.03555556
0.68,0.5896886,0.0005666667,1.941042,0.03777778,0.0005666667,0.03777778
0.69,0.6008148,0.0005666667,1.977666,0.03777778,0.0005666667,0.03777778
0.7,0.6103516,0.0005666667,2.009057,0.03777778,0.0005666667,0.03777778
0.71,0.6230672,0.0005666667,2.050912,0.03777778,0.0005666667,0.03777778
0.72,0.6389618,0.0006,2.103232,0.04,0.0006,0.04
0.73,0.6580353,0.0006,2.166015,0.04,0.0006,0.04
0.74,0.6723404,0.0006,2.213102,0.04,0.0006,0.04
0.75,0.688235,0.0006333333,2.265421,0.04222222,0.0006333333,0.04222222
0.76,0.7041295,0.0006333333,2.31774,0.04222222,0.0006333333,0.04222222
0.77,0.7247925,0.0006333333,2.385755,0.04222222,0.0006333333,0.04222222
0.78,0.7406871,0.0006333333,2.438075,0.04222222,0.0006333333,0.04222222
0.79,0.7534027,0.0006666667,2.47993,0.04444445,0.0006666667,0.04444445
0.8,0.7661183,0.0006666667,2.521785,0.04444445,0.0006666667,0.04444445
0.81,0.7851918,0.0006666667,2.584568,0.04444445,0.0006666667,0.04444445
0.82,0.7979075,0.0006666667,2.626424,0.04444445,0.0006666667,0.04444445
0.83,0.8058548,0.0007,2.652583,0.04666667,0.0007,0.04666667
0.84,0.8138021,0.0007,2.678743,0.04666667,0.0007,0.04666667
0.85,0.8217494,0.0007,2.704902,0.04666667,0.0007,0.04666667
0.86,0.8312861,0.0007,2.736294,0.04666667,0.0007,0.04666667
0.87,0.8392334,0.0007,2.762453,0.04666667,0.0007,0.04666667
0.88,0.8471807,0.0007333333,2.788613,0.04888889,0.0007333333,0.04888889
0.89,0.8503596,0.0007333333,2.799077,0.04888889,0.0007333333,0.04888889
0.9,0.8583069,0.0007333333,2.825237,0.04888889,0.0007333333,0.04888889
0.91,0.8678436,0.0007333333,2.856628,0.04888889,0.0007333333,0.04888889
0.92,0.8742015,0.0007666667,2.877556,0.05111111,0.0007666667,0.05111111
0.93,0.8837382,0.0007666667,2.908947,0.05111111,0.0007666667,0.05111111
0.94,0.8964539,0.0007666667,2.950803,0.05111111,0.0007666667,0.05111111
0.95,0.9155273,0.0007666667,3.013586,0.05111111,0.0007666667,0.05111111
0.96,0.9330114,0.0008,3.071137,0.05333333,0.0008,0.05333333
0.97,0.9409587,0.0008,3.097296,0.05333333,0.0008,0.05333333
0.98,0.928243,0.0008,3.055441,0.05333333,0.0008,0.05333333
0.99,0.9155273,0.0008333334,3.013586,0.05555556,0.0008333334,0.05555556
1.0,0.9202957,0.0008333334,3.029281,0.05555556,0.0008333334,0.05555556
1.01,0.9409587,0.0008333334,3.097296,0.05555556,0.0008333334,0.05555556
1.02,0.9648005,0.0008333334,3.175775,0.05555556,0.0008333334,0.05555556
1.03,0.9950002,0.0008666667,3.275182,0.05777778,0.0008666667,0.05777778
1.04,1.02361,0.0008666667,3.369356,0.05777778,0.0008666667,0.05777778
1.05,1.037916,0.0008666667,3.416444,0.05777778,0.0008666667,0.05777778
1.06,1.029968,0.0008666667,3.390284,0.05777778,0.0008666667,0.05777778
1.07,1.018842,0.0008666667,3.35366,0.05777778,0.0008666667,0.05777778
1.08,1.017253,0.0009,3.348428,0.06,0.0009,0.06
1.09,1.029968,0.0009,3.390284,0.06,0.0009,0.06
1.1,1.045863,0.0009,3.442603,0.06,0.0009,0.06
1.11,1.063347,0.0009,3.500154,0.06,0.0009,0.06
1.12,1.091957,0.0009333334,3.594329,0.06222222,0.0009333334,0.06222222
1.13,1.128515,0.0009333334,3.714663,0.06222222,0.0009333334,0.06222222
1.14,1.157125,0.0009333334,3.808837,0.06222222,0.0009333334,0.06222222
1.15,1.166662,0.0009333334,3.840229,0.06222222,0.0009333334,0.06222222
1.16,1.173019,0.0009666667,3.861156,0.06444445,0.0009666667,0.06444445
1.17,1.173019,0.0009666667,3.861156,0.06444445,0.0009666667,0.06444445
1.18,1.166662,0.0009666667,3.840229,0.06444445,0.0009666667,0.06444445
1.19,1.160304,0.001,3.819301,0.06666667,0.001,0.06666667
1.2,1.161893,0.001,3.824533,0.06666667,0.001,0.06666667
1.21,1.165072,0.001,3.834997,0.06666667,0.001,0.06666667
1.22,1.173019,0.001,3.861156,0.06666667,0.001,0.06666667
1.23,1.185735,0.001033333,3.903012,0.06888889,0.001033333,0.06888889
1.24,1.20163,0.001033333,3.955331,0.06888889,0.001033333,0.06888889
1.25,1.209577,0.001033333,3.981491,0.06888889,0.001033333,0.06888889
1.26,1.211166,0.001033333,3.986722,0.06888889,0.001033333,0.06888889
1.27,1.219114,0.001033333,4.012882,0.06888889,0.001033333,0.06888889
1.28,1.23024,0.001066667,4.049506,0.07111111,0.001066667,0.07111111
1.29,1.239777,0.001066667,4.080897,0.07111111,0.001066667,0.07111111
1.3,1.25885,0.001066667,4.14368,0.07111111,0.001066667,0.07111111
1.31,1.284281,0.001066667,4.227391,0.07111111,0.001066667,0.07111111
1.32,1.312892,0.0011,4.321565,0.07333333,0.0011,0.07333333
1.33,1.336733,0.0011,4.400044,0.07333333,0.0011,0.07333333
1.34,1.357396,0.0011,4.468059,0.07333333,0.0011,0.07333333
1.35,1.37488,0.0011,4.52561,0.07333333,0.0011,0.07333333
1.36,1.390775,0.001133333,4.577929,0.07555556,0.001133333,0.07555556
1.37,1.397133,0.001133333,4.598857,0.07555556,0.001133333,0.07555556
1.38,1.398722,0.001133333,4.604089,0.07555556,0.001133333,0.07555556
1.39,1.403491,0.001166667,4.619785,0.07777777,0.001166667,0.07777777
1.4,1.411438,0.001166667,4.645945,0.07777777,0.001166667,0.07777777
1.41,1.414617,0.001166667,4.656408,0.07777777,0.001166667,0.07777777
1.42,1.411438,0.001166667,4.645945,0.07777777,0.001166667,0.07777777
1.43,1.403491,0.0012,4.619785,0.08000001,0.0012,0.08000001
1.44,1.397133,0.0012,4.598857,0.08000001,0.0012,0.08000001
1.45,1.397133,0.0012,4.598857,0.08000001,0.0012,0.08000001
1.46,1.419385,0.0012,4.672104,0.08000001,0.0012,0.08000001
1.47,1.455943,0.0012,4.792438,0.08000001,0.0012,0.08000001
1.48,1.476606,0.001233333,4.860453,0.08222222,0.001233333,0.08222222
1.49,1.475016,0.001233333,4.855221,0.08222222,0.001233333,0.08222222
1.5,1.468658,0.001233333,4.834293,0.08222222,0.001233333,0.08222222
1.51,1.482964,0.001233333,4.881381,0.08222222,0.001233333,0.08222222
1.52,1.503626,0.001266667,4.949396,0.08444445,0.001266667,0.08444445
1.53,1.521111,0.001266667,5.006947,0.08444445,0.001266667,0.08444445
1.54,1.532237,0.001266667,5.04357,0.08444445,0.001266667,0.08444445
1.55,1.541773,0.001266667,5.074962,0.08444445,0.001266667,0.08444445
1.56,1.557668,0.0013,5.127281,0.08666667,0.0013,0.08666667
1.57,1.573563,0.0013,5.1796,0.08666667,0.0013,0.08666667
1.58,1.58151,0.0013,5.20576,0.08666667,0.0013,0.08666667
1.59,1.583099,0.001333333,5.210992,0.08888889,0.001333333,0.08888889
1.6,1.58151,0.001333333,5.20576,0.08888889,0.001333333,0.08888889
1.61,1.578331,0.001333333,5.195296,0.08888889,0.001333333,0.08888889
1.62,1.575152,0.001333333,5.184832,0.08888889,0.001333333,0.08888889
1.63,1.591047,0.001366667,5.237152,0.09111111,0.001366667,0.09111111
1.64,1.622836,0.001366667,5.34179,0.09111111,0.001366667,0.09111111
1.65,1.659393,0.001366667,5.462124,0.09111111,0.001366667,0.09111111
1.66,1.684825,0.001366667,5.545835,0.09111111,0.001366667,0.09111111
1.67,1.692772,0.0014,5.571994,0.09333334,0.0014,0.09333334
1.68,1.688004,0.0014,5.556298,0.09333334,0.0014,0.09333334
1.69,1.684825,0.0014,5.545835,0.09333334,0.0014,0.09333334
1.7,1.688004,0.0014,5.556298,0.09333334,0.0014,0.09333334
1.71,1.69754,0.0014,5.58769,0.09333334,0.0014,0.09333334
1.72,1.713435,0.001433333,5.640009,0.09555556,0.001433333,0.09555556
1.73,1.729329,0.001433333,5.692328,0.09555556,0.001433333,0.09555556
1.74,1.748403,0.001433333,5.755111,0.09555556,0.001433333,0.09555556
1.75,1.773834,0.001433333,5.838822,0.09555556,0.001433333,0.09555556
1.76,1.797676,0.001466667,5.917301,0.09777778,0.001466667,0.09777778
1.77,1.807213,0.001466667,5.948692,0.09777778,0.001466667,0.09777778
1.78,1.807213,0.001466667,5.948692,0.09777778,0.001466667,0.09777778
1.79,1.802444,0.0015,5.932997,0.1,0.0015,0.1
1.8,1.805623,0.0015,5.94346,0.1,0.0015,0.1
1.81,1.810392,0.0015,5.959157,0.1,0.0015,0.1
1.82,1.818339,0.0015,5.985316,0.1,0.0015,0.1
1.83,1.827876,0.001533333,6.016707,0.1022222,0.001533333,0.1022222
1.84,1.840591,0.001533333,6.058563,0.1022222,0.001533333,0.1022222
1.85,1.856486,0.001533333,6.110882,0.1022222,0.001533333,0.1022222
1.86,1.867612,0.001533333,6.147505,0.1022222,0.001533333,0.1022222
1.87,1.875559,0.001533333,6.173665,0.1022222,0.001533333,0.1022222
1.88,1.867612,0.001566667,6.147505,0.1044444,0.001566667,0.1044444
1.89,1.851718,0.001566667,6.095186,0.1044444,0.001566667,0.1044444
1.9,1.84377,0.001566667,6.069026,0.1044444,0.001566667,0.1044444
1.91,1.862844,0.001566667,6.13181,0.1044444,0.001566667,0.1044444
1.92,1.893044,0.0016,6.231216,0.1066667,0.0016,0.1066667
1.93,1.924833,0.0016,6.335855,0.1066667,0.0016,0.1066667
1.94,1.953443,0.0016,6.430029,0.1066667,0.0016,0.1066667
1.95,1.966159,0.0016,6.471884,0.1066667,0.0016,0.1066667
1.96,1.969337,0.001633333,6.482348,0.1088889,0.001633333,0.1088889
1.97,1.974106,0.001633333,6.498044,0.1088889,0.001633333,0.1088889
1.98,1.99,0.001633333,6.550363,0.1088889,0.001633333,0.1088889
1.99,2.002716,0.001666667,6.592218,0.1111111,0.001666667,0.1111111
2.0,2.005895,0.001666667,6.602682,0.1111111,0.001666667,0.1111111
2.01,2.002716,0.001666667,6.592218,0.1111111,0.001666667,0.1111111
2.02,2.005895,0.001666667,6.602682,0.1111111,0.001666667,0.1111111
2.03,2.023379,0.001666667,6.660233,0.1111111,0.001666667,0.1111111
2.04,2.04881,0.0017,6.743944,0.1133333,0.0017,0.1133333
2.05,2.071063,0.0017,6.817191,0.1133333,0.0017,0.1133333
2.06,2.07742,0.0017,6.838119,0.1133333,0.0017,0.1133333
2.07,2.072652,0.0017,6.822423,0.1133333,0.0017,0.1133333
2.08,2.063115,0.001733333,6.791031,0.1155556,0.001733333,0.1155556
2.09,2.064705,0.001733333,6.796263,0.1155556,0.001733333,0.1155556
2.1,2.0806,0.001733333,6.848583,0.1155556,0.001733333,0.1155556
2.11,2.091726,0.001733333,6.885206,0.1155556,0.001733333,0.1155556
2.12,2.093315,0.001766667,6.890438,0.1177778,0.001766667,0.1177778
2.13,2.099673,0.001766667,6.911366,0.1177778,0.001766667,0.1177778
2.14,2.112389,0.001766667,6.953221,0.1177778,0.001766667,0.1177778
2.15,2.128283,0.001766667,7.00554,0.1177778,0.001766667,0.1177778
2.16,2.148946,0.0018,7.073555,0.12,0.0018,0.12
2.17,2.171199,0.0018,7.146802,0.12,0.0018,0.12
2.18,2.199809,0.0018,7.240977,0.12,0.0018,0.12
2.19,2.218882,0.001833333,7.30376,0.1222222,0.001833333,0.1222222
2.2,2.22683,0.001833333,7.329919,0.1222222,0.001833333,0.1222222
2.21,2.22683,0.001833333,7.329919,0.1222222,0.001833333,0.1222222
2.22,2.218882,0.001833333,7.30376,0.1222222,0.001833333,0.1222222
2.23,2.218882,0.001833333,7.30376,0.1222222,0.001833333,0.1222222
2.24,2.228419,0.001866667,7.335151,0.1244444,0.001866667,0.1244444
2.25,2.242724,0.001866667,7.382238,0.1244444,0.001866667,0.1244444
2.26,2.252261,0.001866667,7.41363,0.1244444,0.001866667,0.1244444
2.27,2.268155,0.001866667,7.465949,0.1244444,0.001866667,0.1244444
2.28,2.28564,0.0019,7.5235,0.1266667,0.0019,0.1266667
2.29,2.306302,0.0019,7.591515,0.1266667,0.0019,0.1266667
2.3,2.31425,0.0019,7.617675,0.1266667,0.0019,0.1266667
2.31,2.31425,0.0019,7.617675,0.1266667,0.0019,0.1266667
2.32,2.306302,0.001933333,7.591515,0.1288889,0.001933333,0.1288889
2.33,2.304713,0.001933333,7.586283,0.1288889,0.001933333,0.1288889
2.34,2.320607,0.001933333,7.638602,0.1288889,0.001933333,0.1288889
2.35,2.338092,0.001933333,7.696154,0.1288889,0.001933333,0.1288889
2.36,2.349218,0.001966667,7.732777,0.1311111,0.001966667,0.1311111
2.37,2.357165,0.001966667,7.758937,0.1311111,0.001966667,0.1311111
2.38,2.37147,0.001966667,7.806024,0.1311111,0.001966667,0.1311111
2.39,2.390544,0.002,7.868807,0.1333333,0.002,0.1333333
2.4,2.40008,0.002,7.900198,0.1333333,0.002,0.1333333
2.41,2.403259,0.002,7.910662,0.1333333,0.002,0.1333333
2.42,2.411206,0.002,7.936821,0.1333333,0.002,0.1333333
2.43,2.427101,0.002033333,7.989141,0.1355556,0.002033333,0.1355556
2.44,2.444585,0.002033333,8.046692,0.1355556,0.002033333,0.1355556
2.45,2.457301,0.002033333,8.088548,0.1355556,0.002033333,0.1355556
2.46,2.46048,0.002033333,8.099011,0.1355556,0.002033333,0.1355556
2.47,2.468427,0.002033333,8.125171,0.1355556,0.002033333,0.1355556
2.48,2.484322,0.002066667,8.17749,0.1377778,0.002066667,0.1377778
2.49,2.500216,0.002066667,8.22981,0.1377778,0.002066667,0.1377778
2.5,2.504985,0.002066667,8.245505,0.1377778,0.002066667,0.1377778
2.51,2.501806,0.002066667,8.235041,0.1377778,0.002066667,0.1377778
2.52,2.509753,0.0021,8.261201,0.14,0.0021,0.14
2.53,2.525647,0.0021,8.313519,0.14,0.0021,0.14
2.54,2.538363,0.0021,8.355375,0.14,0.0021,0.14
2.55,2.549489,0.0021,8.391998,0.14,0.0021,0.14
2.56,2.565384,0.002133333,8.444318,0.1422222,0.002133333,0.1422222
2.57,2.586047,0.002133333,8.512333,0.1422222,0.002133333,0.1422222
2.58,2.608299,0.002133333,8.58558,0.1422222,0.002133333,0.1422222
2.59,2.622604,0.002133333,8.632667,0.1422222,0.002133333,0.1422222
2.6,2.619426,0.002166667,8.622204,0.1444445,0.002166667,0.1444445
2.61,2.614657,0.002166667,8.606507,0.1444445,0.002166667,0.1444445
2.62,2.622604,0.002166667,8.632667,0.1444445,0.002166667,0.1444445
2.63,2.63532,0.0022,8.674522,0.1466667,0.0022,0.1466667
2.64,2.643267,0.0022,8.700683,0.1466667,0.0022,0.1466667
2.65,2.644857,0.0022,8.705914,0.1466667,0.0022,0.1466667
2.66,2.652804,0.0022,8.732074,0.1466667,0.0022,0.1466667
2.67,2.66393,0.0022,8.768697,0.1466667,0.0022,0.1466667
2.68,2.676646,0.002233333,8.810553,0.1488889,0.002233333,0.1488889
2.69,2.686183,0.002233333,8.841944,0.1488889,0.002233333,0.1488889
2.7,2.69413,0.002233333,8.868103,0.1488889,0.002233333,0.1488889
2.71,2.702077,0.002233333,8.894262,0.1488889,0.002233333,0.1488889
2.72,2.702077,0.002266667,8.894262,0.1511111,0.002266667,0.1511111
2.73,2.69413,0.002266667,8.868103,0.1511111,0.002266667,0.1511111
2.74,2.686183,0.002266667,8.841944,0.1511111,0.002266667,0.1511111
2.75,2.69413,0.002266667,8.868103,0.1511111,0.002266667,0.1511111
2.76,2.714793,0.0023,8.936118,0.1533333,0.0023,0.1533333
2.77,2.738635,0.0023,9.014597,0.1533333,0.0023,0.1533333
2.78,2.759298,0.0023,9.082612,0.1533333,0.0023,0.1533333
2.79,2.775192,0.002333333,9.134932,0.1555555,0.002333333,0.1555555
2.8,2.786319,0.002333333,9.171555,0.1555555,0.002333333,0.1555555
2.81,2.787908,0.002333333,9.176786,0.1555555,0.002333333,0.1555555
2.82,2.783139,0.002333333,9.161091,0.1555555,0.002333333,0.1555555
2.83,2.778371,0.002333333,9.145395,0.1555555,0.002333333,0.1555555
2.84,2.786319,0.002366667,9.171555,0.1577778,0.002366667,0.1577778
2.85,2.808571,0.002366667,9.244802,0.1577778,0.002366667,0.1577778
2.86,2.832413,0.002366667,9.32328,0.1577778,0.002366667,0.1577778
2.87,2.845128,0.002366667,9.365135,0.1577778,0.002366667,0.1577778
2.88,2.851486,0.0024,9.386064,0.16,0.0024,0.16
2.89,2.851486,0.0024,9.386064,0.16,0.0024,0.16
2.9,2.845128,0.0024,9.365135,0.16,0.0024,0.16
2.91,2.853076,0.0024,9.391295,0.16,0.0024,0.16
2.92,2.873739,0.002433333,9.45931,0.1622222,0.002433333,0.1622222
2.93,2.894402,0.002433333,9.527326,0.1622222,0.002433333,0.1622222
2.94,2.913475,0.002433333,9.590108,0.1622222,0.002433333,0.1622222
2.95,2.926191,0.002433333,9.631964,0.1622222,0.002433333,0.1622222
2.96,2.934138,0.002466667,9.658123,0.1644444,0.002466667,0.1644444
2.97,2.937317,0.002466667,9.668587,0.1644444,0.002466667,0.1644444
2.98,2.938906,0.002466667,9.67382,0.1644444,0.002466667,0.1644444
2.99,2.950032,0.0025,9.710443,0.1666667,0.0025,0.1666667
3.0,2.970695,0.0025,9.778458,0.1666667,0.0025,0.1666667
3.01,2.994537,0.0025,9.856936,0.1666667,0.0025,0.1666667
3.02,3.012021,0.0025,9.914487,0.1666667,0.0025,0.1666667
3.03,3.024737,0.002533333,9.956343,0.1688889,0.002533333,0.1688889
3.04,3.032684,0.002533333,9.982502,0.1688889,0.002533333,0.1688889
3.05,3.0454,0.002533333,10.02436,0.1688889,0.002533333,0.1688889
3.06,3.059705,0.002533333,10.07144,0.1688889,0.002533333,0.1688889
3.07,3.069242,0.002566667,10.10284,0.1711111,0.002566667,0.1711111
3.08,3.072421,0.002566667,10.1133,0.1711111,0.002566667,0.1711111
3.09,3.077189,0.002566667,10.129,0.1711111,0.002566667,0.1711111
3.1,3.089905,0.002566667,10.17085,0.1711111,0.002566667,0.1711111
3.11,3.10262,0.002566667,10.21271,0.1711111,0.002566667,0.1711111
3.12,3.116925,0.0026,10.25979,0.1733333,0.0026,0.1733333
3.13,3.131231,0.0026,10.30688,0.1733333,0.0026,0.1733333
3.14,3.150304,0.0026,10.36966,0.1733333,0.0026,0.1733333
3.15,3.158252,0.002633333,10.39582,0.1755556,0.002633333,0.1755556
3.16,3.151894,0.002633333,10.3749,0.1755556,0.002633333,0.1755556
3.17,3.139178,0.002633333,10.33304,0.1755556,0.002633333,0.1755556
3.18,3.131231,0.002633333,10.30688,0.1755556,0.002633333,0.1755556
3.19,3.139178,0.002666667,10.33304,0.1777778,0.002666667,0.1777778
3.2,3.159841,0.002666667,10.40106,0.1777778,0.002666667,0.1777778
3.21,3.186862,0.002666667,10.49,0.1777778,0.002666667,0.1777778
3.22,3.207525,0.002666667,10.55801,0.1777778,0.002666667,0.1777778
3.23,3.217061,0.0027,10.5894,0.18,0.0027,0.18
3.24,3.217061,0.0027,10.5894,0.18,0.0027,0.18
3.25,3.217061,0.0027,10.5894,0.18,0.0027,0.18
3.26,3.231366,0.0027,10.63649,0.18,0.0027,0.18
3.27,3.256798,0.0027,10.7202,0.18,0.0027,0.18
3.28,3.285408,0.002733333,10.81438,0.1822222,0.002733333,0.1822222
3.29,3.310839,0.002733333,10.89809,0.1822222,0.002733333,0.1822222
3.3,3.329913,0.002733333,10.96087,0.1822222,0.002733333,0.1822222
3.31,3.33786,0.002733333,10.98703,0.1822222,0.002733333,0.1822222
3.32,3.334681,0.002766667,10.97657,0.1844444,0.002766667,0.1844444
3.33,3.326734,0.002766667,10.95041,0.1844444,0.002766667,0.1844444
3.34,3.318787,0.002766667,10.92425,0.1844444,0.002766667,0.1844444
3.35,3.314018,0.002766667,10.90855,0.1844444,0.002766667,0.1844444
3.36,3.321965,0.0028,10.93471,0.1866667,0.0028,0.1866667
3.37,3.33945,0.0028,10.99226,0.1866667,0.0028,0.1866667
3.38,3.36647,0.0028,11.08121,0.1866667,0.0028,0.1866667
3.39,3.382365,0.002833333,11.13352,0.1888889,0.002833333,0.1888889
3.4,3.388723,0.002833333,11.15445,0.1888889,0.002833333,0.1888889
3.41,3.403028,0.002833333,11.20154,0.1888889,0.002833333,0.1888889
3.42,3.420512,0.002833333,11.25909,0.1888889,0.002833333,0.1888889
3.43,3.444354,0.002866667,11.33757,0.1911111,0.002866667,0.1911111
3.44,3.468196,0.002866667,11.41605,0.1911111,0.002866667,0.1911111
3.45,3.48568,0.002866667,11.4736,0.1911111,0.002866667,0.1911111
3.46,3.493627,0.002866667,11.49976,0.1911111,0.002866667,0.1911111
3.47,3.496806,0.002866667,11.51022,0.1911111,0.002866667,0.1911111
3.48,3.498395,0.0029,11.51545,0.1933333,0.0029,0.1933333
3.49,3.503164,0.0029,11.53115,0.1933333,0.0029,0.1933333
3.5,3.501574,0.0029,11.52592,0.1933333,0.0029,0.1933333
3.51,3.493627,0.0029,11.49976,0.1933333,0.0029,0.1933333
3.52,3.488858,0.002933333,11.48406,0.1955556,0.002933333,0.1955556
3.53,3.493627,0.002933333,11.49976,0.1955556,0.002933333,0.1955556
3.54,3.501574,0.002933333,11.52592,0.1955556,0.002933333,0.1955556
3.55,3.511111,0.002966667,11.55731,0.1977778,0.002966667,0.1977778
3.56,3.527005,0.002966667,11.60963,0.1977778,0.002966667,0.1977778
3.57,3.5429,0.002966667,11.66195,0.1977778,0.002966667,0.1977778
3.58,3.546079,0.002966667,11.67241,0.1977778,0.002966667,0.1977778
3.59,3.546079,0.002966667,11.67241,0.1977778,0.002966667,0.1977778
3.6,3.554026,0.003,11.69857,0.2,0.003,0.2
3.61,3.568331,0.003,11.74566,0.2,0.003,0.2
3.62,3.584226,0.003,11.79798,0.2,0.003,0.2
3.63,3.596942,0.003,11.83983,0.2,0.003,0.2
3.64,3.616015,0.003033333,11.90262,0.2022222,0.003033333,0.2022222
3.65,3.63191,0.003033333,11.95494,0.2022222,0.003033333,0.2022222
3.66,3.647804,0.003033333,12.00725,0.2022222,0.003033333,0.2022222
3.67,3.668467,0.003033333,12.07527,0.2022222,0.003033333,0.2022222
3.68,3.678004,0.003066667,12.10666,0.2044444,0.003066667,0.2044444
3.69,3.673236,0.003066667,12.09097,0.2044444,0.003066667,0.2044444
3.7,3.665288,0.003066667,12.06481,0.2044444,0.003066667,0.2044444
3.71,3.678004,0.003066667,12.10666,0.2044444,0.003066667,0.2044444
3.72,3.705025,0.0031,12.1956,0.2066667,0.0031,0.2066667
3.73,3.727277,0.0031,12.26885,0.2066667,0.0031,0.2066667
3.74,3.746351,0.0031,12.33163,0.2066667,0.0031,0.2066667
3.75,3.754298,0.0031,12.35779,0.2066667,0.0031,0.2066667
3.76,3.759066,0.003133333,12.37349,0.2088889,0.003133333,0.2088889
3.77,3.759066,0.003133333,12.37349,0.2088889,0.003133333,0.2088889
3.78,3.759066,0.003133333,12.37349,0.2088889,0.003133333,0.2088889
3.79,3.771782,0.003166667,12.41534,0.2111111,0.003166667,0.2111111
3.8,3.795624,0.003166667,12.49382,0.2111111,0.003166667,0.2111111
3.81,3.813108,0.003166667,12.55137,0.2111111,0.003166667,0.2111111
3.82,3.824234,0.003166667,12.588,0.2111111,0.003166667,0.2111111
3.83,3.829002,0.003166667,12.60369,0.2111111,0.003166667,0.2111111
3.84,3.829002,0.0032,12.60369,0.2133333,0.0032,0.2133333
3.85,3.813108,0.0032,12.55137,0.2133333,0.0032,0.2133333
3.86,3.800392,0.0032,12.50952,0.2133333,0.0032,0.2133333
3.87,3.811518,0.003233333,12.54614,0.2155556,0.003233333,0.2155556
3.88,3.833771,0.003233333,12.61939,0.2155556,0.003233333,0.2155556
3.89,3.854434,0.003233333,12.6874,0.2155556,0.003233333,0.2155556
3.9,3.870328,0.003233333,12.73972,0.2155556,0.003233333,0.2155556
3.91,3.890991,0.003233333,12.80774,0.2155556,0.003233333,0.2155556
3.92,3.911654,0.003266667,12.87575,0.2177778,0.003266667,0.2177778
3.93,3.925959,0.003266667,12.92284,0.2177778,0.003266667,0.2177778
3.94,3.930728,0.003266667,12.93854,0.2177778,0.003266667,0.2177778
3.95,3.933907,0.003266667,12.949,0.2177778,0.003266667,0.2177778
3.96,3.951391,0.0033,13.00655,0.22,0.0033,0.22
3.97,3.972054,0.0033,13.07457,0.22,0.0033,0.22
3.98,3.98318,0.0033,13.11119,0.22,0.0033,0.22
3.99,3.984769,0.0033,13.11642,0.22,0.0033,0.22
4.0,3.98318,0.003333333,13.11119,0.2222222,0.003333333,0.2222222
4.01,3.984769,0.003333333,13.11642,0.2222222,0.003333333,0.2222222
4.02,3.999074,0.003333333,13.16351,0.2222222,0.003333333,0.2222222
4.03,4.016558,0.003333333,13.22106,0.2222222,0.003333333,0.2222222
4.04,4.032453,0.003366667,13.27338,0.2244444,0.003366667,0.2244444
4.05,4.0404,0.003366667,13.29954,0.2244444,0.003366667,0.2244444
4.06,4.045168,0.003366667,13.31523,0.2244444,0.003366667,0.2244444
4.07,4.048347,0.003366667,13.3257,0.2244444,0.003366667,0.2244444
4.08,4.061063,0.0034,13.36755,0.2266667,0.0034,0.2266667
4.09,4.086494,0.0034,13.45126,0.2266667,0.0034,0.2266667
4.1,4.113515,0.0034,13.54021,0.2266667,0.0034,0.2266667
4.11,4.123052,0.0034,13.5716,0.2266667,0.0034,0.2266667
4.12,4.118284,0.003433333,13.5559,0.2288889,0.003433333,0.2288889
4.13,4.113515,0.003433333,13.54021,0.2288889,0.003433333,0.2288889
4.14,4.115105,0.003433333,13.54544,0.2288889,0.003433333,0.2288889
4.15,4.123052,0.003433333,13.5716,0.2288889,0.003433333,0.2288889
4.16,4.142126,0.003466667,13.63438,0.2311111,0.003466667,0.2311111
4.17,4.167557,0.003466667,13.71809,0.2311111,0.003466667,0.2311111
4.18,4.18822,0.003466667,13.78611,0.2311111,0.003466667,0.2311111
4.19,4.196167,0.003466667,13.81227,0.2311111,0.003466667,0.2311111
4.2,4.204114,0.0035,13.83843,0.2333333,0.0035,0.2333333
4.21,4.21683,0.0035,13.88028,0.2333333,0.0035,0.2333333
4.22,4.240672,0.0035,13.95876,0.2333333,0.0035,0.2333333
4.23,4.258156,0.003533333,14.01631,0.2355556,0.003533333,0.2355556
4.24,4.261335,0.003533333,14.02678,0.2355556,0.003533333,0.2355556
4.25,4.248619,0.003533333,13.98492,0.2355556,0.003533333,0.2355556
4.26,4.240672,0.003533333,13.95876,0.2355556,0.003533333,0.2355556
4.27,4.240672,0.003533333,13.95876,0.2355556,0.003533333,0.2355556
4.28,4.242261,0.003566667,13.96399,0.2377778,0.003566667,0.2377778
4.29,4.248619,0.003566667,13.98492,0.2377778,0.003566667,0.2377778
4.3,4.261335,0.003566667,14.02678,0.2377778,0.003566667,0.2377778
4.31,4.278819,0.003566667,14.08433,0.2377778,0.003566667,0.2377778
4.32,4.286766,0.0036,14.11049,0.24,0.0036,0.24
4.33,4.291534,0.0036,14.12618,0.24,0.0036,0.24
4.34,4.30584,0.0036,14.17327,0.24,0.0036,0.24
4.35,4.328092,0.003633333,14.24652,0.2422222,0.003633333,0.2422222
4.36,4.343987,0.003633333,14.29884,0.2422222,0.003633333,0.2422222
4.37,4.351934,0.003633333,14.325,0.2422222,0.003633333,0.2422222
4.38,4.36306,0.003633333,14.36162,0.2422222,0.003633333,0.2422222
4.39,4.372597,0.003633333,14.39301,0.2422222,0.003633333,0.2422222
4.4,4.375776,0.003666667,14.40347,0.2444445,0.003666667,0.2444445
4.41,4.378954,0.003666667,14.41394,0.2444445,0.003666667,0.2444445
4.42,4.401207,0.003666667,14.48718,0.2444445,0.003666667,0.2444445
4.43,4.432996,0.0037,14.59182,0.2466667,0.0037,0.2466667
4.44,4.445712,0.0037,14.63368,0.2466667,0.0037,0.2466667
4.45,4.440943,0.0037,14.61798,0.2466667,0.0037,0.2466667
4.46,4.436175,0.0037,14.60229,0.2466667,0.0037,0.2466667
4.47,4.445712,0.0037,14.63368,0.2466667,0.0037,0.2466667
4.48,4.466375,0.003733333,14.70169,0.2488889,0.003733333,0.2488889
4.49,4.485448,0.003733333,14.76448,0.2488889,0.003733333,0.2488889
4.5,4.499753,0.003733333,14.81156,0.2488889,0.003733333,0.2488889
4.51,4.502932,0.003733333,14.82203,0.2488889,0.003733333,0.2488889
4.52,4.498164,0.003766667,14.80633,0.2511111,0.003766667,0.2511111
4.53,4.494985,0.003766667,14.79587,0.2511111,0.003766667,0.2511111
4.54,4.51088,0.003766667,14.84819,0.2511111,0.003766667,0.2511111
4.55,4.534721,0.003766667,14.92667,0.2511111,0.003766667,0.2511111
4.56,4.560153,0.0038,15.01038,0.2533333,0.0038,0.2533333
4.57,4.579226,0.0038,15.07316,0.2533333,0.0038,0.2533333
4.58,4.583994,0.0038,15.08885,0.2533333,0.0038,0.2533333
4.59,4.580816,0.0038,15.07839,0.2533333,0.0038,0.2533333
4.6,4.583994,0.003833333,15.08885,0.2555555,0.003833333,0.2555555
4.61,4.599889,0.003833333,15.14118,0.2555555,0.003833333,0.2555555
4.62,4.614194,0.003833333,15.18826,0.2555555,0.003833333,0.2555555
4.63,4.622141,0.003866667,15.21442,0.2577778,0.003866667,0.2577778
4.64,4.6285,0.003866667,15.23535,0.2577778,0.003866667,0.2577778
4.65,4.636446,0.003866667,15.26151,0.2577778,0.003866667,0.2577778
4.66,4.649162,0.003866667,15.30336,0.2577778,0.003866667,0.2577778
4.67,4.650752,0.003866667,15.3086,0.2577778,0.003866667,0.2577778
4.68,4.650752,0.0039,15.3086,0.26,0.0039,0.26
4.69,4.653931,0.0039,15.31906,0.26,0.0039,0.26
4.7,4.665057,0.0039,15.35568,0.26,0.0039,0.26
4.71,4.679362,0.0039,15.40277,0.26,0.0039,0.26
4.72,4.693667,0.003933333,15.44986,0.2622222,0.003933333,0.2622222
4.73,4.700025,0.003933333,15.47079,0.2622222,0.003933333,0.2622222
4.74,4.707972,0.003933333,15.49694,0.2622222,0.003933333,0.2622222
4.75,4.719099,0.003933333,15.53357,0.2622222,0.003933333,0.2622222
4.76,4.731814,0.003966667,15.57542,0.2644444,0.003966667,0.2644444
4.77,4.736582,0.003966667,15.59112,0.2644444,0.003966667,0.2644444
4.78,4.755656,0.003966667,15.6539,0.2644444,0.003966667,0.2644444
4.79,4.793803,0.004,15.77947,0.2666667,0.004,0.2666667
4.8,4.83036,0.004,15.8998,0.2666667,0.004,0.2666667
4.81,4.836718,0.004,15.92073,0.2666667,0.004,0.2666667
4.82,4.825592,0.004,15.88411,0.2666667,0.004,0.2666667
4.83,4.822413,0.004,15.87364,0.2666667,0.004,0.2666667
4.84,4.83036,0.004033333,15.8998,0.2688889,0.004033333,0.2688889
4.85,4.844666,0.004033333,15.94689,0.2688889,0.004033333,0.2688889
4.86,4.851023,0.004033333,15.96782,0.2688889,0.004033333,0.2688889
4.87,4.858971,0.004033333,15.99398,0.2688889,0.004033333,0.2688889
4.88,4.870097,0.004066667,16.0306,0.2711111,0.004066667,0.2711111
4.89,4.879633,0.004066667,16.06199,0.2711111,0.004066667,0.2711111
4.9,4.885992,0.004066667,16.08292,0.2711111,0.004066667,0.2711111
4.91,4.885992,0.004066667,16.08292,0.2711111,0.004066667,0.2711111
4.92,4.887581,0.0041,16.08815,0.2733333,0.0041,0.2733333
4.93,4.898707,0.0041,16.12477,0.2733333,0.0041,0.2733333
4.94,4.916191,0.0041,16.18233,0.2733333,0.0041,0.2733333
4.95,4.930496,0.0041,16.22941,0.2733333,0.0041,0.2733333
4.96,4.936854,0.004133333,16.25034,0.2755556,0.004133333,0.2755556
4.97,4.940033,0.004133333,16.26081,0.2755556,0.004133333,0.2755556
4.98,4.944801,0.004133333,16.2765,0.2755556,0.004133333,0.2755556
4.99,4.963875,0.004133333,16.33928,0.2755556,0.004133333,0.2755556
5.0,4.979769,0.004166667,16.3916,0.2777778,0.004166667,0.2777778
5.01,4.984538,0.004166667,16.4073,0.2777778,0.004166667,0.2777778
5.02,4.989306,0.004166667,16.42299,0.2777778,0.004166667,0.2777778
5.03,4.994074,0.004166667,16.43869,0.2777778,0.004166667,0.2777778
5.04,5.002022,0.0042,16.46485,0.28,0.0042,0.28
5.05,5.008379,0.0042,16.48578,0.28,0.0042,0.28
5.06,5.017916,0.0042,16.51717,0.28,0.0042,0.28
5.07,5.03699,0.0042,16.57995,0.28,0.0042,0.28
5.08,5.059242,0.004233333,16.6532,0.2822222,0.004233333,0.2822222
5.09,5.078316,0.004233333,16.71598,0.2822222,0.004233333,0.2822222
5.1,5.087852,0.004233333,16.74737,0.2822222,0.004233333,0.2822222
5.11,5.102158,0.004233333,16.79446,0.2822222,0.004233333,0.2822222
5.12,5.12441,0.004266667,16.86771,0.2844445,0.004266667,0.2844445
5.13,5.145073,0.004266667,16.93572,0.2844445,0.004266667,0.2844445
5.14,5.151431,0.004266667,16.95665,0.2844445,0.004266667,0.2844445
5.15,5.151431,0.004266667,16.95665,0.2844445,0.004266667,0.2844445
5.16,5.156199,0.0043,16.97235,0.2866667,0.0043,0.2866667
5.17,5.160967,0.0043,16.98804,0.2866667,0.0043,0.2866667
5.18,5.164146,0.0043,16.99851,0.2866667,0.0043,0.2866667
5.19,5.172094,0.004333334,17.02467,0.2888889,0.004333334,0.2888889
5.2,5.189578,0.004333334,17.08222,0.2888889,0.004333334,0.2888889
5.21,5.202293,0.004333334,17.12407,0.2888889,0.004333334,0.2888889
5.22,5.208651,0.004333334,17.145,0.2888889,0.004333334,0.2888889
5.23,5.202293,0.004366667,17.12407,0.2911111,0.004366667,0.2911111
5.24,5.205472,0.004366667,17.13454,0.2911111,0.004366667,0.2911111
5.25,5.221367,0.004366667,17.18686,0.2911111,0.004366667,0.2911111
5.26,5.237261,0.004366667,17.23917,0.2911111,0.004366667,0.2911111
5.27,5.246798,0.004366667,17.27057,0.2911111,0.004366667,0.2911111
5.28,5.254745,0.0044,17.29673,0.2933333,0.0044,0.2933333
5.29,5.262693,0.0044,17.32289,0.2933333,0.0044,0.2933333
5.3,5.27064,0.0044,17.34904,0.2933333,0.0044,0.2933333
5.31,5.273819,0.0044,17.35951,0.2933333,0.0044,0.2933333
5.32,5.267461,0.004433333,17.33858,0.2955556,0.004433333,0.2955556
5.33,5.265872,0.004433333,17.33335,0.2955556,0.004433333,0.2955556
5.34,5.27064,0.004433333,17.34904,0.2955556,0.004433333,0.2955556
5.35,5.275408,0.004433333,17.36474,0.2955556,0.004433333,0.2955556
5.36,5.281766,0.004466667,17.38567,0.2977778,0.004466667,0.2977778
5.37,5.291303,0.004466667,17.41706,0.2977778,0.004466667,0.2977778
5.38,5.315145,0.004466667,17.49554,0.2977778,0.004466667,0.2977778
5.39,5.343755,0.004466667,17.58971,0.2977778,0.004466667,0.2977778
5.4,5.372365,0.0045,17.68389,0.3,0.0045,0.3
5.41,5.38826,0.0045,17.73621,0.3,0.0045,0.3
5.42,5.397797,0.0045,17.7676,0.3,0.0045,0.3
5.43,5.408923,0.0045,17.80422,0.3,0.0045,0.3
5.44,5.424818,0.004533333,17.85654,0.3022222,0.004533333,0.3022222
5.45,5.434354,0.004533333,17.88793,0.3022222,0.004533333,0.3022222
5.46,5.44548,0.004533333,17.92456,0.3022222,0.004533333,0.3022222
5.47,5.459785,0.004533333,17.97164,0.3022222,0.004533333,0.3022222
5.48,5.47568,0.004566667,18.02396,0.3044444,0.004566667,0.3044444
5.49,5.494753,0.004566667,18.08674,0.3044444,0.004566667,0.3044444
5.5,5.50429,0.004566667,18.11814,0.3044444,0.004566667,0.3044444
5.51,5.512238,0.004566667,18.1443,0.3044444,0.004566667,0.3044444
5.52,5.515417,0.0046,18.15476,0.3066667,0.0046,0.3066667
5.53,5.517006,0.0046,18.15999,0.3066667,0.0046,0.3066667
5.54,5.517006,0.0046,18.15999,0.3066667,0.0046,0.3066667
5.55,5.515417,0.0046,18.15476,0.3066667,0.0046,0.3066667
5.56,5.517006,0.004633334,18.15999,0.3088889,0.004633334,0.3088889
5.57,5.531311,0.004633334,18.20708,0.3088889,0.004633334,0.3088889
5.58,5.540848,0.004633334,18.23847,0.3088889,0.004633334,0.3088889
5.59,5.548795,0.004633334,18.26463,0.3088889,0.004633334,0.3088889
5.6,5.553564,0.004666667,18.28033,0.3111111,0.004666667,0.3111111
5.61,5.561511,0.004666667,18.30649,0.3111111,0.004666667,0.3111111
5.62,5.572637,0.004666667,18.34311,0.3111111,0.004666667,0.3111111
5.63,5.585352,0.0047,18.38496,0.3133333,0.0047,0.3133333
5.64,5.596479,0.0047,18.42159,0.3133333,0.0047,0.3133333
5.65,5.604426,0.0047,18.44775,0.3133333,0.0047,0.3133333
5.66,5.618731,0.0047,18.49483,0.3133333,0.0047,0.3133333
5.67,5.639394,0.0047,18.56285,0.3133333,0.0047,0.3133333
5.68,5.658468,0.004733333,18.62563,0.3155556,0.004733333,0.3155556
5.69,5.668005,0.004733333,18.65702,0.3155556,0.004733333,0.3155556
5.7,5.666415,0.004733333,18.65179,0.3155556,0.004733333,0.3155556
5.71,5.661646,0.004733333,18.6361,0.3155556,0.004733333,0.3155556
5.72,5.661646,0.004766667,18.6361,0.3177778,0.004766667,0.3177778
5.73,5.671183,0.004766667,18.66749,0.3177778,0.004766667,0.3177778
5.74,5.683899,0.004766667,18.70934,0.3177778,0.004766667,0.3177778
5.75,5.699793,0.004766667,18.76166,0.3177778,0.004766667,0.3177778
5.76,5.712509,0.0048,18.80352,0.32,0.0048,0.32
5.77,5.725225,0.0048,18.84538,0.32,0.0048,0.32
5.78,5.736351,0.0048,18.882,0.32,0.0048,0.32
5.79,5.73953,0.0048,18.89246,0.32,0.0048,0.32
5.8,5.736351,0.004833333,18.882,0.3222222,0.004833333,0.3222222
5.81,5.73953,0.004833333,18.89246,0.3222222,0.004833333,0.3222222
5.82,5.752245,0.004833333,18.93432,0.3222222,0.004833333,0.3222222
5.83,5.772909,0.004866667,19.00233,0.3244444,0.004866667,0.3244444
5.84,5.788803,0.004866667,19.05465,0.3244444,0.004866667,0.3244444
5.85,5.793571,0.004866667,19.07035,0.3244444,0.004866667,0.3244444
5.86,5.804698,0.004866667,19.10697,0.3244444,0.004866667,0.3244444
5.87,5.817413,0.004866667,19.14882,0.3244444,0.004866667,0.3244444
5.88,5.830129,0.0049,19.19068,0.3266667,0.0049,0.3266667
5.89,5.839666,0.0049,19.22207,0.3266667,0.0049,0.3266667
5.9,5.850792,0.0049,19.2587,0.3266667,0.0049,0.3266667
5.91,5.868276,0.0049,19.31625,0.3266667,0.0049,0.3266667
5.92,5.892118,0.004933333,19.39473,0.3288889,0.004933333,0.3288889
5.93,5.900065,0.004933333,19.42089,0.3288889,0.004933333,0.3288889
5.94,5.896886,0.004933333,19.41042,0.3288889,0.004933333,0.3288889
5.95,5.904833,0.004933333,19.43658,0.3288889,0.004933333,0.3288889
5.96,5.927086,0.004966667,19.50983,0.3311111,0.004966667,0.3311111
5.97,5.947749,0.004966667,19.57784,0.3311111,0.004966667,0.3311111
5.98,5.955696,0.004966667,19.604,0.3311111,0.004966667,0.3311111
5.99,5.941391,0.004966667,19.55692,0.3311111,0.004966667,0.3311111
6.0,5.920728,0.005,19.4889,0.3333333,0.005,0.3333333
6.01,5.908012,0.005,19.44704,0.3333333,0.005,0.3333333
6.02,5.911191,0.005,19.45751,0.3333333,0.005,0.3333333
6.03,5.928675,0.005033333,19.51506,0.3355556,0.005033333,0.3355556
6.04,5.955696,0.005033333,19.604,0.3355556,0.005033333,0.3355556
6.05,5.977949,0.005033333,19.67725,0.3355556,0.005033333,0.3355556
6.06,5.993843,0.005033333,19.72957,0.3355556,0.005033333,0.3355556
6.07,6.004969,0.005033333,19.76619,0.3355556,0.005033333,0.3355556
6.08,6.014506,0.005066667,19.79758,0.3377778,0.005066667,0.3377778
6.09,6.027222,0.005066667,19.83944,0.3377778,0.005066667,0.3377778
6.1,6.046295,0.005066667,19.90222,0.3377778,0.005066667,0.3377778
6.11,6.063779,0.005066667,19.95977,0.3377778,0.005066667,0.3377778
6.12,6.079674,0.0051,20.01209,0.34,0.0051,0.34
6.13,6.084442,0.0051,20.02779,0.34,0.0051,0.34
6.14,6.087621,0.0051,20.03825,0.34,0.0051,0.34
6.15,6.09239,0.0051,20.05395,0.34,0.0051,0.34
6.16,6.100337,0.005133334,20.08011,0.3422222,0.005133334,0.3422222
6.17,6.098747,0.005133334,20.07487,0.3422222,0.005133334,0.3422222
6.18,6.100337,0.005133334,20.08011,0.3422222,0.005133334,0.3422222
6.19,6.11941,0.005133334,20.14289,0.3422222,0.005133334,0.3422222
6.2,6.141663,0.005166667,20.21614,0.3444445,0.005166667,0.3444445
6.21,6.160736,0.005166667,20.27892,0.3444445,0.005166667,0.3444445
6.22,6.170273,0.005166667,20.31031,0.3444445,0.005166667,0.3444445
6.23,6.173452,0.0052,20.32078,0.3466667,0.0052,0.3466667
6.24,6.170273,0.0052,20.31031,0.3466667,0.0052,0.3466667
6.25,6.168684,0.0052,20.30508,0.3466667,0.0052,0.3466667
6.26,6.17663,0.0052,20.33124,0.3466667,0.0052,0.3466667
6.27,6.198883,0.0052,20.40449,0.3466667,0.0052,0.3466667
6.28,6.233851,0.005233333,20.51959,0.3488889,0.005233333,0.3488889
6.29,6.262461,0.005233333,20.61376,0.3488889,0.005233333,0.3488889
6.3,6.270409,0.005233333,20.63992,0.3488889,0.005233333,0.3488889
6.31,6.259283,0.005233333,20.6033,0.3488889,0.005233333,0.3488889
6.32,6.251335,0.005266667,20.57714,0.3511111,0.005266667,0.3511111
6.33,6.243388,0.005266667,20.55098,0.3511111,0.005266667,0.3511111
6.34,6.243388,0.005266667,20.55098,0.3511111,0.005266667,0.3511111
6.35,6.251335,0.005266667,20.57714,0.3511111,0.005266667,0.3511111
6.36,6.26723,0.0053,20.62946,0.3533333,0.0053,0.3533333
6.37,6.287893,0.0053,20.69747,0.3533333,0.0053,0.3533333
6.38,6.303787,0.0053,20.74979,0.3533333,0.0053,0.3533333
6.39,6.321271,0.0053,20.80734,0.3533333,0.0053,0.3533333
6.4,6.349882,0.005333333,20.90152,0.3555556,0.005333333,0.3555556
6.41,6.38167,0.005333333,21.00616,0.3555556,0.005333333,0.3555556
6.42,6.402334,0.005333333,21.07417,0.3555556,0.005333333,0.3555556
6.43,6.405512,0.005366667,21.08463,0.3577778,0.005366667,0.3577778
6.44,6.405512,0.005366667,21.08463,0.3577778,0.005366667,0.3577778
6.45,6.418228,0.005366667,21.12649,0.3577778,0.005366667,0.3577778
6.46,6.438891,0.005366667,21.19451,0.3577778,0.005366667,0.3577778
6.47,6.450017,0.005366667,21.23113,0.3577778,0.005366667,0.3577778
6.48,6.456375,0.0054,21.25206,0.36,0.0054,0.36
6.49,6.462733,0.0054,21.27298,0.36,0.0054,0.36
6.5,6.47227,0.0054,21.30437,0.36,0.0054,0.36
6.51,6.484985,0.0054,21.34623,0.36,0.0054,0.36
6.52,6.507238,0.005433334,21.41948,0.3622222,0.005433334,0.3622222
6.53,6.527901,0.005433334,21.48749,0.3622222,0.005433334,0.3622222
6.54,6.537437,0.005433334,21.51888,0.3622222,0.005433334,0.3622222
6.55,6.52949,0.005433334,21.49272,0.3622222,0.005433334,0.3622222
6.56,6.519953,0.005466667,21.46133,0.3644444,0.005466667,0.3644444
6.57,6.519953,0.005466667,21.46133,0.3644444,0.005466667,0.3644444
6.58,6.52949,0.005466667,21.49272,0.3644444,0.005466667,0.3644444
6.59,6.537437,0.005466667,21.51888,0.3644444,0.005466667,0.3644444
6.6,6.548563,0.0055,21.55551,0.3666667,0.0055,0.3666667
6.61,6.5581,0.0055,21.5869,0.3666667,0.0055,0.3666667
6.62,6.561279,0.0055,21.59736,0.3666667,0.0055,0.3666667
6.63,6.561279,0.0055,21.59736,0.3666667,0.0055,0.3666667
6.64,6.566048,0.005533333,21.61306,0.3688889,0.005533333,0.3688889
6.65,6.577174,0.005533333,21.64968,0.3688889,0.005533333,0.3688889
6.66,6.581942,0.005533333,21.66538,0.3688889,0.005533333,0.3688889
6.67,6.581942,0.005533333,21.66538,0.3688889,0.005533333,0.3688889
6.68,6.58671,0.005566667,21.68107,0.3711111,0.005566667,0.3711111
6.69,6.593069,0.005566667,21.702,0.3711111,0.005566667,0.3711111
6.7,6.602605,0.005566667,21.73339,0.3711111,0.005566667,0.3711111
6.71,6.6185,0.005566667,21.78571,0.3711111,0.005566667,0.3711111
6.72,6.639163,0.0056,21.85373,0.3733334,0.0056,0.3733334
6.73,6.656647,0.0056,21.91128,0.3733334,0.0056,0.3733334
6.74,6.663004,0.0056,21.93221,0.3733334,0.0056,0.3733334
6.75,6.664594,0.0056,21.93744,0.3733334,0.0056,0.3733334
6.76,6.667773,0.005633333,21.9479,0.3755555,0.005633333,0.3755555
6.77,6.667773,0.005633333,21.9479,0.3755555,0.005633333,0.3755555
6.78,6.667773,0.005633333,21.9479,0.3755555,0.005633333,0.3755555
6.79,6.672541,0.005633333,21.9636,0.3755555,0.005633333,0.3755555
6.8,6.688436,0.005666667,22.01592,0.3777778,0.005666667,0.3777778
6.81,6.70751,0.005666667,22.0787,0.3777778,0.005666667,0.3777778
6.82,6.729762,0.005666667,22.15195,0.3777778,0.005666667,0.3777778
6.83,6.76473,0.005666667,22.26705,0.3777778,0.005666667,0.3777778
6.84,6.79493,0.0057,22.36646,0.38,0.0057,0.38
6.85,6.810824,0.0057,22.41877,0.38,0.0057,0.38
6.86,6.806056,0.0057,22.40308,0.38,0.0057,0.38
6.87,6.79493,0.0057,22.36646,0.38,0.0057,0.38
6.88,6.798109,0.005733334,22.37692,0.3822222,0.005733334,0.3822222
6.89,6.814003,0.005733334,22.42924,0.3822222,0.005733334,0.3822222
6.9,6.831487,0.005733334,22.48679,0.3822222,0.005733334,0.3822222
6.91,6.847382,0.005733334,22.53911,0.3822222,0.005733334,0.3822222
6.92,6.864866,0.005766667,22.59666,0.3844445,0.005766667,0.3844445
6.93,6.879171,0.005766667,22.64375,0.3844445,0.005766667,0.3844445
6.94,6.879171,0.005766667,22.64375,0.3844445,0.005766667,0.3844445
6.95,6.864866,0.005766667,22.59666,0.3844445,0.005766667,0.3844445
6.96,6.860097,0.0058,22.58097,0.3866667,0.0058,0.3866667
6.97,6.868044,0.0058,22.60712,0.3866667,0.0058,0.3866667
6.98,6.888708,0.0058,22.67514,0.3866667,0.0058,0.3866667
6.99,6.912549,0.0058,22.75362,0.3866667,0.0058,0.3866667
7.0,6.928444,0.005833333,22.80594,0.3888889,0.005833333,0.3888889
7.01,6.925265,0.005833333,22.79547,0.3888889,0.005833333,0.3888889
7.02,6.920496,0.005833333,22.77978,0.3888889,0.005833333,0.3888889
7.03,6.928444,0.005833333,22.80594,0.3888889,0.005833333,0.3888889
7.04,6.949107,0.005866667,22.87395,0.3911111,0.005866667,0.3911111
7.05,6.966591,0.005866667,22.9315,0.3911111,0.005866667,0.3911111
7.06,6.982485,0.005866667,22.98382,0.3911111,0.005866667,0.3911111
7.07,6.993612,0.005866667,23.02044,0.3911111,0.005866667,0.3911111
7.08,6.99838,0.0059,23.03614,0.3933333,0.0059,0.3933333
7.09,7.003149,0.0059,23.05184,0.3933333,0.0059,0.3933333
7.1,7.011096,0.0059,23.078,0.3933333,0.0059,0.3933333
7.11,7.023811,0.0059,23.11985,0.3933333,0.0059,0.3933333
7.12,7.036527,0.005933333,23.16171,0.3955556,0.005933333,0.3955556
7.13,7.047653,0.005933333,23.19833,0.3955556,0.005933333,0.3955556
7.14,7.050832,0.005933333,23.2088,0.3955556,0.005933333,0.3955556
7.15,7.044474,0.005933333,23.18787,0.3955556,0.005933333,0.3955556
7.16,7.044474,0.005966667,23.18787,0.3977778,0.005966667,0.3977778
7.17,7.065137,0.005966667,23.25588,0.3977778,0.005966667,0.3977778
7.18,7.096926,0.005966667,23.36052,0.3977778,0.005966667,0.3977778
7.19,7.120768,0.005966667,23.439,0.3977778,0.005966667,0.3977778
7.2,7.125536,0.006,23.45469,0.4,0.006,0.4
7.21,7.120768,0.006,23.439,0.4,0.006,0.4
7.22,7.117589,0.006,23.42854,0.4,0.006,0.4
7.23,7.125536,0.006033333,23.45469,0.4022222,0.006033333,0.4022222
7.24,7.136663,0.006033333,23.49132,0.4022222,0.006033333,0.4022222
7.25,7.149378,0.006033333,23.53317,0.4022222,0.006033333,0.4022222
7.26,7.165273,0.006033333,23.58549,0.4022222,0.006033333,0.4022222
7.27,7.182757,0.006033333,23.64304,0.4022222,0.006033333,0.4022222
7.28,7.195473,0.006066667,23.6849,0.4044445,0.006066667,0.4044445
7.29,7.195473,0.006066667,23.6849,0.4044445,0.006066667,0.4044445
7.3,7.193883,0.006066667,23.67967,0.4044445,0.006066667,0.4044445
7.31,7.206599,0.006066667,23.72152,0.4044445,0.006066667,0.4044445
7.32,7.222494,0.0061,23.77384,0.4066667,0.0061,0.4066667
7.33,7.224083,0.0061,23.77907,0.4066667,0.0061,0.4066667
7.34,7.216136,0.0061,23.75291,0.4066667,0.0061,0.4066667
7.35,7.206599,0.0061,23.72152,0.4066667,0.0061,0.4066667
7.36,7.209778,0.006133333,23.73199,0.4088889,0.006133333,0.4088889
7.37,7.230441,0.006133333,23.8,0.4088889,0.006133333,0.4088889
7.38,7.255872,0.006133333,23.88371,0.4088889,0.006133333,0.4088889
7.39,7.271767,0.006166667,23.93603,0.4111111,0.006166667,0.4111111
7.4,7.289251,0.006166667,23.99358,0.4111111,0.006166667,0.4111111
7.41,7.309914,0.006166667,24.0616,0.4111111,0.006166667,0.4111111
7.42,7.32104,0.006166667,24.09822,0.4111111,0.006166667,0.4111111
7.43,7.317861,0.006166667,24.08776,0.4111111,0.006166667,0.4111111
7.44,7.313093,0.0062,24.07206,0.4133334,0.0062,0.4133334
7.45,7.32104,0.0062,24.09822,0.4133334,0.0062,0.4133334
7.46,7.338524,0.0062,24.15577,0.4133334,0.0062,0.4133334
7.47,7.359187,0.0062,24.22379,0.4133334,0.0062,0.4133334
7.48,7.370313,0.006233334,24.26041,0.4155556,0.006233334,0.4155556
7.49,7.37826,0.006233334,24.28657,0.4155556,0.006233334,0.4155556
7.5,7.386208,0.006233334,24.31273,0.4155556,0.006233334,0.4155556
7.51,7.390976,0.006233334,24.32842,0.4155556,0.006233334,0.4155556
7.52,7.390976,0.006266667,24.32842,0.4177778,0.006266667,0.4177778
7.53,7.390976,0.006266667,24.32842,0.4177778,0.006266667,0.4177778
7.54,7.395744,0.006266667,24.34412,0.4177778,0.006266667,0.4177778
7.55,7.40687,0.006266667,24.38074,0.4177778,0.006266667,0.4177778
7.56,7.430712,0.0063,24.45922,0.42,0.0063,0.42
7.57,7.459322,0.0063,24.5534,0.42,0.0063,0.42
7.58,7.481575,0.0063,24.62664,0.42,0.0063,0.42
7.59,7.497469,0.0063,24.67896,0.42,0.0063,0.42
7.6,7.508596,0.006333333,24.71559,0.4222222,0.006333333,0.4222222
7.61,7.510185,0.006333333,24.72082,0.4222222,0.006333333,0.4222222
7.62,7.508596,0.006333333,24.71559,0.4222222,0.006333333,0.4222222
7.63,7.513364,0.006333333,24.73128,0.4222222,0.006333333,0.4222222
7.64,7.534027,0.006366667,24.7993,0.4244445,0.006366667,0.4244445
7.65,7.561048,0.006366667,24.88824,0.4244445,0.006366667,0.4244445
7.66,7.581711,0.006366667,24.95625,0.4244445,0.006366667,0.4244445
7.67,7.599195,0.006366667,25.01381,0.4244445,0.006366667,0.4244445
7.68,7.615089,0.0064,25.06613,0.4266667,0.0064,0.4266667
7.69,7.623037,0.0064,25.09229,0.4266667,0.0064,0.4266667
7.7,7.618268,0.0064,25.07659,0.4266667,0.0064,0.4266667
7.71,7.607142,0.0064,25.03996,0.4266667,0.0064,0.4266667
7.72,7.596016,0.006433333,25.00334,0.4288889,0.006433333,0.4288889
7.73,7.599195,0.006433333,25.01381,0.4288889,0.006433333,0.4288889
7.74,7.618268,0.006433333,25.07659,0.4288889,0.006433333,0.4288889
7.75,7.640521,0.006433333,25.14984,0.4288889,0.006433333,0.4288889
7.76,7.653236,0.006466667,25.19169,0.4311111,0.006466667,0.4311111
7.77,7.661184,0.006466667,25.21785,0.4311111,0.006466667,0.4311111
7.78,7.664362,0.006466667,25.22832,0.4311111,0.006466667,0.4311111
7.79,7.664362,0.006466667,25.22832,0.4311111,0.006466667,0.4311111
7.8,7.669131,0.0065,25.24401,0.4333333,0.0065,0.4333333
7.81,7.685026,0.0065,25.29633,0.4333333,0.0065,0.4333333
7.82,7.705688,0.0065,25.36435,0.4333333,0.0065,0.4333333
7.83,7.716815,0.0065,25.40097,0.4333333,0.0065,0.4333333
7.84,7.718404,0.006533334,25.4062,0.4355556,0.006533334,0.4355556
7.85,7.724762,0.006533334,25.42713,0.4355556,0.006533334,0.4355556
7.86,7.742246,0.006533334,25.48468,0.4355556,0.006533334,0.4355556
7.87,7.76132,0.006533334,25.54746,0.4355556,0.006533334,0.4355556
7.88,7.775625,0.006566667,25.59455,0.4377778,0.006566667,0.4377778
7.89,7.783572,0.006566667,25.62071,0.4377778,0.006566667,0.4377778
7.9,7.786751,0.006566667,25.63117,0.4377778,0.006566667,0.4377778
7.91,7.791519,0.006566667,25.64687,0.4377778,0.006566667,0.4377778
7.92,7.802645,0.0066,25.68349,0.44,0.0066,0.44
7.93,7.81854,0.0066,25.73581,0.44,0.0066,0.44
7.94,7.832845,0.0066,25.7829,0.44,0.0066,0.44
7.95,7.853508,0.0066,25.85091,0.44,0.0066,0.44
7.96,7.861455,0.006633333,25.87707,0.4422222,0.006633333,0.4422222
7.97,7.853508,0.006633333,25.85091,0.4422222,0.006633333,0.4422222
7.98,7.839203,0.006633333,25.80383,0.4422222,0.006633333,0.4422222
7.99,7.831255,0.006633333,25.77767,0.4422222,0.006633333,0.4422222
8.0,7.839203,0.006666667,25.80383,0.4444444,0.006666667,0.4444444
8.01,7.856687,0.006666667,25.86138,0.4444444,0.006666667,0.4444444
8.02,7.864634,0.006666667,25.88754,0.4444444,0.006666667,0.4444444
8.03,7.856687,0.006666667,25.86138,0.4444444,0.006666667,0.4444444
8.04,7.853508,0.0067,25.85091,0.4466667,0.0067,0.4466667
8.05,7.867813,0.0067,25.898,0.4466667,0.0067,0.4466667
8.06,7.885297,0.0067,25.95555,0.4466667,0.0067,0.4466667
8.07,7.904371,0.0067,26.01834,0.4466667,0.0067,0.4466667
8.08,7.921854,0.006733333,26.07589,0.4488889,0.006733333,0.4488889
8.09,7.937749,0.006733333,26.12821,0.4488889,0.006733333,0.4488889
8.1,7.950465,0.006733333,26.17006,0.4488889,0.006733333,0.4488889
8.11,7.955233,0.006733333,26.18576,0.4488889,0.006733333,0.4488889
8.12,7.955233,0.006766667,26.18576,0.4511111,0.006766667,0.4511111
8.13,7.958412,0.006766667,26.19622,0.4511111,0.006766667,0.4511111
8.14,7.969538,0.006766667,26.23284,0.4511111,0.006766667,0.4511111
8.15,7.982254,0.006766667,26.2747,0.4511111,0.006766667,0.4511111
8.16,7.99497,0.0068,26.31656,0.4533333,0.0068,0.4533333
8.17,8.007686,0.0068,26.35841,0.4533333,0.0068,0.4533333
8.18,8.015633,0.0068,26.38457,0.4533333,0.0068,0.4533333
8.19,8.010864,0.0068,26.36887,0.4533333,0.0068,0.4533333
8.2,8.004506,0.006833334,26.34794,0.4555556,0.006833334,0.4555556
8.21,8.010864,0.006833334,26.36887,0.4555556,0.006833334,0.4555556
8.22,8.036296,0.006833334,26.45259,0.4555556,0.006833334,0.4555556
8.23,8.068085,0.006833334,26.55722,0.4555556,0.006833334,0.4555556
8.24,8.0808,0.006866667,26.59908,0.4577778,0.006866667,0.4577778
8.25,8.077621,0.006866667,26.58861,0.4577778,0.006866667,0.4577778
8.26,8.077621,0.006866667,26.58861,0.4577778,0.006866667,0.4577778
8.27,8.085568,0.006866667,26.61477,0.4577778,0.006866667,0.4577778
8.28,8.098285,0.0069,26.65663,0.46,0.0069,0.46
8.29,8.118947,0.0069,26.72464,0.46,0.0069,0.46
8.3,8.147557,0.0069,26.81882,0.46,0.0069,0.46
8.31,8.176167,0.0069,26.91299,0.46,0.0069,0.46
8.32,8.200009,0.006933333,26.99147,0.4622222,0.006933333,0.4622222
8.33,8.212726,0.006933333,27.03333,0.4622222,0.006933333,0.4622222
8.34,8.219083,0.006933333,27.05425,0.4622222,0.006933333,0.4622222
8.35,8.223851,0.006933333,27.06995,0.4622222,0.006933333,0.4622222
8.36,8.223851,0.006966667,27.06995,0.4644445,0.006966667,0.4644445
8.37,8.220673,0.006966667,27.05949,0.4644445,0.006966667,0.4644445
8.38,8.22862,0.006966667,27.08565,0.4644445,0.006966667,0.4644445
8.39,8.239746,0.006966667,27.12227,0.4644445,0.006966667,0.4644445
8.4,8.236567,0.007,27.11181,0.4666667,0.007,0.4666667
8.41,8.227031,0.007,27.08042,0.4666667,0.007,0.4666667
8.42,8.219083,0.007,27.05425,0.4666667,0.007,0.4666667
8.43,8.223851,0.007,27.06995,0.4666667,0.007,0.4666667
8.44,8.241336,0.007033333,27.1275,0.4688889,0.007033333,0.4688889
8.45,8.260409,0.007033333,27.19029,0.4688889,0.007033333,0.4688889
8.46,8.268356,0.007033333,27.21644,0.4688889,0.007033333,0.4688889
8.47,8.273125,0.007033333,27.23214,0.4688889,0.007033333,0.4688889
8.48,8.28584,0.007066667,27.27399,0.4711111,0.007066667,0.4711111
8.49,8.306503,0.007066667,27.34201,0.4711111,0.007066667,0.4711111
8.5,8.325577,0.007066667,27.40479,0.4711111,0.007066667,0.4711111
8.51,8.341472,0.007066667,27.45711,0.4711111,0.007066667,0.4711111
8.52,8.351008,0.0071,27.48851,0.4733333,0.0071,0.4733333
8.53,8.354187,0.0071,27.49897,0.4733333,0.0071,0.4733333
8.54,8.351008,0.0071,27.48851,0.4733333,0.0071,0.4733333
8.55,8.34624,0.0071,27.47281,0.4733333,0.0071,0.4733333
8.56,8.34624,0.007133333,27.47281,0.4755556,0.007133333,0.4755556
8.57,8.354187,0.007133333,27.49897,0.4755556,0.007133333,0.4755556
8.58,8.362134,0.007133333,27.52513,0.4755556,0.007133333,0.4755556
8.59,8.366902,0.007133333,27.54082,0.4755556,0.007133333,0.4755556
8.6,8.37485,0.007166667,27.56698,0.4777778,0.007166667,0.4777778
8.61,8.392334,0.007166667,27.62453,0.4777778,0.007166667,0.4777778
8.62,8.416176,0.007166667,27.70301,0.4777778,0.007166667,0.4777778
8.63,8.435249,0.007166667,27.7658,0.4777778,0.007166667,0.4777778
8.64,8.444786,0.0072,27.79719,0.48,0.0072,0.48
8.65,8.452733,0.0072,27.82335,0.48,0.0072,0.48
8.66,8.455913,0.0072,27.83381,0.48,0.0072,0.48
8.67,8.460681,0.0072,27.84951,0.48,0.0072,0.48
8.68,8.478165,0.007233333,27.90706,0.4822222,0.007233333,0.4822222
8.69,8.498828,0.007233333,27.97507,0.4822222,0.007233333,0.4822222
8.7,8.513133,0.007233333,28.02216,0.4822222,0.007233333,0.4822222
8.71,8.517901,0.007233333,28.03786,0.4822222,0.007233333,0.4822222
8.72,8.527438,0.007266667,28.06925,0.4844444,0.007266667,0.4844444
8.73,8.535385,0.007266667,28.09541,0.4844444,0.007266667,0.4844444
8.74,8.533795,0.007266667,28.09017,0.4844444,0.007266667,0.4844444
8.75,8.525848,0.007266667,28.06402,0.4844444,0.007266667,0.4844444
8.76,8.52267,0.0073,28.05355,0.4866667,0.0073,0.4866667
8.77,8.533795,0.0073,28.09017,0.4866667,0.0073,0.4866667
8.78,8.559227,0.0073,28.17389,0.4866667,0.0073,0.4866667
8.79,8.584659,0.0073,28.2576,0.4866667,0.0073,0.4866667
8.8,8.603732,0.007333334,28.32038,0.4888889,0.007333334,0.4888889
8.81,8.611679,0.007333334,28.34654,0.4888889,0.007333334,0.4888889
8.82,8.600553,0.007333334,28.30992,0.4888889,0.007333334,0.4888889
8.83,8.591016,0.007333334,28.27852,0.4888889,0.007333334,0.4888889
8.84,8.598964,0.007366667,28.30469,0.4911111,0.007366667,0.4911111
8.85,8.616447,0.007366667,28.36223,0.4911111,0.007366667,0.4911111
8.86,8.632342,0.007366667,28.41455,0.4911111,0.007366667,0.4911111
8.87,8.641879,0.007366667,28.44595,0.4911111,0.007366667,0.4911111
8.88,8.657773,0.0074,28.49826,0.4933333,0.0074,0.4933333
8.89,8.681615,0.0074,28.57674,0.4933333,0.0074,0.4933333
8.9,8.700688,0.0074,28.63953,0.4933333,0.0074,0.4933333
8.91,8.700688,0.0074,28.63953,0.4933333,0.0074,0.4933333
8.92,8.692741,0.007433333,28.61337,0.4955555,0.007433333,0.4955555
8.93,8.694331,0.007433333,28.6186,0.4955555,0.007433333,0.4955555
8.94,8.705457,0.007433333,28.65522,0.4955555,0.007433333,0.4955555
8.95,8.721352,0.007433333,28.70754,0.4955555,0.007433333,0.4955555
8.96,8.742015,0.007466667,28.77556,0.4977778,0.007466667,0.4977778
8.97,8.764267,0.007466667,28.8488,0.4977778,0.007466667,0.4977778
8.98,8.78334,0.007466667,28.91159,0.4977778,0.007466667,0.4977778
8.99,8.788109,0.007466667,28.92728,0.4977778,0.007466667,0.4977778
9.0,8.780162,0.0075,28.90112,0.5,0.0075,0.5
9.01,8.762677,0.0075,28.84357,0.5,0.0075,0.5
9.02,8.757909,0.0075,28.82788,0.5,0.0075,0.5
9.03,8.772214,0.0075,28.87496,0.5,0.0075,0.5
9.04,8.800824,0.007533333,28.96914,0.5022222,0.007533333,0.5022222
9.05,8.824666,0.007533333,29.04762,0.5022222,0.007533333,0.5022222
9.06,8.84374,0.007533333,29.1104,0.5022222,0.007533333,0.5022222
9.07,8.853276,0.007533333,29.14179,0.5022222,0.007533333,0.5022222
9.08,8.853276,0.007566667,29.14179,0.5044444,0.007566667,0.5044444
9.09,8.837382,0.007566667,29.08947,0.5044444,0.007566667,0.5044444
9.1,8.821487,0.007566667,29.03715,0.5044444,0.007566667,0.5044444
9.11,8.824666,0.007566667,29.04762,0.5044444,0.007566667,0.5044444
9.12,8.848508,0.0076,29.12609,0.5066667,0.0076,0.5066667
9.13,8.865993,0.0076,29.18365,0.5066667,0.0076,0.5066667
9.14,8.869171,0.0076,29.19411,0.5066667,0.0076,0.5066667
9.15,8.858045,0.0076,29.15749,0.5066667,0.0076,0.5066667
9.16,8.850098,0.007633334,29.13133,0.5088889,0.007633334,0.5088889
9.17,8.861224,0.007633334,29.16795,0.5088889,0.007633334,0.5088889
9.18,8.886655,0.007633334,29.25166,0.5088889,0.007633334,0.5088889
9.19,8.921623,0.007633334,29.36676,0.5088889,0.007633334,0.5088889
9.2,8.955002,0.007666667,29.47663,0.5111111,0.007666667,0.5111111
9.21,8.980433,0.007666667,29.56034,0.5111111,0.007666667,0.5111111
9.22,8.98838,0.007666667,29.5865,0.5111111,0.007666667,0.5111111
9.23,8.986791,0.0077,29.58127,0.5133333,0.0077,0.5133333
9.24,8.98838,0.0077,29.5865,0.5133333,0.0077,0.5133333
9.25,8.996327,0.0077,29.61266,0.5133333,0.0077,0.5133333
9.26,9.007454,0.0077,29.64929,0.5133333,0.0077,0.5133333
9.27,9.012222,0.0077,29.66498,0.5133333,0.0077,0.5133333
9.28,9.024938,0.007733333,29.70684,0.5155556,0.007733333,0.5155556
9.29,9.036064,0.007733333,29.74346,0.5155556,0.007733333,0.5155556
9.3,9.028117,0.007733333,29.7173,0.5155556,0.007733333,0.5155556
9.31,9.020169,0.007733333,29.69114,0.5155556,0.007733333,0.5155556
9.32,9.032886,0.007766667,29.733,0.5177778,0.007766667,0.5177778
9.33,9.058316,0.007766667,29.81671,0.5177778,0.007766667,0.5177778
9.34,9.072621,0.007766667,29.86379,0.5177778,0.007766667,0.5177778
9.35,9.069443,0.007766667,29.85333,0.5177778,0.007766667,0.5177778
9.36,9.066264,0.0078,29.84287,0.52,0.0078,0.52
9.37,9.066264,0.0078,29.84287,0.52,0.0078,0.52
9.38,9.064674,0.0078,29.83764,0.52,0.0078,0.52
9.39,9.061496,0.0078,29.82717,0.52,0.0078,0.52
9.4,9.066264,0.007833334,29.84287,0.5222222,0.007833334,0.5222222
9.41,9.082158,0.007833334,29.89519,0.5222222,0.007833334,0.5222222
9.42,9.102821,0.007833334,29.9632,0.5222222,0.007833334,0.5222222
9.43,9.13461,0.007833334,30.06784,0.5222222,0.007833334,0.5222222
9.44,9.1664,0.007866667,30.17248,0.5244445,0.007866667,0.5244445
9.45,9.187062,0.007866667,30.24049,0.5244445,0.007866667,0.5244445
9.46,9.191831,0.007866667,30.25619,0.5244445,0.007866667,0.5244445
9.47,9.19501,0.007866667,30.26665,0.5244445,0.007866667,0.5244445
9.48,9.196599,0.007900001,30.27188,0.5266667,0.007900001,0.5266667
9.49,9.199779,0.007900001,30.28235,0.5266667,0.007900001,0.5266667
9.5,9.201367,0.007900001,30.28758,0.5266667,0.007900001,0.5266667
9.51,9.209315,0.007900001,30.31374,0.5266667,0.007900001,0.5266667
9.52,9.217262,0.007933334,30.3399,0.5288889,0.007933334,0.5288889
9.53,9.217262,0.007933334,30.3399,0.5288889,0.007933334,0.5288889
9.54,9.228389,0.007933334,30.37653,0.5288889,0.007933334,0.5288889
9.55,9.256999,0.007933334,30.4707,0.5288889,0.007933334,0.5288889
9.56,9.285609,0.007966666,30.56487,0.5311111,0.007966666,0.5311111
9.57,9.306272,0.007966666,30.63289,0.5311111,0.007966666,0.5311111
9.58,9.326935,0.007966666,30.7009,0.5311111,0.007966666,0.5311111
9.59,9.347598,0.008,30.76892,0.5333334,0.008,0.5333334
9.6,9.366672,0.008,30.8317,0.5333334,0.008,0.5333334
9.61,9.379387,0.008,30.87356,0.5333334,0.008,0.5333334
9.62,9.384155,0.008,30.88925,0.5333334,0.008,0.5333334
9.63,9.384155,0.008,30.88925,0.5333334,0.008,0.5333334
9.64,9.384155,0.008033333,30.88925,0.5355555,0.008033333,0.5355555
9.65,9.392102,0.008033333,30.91541,0.5355555,0.008033333,0.5355555
9.66,9.409587,0.008033333,30.97296,0.5355555,0.008033333,0.5355555
9.67,9.430249,0.008033333,31.04098,0.5355555,0.008033333,0.5355555
9.68,9.42866,0.008066666,31.03575,0.5377778,0.008066666,0.5377778
9.69,9.420712,0.008066666,31.00958,0.5377778,0.008066666,0.5377778
9.7,9.42866,0.008066666,31.03575,0.5377778,0.008066666,0.5377778
9.71,9.441376,0.008066666,31.0776,0.5377778,0.008066666,0.5377778
9.72,9.444554,0.0081,31.08806,0.54,0.0081,0.54
9.73,9.444554,0.0081,31.08806,0.54,0.0081,0.54
9.74,9.444554,0.0081,31.08806,0.54,0.0081,0.54
9.75,9.446144,0.0081,31.0933,0.54,0.0081,0.54
9.76,9.446144,0.008133333,31.0933,0.5422222,0.008133333,0.5422222
9.77,9.458859,0.008133333,31.13515,0.5422222,0.008133333,0.5422222
9.78,9.474754,0.008133333,31.18747,0.5422222,0.008133333,0.5422222
9.79,9.485881,0.008133333,31.2241,0.5422222,0.008133333,0.5422222
9.8,9.485881,0.008166667,31.2241,0.5444444,0.008166667,0.5444444
9.81,9.481112,0.008166667,31.2084,0.5444444,0.008166667,0.5444444
9.82,9.490649,0.008166667,31.23979,0.5444444,0.008166667,0.5444444
9.83,9.51767,0.008166667,31.32873,0.5444444,0.008166667,0.5444444
9.84,9.539922,0.0082,31.40198,0.5466667,0.0082,0.5466667
9.85,9.551048,0.0082,31.4386,0.5466667,0.0082,0.5466667
9.86,9.551048,0.0082,31.4386,0.5466667,0.0082,0.5466667
9.87,9.560585,0.0082,31.47,0.5466667,0.0082,0.5466667
9.88,9.57648,0.008233333,31.52232,0.5488889,0.008233333,0.5488889
9.89,9.584427,0.008233333,31.54847,0.5488889,0.008233333,0.5488889
9.9,9.589195,0.008233333,31.56417,0.5488889,0.008233333,0.5488889
9.91,9.589195,0.008233333,31.56417,0.5488889,0.008233333,0.5488889
9.92,9.589195,0.008266667,31.56417,0.5511111,0.008266667,0.5511111
9.93,9.587605,0.008266667,31.55894,0.5511111,0.008266667,0.5511111
9.94,9.589195,0.008266667,31.56417,0.5511111,0.008266667,0.5511111
9.95,9.597142,0.008266667,31.59033,0.5511111,0.008266667,0.5511111
9.96,9.616216,0.0083,31.65311,0.5533333,0.0083,0.5533333
9.97,9.636879,0.0083,31.72113,0.5533333,0.0083,0.5533333
9.98,9.649594,0.0083,31.76298,0.5533333,0.0083,0.5533333
9.99,9.660721,0.008333334,31.79961,0.5555556,0.008333334,0.5555556
10.0,9.670258,0.008333334,31.831,0.5555556,0.008333334,0.5555556
10.01,9.689331,0.008333334,31.89378,0.5555556,0.008333334,0.5555556
10.02,9.695689,0.008333334,31.91471,0.5555556,0.008333334,0.5555556
10.03,9.686152,0.008333334,31.88332,0.5555556,0.008333334,0.5555556
10.04,9.675026,0.008366667,31.84669,0.5577778,0.008366667,0.5577778
10.05,9.681384,0.008366667,31.86762,0.5577778,0.008366667,0.5577778
10.06,9.698868,0.008366667,31.92517,0.5577778,0.008366667,0.5577778
10.07,9.709994,0.008366667,31.9618,0.5577778,0.008366667,0.5577778
10.08,9.703636,0.0084,31.94087,0.56,0.0084,0.56
10.09,9.703636,0.0084,31.94087,0.56,0.0084,0.56
10.1,9.714763,0.0084,31.97749,0.56,0.0084,0.56
10.11,9.735425,0.0084,32.04551,0.56,0.0084,0.56
10.12,9.75132,0.008433334,32.09782,0.5622222,0.008433334,0.5622222
10.13,9.764035,0.008433334,32.13968,0.5622222,0.008433334,0.5622222
10.14,9.771983,0.008433334,32.16584,0.5622222,0.008433334,0.5622222
10.15,9.767215,0.008433334,32.15015,0.5622222,0.008433334,0.5622222
10.16,9.748141,0.008466667,32.08736,0.5644444,0.008466667,0.5644444
10.17,9.740193,0.008466667,32.0612,0.5644444,0.008466667,0.5644444
10.18,9.764035,0.008466667,32.13968,0.5644444,0.008466667,0.5644444
10.19,9.800593,0.008466667,32.26002,0.5644444,0.008466667,0.5644444
10.2,9.821256,0.0085,32.32803,0.5666667,0.0085,0.5666667
10.21,9.818077,0.0085,32.31757,0.5666667,0.0085,0.5666667
10.22,9.813309,0.0085,32.30187,0.5666667,0.0085,0.5666667
10.23,9.816487,0.0085,32.31233,0.5666667,0.0085,0.5666667
10.24,9.824435,0.008533333,32.33849,0.5688889,0.008533333,0.5688889
10.25,9.833972,0.008533333,32.36988,0.5688889,0.008533333,0.5688889
10.26,9.853045,0.008533333,32.43267,0.5688889,0.008533333,0.5688889
10.27,9.881656,0.008533333,32.52684,0.5688889,0.008533333,0.5688889
10.28,9.911855,0.008566666,32.62625,0.5711111,0.008566666,0.5711111
10.29,9.938876,0.008566666,32.71519,0.5711111,0.008566666,0.5711111
10.3,9.946823,0.008566666,32.74135,0.5711111,0.008566666,0.5711111
10.31,9.948413,0.008566666,32.74659,0.5711111,0.008566666,0.5711111
10.32,9.95636,0.0086,32.77274,0.5733334,0.0086,0.5733334
10.33,9.975433,0.0086,32.83553,0.5733334,0.0086,0.5733334
10.34,9.996097,0.0086,32.90354,0.5733334,0.0086,0.5733334
10.35,10.00404,0.0086,32.9297,0.5733334,0.0086,0.5733334
10.36,9.997685,0.008633333,32.90877,0.5755556,0.008633333,0.5755556
10.37,9.988149,0.008633333,32.87738,0.5755556,0.008633333,0.5755556
10.38,9.988149,0.008633333,32.87738,0.5755556,0.008633333,0.5755556
10.39,9.992917,0.008666667,32.89308,0.5777778,0.008666667,0.5777778
10.4,10.00086,0.008666667,32.91924,0.5777778,0.008666667,0.5777778
10.41,10.01199,0.008666667,32.95586,0.5777778,0.008666667,0.5777778
10.42,10.02471,0.008666667,32.99771,0.5777778,0.008666667,0.5777778
10.43,10.04219,0.008666667,33.05527,0.5777778,0.008666667,0.5777778
10.44,10.06126,0.0087,33.11805,0.58,0.0087,0.58
10.45,10.08193,0.0087,33.18607,0.58,0.0087,0.58
10.46,10.09941,0.0087,33.24361,0.58,0.0087,0.58
10.47,10.10418,0.0087,33.25931,0.58,0.0087,0.58
10.48,10.09941,0.008733333,33.24361,0.5822222,0.008733333,0.5822222
10.49,10.09464,0.008733333,33.22792,0.5822222,0.008733333,0.5822222
10.5,10.09941,0.008733333,33.24361,0.5822222,0.008733333,0.5822222
10.51,10.11531,0.008733333,33.29594,0.5822222,0.008733333,0.5822222
10.52,10.1312,0.008766667,33.34825,0.5844445,0.008766667,0.5844445
10.53,10.14392,0.008766667,33.39011,0.5844445,0.008766667,0.5844445
10.54,10.1614,0.008766667,33.44766,0.5844445,0.008766667,0.5844445
10.55,10.18365,0.008766667,33.5209,0.5844445,0.008766667,0.5844445
10.56,10.19001,0.0088,33.54184,0.5866666,0.0088,0.5866666
10.57,10.18047,0.0088,33.51044,0.5866666,0.0088,0.5866666
10.58,10.16458,0.0088,33.45812,0.5866666,0.0088,0.5866666
10.59,10.16776,0.008833334,33.46859,0.5888889,0.008833334,0.5888889
10.6,10.18365,0.008833334,33.5209,0.5888889,0.008833334,0.5888889
10.61,10.19319,0.008833334,33.5523,0.5888889,0.008833334,0.5888889
10.62,10.20432,0.008833334,33.58892,0.5888889,0.008833334,0.5888889
10.63,10.21385,0.008833334,33.62032,0.5888889,0.008833334,0.5888889
10.64,10.22498,0.008866667,33.65694,0.5911111,0.008866667,0.5911111
10.65,10.23293,0.008866667,33.6831,0.5911111,0.008866667,0.5911111
10.66,10.24246,0.008866667,33.71449,0.5911111,0.008866667,0.5911111
10.67,10.25518,0.008866667,33.75634,0.5911111,0.008866667,0.5911111
10.68,10.26948,0.0089,33.80343,0.5933333,0.0089,0.5933333
10.69,10.28379,0.0089,33.85052,0.5933333,0.0089,0.5933333
10.7,10.31081,0.0089,33.93946,0.5933333,0.0089,0.5933333
10.71,10.33942,0.0089,34.03364,0.5933333,0.0089,0.5933333
10.72,10.34737,0.008933334,34.0598,0.5955556,0.008933334,0.5955556
10.73,10.3267,0.008933334,33.99178,0.5955556,0.008933334,0.5955556
10.74,10.30286,0.008933334,33.9133,0.5955556,0.008933334,0.5955556
10.75,10.29174,0.008933334,33.87668,0.5955556,0.008933334,0.5955556
10.76,10.30604,0.008966667,33.92377,0.5977778,0.008966667,0.5977778
10.77,10.33624,0.008966667,34.02317,0.5977778,0.008966667,0.5977778
10.78,10.36485,0.008966667,34.11734,0.5977778,0.008966667,0.5977778
10.79,10.38074,0.009000001,34.16967,0.6,0.009000001,0.6
10.8,10.39187,0.009000001,34.20629,0.6,0.009000001,0.6
10.81,10.39664,0.009000001,34.22198,0.6,0.009000001,0.6
10.82,10.40141,0.009000001,34.23768,0.6,0.009000001,0.6
10.83,10.40936,0.009000001,34.26384,0.6,0.009000001,0.6
10.84,10.4173,0.009033334,34.29,0.6022222,0.009033334,0.6022222
10.85,10.42207,0.009033334,34.30569,0.6022222,0.009033334,0.6022222
10.86,10.42207,0.009033334,34.30569,0.6022222,0.009033334,0.6022222
10.87,10.43002,0.009033334,34.33186,0.6022222,0.009033334,0.6022222
10.88,10.44909,0.009066666,34.39464,0.6044444,0.009066666,0.6044444
10.89,10.46658,0.009066666,34.45219,0.6044444,0.009066666,0.6044444
10.9,10.47134,0.009066666,34.46788,0.6044444,0.009066666,0.6044444
10.91,10.47134,0.009066666,34.46788,0.6044444,0.009066666,0.6044444
10.92,10.47452,0.0091,34.47835,0.6066667,0.0091,0.6066667
10.93,10.46975,0.0091,34.46265,0.6066667,0.0091,0.6066667
10.94,10.45545,0.0091,34.41557,0.6066667,0.0091,0.6066667
10.95,10.45386,0.0091,34.41034,0.6066667,0.0091,0.6066667
10.96,10.47134,0.009133333,34.46788,0.6088889,0.009133333,0.6088889
10.97,10.49995,0.009133333,34.56206,0.6088889,0.009133333,0.6088889
10.98,10.5238,0.009133333,34.64054,0.6088889,0.009133333,0.6088889
10.99,10.54128,0.009166666,34.69809,0.6111111,0.009166666,0.6111111
11.0,10.56035,0.009166666,34.76087,0.6111111,0.009166666,0.6111111
11.01,10.56989,0.009166666,34.79226,0.6111111,0.009166666,0.6111111
11.02,10.57625,0.009166666,34.81319,0.6111111,0.009166666,0.6111111
11.03,10.57307,0.009166666,34.80273,0.6111111,0.009166666,0.6111111
11.04,10.5683,0.0092,34.78703,0.6133333,0.0092,0.6133333
11.05,10.56353,0.0092,34.77134,0.6133333,0.0092,0.6133333
11.06,10.56353,0.0092,34.77134,0.6133333,0.0092,0.6133333
11.07,10.57625,0.0092,34.81319,0.6133333,0.0092,0.6133333
11.08,10.59214,0.009233333,34.86551,0.6155555,0.009233333,0.6155555
11.09,10.60486,0.009233333,34.90737,0.6155555,0.009233333,0.6155555
11.1,10.62075,0.009233333,34.95969,0.6155555,0.009233333,0.6155555
11.11,10.63506,0.009233333,35.00677,0.6155555,0.009233333,0.6155555
11.12,10.64301,0.009266667,35.03293,0.6177778,0.009266667,0.6177778
11.13,10.63824,0.009266667,35.01723,0.6177778,0.009266667,0.6177778
11.14,10.63029,0.009266667,34.99108,0.6177778,0.009266667,0.6177778
11.15,10.63347,0.009266667,35.00154,0.6177778,0.009266667,0.6177778
11.16,10.64936,0.0093,35.05386,0.62,0.0093,0.62
11.17,10.66208,0.0093,35.09571,0.62,0.0093,0.62
11.18,10.67797,0.0093,35.14804,0.62,0.0093,0.62
11.19,10.69228,0.009333333,35.19512,0.6222222,0.009333333,0.6222222
11.2,10.7034,0.009333333,35.23174,0.6222222,0.009333333,0.6222222
11.21,10.70817,0.009333333,35.24744,0.6222222,0.009333333,0.6222222
11.22,10.71453,0.009333333,35.26837,0.6222222,0.009333333,0.6222222
11.23,10.72089,0.009333333,35.2893,0.6222222,0.009333333,0.6222222
11.24,10.73996,0.009366667,35.35208,0.6244445,0.009366667,0.6244445
11.25,10.75268,0.009366667,35.39394,0.6244445,0.009366667,0.6244445
11.26,10.75268,0.009366667,35.39394,0.6244445,0.009366667,0.6244445
11.27,10.74791,0.009366667,35.37824,0.6244445,0.009366667,0.6244445
11.28,10.7495,0.0094,35.38347,0.6266667,0.0094,0.6266667
11.29,10.7638,0.0094,35.43056,0.6266667,0.0094,0.6266667
11.3,10.77811,0.0094,35.47765,0.6266667,0.0094,0.6266667
11.31,10.794,0.0094,35.52996,0.6266667,0.0094,0.6266667
11.32,10.80672,0.009433334,35.57182,0.6288889,0.009433334,0.6288889
11.33,10.82261,0.009433334,35.62414,0.6288889,0.009433334,0.6288889
11.34,10.83851,0.009433334,35.67646,0.6288889,0.009433334,0.6288889
11.35,10.84964,0.009433334,35.71308,0.6288889,0.009433334,0.6288889
11.36,10.8544,0.009466667,35.72878,0.6311111,0.009466667,0.6311111
11.37,10.86235,0.009466667,35.75494,0.6311111,0.009466667,0.6311111
11.38,10.88301,0.009466667,35.82295,0.6311111,0.009466667,0.6311111
11.39,10.91639,0.009466667,35.93282,0.6311111,0.009466667,0.6311111
11.4,10.94341,0.0095,36.02177,0.6333333,0.0095,0.6333333
11.41,10.94023,0.0095,36.0113,0.6333333,0.0095,0.6333333
11.42,10.92434,0.0095,35.95898,0.6333333,0.0095,0.6333333
11.43,10.92911,0.0095,35.97468,0.6333333,0.0095,0.6333333
11.44,10.95295,0.009533334,36.05316,0.6355556,0.009533334,0.6355556
11.45,10.97361,0.009533334,36.12117,0.6355556,0.009533334,0.6355556
11.46,10.98156,0.009533334,36.14733,0.6355556,0.009533334,0.6355556
11.47,10.98474,0.009533334,36.15779,0.6355556,0.009533334,0.6355556
11.48,10.98951,0.009566667,36.17349,0.6377777,0.009566667,0.6377777
11.49,10.99269,0.009566667,36.18396,0.6377777,0.009566667,0.6377777
11.5,10.98633,0.009566667,36.16302,0.6377777,0.009566667,0.6377777
11.51,10.99269,0.009566667,36.18396,0.6377777,0.009566667,0.6377777
11.52,11.00699,0.0096,36.23104,0.64,0.0096,0.64
11.53,11.02606,0.0096,36.29383,0.64,0.0096,0.64
11.54,11.02924,0.0096,36.30429,0.64,0.0096,0.64
11.55,11.02924,0.0096,36.30429,0.64,0.0096,0.64
11.56,11.03083,0.009633333000000001,36.30952,0.6422222,0.009633333000000001,0.6422222
11.57,11.03083,0.009633333000000001,36.30952,0.6422222,0.009633333000000001,0.6422222
11.58,11.02289,0.009633333000000001,36.28336,0.6422222,0.009633333000000001,0.6422222
11.59,11.01494,0.009666666,36.2572,0.6444444,0.009666666,0.6444444
11.6,11.03083,0.009666666,36.30952,0.6444444,0.009666666,0.6444444
11.61,11.05785,0.009666666,36.39846,0.6444444,0.009666666,0.6444444
11.62,11.08646,0.009666666,36.49264,0.6444444,0.009666666,0.6444444
11.63,11.10077,0.009666666,36.53973,0.6444444,0.009666666,0.6444444
11.64,11.10713,0.0097,36.56065,0.6466667,0.0097,0.6466667
11.65,11.10713,0.0097,36.56065,0.6466667,0.0097,0.6466667
11.66,11.11507,0.0097,36.58681,0.6466667,0.0097,0.6466667
11.67,11.12938,0.0097,36.6339,0.6466667,0.0097,0.6466667
11.68,11.14368,0.009733333,36.68099,0.6488889,0.009733333,0.6488889
11.69,11.14845,0.009733333,36.69668,0.6488889,0.009733333,0.6488889
11.7,11.14845,0.009733333,36.69668,0.6488889,0.009733333,0.6488889
11.71,11.16117,0.009733333,36.73854,0.6488889,0.009733333,0.6488889
11.72,11.18978,0.009766667,36.83271,0.6511111,0.009766667,0.6511111
11.73,11.21362,0.009766667,36.91119,0.6511111,0.009766667,0.6511111
11.74,11.21362,0.009766667,36.91119,0.6511111,0.009766667,0.6511111
11.75,11.20567,0.009766667,36.88503,0.6511111,0.009766667,0.6511111
11.76,11.21362,0.0098,36.91119,0.6533334,0.0098,0.6533334
11.77,11.23428,0.0098,36.97921,0.6533334,0.0098,0.6533334
11.78,11.25177,0.0098,37.03675,0.6533334,0.0098,0.6533334
11.79,11.26289,0.009833333,37.07338,0.6555555,0.009833333,0.6555555
11.8,11.26766,0.009833333,37.08908,0.6555555,0.009833333,0.6555555
11.81,11.27879,0.009833333,37.1257,0.6555555,0.009833333,0.6555555
11.82,11.28833,0.009833333,37.15709,0.6555555,0.009833333,0.6555555
11.83,11.29627,0.009833333,37.18325,0.6555555,0.009833333,0.6555555
11.84,11.30104,0.009866667,37.19895,0.6577778,0.009866667,0.6577778
11.85,11.30422,0.009866667,37.20941,0.6577778,0.009866667,0.6577778
11.86,11.3074,0.009866667,37.21988,0.6577778,0.009866667,0.6577778
11.87,11.30422,0.009866667,37.20941,0.6577778,0.009866667,0.6577778
11.88,11.29627,0.0099,37.18325,0.66,0.0099,0.66
11.89,11.29945,0.0099,37.19371,0.66,0.0099,0.66
11.9,11.32329,0.0099,37.27219,0.66,0.0099,0.66
11.91,11.34555,0.0099,37.34544,0.66,0.0099,0.66
11.92,11.3519,0.009933334,37.36637,0.6622223,0.009933334,0.6622223
11.93,11.3519,0.009933334,37.36637,0.6622223,0.009933334,0.6622223
11.94,11.35667,0.009933334,37.38206,0.6622223,0.009933334,0.6622223
11.95,11.36462,0.009933334,37.40823,0.6622223,0.009933334,0.6622223
11.96,11.36939,0.009966667,37.42392,0.6644444,0.009966667,0.6644444
11.97,11.37416,0.009966667,37.43962,0.6644444,0.009966667,0.6644444
11.98,11.37416,0.009966667,37.43962,0.6644444,0.009966667,0.6644444
11.99,11.37733,0.009966667,37.45008,0.6644444,0.009966667,0.6644444
12.0,11.38687,0.01,37.48147,0.6666666,0.01,0.6666666
12.01,11.40594,0.01,37.54425,0.6666666,0.01,0.6666666
12.02,11.41071,0.01,37.55995,0.6666666,0.01,0.6666666
12.03,11.39482,0.01,37.50763,0.6666666,0.01,0.6666666
12.04,11.38051,0.01003333,37.46054,0.6688889,0.01003333,0.6688889
12.05,11.38528,0.01003333,37.47624,0.6688889,0.01003333,0.6688889
12.06,11.42184,0.01003333,37.59657,0.6688889,0.01003333,0.6688889
12.07,11.46634,0.01003333,37.74306,0.6688889,0.01003333,0.6688889
12.08,11.49654,0.01006667,37.84247,0.6711111,0.01006667,0.6711111
12.09,11.50926,0.01006667,37.88433,0.6711111,0.01006667,0.6711111
12.1,11.51244,0.01006667,37.89479,0.6711111,0.01006667,0.6711111
12.11,11.52039,0.01006667,37.92095,0.6711111,0.01006667,0.6711111
12.12,11.52833,0.0101,37.94711,0.6733333,0.0101,0.6733333
12.13,11.52833,0.0101,37.94711,0.6733333,0.0101,0.6733333
12.14,11.53151,0.0101,37.95758,0.6733333,0.0101,0.6733333
12.15,11.54105,0.0101,37.98897,0.6733333,0.0101,0.6733333
12.16,11.56012,0.01013333,38.05175,0.6755556,0.01013333,0.6755556
12.17,11.57443,0.01013333,38.09884,0.6755556,0.01013333,0.6755556
12.18,11.58237,0.01013333,38.125,0.6755556,0.01013333,0.6755556
12.19,11.58873,0.01013333,38.14592,0.6755556,0.01013333,0.6755556
12.2,11.59032,0.01016667,38.15115,0.6777778,0.01016667,0.6777778
12.21,11.59032,0.01016667,38.15115,0.6777778,0.01016667,0.6777778
12.22,11.59032,0.01016667,38.15115,0.6777778,0.01016667,0.6777778
12.23,11.59032,0.01016667,38.15115,0.6777778,0.01016667,0.6777778
12.24,11.60622,0.0102,38.20348,0.68,0.0102,0.68
12.25,11.63165,0.0102,38.28719,0.68,0.0102,0.68
12.26,11.65231,0.0102,38.3552,0.68,0.0102,0.68
12.27,11.65867,0.0102,38.37613,0.68,0.0102,0.68
12.28,11.66026,0.01023333,38.38136,0.6822222,0.01023333,0.6822222
12.29,11.66821,0.01023333,38.40752,0.6822222,0.01023333,0.6822222
12.3,11.67933,0.01023333,38.44415,0.6822222,0.01023333,0.6822222
12.31,11.6841,0.01023333,38.45984,0.6822222,0.01023333,0.6822222
12.32,11.69523,0.01026667,38.49646,0.6844445,0.01026667,0.6844445
12.33,11.70476,0.01026667,38.52785,0.6844445,0.01026667,0.6844445
12.34,11.71748,0.01026667,38.56971,0.6844445,0.01026667,0.6844445
12.35,11.72543,0.01026667,38.59587,0.6844445,0.01026667,0.6844445
12.36,11.72384,0.0103,38.59064,0.6866667,0.0103,0.6866667
12.37,11.72066,0.0103,38.58017,0.6866667,0.0103,0.6866667
12.38,11.72066,0.0103,38.58017,0.6866667,0.0103,0.6866667
12.39,11.73178,0.01033333,38.6168,0.6888889,0.01033333,0.6888889
12.4,11.74609,0.01033333,38.66389,0.6888889,0.01033333,0.6888889
12.41,11.75721,0.01033333,38.70051,0.6888889,0.01033333,0.6888889
12.42,11.76198,0.01033333,38.7162,0.6888889,0.01033333,0.6888889
12.43,11.76516,0.01033333,38.72667,0.6888889,0.01033333,0.6888889
12.44,11.76675,0.01036667,38.7319,0.6911111,0.01036667,0.6911111
12.45,11.77311,0.01036667,38.75283,0.6911111,0.01036667,0.6911111
12.46,11.78582,0.01036667,38.79468,0.6911111,0.01036667,0.6911111
12.47,11.80172,0.01036667,38.847,0.6911111,0.01036667,0.6911111
12.48,11.81444,0.0104,38.88885,0.6933333,0.0104,0.6933333
12.49,11.83033,0.0104,38.94118,0.6933333,0.0104,0.6933333
12.5,11.83987,0.0104,38.97257,0.6933333,0.0104,0.6933333
12.51,11.84622,0.0104,38.9935,0.6933333,0.0104,0.6933333
12.52,11.85099,0.01043333,39.00919,0.6955555,0.01043333,0.6955555
12.53,11.85576,0.01043333,39.02489,0.6955555,0.01043333,0.6955555
12.54,11.85099,0.01043333,39.00919,0.6955555,0.01043333,0.6955555
12.55,11.84305,0.01043333,38.98303,0.6955555,0.01043333,0.6955555
12.56,11.84305,0.01046667,38.98303,0.6977778,0.01046667,0.6977778
12.57,11.85417,0.01046667,39.01965,0.6977778,0.01046667,0.6977778
12.58,11.86848,0.01046667,39.06674,0.6977778,0.01046667,0.6977778
12.59,11.88914,0.0105,39.13476,0.7,0.0105,0.7
12.6,11.90821,0.0105,39.19754,0.7,0.0105,0.7
12.61,11.92093,0.0105,39.2394,0.7,0.0105,0.7
12.62,11.9257,0.0105,39.25509,0.7,0.0105,0.7
12.63,11.92411,0.0105,39.24986,0.7,0.0105,0.7
12.64,11.91616,0.01053333,39.2237,0.7022222,0.01053333,0.7022222
12.65,11.90821,0.01053333,39.19754,0.7022222,0.01053333,0.7022222
12.66,11.91139,0.01053333,39.208,0.7022222,0.01053333,0.7022222
12.67,11.9257,0.01053333,39.25509,0.7022222,0.01053333,0.7022222
12.68,11.94954,0.01056667,39.33357,0.7044445,0.01056667,0.7044445
12.69,11.98133,0.01056667,39.43821,0.7044445,0.01056667,0.7044445
12.7,11.99881,0.01056667,39.49576,0.7044445,0.01056667,0.7044445
12.71,11.99722,0.01056667,39.49053,0.7044445,0.01056667,0.7044445
12.72,11.9861,0.0106,39.4539,0.7066666,0.0106,0.7066666
12.73,11.98292,0.0106,39.44344,0.7066666,0.0106,0.7066666
12.74,11.99881,0.0106,39.49576,0.7066666,0.0106,0.7066666
12.75,12.01789,0.0106,39.55854,0.7066666,0.0106,0.7066666
12.76,12.03219,0.01063333,39.60563,0.7088889,0.01063333,0.7088889
12.77,12.04014,0.01063333,39.63179,0.7088889,0.01063333,0.7088889
12.78,12.0465,0.01063333,39.65272,0.7088889,0.01063333,0.7088889
12.79,12.05921,0.01066667,39.69457,0.7111111,0.01066667,0.7111111
12.8,12.0767,0.01066667,39.75212,0.7111111,0.01066667,0.7111111
12.81,12.08782,0.01066667,39.78875,0.7111111,0.01066667,0.7111111
12.82,12.08464,0.01066667,39.77829,0.7111111,0.01066667,0.7111111
12.83,12.0767,0.01066667,39.75212,0.7111111,0.01066667,0.7111111
12.84,12.07987,0.0107,39.76259,0.7133334,0.0107,0.7133334
12.85,12.09259,0.0107,39.80444,0.7133334,0.0107,0.7133334
12.86,12.10531,0.0107,39.8463,0.7133334,0.0107,0.7133334
12.87,12.11802,0.0107,39.88815,0.7133334,0.0107,0.7133334
12.88,12.12915,0.01073333,39.92477,0.7155555,0.01073333,0.7155555
12.89,12.1371,0.01073333,39.95094,0.7155555,0.01073333,0.7155555
12.9,12.14027,0.01073333,39.9614,0.7155555,0.01073333,0.7155555
12.91,12.14663,0.01073333,39.98233,0.7155555,0.01073333,0.7155555
12.92,12.16571,0.01076667,40.04511,0.7177777,0.01076667,0.7177777
12.93,12.18955,0.01076667,40.12359,0.7177777,0.01076667,0.7177777
12.94,12.20703,0.01076667,40.18114,0.7177777,0.01076667,0.7177777
12.95,12.21498,0.01076667,40.2073,0.7177777,0.01076667,0.7177777
12.96,12.21498,0.0108,40.2073,0.72,0.0108,0.72
12.97,12.2261,0.0108,40.24392,0.72,0.0108,0.72
12.98,12.23246,0.0108,40.26485,0.72,0.0108,0.72
12.99,12.23087,0.01083333,40.25962,0.7222222,0.01083333,0.7222222
13.0,12.22293,0.01083333,40.23346,0.7222222,0.01083333,0.7222222
13.01,12.22293,0.01083333,40.23346,0.7222222,0.01083333,0.7222222
13.02,12.23246,0.01083333,40.26485,0.7222222,0.01083333,0.7222222
13.03,12.25471,0.01083333,40.3381,0.7222222,0.01083333,0.7222222
13.04,12.27697,0.01086667,40.41134,0.7244444,0.01086667,0.7244444
13.05,12.29127,0.01086667,40.45843,0.7244444,0.01086667,0.7244444
13.06,12.29127,0.01086667,40.45843,0.7244444,0.01086667,0.7244444
13.07,12.28333,0.01086667,40.43227,0.7244444,0.01086667,0.7244444
13.08,12.27697,0.0109,40.41134,0.7266667,0.0109,0.7266667
13.09,12.27538,0.0109,40.40611,0.7266667,0.0109,0.7266667
13.1,12.28333,0.0109,40.43227,0.7266667,0.0109,0.7266667
13.11,12.29604,0.0109,40.47413,0.7266667,0.0109,0.7266667
13.12,12.31194,0.01093333,40.52645,0.7288889,0.01093333,0.7288889
13.13,12.32147,0.01093333,40.55784,0.7288889,0.01093333,0.7288889
13.14,12.32624,0.01093333,40.57354,0.7288889,0.01093333,0.7288889
13.15,12.33737,0.01093333,40.61016,0.7288889,0.01093333,0.7288889
13.16,12.35485,0.01096667,40.66771,0.7311111,0.01096667,0.7311111
13.17,12.37075,0.01096667,40.72003,0.7311111,0.01096667,0.7311111
13.18,12.38664,0.01096667,40.77235,0.7311111,0.01096667,0.7311111
13.19,12.40571,0.011,40.83513,0.7333333,0.011,0.7333333
13.2,12.41843,0.011,40.87699,0.7333333,0.011,0.7333333
13.21,12.42002,0.011,40.88222,0.7333333,0.011,0.7333333
13.22,12.41525,0.011,40.86652,0.7333333,0.011,0.7333333
13.23,12.41048,0.011,40.85083,0.7333333,0.011,0.7333333
13.24,12.4073,0.01103333,40.84036,0.7355556,0.01103333,0.7355556
13.25,12.41048,0.01103333,40.85083,0.7355556,0.01103333,0.7355556
13.26,12.42002,0.01103333,40.88222,0.7355556,0.01103333,0.7355556
13.27,12.44068,0.01103333,40.95023,0.7355556,0.01103333,0.7355556
13.28,12.46452,0.01106667,41.02871,0.7377778,0.01106667,0.7377778
13.29,12.47724,0.01106667,41.07056,0.7377778,0.01106667,0.7377778
13.3,12.47565,0.01106667,41.06534,0.7377778,0.01106667,0.7377778
13.31,12.46929,0.01106667,41.04441,0.7377778,0.01106667,0.7377778
13.32,12.47247,0.0111,41.05487,0.74,0.0111,0.74
13.33,12.4836,0.0111,41.0915,0.74,0.0111,0.74
13.34,12.49631,0.0111,41.13335,0.74,0.0111,0.74
13.35,12.50108,0.0111,41.14904,0.74,0.0111,0.74
13.36,12.49631,0.01113333,41.13335,0.7422222,0.01113333,0.7422222
13.37,12.48837,0.01113333,41.10719,0.7422222,0.01113333,0.7422222
13.38,12.4836,0.01113333,41.0915,0.7422222,0.01113333,0.7422222
13.39,12.49154,0.01116667,41.11765,0.7444444,0.01116667,0.7444444
13.4,12.5138,0.01116667,41.1909,0.7444444,0.01116667,0.7444444
13.41,12.53764,0.01116667,41.26938,0.7444444,0.01116667,0.7444444
13.42,12.54559,0.01116667,41.29554,0.7444444,0.01116667,0.7444444
13.43,12.54241,0.01116667,41.28508,0.7444444,0.01116667,0.7444444
13.44,12.54241,0.0112,41.28508,0.7466667,0.0112,0.7466667
13.45,12.55512,0.0112,41.32693,0.7466667,0.0112,0.7466667
13.46,12.5742,0.0112,41.38971,0.7466667,0.0112,0.7466667
13.47,12.58691,0.0112,41.43157,0.7466667,0.0112,0.7466667
13.48,12.59486,0.01123333,41.45773,0.7488889,0.01123333,0.7488889
13.49,12.59963,0.01123333,41.47343,0.7488889,0.01123333,0.7488889
13.5,12.60757,0.01123333,41.49958,0.7488889,0.01123333,0.7488889
13.51,12.61552,0.01123333,41.52574,0.7488889,0.01123333,0.7488889
13.52,12.62347,0.01126667,41.55191,0.7511111,0.01126667,0.7511111
13.53,12.62665,0.01126667,41.56237,0.7511111,0.01126667,0.7511111
13.54,12.63142,0.01126667,41.57806,0.7511111,0.01126667,0.7511111
13.55,12.64731,0.01126667,41.63038,0.7511111,0.01126667,0.7511111
13.56,12.66797,0.0113,41.69839,0.7533333,0.0113,0.7533333
13.57,12.68546,0.0113,41.75595,0.7533333,0.0113,0.7533333
13.58,12.69976,0.0113,41.80304,0.7533333,0.0113,0.7533333
13.59,12.69976,0.01133333,41.80304,0.7555556,0.01133333,0.7555556
13.6,12.69976,0.01133333,41.80304,0.7555556,0.01133333,0.7555556
13.61,12.70135,0.01133333,41.80827,0.7555556,0.01133333,0.7555556
13.62,12.70612,0.01133333,41.82396,0.7555556,0.01133333,0.7555556
13.63,12.7093,0.01133333,41.83443,0.7555556,0.01133333,0.7555556
13.64,12.71407,0.01136667,41.85012,0.7577778,0.01136667,0.7577778
13.65,12.73314,0.01136667,41.91291,0.7577778,0.01136667,0.7577778
13.66,12.75698,0.01136667,41.99139,0.7577778,0.01136667,0.7577778
13.67,12.76175,0.01136667,42.00708,0.7577778,0.01136667,0.7577778
13.68,12.7538,0.0114,41.98092,0.76,0.0114,0.76
13.69,12.74904,0.0114,41.96523,0.76,0.0114,0.76
13.7,12.7538,0.0114,41.98092,0.76,0.0114,0.76
13.71,12.76652,0.0114,42.02278,0.76,0.0114,0.76
13.72,12.77765,0.01143333,42.0594,0.7622222,0.01143333,0.7622222
13.73,12.77924,0.01143333,42.06463,0.7622222,0.01143333,0.7622222
13.74,12.77129,0.01143333,42.03848,0.7622222,0.01143333,0.7622222
13.75,12.76652,0.01143333,42.02278,0.7622222,0.01143333,0.7622222
13.76,12.77765,0.01146667,42.0594,0.7644445,0.01146667,0.7644445
13.77,12.7999,0.01146667,42.13265,0.7644445,0.01146667,0.7644445
13.78,12.82692,0.01146667,42.22159,0.7644445,0.01146667,0.7644445
13.79,12.8444,0.0115,42.27914,0.7666667,0.0115,0.7666667
13.8,12.85235,0.0115,42.3053,0.7666667,0.0115,0.7666667
13.81,12.8603,0.0115,42.33146,0.7666667,0.0115,0.7666667
13.82,12.87301,0.0115,42.37331,0.7666667,0.0115,0.7666667
13.83,12.88414,0.0115,42.40994,0.7666667,0.0115,0.7666667
13.84,12.89209,0.01153333,42.4361,0.768889,0.01153333,0.768889
13.85,12.9048,0.01153333,42.47795,0.768889,0.01153333,0.768889
13.86,12.92229,0.01153333,42.5355,0.768889,0.01153333,0.768889
13.87,12.935,0.01153333,42.57736,0.768889,0.01153333,0.768889
13.88,12.94136,0.01156667,42.59829,0.7711111,0.01156667,0.7711111
13.89,12.94295,0.01156667,42.60352,0.7711111,0.01156667,0.7711111
13.9,12.93818,0.01156667,42.58783,0.7711111,0.01156667,0.7711111
13.91,12.92865,0.01156667,42.55643,0.7711111,0.01156667,0.7711111
13.92,12.92865,0.0116,42.55643,0.7733333,0.0116,0.7733333
13.93,12.94931,0.0116,42.62445,0.7733333,0.0116,0.7733333
13.94,12.96997,0.0116,42.69246,0.7733333,0.0116,0.7733333
13.95,12.97792,0.0116,42.71862,0.7733333,0.0116,0.7733333
13.96,12.98745,0.01163333,42.75001,0.7755556,0.01163333,0.7755556
13.97,13.01448,0.01163333,42.83896,0.7755556,0.01163333,0.7755556
13.98,13.04785,0.01163333,42.94883,0.7755556,0.01163333,0.7755556
13.99,13.0717,0.01166667,43.02731,0.7777778,0.01166667,0.7777778
14.0,13.07646,0.01166667,43.043,0.7777778,0.01166667,0.7777778
14.01,13.06057,0.01166667,42.99068,0.7777778,0.01166667,0.7777778
14.02,13.03673,0.01166667,42.9122,0.7777778,0.01166667,0.7777778
14.03,13.02719,0.01166667,42.88081,0.7777778,0.01166667,0.7777778
14.04,13.02719,0.0117,42.88081,0.78,0.0117,0.78
14.05,13.04309,0.0117,42.93313,0.78,0.0117,0.78
14.06,13.06534,0.0117,43.00638,0.78,0.0117,0.78
14.07,13.07964,0.01173333,43.05346,0.7822222,0.01173333,0.7822222
14.08,13.07646,0.01173333,43.043,0.7822222,0.01173333,0.7822222
14.09,13.0717,0.01173333,43.02731,0.7822222,0.01173333,0.7822222
14.1,13.08441,0.01173333,43.06916,0.7822222,0.01173333,0.7822222
14.11,13.10825,0.01173333,43.14764,0.7822222,0.01173333,0.7822222
14.12,13.12574,0.01176667,43.20519,0.7844445,0.01176667,0.7844445
14.13,13.12892,0.01176667,43.21566,0.7844445,0.01176667,0.7844445
14.14,13.13051,0.01176667,43.22089,0.7844445,0.01176667,0.7844445
14.15,13.14958,0.01176667,43.28367,0.7844445,0.01176667,0.7844445
14.16,13.17183,0.0118,43.35692,0.7866667,0.0118,0.7866667
14.17,13.17501,0.0118,43.36738,0.7866667,0.0118,0.7866667
14.18,13.15912,0.0118,43.31506,0.7866667,0.0118,0.7866667
14.19,13.14322,0.01183333,43.26274,0.7888889,0.01183333,0.7888889
14.2,13.1464,0.01183333,43.2732,0.7888889,0.01183333,0.7888889
14.21,13.16706,0.01183333,43.34122,0.7888889,0.01183333,0.7888889
14.22,13.19091,0.01183333,43.4197,0.7888889,0.01183333,0.7888889
14.23,13.20044,0.01183333,43.45109,0.7888889,0.01183333,0.7888889
14.24,13.19885,0.01186667,43.44586,0.7911111,0.01186667,0.7911111
14.25,13.20362,0.01186667,43.46156,0.7911111,0.01186667,0.7911111
14.26,13.22905,0.01186667,43.54527,0.7911111,0.01186667,0.7911111
14.27,13.25607,0.01186667,43.63421,0.7911111,0.01186667,0.7911111
14.28,13.26561,0.0119,43.6656,0.7933334,0.0119,0.7933334
14.29,13.26561,0.0119,43.6656,0.7933334,0.0119,0.7933334
14.3,13.27197,0.0119,43.68653,0.7933334,0.0119,0.7933334
14.31,13.28468,0.0119,43.72838,0.7933334,0.0119,0.7933334
14.32,13.30217,0.01193333,43.78593,0.7955555,0.01193333,0.7955555
14.33,13.32124,0.01193333,43.84872,0.7955555,0.01193333,0.7955555
14.34,13.33396,0.01193333,43.89057,0.7955555,0.01193333,0.7955555
14.35,13.33873,0.01193333,43.90627,0.7955555,0.01193333,0.7955555
14.36,13.34349,0.01196667,43.92196,0.7977778,0.01196667,0.7977778
14.37,13.3578,0.01196667,43.96905,0.7977778,0.01196667,0.7977778
14.38,13.36575,0.01196667,43.99521,0.7977778,0.01196667,0.7977778
14.39,13.36257,0.012,43.98475,0.8,0.012,0.8
14.4,13.3578,0.012,43.96905,0.8,0.012,0.8
14.41,13.3578,0.012,43.96905,0.8,0.012,0.8
14.42,13.36257,0.012,43.98475,0.8,0.012,0.8
14.43,13.36575,0.012,43.99521,0.8,0.012,0.8
14.44,13.35939,0.01203333,43.97428,0.8022222,0.01203333,0.8022222
14.45,13.3578,0.01203333,43.96905,0.8022222,0.01203333,0.8022222
14.46,13.36575,0.01203333,43.99521,0.8022222,0.01203333,0.8022222
14.47,13.38641,0.01203333,44.06322,0.8022222,0.01203333,0.8022222
14.48,13.40707,0.01206667,44.13124,0.8044445,0.01206667,0.8044445
14.49,13.41502,0.01206667,44.1574,0.8044445,0.01206667,0.8044445
14.5,13.42297,0.01206667,44.18356,0.8044445,0.01206667,0.8044445
14.51,13.44045,0.01206667,44.24111,0.8044445,0.01206667,0.8044445
14.52,13.45317,0.0121,44.28297,0.8066667,0.0121,0.8066667
14.53,13.45158,0.0121,44.27773,0.8066667,0.0121,0.8066667
14.54,13.44045,0.0121,44.24111,0.8066667,0.0121,0.8066667
14.55,13.44363,0.0121,44.25158,0.8066667,0.0121,0.8066667
14.56,13.45634,0.01213333,44.29343,0.8088889,0.01213333,0.8088889
14.57,13.47383,0.01213333,44.35098,0.8088889,0.01213333,0.8088889
14.58,13.4929,0.01213333,44.41376,0.8088889,0.01213333,0.8088889
14.59,13.50562,0.01216667,44.45562,0.8111111,0.01216667,0.8111111
14.6,13.51039,0.01216667,44.47132,0.8111111,0.01216667,0.8111111
14.61,13.51039,0.01216667,44.47132,0.8111111,0.01216667,0.8111111
14.62,13.51039,0.01216667,44.47132,0.8111111,0.01216667,0.8111111
14.63,13.51833,0.01216667,44.49747,0.8111111,0.01216667,0.8111111
14.64,13.52628,0.0122,44.52363,0.8133333,0.0122,0.8133333
14.65,13.52946,0.0122,44.5341,0.8133333,0.0122,0.8133333
14.66,13.52628,0.0122,44.52363,0.8133333,0.0122,0.8133333
14.67,13.5231,0.0122,44.51317,0.8133333,0.0122,0.8133333
14.68,13.51674,0.01223333,44.49224,0.8155556,0.01223333,0.8155556
14.69,13.50562,0.01223333,44.45562,0.8155556,0.01223333,0.8155556
14.7,13.5088,0.01223333,44.46608,0.8155556,0.01223333,0.8155556
14.71,13.52946,0.01223333,44.5341,0.8155556,0.01223333,0.8155556
14.72,13.55171,0.01226667,44.60735,0.8177778,0.01226667,0.8177778
14.73,13.56761,0.01226667,44.65966,0.8177778,0.01226667,0.8177778
14.74,13.58032,0.01226667,44.70152,0.8177778,0.01226667,0.8177778
14.75,13.59622,0.01226667,44.75384,0.8177778,0.01226667,0.8177778
14.76,13.61211,0.0123,44.80616,0.8200001,0.0123,0.8200001
14.77,13.61211,0.0123,44.80616,0.8200001,0.0123,0.8200001
14.78,13.61529,0.0123,44.81662,0.8200001,0.0123,0.8200001
14.79,13.64072,0.01233333,44.90033,0.8222222,0.01233333,0.8222222
14.8,13.67728,0.01233333,45.02067,0.8222222,0.01233333,0.8222222
14.81,13.70271,0.01233333,45.10438,0.8222222,0.01233333,0.8222222
14.82,13.72337,0.01233333,45.17239,0.8222222,0.01233333,0.8222222
14.83,13.73768,0.01236667,45.21948,0.8244444,0.01236667,0.8244444
14.84,13.73927,0.01236667,45.22471,0.8244444,0.01236667,0.8244444
14.85,13.72973,0.01236667,45.19332,0.8244444,0.01236667,0.8244444
14.86,13.71702,0.01236667,45.15146,0.8244444,0.01236667,0.8244444
14.87,13.71384,0.01236667,45.141,0.8244444,0.01236667,0.8244444
14.88,13.72178,0.0124,45.16716,0.8266667,0.0124,0.8266667
14.89,13.73132,0.0124,45.19855,0.8266667,0.0124,0.8266667
14.9,13.74245,0.0124,45.23518,0.8266667,0.0124,0.8266667
14.91,13.75198,0.0124,45.26657,0.8266667,0.0124,0.8266667
14.92,13.75993,0.01243333,45.29272,0.8288889,0.01243333,0.8288889
14.93,13.76311,0.01243333,45.30319,0.8288889,0.01243333,0.8288889
14.94,13.75516,0.01243333,45.27703,0.8288889,0.01243333,0.8288889
14.95,13.74563,0.01243333,45.24564,0.8288889,0.01243333,0.8288889
14.96,13.75039,0.01246667,45.26133,0.8311111,0.01246667,0.8311111
14.97,13.76788,0.01246667,45.31889,0.8311111,0.01246667,0.8311111
14.98,13.779,0.01246667,45.35551,0.8311111,0.01246667,0.8311111
14.99,13.779,0.0125,45.35551,0.8333334,0.0125,0.8333334
15.0,13.78377,0.0125,45.3712,0.8333334,0.0125,0.8333334
15.01,13.79649,0.0125,45.41306,0.8333334,0.0125,0.8333334
15.02,13.8092,0.0125,45.45491,0.8333334,0.0125,0.8333334
15.03,13.81715,0.0125,45.48108,0.8333334,0.0125,0.8333334
15.04,13.82828,0.01253333,45.5177,0.8355556,0.01253333,0.8355556
15.05,13.84576,0.01253333,45.57525,0.8355556,0.01253333,0.8355556
15.06,13.86483,0.01253333,45.63803,0.8355556,0.01253333,0.8355556
15.07,13.8855,0.01253333,45.70605,0.8355556,0.01253333,0.8355556
15.08,13.90139,0.01256667,45.75837,0.8377778,0.01256667,0.8377778
15.09,13.90298,0.01256667,45.7636,0.8377778,0.01256667,0.8377778
15.1,13.90298,0.01256667,45.7636,0.8377778,0.01256667,0.8377778
15.11,13.90934,0.01256667,45.78453,0.8377778,0.01256667,0.8377778
15.12,13.91411,0.0126,45.80022,0.84,0.0126,0.84
15.13,13.91888,0.0126,45.81592,0.84,0.0126,0.84
15.14,13.92206,0.0126,45.82638,0.84,0.0126,0.84
15.15,13.92206,0.0126,45.82638,0.84,0.0126,0.84
15.16,13.92206,0.01263333,45.82638,0.8422223,0.01263333,0.8422223
15.17,13.93,0.01263333,45.85254,0.8422223,0.01263333,0.8422223
15.18,13.9459,0.01263333,45.90486,0.8422223,0.01263333,0.8422223
15.19,13.96338,0.01266667,45.96241,0.8444445,0.01266667,0.8444445
15.2,13.98246,0.01266667,46.0252,0.8444445,0.01266667,0.8444445
15.21,13.99994,0.01266667,46.08274,0.8444445,0.01266667,0.8444445
15.22,14.0206,0.01266667,46.15076,0.8444445,0.01266667,0.8444445
15.23,14.02537,0.01266667,46.16646,0.8444445,0.01266667,0.8444445
15.24,14.01583,0.0127,46.13507,0.8466666,0.0127,0.8466666
15.25,14.00312,0.0127,46.09321,0.8466666,0.0127,0.8466666
15.26,14.00312,0.0127,46.09321,0.8466666,0.0127,0.8466666
15.27,14.01583,0.0127,46.13507,0.8466666,0.0127,0.8466666
15.28,14.0365,0.01273333,46.20308,0.8488889,0.01273333,0.8488889
15.29,14.04921,0.01273333,46.24494,0.8488889,0.01273333,0.8488889
15.3,14.05239,0.01273333,46.2554,0.8488889,0.01273333,0.8488889
15.31,14.04603,0.01273333,46.23447,0.8488889,0.01273333,0.8488889
15.32,14.04603,0.01276667,46.23447,0.8511111,0.01276667,0.8511111
15.33,14.04921,0.01276667,46.24494,0.8511111,0.01276667,0.8511111
15.34,14.05239,0.01276667,46.2554,0.8511111,0.01276667,0.8511111
15.35,14.05398,0.01276667,46.26063,0.8511111,0.01276667,0.8511111
15.36,14.06193,0.0128,46.28679,0.8533334,0.0128,0.8533334
15.37,14.07305,0.0128,46.32341,0.8533334,0.0128,0.8533334
15.38,14.08259,0.0128,46.3548,0.8533334,0.0128,0.8533334
15.39,14.09054,0.01283333,46.38097,0.8555556,0.01283333,0.8555556
15.4,14.09372,0.01283333,46.39143,0.8555556,0.01283333,0.8555556
15.41,14.0969,0.01283333,46.40189,0.8555556,0.01283333,0.8555556
15.42,14.10961,0.01283333,46.44375,0.8555556,0.01283333,0.8555556
15.43,14.13504,0.01283333,46.52746,0.8555556,0.01283333,0.8555556
15.44,14.15094,0.01286667,46.57978,0.8577778,0.01286667,0.8577778
15.45,14.14617,0.01286667,46.56408,0.8577778,0.01286667,0.8577778
15.46,14.13186,0.01286667,46.51699,0.8577778,0.01286667,0.8577778
15.47,14.13186,0.01286667,46.51699,0.8577778,0.01286667,0.8577778
15.48,14.14776,0.0129,46.56931,0.86,0.0129,0.86
15.49,14.17478,0.0129,46.65826,0.86,0.0129,0.86
15.5,14.20021,0.0129,46.74197,0.86,0.0129,0.86
15.51,14.21293,0.0129,46.78382,0.86,0.0129,0.86
15.52,14.21928,0.01293333,46.80475,0.8622223,0.01293333,0.8622223
15.53,14.23677,0.01293333,46.8623,0.8622223,0.01293333,0.8622223
15.54,14.2622,0.01293333,46.94601,0.8622223,0.01293333,0.8622223
15.55,14.28127,0.01293333,47.0088,0.8622223,0.01293333,0.8622223
15.56,14.29081,0.01296667,47.04019,0.8644444,0.01296667,0.8644444
15.57,14.29876,0.01296667,47.06635,0.8644444,0.01296667,0.8644444
15.58,14.3067,0.01296667,47.09251,0.8644444,0.01296667,0.8644444
15.59,14.31465,0.013,47.11867,0.8666667,0.013,0.8666667
15.6,14.31942,0.013,47.13436,0.8666667,0.013,0.8666667
15.61,14.3226,0.013,47.14482,0.8666667,0.013,0.8666667
15.62,14.32737,0.013,47.16052,0.8666667,0.013,0.8666667
15.63,14.33531,0.013,47.18668,0.8666667,0.013,0.8666667
15.64,14.33849,0.01303333,47.19714,0.8688889,0.01303333,0.8688889
15.65,14.32737,0.01303333,47.16052,0.8688889,0.01303333,0.8688889
15.66,14.31465,0.01303333,47.11867,0.8688889,0.01303333,0.8688889
15.67,14.31465,0.01303333,47.11867,0.8688889,0.01303333,0.8688889
15.68,14.32578,0.01306667,47.15529,0.8711112,0.01306667,0.8711112
15.69,14.34008,0.01306667,47.20238,0.8711112,0.01306667,0.8711112
15.7,14.35121,0.01306667,47.239,0.8711112,0.01306667,0.8711112
15.71,14.35916,0.01306667,47.26516,0.8711112,0.01306667,0.8711112
15.72,14.36234,0.0131,47.27562,0.8733333,0.0131,0.8733333
15.73,14.36234,0.0131,47.27562,0.8733333,0.0131,0.8733333
15.74,14.35916,0.0131,47.26516,0.8733333,0.0131,0.8733333
15.75,14.36392,0.0131,47.28086,0.8733333,0.0131,0.8733333
15.76,14.38777,0.01313333,47.35934,0.8755555,0.01313333,0.8755555
15.77,14.42115,0.01313333,47.4692,0.8755555,0.01313333,0.8755555
15.78,14.45293,0.01313333,47.57384,0.8755555,0.01313333,0.8755555
15.79,14.47042,0.01316667,47.63139,0.8777778,0.01316667,0.8777778
15.8,14.47042,0.01316667,47.63139,0.8777778,0.01316667,0.8777778
15.81,14.46088,0.01316667,47.6,0.8777778,0.01316667,0.8777778
15.82,14.46565,0.01316667,47.6157,0.8777778,0.01316667,0.8777778
15.83,14.48631,0.01316667,47.68371,0.8777778,0.01316667,0.8777778
15.84,14.50221,0.0132,47.73603,0.88,0.0132,0.88
15.85,14.49903,0.0132,47.72557,0.88,0.0132,0.88
15.86,14.50221,0.0132,47.73603,0.88,0.0132,0.88
15.87,14.5181,0.0132,47.78835,0.88,0.0132,0.88
15.88,14.53082,0.01323333,47.83021,0.8822222,0.01323333,0.8822222
15.89,14.534,0.01323333,47.84067,0.8822222,0.01323333,0.8822222
15.9,14.52764,0.01323333,47.81974,0.8822222,0.01323333,0.8822222
15.91,14.52764,0.01323333,47.81974,0.8822222,0.01323333,0.8822222
15.92,14.53082,0.01326667,47.83021,0.8844445,0.01326667,0.8844445
15.93,14.53082,0.01326667,47.83021,0.8844445,0.01326667,0.8844445
15.94,14.52764,0.01326667,47.81974,0.8844445,0.01326667,0.8844445
15.95,14.53082,0.01326667,47.83021,0.8844445,0.01326667,0.8844445
15.96,14.54671,0.0133,47.88253,0.8866667,0.0133,0.8866667
15.97,14.55943,0.0133,47.92438,0.8866667,0.0133,0.8866667
15.98,14.55943,0.0133,47.92438,0.8866667,0.0133,0.8866667
15.99,14.55466,0.01333333,47.90869,0.8888889,0.01333333,0.8888889
16.0,14.55466,0.01333333,47.90869,0.8888889,0.01333333,0.8888889
16.01,14.55625,0.01333333,47.91392,0.8888889,0.01333333,0.8888889
16.02,14.55943,0.01333333,47.92438,0.8888889,0.01333333,0.8888889
16.03,14.56896,0.01333333,47.95577,0.8888889,0.01333333,0.8888889
16.04,14.58486,0.01336667,48.00809,0.8911111,0.01336667,0.8911111
16.05,14.60075,0.01336667,48.06041,0.8911111,0.01336667,0.8911111
16.06,14.6087,0.01336667,48.08657,0.8911111,0.01336667,0.8911111
16.07,14.62142,0.01336667,48.12843,0.8911111,0.01336667,0.8911111
16.08,14.64526,0.0134,48.20691,0.8933334,0.0134,0.8933334
16.09,14.66274,0.0134,48.26446,0.8933334,0.0134,0.8933334
16.1,14.66115,0.0134,48.25922,0.8933334,0.0134,0.8933334
16.11,14.64208,0.0134,48.19644,0.8933334,0.0134,0.8933334
16.12,14.63413,0.01343333,48.17028,0.8955556,0.01343333,0.8955556
16.13,14.65003,0.01343333,48.2226,0.8955556,0.01343333,0.8955556
16.14,14.67705,0.01343333,48.31154,0.8955556,0.01343333,0.8955556
16.15,14.69453,0.01343333,48.36909,0.8955556,0.01343333,0.8955556
16.16,14.6993,0.01346667,48.38479,0.8977777,0.01346667,0.8977777
16.17,14.70248,0.01346667,48.39526,0.8977777,0.01346667,0.8977777
16.18,14.7136,0.01346667,48.43188,0.8977777,0.01346667,0.8977777
16.19,14.72791,0.0135,48.47897,0.9,0.0135,0.9
16.2,14.7438,0.0135,48.53128,0.9,0.0135,0.9
16.21,14.75493,0.0135,48.56791,0.9,0.0135,0.9
16.22,14.76288,0.0135,48.59407,0.9,0.0135,0.9
16.23,14.76765,0.01353333,48.60976,0.9022222,0.01353333,0.9022222
16.24,14.76765,0.01353333,48.60976,0.9022222,0.01353333,0.9022222
16.25,14.76765,0.01353333,48.60976,0.9022222,0.01353333,0.9022222
16.26,14.77718,0.01353333,48.64116,0.9022222,0.01353333,0.9022222
16.27,14.79626,0.01353333,48.70394,0.9022222,0.01353333,0.9022222
16.28,14.80579,0.01356667,48.73533,0.9044445,0.01356667,0.9044445
16.29,14.81215,0.01356667,48.75626,0.9044445,0.01356667,0.9044445
16.3,14.81215,0.01356667,48.75626,0.9044445,0.01356667,0.9044445
16.31,14.81374,0.01356667,48.76149,0.9044445,0.01356667,0.9044445
16.32,14.82487,0.0136,48.79811,0.9066667,0.0136,0.9066667
16.33,14.83281,0.0136,48.82427,0.9066667,0.0136,0.9066667
16.34,14.83281,0.0136,48.82427,0.9066667,0.0136,0.9066667
16.35,14.82805,0.0136,48.80857,0.9066667,0.0136,0.9066667
16.36,14.82805,0.01363333,48.80857,0.9088889,0.01363333,0.9088889
16.37,14.8344,0.01363333,48.8295,0.9088889,0.01363333,0.9088889
16.38,14.84871,0.01363333,48.87659,0.9088889,0.01363333,0.9088889
16.39,14.86142,0.01366667,48.91845,0.9111111,0.01366667,0.9111111
16.4,14.87096,0.01366667,48.94984,0.9111111,0.01366667,0.9111111
16.41,14.87891,0.01366667,48.976,0.9111111,0.01366667,0.9111111
16.42,14.87891,0.01366667,48.976,0.9111111,0.01366667,0.9111111
16.43,14.87891,0.0137,48.976,0.9133334,0.0137,0.9133334
16.44,14.88209,0.0137,48.98646,0.9133334,0.0137,0.9133334
16.45,14.88686,0.0137,49.00216,0.9133334,0.0137,0.9133334
16.46,14.89957,0.0137,49.04401,0.9133334,0.0137,0.9133334
16.47,14.92659,0.0137,49.13296,0.9133334,0.0137,0.9133334
16.48,14.9552,0.01373333,49.22713,0.9155556,0.01373333,0.9155556
16.49,14.97269,0.01373333,49.28468,0.9155556,0.01373333,0.9155556
16.5,14.9711,0.01373333,49.27945,0.9155556,0.01373333,0.9155556
16.51,14.95202,0.01373333,49.21666,0.9155556,0.01373333,0.9155556
16.52,14.94726,0.01376667,49.20097,0.9177778,0.01376667,0.9177778
16.53,14.96315,0.01376667,49.25329,0.9177778,0.01376667,0.9177778
16.54,14.98063,0.01376667,49.31084,0.9177778,0.01376667,0.9177778
16.55,14.98858,0.01376667,49.337,0.9177778,0.01376667,0.9177778
16.56,14.99176,0.0138,49.34746,0.92,0.0138,0.92
16.57,14.99653,0.0138,49.36316,0.92,0.0138,0.92
16.58,15.0013,0.0138,49.37886,0.92,0.0138,0.92
16.59,15.00924,0.01383333,49.40501,0.9222223,0.01383333,0.9222223
16.6,15.02037,0.01383333,49.44164,0.9222223,0.01383333,0.9222223
16.61,15.02991,0.01383333,49.47303,0.9222223,0.01383333,0.9222223
16.62,15.03785,0.01383333,49.49919,0.9222223,0.01383333,0.9222223
16.63,15.04103,0.01383333,49.50965,0.9222223,0.01383333,0.9222223
16.64,15.05057,0.01386667,49.54105,0.9244444,0.01386667,0.9244444
16.65,15.06964,0.01386667,49.60383,0.9244444,0.01386667,0.9244444
16.66,15.07759,0.01386667,49.62999,0.9244444,0.01386667,0.9244444
16.67,15.07441,0.01386667,49.61953,0.9244444,0.01386667,0.9244444
16.68,15.07918,0.0139,49.63522,0.9266667,0.0139,0.9266667
16.69,15.09984,0.0139,49.70323,0.9266667,0.0139,0.9266667
16.7,15.12368,0.0139,49.78171,0.9266667,0.0139,0.9266667
16.71,15.13481,0.0139,49.81834,0.9266667,0.0139,0.9266667
16.72,15.13481,0.01393333,49.81834,0.9288889,0.01393333,0.9288889
16.73,15.13958,0.01393333,49.83403,0.9288889,0.01393333,0.9288889
16.74,15.14435,0.01393333,49.84973,0.9288889,0.01393333,0.9288889
16.75,15.15071,0.01393333,49.87066,0.9288889,0.01393333,0.9288889
16.76,15.16342,0.01396667,49.91251,0.9311111,0.01396667,0.9311111
16.77,15.18091,0.01396667,49.97006,0.9311111,0.01396667,0.9311111
16.78,15.1968,0.01396667,50.02238,0.9311111,0.01396667,0.9311111
16.79,15.20157,0.014,50.03808,0.9333333,0.014,0.9333333
16.8,15.1968,0.014,50.02238,0.9333333,0.014,0.9333333
16.81,15.18567,0.014,49.98576,0.9333333,0.014,0.9333333
16.82,15.18091,0.014,49.97006,0.9333333,0.014,0.9333333
16.83,15.18091,0.014,49.97006,0.9333333,0.014,0.9333333
16.84,15.18408,0.01403333,49.98053,0.9355556,0.01403333,0.9355556
16.85,15.18567,0.01403333,49.98576,0.9355556,0.01403333,0.9355556
16.86,15.20475,0.01403333,50.04854,0.9355556,0.01403333,0.9355556
16.87,15.23654,0.01403333,50.15318,0.9355556,0.01403333,0.9355556
16.88,15.2572,0.01406667,50.22119,0.9377778,0.01406667,0.9377778
16.89,15.26674,0.01406667,50.25259,0.9377778,0.01406667,0.9377778
16.9,15.27468,0.01406667,50.27875,0.9377778,0.01406667,0.9377778
16.91,15.28263,0.01406667,50.3049,0.9377778,0.01406667,0.9377778
16.92,15.2874,0.0141,50.3206,0.94,0.0141,0.94
16.93,15.28263,0.0141,50.3049,0.94,0.0141,0.94
16.94,15.27786,0.0141,50.28921,0.94,0.0141,0.94
16.95,15.27468,0.0141,50.27875,0.94,0.0141,0.94
16.96,15.27786,0.01413333,50.28921,0.9422222,0.01413333,0.9422222
16.97,15.28581,0.01413333,50.31537,0.9422222,0.01413333,0.9422222
16.98,15.29535,0.01413333,50.34676,0.9422222,0.01413333,0.9422222
16.99,15.30329,0.01416667,50.37292,0.9444445,0.01416667,0.9444445
17.0,15.31601,0.01416667,50.41478,0.9444445,0.01416667,0.9444445
17.01,15.33508,0.01416667,50.47756,0.9444445,0.01416667,0.9444445
17.02,15.35575,0.01416667,50.54557,0.9444445,0.01416667,0.9444445
17.03,15.37641,0.01416667,50.61359,0.9444445,0.01416667,0.9444445
17.04,15.38595,0.0142,50.64498,0.9466667,0.0142,0.9466667
17.05,15.38595,0.0142,50.64498,0.9466667,0.0142,0.9466667
17.06,15.38912,0.0142,50.65545,0.9466667,0.0142,0.9466667
17.07,15.39707,0.0142,50.6816,0.9466667,0.0142,0.9466667
17.08,15.40502,0.01423333,50.70776,0.9488889,0.01423333,0.9488889
17.09,15.40979,0.01423333,50.72346,0.9488889,0.01423333,0.9488889
17.1,15.41615,0.01423333,50.74438,0.9488889,0.01423333,0.9488889
17.11,15.42886,0.01423333,50.78624,0.9488889,0.01423333,0.9488889
17.12,15.43681,0.01426667,50.8124,0.9511111,0.01426667,0.9511111
17.13,15.43681,0.01426667,50.8124,0.9511111,0.01426667,0.9511111
17.14,15.43363,0.01426667,50.80194,0.9511111,0.01426667,0.9511111
17.15,15.4384,0.01426667,50.81763,0.9511111,0.01426667,0.9511111
17.16,15.44476,0.0143,50.83856,0.9533333,0.0143,0.9533333
17.17,15.44476,0.0143,50.83856,0.9533333,0.0143,0.9533333
17.18,15.44158,0.0143,50.8281,0.9533333,0.0143,0.9533333
17.19,15.44476,0.01433333,50.83856,0.9555556,0.01433333,0.9555556
17.2,15.44476,0.01433333,50.83856,0.9555556,0.01433333,0.9555556
17.21,15.4384,0.01433333,50.81763,0.9555556,0.01433333,0.9555556
17.22,15.4384,0.01433333,50.81763,0.9555556,0.01433333,0.9555556
17.23,15.45111,0.01436667,50.85949,0.9577778,0.01436667,0.9577778
17.24,15.47496,0.01436667,50.93797,0.9577778,0.01436667,0.9577778
17.25,15.4988,0.01436667,51.01645,0.9577778,0.01436667,0.9577778
17.26,15.51151,0.01436667,51.0583,0.9577778,0.01436667,0.9577778
17.27,15.51628,0.01436667,51.074,0.9577778,0.01436667,0.9577778
17.28,15.52423,0.0144,51.10015,0.96,0.0144,0.96
17.29,15.53059,0.0144,51.12109,0.96,0.0144,0.96
17.3,15.53218,0.0144,51.12632,0.96,0.0144,0.96
17.31,15.53218,0.0144,51.12632,0.96,0.0144,0.96
17.32,15.53535,0.01443333,51.13678,0.9622222,0.01443333,0.9622222
17.33,15.54807,0.01443333,51.17863,0.9622222,0.01443333,0.9622222
17.34,15.56079,0.01443333,51.22049,0.9622222,0.01443333,0.9622222
17.35,15.57191,0.01443333,51.25711,0.9622222,0.01443333,0.9622222
17.36,15.57191,0.01446667,51.25711,0.9644445,0.01446667,0.9644445
17.37,15.56079,0.01446667,51.22049,0.9644445,0.01446667,0.9644445
17.38,15.55602,0.01446667,51.2048,0.9644445,0.01446667,0.9644445
17.39,15.56873,0.0145,51.24665,0.9666667,0.0145,0.9666667
17.4,15.58781,0.0145,51.30943,0.9666667,0.0145,0.9666667
17.41,15.60847,0.0145,51.37745,0.9666667,0.0145,0.9666667
17.42,15.62595,0.0145,51.435,0.9666667,0.0145,0.9666667
17.43,15.63708,0.0145,51.47162,0.9666667,0.0145,0.9666667
17.44,15.64185,0.01453333,51.48732,0.9688889,0.01453333,0.9688889
17.45,15.64503,0.01453333,51.49778,0.9688889,0.01453333,0.9688889
17.46,15.64185,0.01453333,51.48732,0.9688889,0.01453333,0.9688889
17.47,15.63867,0.01453333,51.47685,0.9688889,0.01453333,0.9688889
17.48,15.64662,0.01456667,51.50301,0.9711111,0.01456667,0.9711111
17.49,15.66251,0.01456667,51.55533,0.9711111,0.01456667,0.9711111
17.5,15.67364,0.01456667,51.59196,0.9711111,0.01456667,0.9711111
17.51,15.67364,0.01456667,51.59196,0.9711111,0.01456667,0.9711111
17.52,15.67364,0.0146,51.59196,0.9733334,0.0146,0.9733334
17.53,15.68,0.0146,51.61288,0.9733334,0.0146,0.9733334
17.54,15.68794,0.0146,51.63905,0.9733334,0.0146,0.9733334
17.55,15.6943,0.0146,51.65997,0.9733334,0.0146,0.9733334
17.56,15.70861,0.01463333,51.70706,0.9755555,0.01463333,0.9755555
17.57,15.73086,0.01463333,51.78031,0.9755555,0.01463333,0.9755555
17.58,15.73722,0.01463333,51.80124,0.9755555,0.01463333,0.9755555
17.59,15.74039,0.01466667,51.8117,0.9777778,0.01466667,0.9777778
17.6,15.76106,0.01466667,51.87971,0.9777778,0.01466667,0.9777778
17.61,15.79285,0.01466667,51.98435,0.9777778,0.01466667,0.9777778
17.62,15.81033,0.01466667,52.0419,0.9777778,0.01466667,0.9777778
17.63,15.81669,0.0147,52.06283,0.98,0.0147,0.98
17.64,15.81351,0.0147,52.05237,0.98,0.0147,0.98
17.65,15.81033,0.0147,52.0419,0.98,0.0147,0.98
17.66,15.80238,0.0147,52.01574,0.98,0.0147,0.98
17.67,15.79762,0.0147,52.00005,0.98,0.0147,0.98
17.68,15.80556,0.01473333,52.02621,0.9822222,0.01473333,0.9822222
17.69,15.82146,0.01473333,52.07853,0.9822222,0.01473333,0.9822222
17.7,15.83735,0.01473333,52.13084,0.9822222,0.01473333,0.9822222
17.71,15.84689,0.01473333,52.16224,0.9822222,0.01473333,0.9822222
17.72,15.8453,0.01476667,52.15701,0.9844445,0.01476667,0.9844445
17.73,15.85007,0.01476667,52.1727,0.9844445,0.01476667,0.9844445
17.74,15.86596,0.01476667,52.22502,0.9844445,0.01476667,0.9844445
17.75,15.88345,0.01476667,52.28257,0.9844445,0.01476667,0.9844445
17.76,15.88345,0.0148,52.28257,0.9866667,0.0148,0.9866667
17.77,15.87073,0.0148,52.24072,0.9866667,0.0148,0.9866667
17.78,15.86278,0.0148,52.21455,0.9866667,0.0148,0.9866667
17.79,15.86755,0.01483333,52.23025,0.9888889,0.01483333,0.9888889
17.8,15.88662,0.01483333,52.29303,0.9888889,0.01483333,0.9888889
17.81,15.89616,0.01483333,52.32442,0.9888889,0.01483333,0.9888889
17.82,15.89457,0.01483333,52.31919,0.9888889,0.01483333,0.9888889
17.83,15.89139,0.01483333,52.30873,0.9888889,0.01483333,0.9888889
17.84,15.89934,0.01486667,52.33489,0.9911111,0.01486667,0.9911111
17.85,15.91523,0.01486667,52.38721,0.9911111,0.01486667,0.9911111
17.86,15.92795,0.01486667,52.42907,0.9911111,0.01486667,0.9911111
17.87,15.94067,0.01486667,52.47092,0.9911111,0.01486667,0.9911111
17.88,15.95179,0.0149,52.50755,0.9933333,0.0149,0.9933333
17.89,15.96133,0.0149,52.53894,0.9933333,0.0149,0.9933333
17.9,15.96928,0.0149,52.56509,0.9933333,0.0149,0.9933333
17.91,15.97404,0.0149,52.58079,0.9933333,0.0149,0.9933333
17.92,15.98199,0.01493333,52.60695,0.9955556,0.01493333,0.9955556
17.93,16.00583,0.01493333,52.68543,0.9955556,0.01493333,0.9955556
17.94,16.03444,0.01493333,52.77961,0.9955556,0.01493333,0.9955556
17.95,16.05829,0.01493333,52.85808,0.9955556,0.01493333,0.9955556
17.96,16.06623,0.01496667,52.88424,0.9977778,0.01496667,0.9977778
17.97,16.06782,0.01496667,52.88948,0.9977778,0.01496667,0.9977778
17.98,16.06623,0.01496667,52.88424,0.9977778,0.01496667,0.9977778
17.99,16.05352,0.01496667,52.84239,0.9977778,0.01496667,0.9977778
18.0,16.03127,0.015,52.76914,1.0,0.015,1.0
18.01,16.02968,0.015,52.76391,1.0,0.015,1.0
18.02,16.04716,0.015,52.82146,1.0,0.015,1.0
18.03,16.06782,0.015,52.88948,1.0,0.015,1.0
18.04,16.08213,0.01503333,52.93656,1.002222,0.01503333,1.002222
18.05,16.08372,0.01503333,52.94179,1.002222,0.01503333,1.002222
18.06,16.08213,0.01503333,52.93656,1.002222,0.01503333,1.002222
18.07,16.08213,0.01503333,52.93656,1.002222,0.01503333,1.002222
18.08,16.09484,0.01506667,52.97841,1.004444,0.01506667,1.004444
18.09,16.12345,0.01506667,53.07259,1.004444,0.01506667,1.004444
18.1,16.14571,0.01506667,53.14584,1.004444,0.01506667,1.004444
18.11,16.14889,0.01506667,53.1563,1.004444,0.01506667,1.004444
18.12,16.13617,0.0151,53.11444,1.006667,0.0151,1.006667
18.13,16.12504,0.0151,53.07782,1.006667,0.0151,1.006667
18.14,16.12504,0.0151,53.07782,1.006667,0.0151,1.006667
18.15,16.13935,0.0151,53.12491,1.006667,0.0151,1.006667
18.16,16.1616,0.01513333,53.19815,1.008889,0.01513333,1.008889
18.17,16.18226,0.01513333,53.26617,1.008889,0.01513333,1.008889
18.18,16.19339,0.01513333,53.3028,1.008889,0.01513333,1.008889
18.19,16.19816,0.01513333,53.31849,1.008889,0.01513333,1.008889
18.2,16.20611,0.01516667,53.34465,1.011111,0.01516667,1.011111
18.21,16.21405,0.01516667,53.37081,1.011111,0.01516667,1.011111
18.22,16.222,0.01516667,53.39697,1.011111,0.01516667,1.011111
18.23,16.222,0.01516667,53.39697,1.011111,0.01516667,1.011111
18.24,16.22518,0.0152,53.40744,1.013333,0.0152,1.013333
18.25,16.22677,0.0152,53.41267,1.013333,0.0152,1.013333
18.26,16.23948,0.0152,53.45452,1.013333,0.0152,1.013333
18.27,16.25538,0.0152,53.50684,1.013333,0.0152,1.013333
18.28,16.2665,0.01523333,53.54346,1.015556,0.01523333,1.015556
18.29,16.26333,0.01523333,53.533,1.015556,0.01523333,1.015556
18.3,16.26174,0.01523333,53.52776,1.015556,0.01523333,1.015556
18.31,16.27127,0.01523333,53.55916,1.015556,0.01523333,1.015556
18.32,16.29194,0.01526667,53.62717,1.017778,0.01526667,1.017778
18.33,16.30783,0.01526667,53.67949,1.017778,0.01526667,1.017778
18.34,16.29988,0.01526667,53.65333,1.017778,0.01526667,1.017778
18.35,16.29194,0.01526667,53.62717,1.017778,0.01526667,1.017778
18.36,16.29671,0.0153,53.64287,1.02,0.0153,1.02
18.37,16.3126,0.0153,53.69519,1.02,0.0153,1.02
18.38,16.32055,0.0153,53.72135,1.02,0.0153,1.02
18.39,16.32849,0.01533333,53.74751,1.022222,0.01533333,1.022222
18.4,16.34916,0.01533333,53.81553,1.022222,0.01533333,1.022222
18.41,16.38095,0.01533333,53.92016,1.022222,0.01533333,1.022222
18.42,16.39843,0.01533333,53.97771,1.022222,0.01533333,1.022222
18.43,16.40956,0.01533333,54.01433,1.022222,0.01533333,1.022222
18.44,16.41432,0.01536667,54.03003,1.024444,0.01536667,1.024444
18.45,16.41909,0.01536667,54.04573,1.024444,0.01536667,1.024444
18.46,16.42227,0.01536667,54.05619,1.024444,0.01536667,1.024444
18.47,16.42545,0.01536667,54.06666,1.024444,0.01536667,1.024444
18.48,16.42704,0.0154,54.07189,1.026667,0.0154,1.026667
18.49,16.42227,0.0154,54.05619,1.026667,0.0154,1.026667
18.5,16.41115,0.0154,54.01957,1.026667,0.0154,1.026667
18.51,16.40956,0.0154,54.01433,1.026667,0.0154,1.026667
18.52,16.42227,0.01543333,54.05619,1.028889,0.01543333,1.028889
18.53,16.44611,0.01543333,54.13467,1.028889,0.01543333,1.028889
18.54,16.46201,0.01543333,54.18699,1.028889,0.01543333,1.028889
18.55,16.45565,0.01543333,54.16606,1.028889,0.01543333,1.028889
18.56,16.44611,0.01546667,54.13467,1.031111,0.01546667,1.031111
18.57,16.4477,0.01546667,54.1399,1.031111,0.01546667,1.031111
18.58,16.45406,0.01546667,54.16083,1.031111,0.01546667,1.031111
18.59,16.45565,0.0155,54.16606,1.033333,0.0155,1.033333
18.6,16.45088,0.0155,54.15036,1.033333,0.0155,1.033333
18.61,16.44611,0.0155,54.13467,1.033333,0.0155,1.033333
18.62,16.45088,0.0155,54.15036,1.033333,0.0155,1.033333
18.63,16.46678,0.01553333,54.20268,1.035556,0.01553333,1.035556
18.64,16.49062,0.01553333,54.28116,1.035556,0.01553333,1.035556
18.65,16.51128,0.01553333,54.34918,1.035556,0.01553333,1.035556
18.66,16.51923,0.01553333,54.37534,1.035556,0.01553333,1.035556
18.67,16.52082,0.01553333,54.38057,1.035556,0.01553333,1.035556
18.68,16.524,0.01556667,54.39103,1.037778,0.01556667,1.037778
18.69,16.524,0.01556667,54.39103,1.037778,0.01556667,1.037778
18.7,16.52559,0.01556667,54.39627,1.037778,0.01556667,1.037778
18.71,16.53353,0.01556667,54.42242,1.037778,0.01556667,1.037778
18.72,16.54148,0.0156,54.44859,1.04,0.0156,1.04
18.73,16.54784,0.0156,54.46951,1.04,0.0156,1.04
18.74,16.54784,0.0156,54.46951,1.04,0.0156,1.04
18.75,16.5542,0.0156,54.49044,1.04,0.0156,1.04
18.76,16.56214,0.01563333,54.5166,1.042222,0.01563333,1.042222
18.77,16.56214,0.01563333,54.5166,1.042222,0.01563333,1.042222
18.78,16.56214,0.01563333,54.5166,1.042222,0.01563333,1.042222
18.79,16.57645,0.01563333,54.56369,1.042222,0.01563333,1.042222
18.8,16.5987,0.01566667,54.63693,1.044444,0.01566667,1.044444
18.81,16.6146,0.01566667,54.68925,1.044444,0.01566667,1.044444
18.82,16.62254,0.01566667,54.71541,1.044444,0.01566667,1.044444
18.83,16.62254,0.0157,54.71541,1.046667,0.0157,1.046667
18.84,16.6146,0.0157,54.68925,1.046667,0.0157,1.046667
18.85,16.5987,0.0157,54.63693,1.046667,0.0157,1.046667
18.86,16.59711,0.0157,54.6317,1.046667,0.0157,1.046667
18.87,16.6146,0.0157,54.68925,1.046667,0.0157,1.046667
18.88,16.65433,0.01573333,54.82005,1.048889,0.01573333,1.048889
18.89,16.68294,0.01573333,54.91423,1.048889,0.01573333,1.048889
18.9,16.69248,0.01573333,54.94562,1.048889,0.01573333,1.048889
18.91,16.68771,0.01573333,54.92992,1.048889,0.01573333,1.048889
18.92,16.68294,0.01576667,54.91423,1.051111,0.01576667,1.051111
18.93,16.68294,0.01576667,54.91423,1.051111,0.01576667,1.051111
18.94,16.68771,0.01576667,54.92992,1.051111,0.01576667,1.051111
18.95,16.69566,0.01576667,54.95608,1.051111,0.01576667,1.051111
18.96,16.70519,0.0158,54.98747,1.053333,0.0158,1.053333
18.97,16.72109,0.0158,55.03979,1.053333,0.0158,1.053333
18.98,16.73222,0.0158,55.07642,1.053333,0.0158,1.053333
18.99,16.72745,0.01583333,55.06072,1.055556,0.01583333,1.055556
19.0,16.72109,0.01583333,55.03979,1.055556,0.01583333,1.055556
19.01,16.7338,0.01583333,55.08165,1.055556,0.01583333,1.055556
19.02,16.75765,0.01583333,55.16013,1.055556,0.01583333,1.055556
19.03,16.77672,0.01586667,55.22291,1.057778,0.01586667,1.057778
19.04,16.78944,0.01586667,55.26476,1.057778,0.01586667,1.057778
19.05,16.80533,0.01586667,55.31708,1.057778,0.01586667,1.057778
19.06,16.81487,0.01586667,55.34847,1.057778,0.01586667,1.057778
19.07,16.81805,0.01586667,55.35894,1.057778,0.01586667,1.057778
19.08,16.81487,0.0159,55.34847,1.06,0.0159,1.06
19.09,16.80533,0.0159,55.31708,1.06,0.0159,1.06
19.1,16.79103,0.0159,55.26999,1.06,0.0159,1.06
19.11,16.78626,0.0159,55.2543,1.06,0.0159,1.06
19.12,16.7942,0.01593333,55.28046,1.062222,0.01593333,1.062222
19.13,16.80692,0.01593333,55.32232,1.062222,0.01593333,1.062222
19.14,16.82758,0.01593333,55.39033,1.062222,0.01593333,1.062222
19.15,16.84189,0.01593333,55.43742,1.062222,0.01593333,1.062222
19.16,16.84666,0.01596667,55.45311,1.064444,0.01596667,1.064444
19.17,16.85143,0.01596667,55.46881,1.064444,0.01596667,1.064444
19.18,16.85619,0.01596667,55.4845,1.064444,0.01596667,1.064444
19.19,16.86732,0.01596667,55.52113,1.064444,0.01596667,1.064444
19.2,16.87686,0.016,55.55252,1.066667,0.016,1.066667
19.21,16.88798,0.016,55.58915,1.066667,0.016,1.066667
19.22,16.89275,0.016,55.60484,1.066667,0.016,1.066667
19.23,16.90388,0.016,55.64146,1.066667,0.016,1.066667
19.24,16.92454,0.01603333,55.70948,1.068889,0.01603333,1.068889
19.25,16.9452,0.01603333,55.7775,1.068889,0.01603333,1.068889
19.26,16.94838,0.01603333,55.78795,1.068889,0.01603333,1.068889
19.27,16.94838,0.01603333,55.78795,1.068889,0.01603333,1.068889
19.28,16.95633,0.01606667,55.81412,1.071111,0.01606667,1.071111
19.29,16.97858,0.01606667,55.88736,1.071111,0.01606667,1.071111
19.3,16.99924,0.01606667,55.95538,1.071111,0.01606667,1.071111
19.31,17.00719,0.01606667,55.98154,1.071111,0.01606667,1.071111
19.32,17.00242,0.0161,55.96584,1.073333,0.0161,1.073333
19.33,16.99289,0.0161,55.93445,1.073333,0.0161,1.073333
19.34,16.97699,0.0161,55.88213,1.073333,0.0161,1.073333
19.35,16.96269,0.0161,55.83504,1.073333,0.0161,1.073333
19.36,16.97063,0.01613333,55.8612,1.075556,0.01613333,1.075556
19.37,16.99289,0.01613333,55.93445,1.075556,0.01613333,1.075556
19.38,17.01355,0.01613333,56.00246,1.075556,0.01613333,1.075556
19.39,17.02627,0.01613333,56.04432,1.075556,0.01613333,1.075556
19.4,17.04693,0.01616667,56.11234,1.077778,0.01616667,1.077778
19.41,17.07236,0.01616667,56.19604,1.077778,0.01616667,1.077778
19.42,17.09302,0.01616667,56.26406,1.077778,0.01616667,1.077778
19.43,17.0962,0.0162,56.27452,1.08,0.0162,1.08
19.44,17.08031,0.0162,56.22221,1.08,0.0162,1.08
19.45,17.06441,0.0162,56.16989,1.08,0.0162,1.08
19.46,17.06441,0.0162,56.16989,1.08,0.0162,1.08
19.47,17.07554,0.0162,56.20651,1.08,0.0162,1.08
19.48,17.08825,0.01623333,56.24837,1.082222,0.01623333,1.082222
19.49,17.09938,0.01623333,56.28499,1.082222,0.01623333,1.082222
19.5,17.10097,0.01623333,56.29022,1.082222,0.01623333,1.082222
19.51,17.0962,0.01623333,56.27452,1.082222,0.01623333,1.082222
19.52,17.09143,0.01626667,56.25883,1.084444,0.01626667,1.084444
19.53,17.09143,0.01626667,56.25883,1.084444,0.01626667,1.084444
19.54,17.09302,0.01626667,56.26406,1.084444,0.01626667,1.084444
19.55,17.10415,0.01626667,56.30069,1.084444,0.01626667,1.084444
19.56,17.12958,0.0163,56.38439,1.086667,0.0163,1.086667
19.57,17.16455,0.0163,56.4995,1.086667,0.0163,1.086667
19.58,17.1868,0.0163,56.57274,1.086667,0.0163,1.086667
19.59,17.18998,0.0163,56.58321,1.086667,0.0163,1.086667
19.6,17.18521,0.01633333,56.56751,1.088889,0.01633333,1.088889
19.61,17.17885,0.01633333,56.54659,1.088889,0.01633333,1.088889
19.62,17.17409,0.01633333,56.53089,1.088889,0.01633333,1.088889
19.63,17.17091,0.01636667,56.52042,1.091111,0.01636667,1.091111
19.64,17.17885,0.01636667,56.54659,1.091111,0.01636667,1.091111
19.65,17.18998,0.01636667,56.58321,1.091111,0.01636667,1.091111
19.66,17.2027,0.01636667,56.62506,1.091111,0.01636667,1.091111
19.67,17.22336,0.01636667,56.69308,1.091111,0.01636667,1.091111
19.68,17.25038,0.0164,56.78202,1.093333,0.0164,1.093333
19.69,17.26309,0.0164,56.82388,1.093333,0.0164,1.093333
19.7,17.25515,0.0164,56.79772,1.093333,0.0164,1.093333
19.71,17.24402,0.0164,56.76109,1.093333,0.0164,1.093333
19.72,17.25038,0.01643333,56.78202,1.095556,0.01643333,1.095556
19.73,17.26786,0.01643333,56.83957,1.095556,0.01643333,1.095556
19.74,17.28853,0.01643333,56.90759,1.095556,0.01643333,1.095556
19.75,17.3076,0.01643333,56.97037,1.095556,0.01643333,1.095556
19.76,17.31237,0.01646667,56.98607,1.097778,0.01646667,1.097778
19.77,17.3076,0.01646667,56.97037,1.097778,0.01646667,1.097778
19.78,17.30124,0.01646667,56.94944,1.097778,0.01646667,1.097778
19.79,17.3076,0.01646667,56.97037,1.097778,0.01646667,1.097778
19.8,17.31714,0.0165,57.00176,1.1,0.0165,1.1
19.81,17.31714,0.0165,57.00176,1.1,0.0165,1.1
19.82,17.31237,0.0165,56.98607,1.1,0.0165,1.1
19.83,17.32031,0.01653333,57.01222,1.102222,0.01653333,1.102222
19.84,17.3378,0.01653333,57.06978,1.102222,0.01653333,1.102222
19.85,17.34575,0.01653333,57.09594,1.102222,0.01653333,1.102222
19.86,17.34575,0.01653333,57.09594,1.102222,0.01653333,1.102222
19.87,17.35369,0.01653333,57.12209,1.102222,0.01653333,1.102222
19.88,17.36959,0.01656667,57.17442,1.104445,0.01656667,1.104445
19.89,17.3823,0.01656667,57.21627,1.104445,0.01656667,1.104445
19.9,17.39025,0.01656667,57.24243,1.104445,0.01656667,1.104445
19.91,17.39343,0.01656667,57.2529,1.104445,0.01656667,1.104445
19.92,17.40138,0.0166,57.27905,1.106667,0.0166,1.106667
19.93,17.41886,0.0166,57.33661,1.106667,0.0166,1.106667
19.94,17.43476,0.0166,57.38892,1.106667,0.0166,1.106667
19.95,17.43635,0.0166,57.39416,1.106667,0.0166,1.106667
19.96,17.43476,0.01663333,57.38892,1.108889,0.01663333,1.108889
19.97,17.43476,0.01663333,57.38892,1.108889,0.01663333,1.108889
19.98,17.43476,0.01663333,57.38892,1.108889,0.01663333,1.108889
19.99,17.43952,0.01663333,57.40462,1.108889,0.01663333,1.108889
20.0,17.45065,0.01666667,57.44125,1.111111,0.01666667,1.111111
20.01,17.46019,0.01666667,57.47264,1.111111,0.01666667,1.111111
20.02,17.46496,0.01666667,57.48833,1.111111,0.01666667,1.111111
20.03,17.47131,0.0167,57.50926,1.113333,0.0167,1.113333
20.04,17.47608,0.0167,57.52495,1.113333,0.0167,1.113333
20.05,17.47926,0.0167,57.53542,1.113333,0.0167,1.113333
20.06,17.48721,0.0167,57.56157,1.113333,0.0167,1.113333
20.07,17.49357,0.0167,57.58251,1.113333,0.0167,1.113333
20.08,17.50151,0.01673333,57.60866,1.115556,0.01673333,1.115556
20.09,17.50151,0.01673333,57.60866,1.115556,0.01673333,1.115556
20.1,17.50151,0.01673333,57.60866,1.115556,0.01673333,1.115556
20.11,17.51582,0.01673333,57.65575,1.115556,0.01673333,1.115556
20.12,17.53648,0.01676667,57.72377,1.117778,0.01676667,1.117778
20.13,17.55714,0.01676667,57.79178,1.117778,0.01676667,1.117778
20.14,17.56509,0.01676667,57.81794,1.117778,0.01676667,1.117778
20.15,17.56668,0.01676667,57.82317,1.117778,0.01676667,1.117778
20.16,17.57304,0.0168,57.8441,1.12,0.0168,1.12
20.17,17.58575,0.0168,57.88596,1.12,0.0168,1.12
20.18,17.59052,0.0168,57.90165,1.12,0.0168,1.12
20.19,17.5937,0.0168,57.91212,1.12,0.0168,1.12
20.2,17.60801,0.01683333,57.95921,1.122222,0.01683333,1.122222
20.21,17.63026,0.01683333,58.03245,1.122222,0.01683333,1.122222
20.22,17.6398,0.01683333,58.06384,1.122222,0.01683333,1.122222
20.23,17.63662,0.01686667,58.05338,1.124444,0.01686667,1.124444
20.24,17.63185,0.01686667,58.03769,1.124444,0.01686667,1.124444
20.25,17.63662,0.01686667,58.05338,1.124444,0.01686667,1.124444
20.26,17.65251,0.01686667,58.1057,1.124444,0.01686667,1.124444
20.27,17.67317,0.01686667,58.17371,1.124444,0.01686667,1.124444
20.28,17.6843,0.0169,58.21034,1.126667,0.0169,1.126667
20.29,17.68112,0.0169,58.19987,1.126667,0.0169,1.126667
20.3,17.68748,0.0169,58.2208,1.126667,0.0169,1.126667
20.31,17.7002,0.0169,58.26265,1.126667,0.0169,1.126667
20.32,17.71291,0.01693333,58.30451,1.128889,0.01693333,1.128889
20.33,17.71768,0.01693333,58.32021,1.128889,0.01693333,1.128889
20.34,17.71291,0.01693333,58.30451,1.128889,0.01693333,1.128889
20.35,17.70814,0.01693333,58.28881,1.128889,0.01693333,1.128889
20.36,17.70496,0.01696667,58.27835,1.131111,0.01696667,1.131111
20.37,17.70814,0.01696667,58.28881,1.131111,0.01696667,1.131111
20.38,17.72245,0.01696667,58.3359,1.131111,0.01696667,1.131111
20.39,17.74152,0.01696667,58.39869,1.131111,0.01696667,1.131111
20.4,17.75742,0.017,58.451,1.133333,0.017,1.133333
20.41,17.7749,0.017,58.50856,1.133333,0.017,1.133333
20.42,17.79556,0.017,58.57657,1.133333,0.017,1.133333
20.43,17.81464,0.01703333,58.63935,1.135556,0.01703333,1.135556
20.44,17.81623,0.01703333,58.64458,1.135556,0.01703333,1.135556
20.45,17.80987,0.01703333,58.62366,1.135556,0.01703333,1.135556
20.46,17.79874,0.01703333,58.58704,1.135556,0.01703333,1.135556
20.47,17.80192,0.01703333,58.5975,1.135556,0.01703333,1.135556
20.48,17.80987,0.01706667,58.62366,1.137778,0.01706667,1.137778
20.49,17.81464,0.01706667,58.63935,1.137778,0.01706667,1.137778
20.5,17.82417,0.01706667,58.67074,1.137778,0.01706667,1.137778
20.51,17.83848,0.01706667,58.71783,1.137778,0.01706667,1.137778
20.52,17.84484,0.0171,58.73876,1.14,0.0171,1.14
20.53,17.84007,0.0171,58.72306,1.14,0.0171,1.14
20.54,17.84007,0.0171,58.72306,1.14,0.0171,1.14
20.55,17.85914,0.0171,58.78584,1.14,0.0171,1.14
20.56,17.8798,0.01713333,58.85386,1.142222,0.01713333,1.142222
20.57,17.88934,0.01713333,58.88525,1.142222,0.01713333,1.142222
20.58,17.89729,0.01713333,58.91141,1.142222,0.01713333,1.142222
20.59,17.90524,0.01713333,58.93757,1.142222,0.01713333,1.142222
20.6,17.90524,0.01716667,58.93757,1.144444,0.01716667,1.144444
20.61,17.90047,0.01716667,58.92188,1.144444,0.01716667,1.144444
20.62,17.89729,0.01716667,58.91141,1.144444,0.01716667,1.144444
20.63,17.89729,0.01716667,58.91141,1.144444,0.01716667,1.144444
20.64,17.90524,0.0172,58.93757,1.146667,0.0172,1.146667
20.65,17.91636,0.0172,58.97419,1.146667,0.0172,1.146667
20.66,17.92431,0.0172,59.00035,1.146667,0.0172,1.146667
20.67,17.93385,0.0172,59.03175,1.146667,0.0172,1.146667
20.68,17.94656,0.01723333,59.0736,1.148889,0.01723333,1.148889
20.69,17.95928,0.01723333,59.11546,1.148889,0.01723333,1.148889
20.7,17.9704,0.01723333,59.15208,1.148889,0.01723333,1.148889
20.71,17.9863,0.01723333,59.2044,1.148889,0.01723333,1.148889
20.72,17.99583,0.01726667,59.23579,1.151111,0.01726667,1.151111
20.73,17.99901,0.01726667,59.24626,1.151111,0.01726667,1.151111
20.74,18.00219,0.01726667,59.25672,1.151111,0.01726667,1.151111
20.75,18.00378,0.01726667,59.26195,1.151111,0.01726667,1.151111
20.76,18.01173,0.0173,59.28811,1.153333,0.0173,1.153333
20.77,18.02286,0.0173,59.32474,1.153333,0.0173,1.153333
20.78,18.04034,0.0173,59.38228,1.153333,0.0173,1.153333
20.79,18.05147,0.0173,59.41891,1.153333,0.0173,1.153333
20.8,18.04034,0.01733333,59.38228,1.155556,0.01733333,1.155556
20.81,18.0308,0.01733333,59.35089,1.155556,0.01733333,1.155556
20.82,18.0308,0.01733333,59.35089,1.155556,0.01733333,1.155556
20.83,18.04352,0.01733333,59.39275,1.155556,0.01733333,1.155556
20.84,18.05305,0.01736667,59.42414,1.157778,0.01736667,1.157778
20.85,18.061,0.01736667,59.4503,1.157778,0.01736667,1.157778
20.86,18.06895,0.01736667,59.47646,1.157778,0.01736667,1.157778
20.87,18.06895,0.01736667,59.47646,1.157778,0.01736667,1.157778
20.88,18.05623,0.0174,59.4346,1.16,0.0174,1.16
20.89,18.05147,0.0174,59.41891,1.16,0.0174,1.16
20.9,18.05941,0.0174,59.44506,1.16,0.0174,1.16
20.91,18.07213,0.0174,59.48692,1.16,0.0174,1.16
20.92,18.08008,0.01743333,59.51308,1.162222,0.01743333,1.162222
20.93,18.08802,0.01743333,59.53924,1.162222,0.01743333,1.162222
20.94,18.10233,0.01743333,59.58633,1.162222,0.01743333,1.162222
20.95,18.11822,0.01743333,59.63865,1.162222,0.01743333,1.162222
20.96,18.12935,0.01746667,59.67527,1.164444,0.01746667,1.164444
20.97,18.13094,0.01746667,59.6805,1.164444,0.01746667,1.164444
20.98,18.1373,0.01746667,59.70144,1.164444,0.01746667,1.164444
20.99,18.15796,0.01746667,59.76945,1.164444,0.01746667,1.164444
21.0,18.1818,0.0175,59.84793,1.166667,0.0175,1.166667
21.01,18.19611,0.0175,59.89501,1.166667,0.0175,1.166667
21.02,18.20723,0.0175,59.93163,1.166667,0.0175,1.166667
21.03,18.21836,0.0175,59.96826,1.166667,0.0175,1.166667
21.04,18.2279,0.01753333,59.99965,1.168889,0.01753333,1.168889
21.05,18.22472,0.01753333,59.98919,1.168889,0.01753333,1.168889
21.06,18.21518,0.01753333,59.95779,1.168889,0.01753333,1.168889
21.07,18.21836,0.01753333,59.96826,1.168889,0.01753333,1.168889
21.08,18.23266,0.01756667,60.01535,1.171111,0.01756667,1.171111
21.09,18.25333,0.01756667,60.08336,1.171111,0.01756667,1.171111
21.1,18.26763,0.01756667,60.13045,1.171111,0.01756667,1.171111
21.11,18.2724,0.01756667,60.14614,1.171111,0.01756667,1.171111
21.12,18.2724,0.0176,60.14614,1.173333,0.0176,1.173333
21.13,18.26922,0.0176,60.13568,1.173333,0.0176,1.173333
21.14,18.2724,0.0176,60.14614,1.173333,0.0176,1.173333
21.15,18.28829,0.0176,60.19846,1.173333,0.0176,1.173333
21.16,18.31055,0.01763333,60.27171,1.175556,0.01763333,1.175556
21.17,18.3328,0.01763333,60.34496,1.175556,0.01763333,1.175556
21.18,18.33916,0.01763333,60.36589,1.175556,0.01763333,1.175556
21.19,18.33916,0.01763333,60.36589,1.175556,0.01763333,1.175556
21.2,18.33916,0.01766667,60.36589,1.177778,0.01766667,1.177778
21.21,18.35346,0.01766667,60.41297,1.177778,0.01766667,1.177778
21.22,18.37095,0.01766667,60.47053,1.177778,0.01766667,1.177778
21.23,18.38207,0.0177,60.50715,1.18,0.0177,1.18
21.24,18.38684,0.0177,60.52284,1.18,0.0177,1.18
21.25,18.39479,0.0177,60.549,1.18,0.0177,1.18
21.26,18.40433,0.0177,60.58039,1.18,0.0177,1.18
21.27,18.41863,0.0177,60.62748,1.18,0.0177,1.18
21.28,18.42817,0.01773333,60.65887,1.182222,0.01773333,1.182222
21.29,18.43611,0.01773333,60.68503,1.182222,0.01773333,1.182222
21.3,18.44724,0.01773333,60.72166,1.182222,0.01773333,1.182222
21.31,18.46155,0.01773333,60.76875,1.182222,0.01773333,1.182222
21.32,18.46949,0.01776667,60.7949,1.184445,0.01776667,1.184445
21.33,18.46949,0.01776667,60.7949,1.184445,0.01776667,1.184445
21.34,18.46472,0.01776667,60.77921,1.184445,0.01776667,1.184445
21.35,18.45996,0.01776667,60.76351,1.184445,0.01776667,1.184445
21.36,18.45678,0.0178,60.75305,1.186667,0.0178,1.186667
21.37,18.45996,0.0178,60.76351,1.186667,0.0178,1.186667
21.38,18.47585,0.0178,60.81583,1.186667,0.0178,1.186667
21.39,18.49333,0.0178,60.87338,1.186667,0.0178,1.186667
21.4,18.50128,0.01783333,60.89954,1.188889,0.01783333,1.188889
21.41,18.50446,0.01783333,60.91001,1.188889,0.01783333,1.188889
21.42,18.50605,0.01783333,60.91524,1.188889,0.01783333,1.188889
21.43,18.514,0.01786667,60.9414,1.191111,0.01786667,1.191111
21.44,18.52512,0.01786667,60.97802,1.191111,0.01786667,1.191111
21.45,18.54261,0.01786667,61.03557,1.191111,0.01786667,1.191111
21.46,18.56327,0.01786667,61.10359,1.191111,0.01786667,1.191111
21.47,18.57599,0.01786667,61.14544,1.191111,0.01786667,1.191111
21.48,18.57122,0.0179,61.12975,1.193333,0.0179,1.193333
21.49,18.56327,0.0179,61.10359,1.193333,0.0179,1.193333
21.5,18.56327,0.0179,61.10359,1.193333,0.0179,1.193333
21.51,18.5744,0.0179,61.14021,1.193333,0.0179,1.193333
21.52,18.59506,0.01793333,61.20823,1.195556,0.01793333,1.195556
21.53,18.61095,0.01793333,61.26054,1.195556,0.01793333,1.195556
21.54,18.61095,0.01793333,61.26054,1.195556,0.01793333,1.195556
21.55,18.59824,0.01793333,61.21869,1.195556,0.01793333,1.195556
21.56,18.59029,0.01796667,61.19253,1.197778,0.01796667,1.197778
21.57,18.59506,0.01796667,61.20823,1.197778,0.01796667,1.197778
21.58,18.61254,0.01796667,61.26577,1.197778,0.01796667,1.197778
21.59,18.63162,0.018,61.32856,1.2,0.018,1.2
21.6,18.64433,0.018,61.37041,1.2,0.018,1.2
21.61,18.6491,0.018,61.38611,1.2,0.018,1.2
21.62,18.64751,0.018,61.38088,1.2,0.018,1.2
21.63,18.63956,0.01803333,61.35472,1.202222,0.01803333,1.202222
21.64,18.63321,0.01803333,61.33379,1.202222,0.01803333,1.202222
21.65,18.64433,0.01803333,61.37041,1.202222,0.01803333,1.202222
21.66,18.66182,0.01803333,61.42797,1.202222,0.01803333,1.202222
21.67,18.68089,0.01803333,61.49075,1.202222,0.01803333,1.202222
21.68,18.69043,0.01806667,61.52214,1.204444,0.01806667,1.204444
21.69,18.70632,0.01806667,61.57446,1.204444,0.01806667,1.204444
21.7,18.7254,0.01806667,61.63724,1.204444,0.01806667,1.204444
21.71,18.73811,0.01806667,61.6791,1.204444,0.01806667,1.204444
21.72,18.73811,0.0181,61.6791,1.206667,0.0181,1.206667
21.73,18.7254,0.0181,61.63724,1.206667,0.0181,1.206667
21.74,18.70632,0.0181,61.57446,1.206667,0.0181,1.206667
21.75,18.69678,0.0181,61.54307,1.206667,0.0181,1.206667
21.76,18.70473,0.01813333,61.56923,1.208889,0.01813333,1.208889
21.77,18.73016,0.01813333,61.65294,1.208889,0.01813333,1.208889
21.78,18.75559,0.01813333,61.73664,1.208889,0.01813333,1.208889
21.79,18.76354,0.01813333,61.76281,1.208889,0.01813333,1.208889
21.8,18.76354,0.01816667,61.76281,1.211111,0.01816667,1.211111
21.81,18.7699,0.01816667,61.78373,1.211111,0.01816667,1.211111
21.82,18.77149,0.01816667,61.78897,1.211111,0.01816667,1.211111
21.83,18.76672,0.0182,61.77327,1.213333,0.0182,1.213333
21.84,18.75877,0.0182,61.74711,1.213333,0.0182,1.213333
21.85,18.75559,0.0182,61.73664,1.213333,0.0182,1.213333
21.86,18.75877,0.0182,61.74711,1.213333,0.0182,1.213333
21.87,18.75559,0.0182,61.73664,1.213333,0.0182,1.213333
21.88,18.75877,0.01823333,61.74711,1.215556,0.01823333,1.215556
21.89,18.76354,0.01823333,61.76281,1.215556,0.01823333,1.215556
21.9,18.77149,0.01823333,61.78897,1.215556,0.01823333,1.215556
21.91,18.77626,0.01823333,61.80466,1.215556,0.01823333,1.215556
21.92,18.78738,0.01826667,61.84129,1.217778,0.01826667,1.217778
21.93,18.80328,0.01826667,61.8936,1.217778,0.01826667,1.217778
21.94,18.81599,0.01826667,61.93546,1.217778,0.01826667,1.217778
21.95,18.81917,0.01826667,61.94593,1.217778,0.01826667,1.217778
21.96,18.81599,0.0183,61.93546,1.22,0.0183,1.22
21.97,18.82076,0.0183,61.95116,1.22,0.0183,1.22
21.98,18.83984,0.0183,62.01394,1.22,0.0183,1.22
21.99,18.8605,0.0183,62.08195,1.22,0.0183,1.22
22.0,18.86527,0.01833333,62.09765,1.222222,0.01833333,1.222222
22.01,18.8605,0.01833333,62.08195,1.222222,0.01833333,1.222222
22.02,18.8605,0.01833333,62.08195,1.222222,0.01833333,1.222222
22.03,18.87004,0.01836667,62.11335,1.224444,0.01836667,1.224444
22.04,18.88434,0.01836667,62.16043,1.224444,0.01836667,1.224444
22.05,18.89388,0.01836667,62.19182,1.224444,0.01836667,1.224444
22.06,18.89388,0.01836667,62.19182,1.224444,0.01836667,1.224444
22.07,18.89388,0.01836667,62.19182,1.224444,0.01836667,1.224444
22.08,18.905,0.0184,62.22845,1.226667,0.0184,1.226667
22.09,18.92567,0.0184,62.29646,1.226667,0.0184,1.226667
22.1,18.94156,0.0184,62.34878,1.226667,0.0184,1.226667
22.11,18.95428,0.01843333,62.39064,1.228889,0.01843333,1.228889
22.12,18.95905,0.01843333,62.40633,1.228889,0.01843333,1.228889
22.13,18.95905,0.01843333,62.40633,1.228889,0.01843333,1.228889
22.14,18.95905,0.01843333,62.40633,1.228889,0.01843333,1.228889
22.15,18.96699,0.01843333,62.4325,1.228889,0.01843333,1.228889
22.16,18.97494,0.01846667,62.45865,1.231111,0.01846667,1.231111
22.17,18.97812,0.01846667,62.46912,1.231111,0.01846667,1.231111
22.18,18.98766,0.01846667,62.50051,1.231111,0.01846667,1.231111
22.19,19.00037,0.01846667,62.54237,1.231111,0.01846667,1.231111
22.2,19.0115,0.0185,62.57899,1.233333,0.0185,1.233333
22.21,19.00673,0.0185,62.56329,1.233333,0.0185,1.233333
22.22,18.99878,0.0185,62.53713,1.233333,0.0185,1.233333
22.23,18.9956,0.01853333,62.52667,1.235556,0.01853333,1.235556
22.24,19.0115,0.01853333,62.57899,1.235556,0.01853333,1.235556
22.25,19.04011,0.01853333,62.67316,1.235556,0.01853333,1.235556
22.26,19.06077,0.01853333,62.74118,1.235556,0.01853333,1.235556
22.27,19.06872,0.01853333,62.76734,1.235556,0.01853333,1.235556
22.28,19.07349,0.01856667,62.78303,1.237778,0.01856667,1.237778
22.29,19.0862,0.01856667,62.82489,1.237778,0.01856667,1.237778
22.3,19.0862,0.01856667,62.82489,1.237778,0.01856667,1.237778
22.31,19.08143,0.01856667,62.80919,1.237778,0.01856667,1.237778
22.32,19.07825,0.0186,62.79873,1.24,0.0186,1.24
22.33,19.08143,0.0186,62.80919,1.24,0.0186,1.24
22.34,19.0862,0.0186,62.82489,1.24,0.0186,1.24
22.35,19.09733,0.0186,62.86151,1.24,0.0186,1.24
22.36,19.11004,0.01863333,62.90337,1.242222,0.01863333,1.242222
22.37,19.12276,0.01863333,62.94522,1.242222,0.01863333,1.242222
22.38,19.13071,0.01863333,62.97138,1.242222,0.01863333,1.242222
22.39,19.13865,0.01863333,62.99754,1.242222,0.01863333,1.242222
22.4,19.15137,0.01866667,63.03939,1.244444,0.01866667,1.244444
22.41,19.1625,0.01866667,63.07602,1.244444,0.01866667,1.244444
22.42,19.17044,0.01866667,63.10218,1.244444,0.01866667,1.244444
22.43,19.17203,0.0187,63.10741,1.246667,0.0187,1.246667
22.44,19.17521,0.0187,63.11787,1.246667,0.0187,1.246667
22.45,19.17521,0.0187,63.11787,1.246667,0.0187,1.246667
22.46,19.17203,0.0187,63.10741,1.246667,0.0187,1.246667
22.47,19.16409,0.0187,63.08125,1.246667,0.0187,1.246667
22.48,19.15932,0.01873333,63.06556,1.248889,0.01873333,1.248889
22.49,19.16726,0.01873333,63.09172,1.248889,0.01873333,1.248889
22.5,19.1927,0.01873333,63.17543,1.248889,0.01873333,1.248889
22.51,19.22449,0.01873333,63.28007,1.248889,0.01873333,1.248889
22.52,19.23561,0.01876667,63.31669,1.251111,0.01876667,1.251111
22.53,19.22449,0.01876667,63.28007,1.251111,0.01876667,1.251111
22.54,19.20382,0.01876667,63.21205,1.251111,0.01876667,1.251111
22.55,19.19588,0.01876667,63.18589,1.251111,0.01876667,1.251111
22.56,19.207,0.0188,63.22252,1.253333,0.0188,1.253333
22.57,19.22766,0.0188,63.29053,1.253333,0.0188,1.253333
22.58,19.25786,0.0188,63.38994,1.253333,0.0188,1.253333
22.59,19.29283,0.0188,63.50504,1.253333,0.0188,1.253333
22.6,19.31349,0.01883333,63.57305,1.255556,0.01883333,1.255556
22.61,19.31349,0.01883333,63.57305,1.255556,0.01883333,1.255556
22.62,19.30237,0.01883333,63.53643,1.255556,0.01883333,1.255556
22.63,19.29442,0.01886667,63.51027,1.257778,0.01886667,1.257778
22.64,19.29283,0.01886667,63.50504,1.257778,0.01886667,1.257778
22.65,19.29442,0.01886667,63.51027,1.257778,0.01886667,1.257778
22.66,19.31349,0.01886667,63.57305,1.257778,0.01886667,1.257778
22.67,19.3421,0.01886667,63.66722,1.257778,0.01886667,1.257778
22.68,19.36277,0.0189,63.73524,1.26,0.0189,1.26
22.69,19.358,0.0189,63.71955,1.26,0.0189,1.26
22.7,19.34369,0.0189,63.67246,1.26,0.0189,1.26
22.71,19.3421,0.0189,63.66722,1.26,0.0189,1.26
22.72,19.34369,0.01893333,63.67246,1.262222,0.01893333,1.262222
22.73,19.35005,0.01893333,63.69339,1.262222,0.01893333,1.262222
22.74,19.35482,0.01893333,63.70908,1.262222,0.01893333,1.262222
22.75,19.35959,0.01893333,63.72478,1.262222,0.01893333,1.262222
22.76,19.36754,0.01896667,63.75094,1.264444,0.01896667,1.264444
22.77,19.38343,0.01896667,63.80326,1.264444,0.01896667,1.264444
22.78,19.39932,0.01896667,63.85558,1.264444,0.01896667,1.264444
22.79,19.39932,0.01896667,63.85558,1.264444,0.01896667,1.264444
22.8,19.39138,0.019,63.82942,1.266667,0.019,1.266667
22.81,19.38661,0.019,63.81372,1.266667,0.019,1.266667
22.82,19.3882,0.019,63.81895,1.266667,0.019,1.266667
22.83,19.40727,0.01903333,63.88174,1.268889,0.01903333,1.268889
22.84,19.43588,0.01903333,63.97591,1.268889,0.01903333,1.268889
22.85,19.45654,0.01903333,64.04392,1.268889,0.01903333,1.268889
22.86,19.45814,0.01903333,64.04916,1.268889,0.01903333,1.268889
22.87,19.45019,0.01903333,64.02299,1.268889,0.01903333,1.268889
22.88,19.4486,0.01906667,64.01777,1.271111,0.01906667,1.271111
22.89,19.45654,0.01906667,64.04392,1.271111,0.01906667,1.271111
22.9,19.46608,0.01906667,64.07532,1.271111,0.01906667,1.271111
22.91,19.47721,0.01906667,64.11194,1.271111,0.01906667,1.271111
22.92,19.48992,0.0191,64.15379,1.273333,0.0191,1.273333
22.93,19.49469,0.0191,64.16949,1.273333,0.0191,1.273333
22.94,19.49787,0.0191,64.17995,1.273333,0.0191,1.273333
22.95,19.50264,0.0191,64.19565,1.273333,0.0191,1.273333
22.96,19.50741,0.01913333,64.21135,1.275555,0.01913333,1.275555
22.97,19.50741,0.01913333,64.21135,1.275555,0.01913333,1.275555
22.98,19.51059,0.01913333,64.22181,1.275555,0.01913333,1.275555
22.99,19.5233,0.01913333,64.26366,1.275555,0.01913333,1.275555
23.0,19.5392,0.01916667,64.31599,1.277778,0.01916667,1.277778
23.01,19.55509,0.01916667,64.3683,1.277778,0.01916667,1.277778
23.02,19.56781,0.01916667,64.41016,1.277778,0.01916667,1.277778
23.03,19.5837,0.0192,64.46248,1.28,0.0192,1.28
23.04,19.59642,0.0192,64.50433,1.28,0.0192,1.28
23.05,19.60754,0.0192,64.54095,1.28,0.0192,1.28
23.06,19.60754,0.0192,64.54095,1.28,0.0192,1.28
23.07,19.60754,0.0192,64.54095,1.28,0.0192,1.28
23.08,19.61549,0.01923333,64.56712,1.282222,0.01923333,1.282222
23.09,19.62503,0.01923333,64.59851,1.282222,0.01923333,1.282222
23.1,19.6298,0.01923333,64.6142,1.282222,0.01923333,1.282222
23.11,19.63615,0.01923333,64.63513,1.282222,0.01923333,1.282222
23.12,19.63774,0.01926667,64.64037,1.284444,0.01926667,1.284444
23.13,19.63615,0.01926667,64.63513,1.284444,0.01926667,1.284444
23.14,19.62185,0.01926667,64.58804,1.284444,0.01926667,1.284444
23.15,19.61231,0.01926667,64.55666,1.284444,0.01926667,1.284444
23.16,19.61231,0.0193,64.55666,1.286667,0.0193,1.286667
23.17,19.62503,0.0193,64.59851,1.286667,0.0193,1.286667
23.18,19.64569,0.0193,64.66653,1.286667,0.0193,1.286667
23.19,19.66158,0.0193,64.71884,1.286667,0.0193,1.286667
23.2,19.66476,0.01933333,64.72931,1.288889,0.01933333,1.288889
23.21,19.66476,0.01933333,64.72931,1.288889,0.01933333,1.288889
23.22,19.66953,0.01933333,64.745,1.288889,0.01933333,1.288889
23.23,19.67907,0.01936667,64.77639,1.291111,0.01936667,1.291111
23.24,19.68225,0.01936667,64.78686,1.291111,0.01936667,1.291111
23.25,19.67748,0.01936667,64.77116,1.291111,0.01936667,1.291111
23.26,19.6743,0.01936667,64.7607,1.291111,0.01936667,1.291111
23.27,19.68702,0.01936667,64.80256,1.291111,0.01936667,1.291111
23.28,19.70768,0.0194,64.87057,1.293333,0.0194,1.293333
23.29,19.72675,0.0194,64.93335,1.293333,0.0194,1.293333
23.3,19.7347,0.0194,64.95951,1.293333,0.0194,1.293333
23.31,19.74742,0.01943333,65.00137,1.295556,0.01943333,1.295556
23.32,19.77285,0.01943333,65.08508,1.295556,0.01943333,1.295556
23.33,19.7951,0.01943333,65.15833,1.295556,0.01943333,1.295556
23.34,19.7951,0.01943333,65.15833,1.295556,0.01943333,1.295556
23.35,19.78715,0.01943333,65.13216,1.295556,0.01943333,1.295556
23.36,19.79669,0.01946667,65.16356,1.297778,0.01946667,1.297778
23.37,19.81735,0.01946667,65.23157,1.297778,0.01946667,1.297778
23.38,19.83325,0.01946667,65.28389,1.297778,0.01946667,1.297778
23.39,19.83325,0.01946667,65.28389,1.297778,0.01946667,1.297778
23.4,19.83325,0.0195,65.28389,1.3,0.0195,1.3
23.41,19.84119,0.0195,65.31005,1.3,0.0195,1.3
23.42,19.85232,0.0195,65.34667,1.3,0.0195,1.3
23.43,19.86504,0.01953333,65.38853,1.302222,0.01953333,1.302222
23.44,19.88093,0.01953333,65.44084,1.302222,0.01953333,1.302222
23.45,19.88252,0.01953333,65.44608,1.302222,0.01953333,1.302222
23.46,19.87775,0.01953333,65.43039,1.302222,0.01953333,1.302222
23.47,19.87298,0.01956667,65.41469,1.304444,0.01956667,1.304444
23.48,19.87298,0.01956667,65.41469,1.304444,0.01956667,1.304444
23.49,19.87457,0.01956667,65.41992,1.304444,0.01956667,1.304444
23.5,19.87775,0.01956667,65.43039,1.304444,0.01956667,1.304444
23.51,19.88093,0.01956667,65.44084,1.304444,0.01956667,1.304444
23.52,19.88252,0.0196,65.44608,1.306667,0.0196,1.306667
23.53,19.87775,0.0196,65.43039,1.306667,0.0196,1.306667
23.54,19.87457,0.0196,65.41992,1.306667,0.0196,1.306667
23.55,19.88252,0.01963333,65.44608,1.308889,0.01963333,1.308889
23.56,19.89841,0.01963333,65.4984,1.308889,0.01963333,1.308889
23.57,19.91431,0.01963333,65.55071,1.308889,0.01963333,1.308889
23.58,19.91908,0.01963333,65.56641,1.308889,0.01963333,1.308889
23.59,19.92226,0.01963333,65.57687,1.308889,0.01963333,1.308889
23.6,19.93497,0.01966667,65.61874,1.311111,0.01966667,1.311111
23.61,19.95564,0.01966667,65.68674,1.311111,0.01966667,1.311111
23.62,19.97312,0.01966667,65.7443,1.311111,0.01966667,1.311111
23.63,19.9763,0.0197,65.75476,1.313333,0.0197,1.313333
23.64,19.97153,0.0197,65.73907,1.313333,0.0197,1.313333
23.65,19.96676,0.0197,65.72337,1.313333,0.0197,1.313333
23.66,19.96835,0.0197,65.72861,1.313333,0.0197,1.313333
23.67,19.97948,0.0197,65.76523,1.313333,0.0197,1.313333
23.68,19.98425,0.01973333,65.78092,1.315556,0.01973333,1.315556
23.69,19.98742,0.01973333,65.79139,1.315556,0.01973333,1.315556
23.7,19.99696,0.01973333,65.82278,1.315556,0.01973333,1.315556
23.71,20.0208,0.01973333,65.90126,1.315556,0.01973333,1.315556
23.72,20.04147,0.01976667,65.96927,1.317778,0.01976667,1.317778
23.73,20.05736,0.01976667,66.02159,1.317778,0.01976667,1.317778
23.74,20.05895,0.01976667,66.02682,1.317778,0.01976667,1.317778
23.75,20.05895,0.01976667,66.02682,1.317778,0.01976667,1.317778
23.76,20.06213,0.0198,66.03728,1.32,0.0198,1.32
23.77,20.07484,0.0198,66.07914,1.32,0.0198,1.32
23.78,20.09392,0.0198,66.14192,1.32,0.0198,1.32
23.79,20.10981,0.0198,66.19424,1.32,0.0198,1.32
23.8,20.11935,0.01983333,66.22563,1.322222,0.01983333,1.322222
23.81,20.13206,0.01983333,66.26749,1.322222,0.01983333,1.322222
23.82,20.14319,0.01983333,66.30412,1.322222,0.01983333,1.322222
23.83,20.14001,0.01986667,66.29366,1.324445,0.01986667,1.324445
23.84,20.13206,0.01986667,66.26749,1.324445,0.01986667,1.324445
23.85,20.12412,0.01986667,66.24133,1.324445,0.01986667,1.324445
23.86,20.12253,0.01986667,66.2361,1.324445,0.01986667,1.324445
23.87,20.12253,0.0199,66.2361,1.326667,0.0199,1.326667
23.88,20.11935,0.0199,66.22563,1.326667,0.0199,1.326667
23.89,20.12253,0.0199,66.2361,1.326667,0.0199,1.326667
23.9,20.13842,0.0199,66.28841,1.326667,0.0199,1.326667
23.91,20.16068,0.0199,66.36166,1.326667,0.0199,1.326667
23.92,20.18929,0.01993333,66.45584,1.328889,0.01993333,1.328889
23.93,20.20518,0.01993333,66.50816,1.328889,0.01993333,1.328889
23.94,20.20995,0.01993333,66.52385,1.328889,0.01993333,1.328889
23.95,20.20836,0.01993333,66.51862,1.328889,0.01993333,1.328889
23.96,20.20995,0.01996667,66.52385,1.331111,0.01996667,1.331111
23.97,20.2179,0.01996667,66.55001,1.331111,0.01996667,1.331111
23.98,20.2322,0.01996667,66.5971,1.331111,0.01996667,1.331111
23.99,20.23856,0.01996667,66.61803,1.331111,0.01996667,1.331111
24.0,20.23856,0.02,66.61803,1.333333,0.02,1.333333
24.01,20.23697,0.02,66.6128,1.333333,0.02,1.333333
24.02,20.23379,0.02,66.60233,1.333333,0.02,1.333333
24.03,20.23697,0.02003333,66.6128,1.335556,0.02003333,1.335556
24.04,20.24174,0.02003333,66.62849,1.335556,0.02003333,1.335556
24.05,20.24969,0.02003333,66.65466,1.335556,0.02003333,1.335556
24.06,20.2624,0.02003333,66.6965,1.335556,0.02003333,1.335556
24.07,20.27353,0.02006667,66.73313,1.337778,0.02006667,1.337778
24.08,20.27353,0.02006667,66.73313,1.337778,0.02006667,1.337778
24.09,20.26558,0.02006667,66.70697,1.337778,0.02006667,1.337778
24.1,20.26081,0.02006667,66.69128,1.337778,0.02006667,1.337778
24.11,20.26717,0.02006667,66.7122,1.337778,0.02006667,1.337778
24.12,20.29419,0.0201,66.80115,1.34,0.0201,1.34
24.13,20.3228,0.0201,66.89532,1.34,0.0201,1.34
24.14,20.33869,0.0201,66.94764,1.34,0.0201,1.34
24.15,20.34028,0.0201,66.95287,1.34,0.0201,1.34
24.16,20.33869,0.02013333,66.94764,1.342222,0.02013333,1.342222
24.17,20.33234,0.02013333,66.92671,1.342222,0.02013333,1.342222
24.18,20.32439,0.02013333,66.90055,1.342222,0.02013333,1.342222
24.19,20.33075,0.02013333,66.92149,1.342222,0.02013333,1.342222
24.2,20.353,0.02016667,66.99473,1.344445,0.02016667,1.344445
24.21,20.37207,0.02016667,67.05751,1.344445,0.02016667,1.344445
24.22,20.38161,0.02016667,67.0889,1.344445,0.02016667,1.344445
24.23,20.38161,0.0202,67.0889,1.346667,0.0202,1.346667
24.24,20.37684,0.0202,67.0732,1.346667,0.0202,1.346667
24.25,20.36889,0.0202,67.04705,1.346667,0.0202,1.346667
24.26,20.36413,0.0202,67.03136,1.346667,0.0202,1.346667
24.27,20.37207,0.0202,67.05751,1.346667,0.0202,1.346667
24.28,20.3975,0.02023333,67.14122,1.348889,0.02023333,1.348889
24.29,20.41817,0.02023333,67.20924,1.348889,0.02023333,1.348889
24.3,20.43406,0.02023333,67.26155,1.348889,0.02023333,1.348889
24.31,20.44678,0.02026667,67.30341,1.351111,0.02026667,1.351111
24.32,20.46585,0.02026667,67.3662,1.351111,0.02026667,1.351111
24.33,20.47857,0.02026667,67.40805,1.351111,0.02026667,1.351111
24.34,20.48334,0.02026667,67.42374,1.351111,0.02026667,1.351111
24.35,20.47857,0.02026667,67.40805,1.351111,0.02026667,1.351111
24.36,20.47062,0.0203,67.38189,1.353333,0.0203,1.353333
24.37,20.46585,0.0203,67.3662,1.353333,0.0203,1.353333
24.38,20.47539,0.0203,67.39758,1.353333,0.0203,1.353333
24.39,20.49128,0.0203,67.44991,1.353333,0.0203,1.353333
24.4,20.50241,0.02033333,67.48653,1.355556,0.02033333,1.355556
24.41,20.50718,0.02033333,67.50223,1.355556,0.02033333,1.355556
24.42,20.51195,0.02033333,67.51792,1.355556,0.02033333,1.355556
24.43,20.52784,0.02036667,67.57024,1.357778,0.02036667,1.357778
24.44,20.54691,0.02036667,67.63302,1.357778,0.02036667,1.357778
24.45,20.55963,0.02036667,67.67488,1.357778,0.02036667,1.357778
24.46,20.57711,0.02036667,67.73243,1.357778,0.02036667,1.357778
24.47,20.58983,0.02036667,67.77428,1.357778,0.02036667,1.357778
24.48,20.58983,0.0204,67.77428,1.36,0.0204,1.36
24.49,20.57711,0.0204,67.73243,1.36,0.0204,1.36
24.5,20.56758,0.0204,67.70103,1.36,0.0204,1.36
24.51,20.56758,0.0204,67.70103,1.36,0.0204,1.36
24.52,20.58347,0.02043333,67.75336,1.362222,0.02043333,1.362222
24.53,20.61208,0.02043333,67.84753,1.362222,0.02043333,1.362222
24.54,20.64069,0.02043333,67.9417,1.362222,0.02043333,1.362222
24.55,20.66294,0.02043333,68.01495,1.362222,0.02043333,1.362222
24.56,20.67566,0.02046667,68.05681,1.364444,0.02046667,1.364444
24.57,20.68202,0.02046667,68.07774,1.364444,0.02046667,1.364444
24.58,20.68678,0.02046667,68.09343,1.364444,0.02046667,1.364444
24.59,20.68678,0.02046667,68.09343,1.364444,0.02046667,1.364444
24.6,20.68996,0.0205,68.1039,1.366667,0.0205,1.366667
24.61,20.69791,0.0205,68.13006,1.366667,0.0205,1.366667
24.62,20.70745,0.0205,68.16145,1.366667,0.0205,1.366667
24.63,20.71539,0.02053333,68.18761,1.368889,0.02053333,1.368889
24.64,20.71222,0.02053333,68.17715,1.368889,0.02053333,1.368889
24.65,20.71063,0.02053333,68.17191,1.368889,0.02053333,1.368889
24.66,20.71222,0.02053333,68.17715,1.368889,0.02053333,1.368889
24.67,20.71063,0.02053333,68.17191,1.368889,0.02053333,1.368889
24.68,20.70268,0.02056667,68.14575,1.371111,0.02056667,1.371111
24.69,20.6995,0.02056667,68.13528,1.371111,0.02056667,1.371111
24.7,20.71857,0.02056667,68.19807,1.371111,0.02056667,1.371111
24.71,20.75672,0.02056667,68.32364,1.371111,0.02056667,1.371111
24.72,20.79328,0.0206,68.44397,1.373333,0.0206,1.373333
24.73,20.80123,0.0206,68.47012,1.373333,0.0206,1.373333
24.74,20.78851,0.0206,68.42828,1.373333,0.0206,1.373333
24.75,20.77579,0.0206,68.38642,1.373333,0.0206,1.373333
24.76,20.78374,0.02063333,68.41258,1.375556,0.02063333,1.375556
24.77,20.79805,0.02063333,68.45966,1.375556,0.02063333,1.375556
24.78,20.80441,0.02063333,68.48059,1.375556,0.02063333,1.375556
24.79,20.7901,0.02066667,68.4335,1.377778,0.02066667,1.377778
24.8,20.77579,0.02066667,68.38642,1.377778,0.02066667,1.377778
24.81,20.76944,0.02066667,68.36549,1.377778,0.02066667,1.377778
24.82,20.78851,0.02066667,68.42828,1.377778,0.02066667,1.377778
24.83,20.81394,0.0207,68.51199,1.38,0.0207,1.38
24.84,20.8346,0.0207,68.57999,1.38,0.0207,1.38
24.85,20.84255,0.0207,68.60616,1.38,0.0207,1.38
24.86,20.84573,0.0207,68.61662,1.38,0.0207,1.38
24.87,20.84732,0.0207,68.62186,1.38,0.0207,1.38
24.88,20.84732,0.02073333,68.62186,1.382222,0.02073333,1.382222
24.89,20.8505,0.02073333,68.63232,1.382222,0.02073333,1.382222
24.9,20.85368,0.02073333,68.64278,1.382222,0.02073333,1.382222
24.91,20.85845,0.02076667,68.65848,1.384444,0.02076667,1.384444
24.92,20.86321,0.02076667,68.67417,1.384444,0.02076667,1.384444
24.93,20.87116,0.02076667,68.70033,1.384444,0.02076667,1.384444
24.94,20.87911,0.02076667,68.72649,1.384444,0.02076667,1.384444
24.95,20.87434,0.02076667,68.7108,1.384444,0.02076667,1.384444
24.96,20.86639,0.0208,68.68464,1.386667,0.0208,1.386667
24.97,20.87116,0.0208,68.70033,1.386667,0.0208,1.386667
24.98,20.88388,0.0208,68.74219,1.386667,0.0208,1.386667
24.99,20.89818,0.02083333,68.78928,1.388889,0.02083333,1.388889
25.0,20.90772,0.02083333,68.82067,1.388889,0.02083333,1.388889
25.01,20.91567,0.02083333,68.84682,1.388889,0.02083333,1.388889
25.02,20.92838,0.02083333,68.88868,1.388889,0.02083333,1.388889
25.03,20.94746,0.02086667,68.95146,1.391111,0.02086667,1.391111
25.04,20.96812,0.02086667,69.01948,1.391111,0.02086667,1.391111
25.05,20.97289,0.02086667,69.03517,1.391111,0.02086667,1.391111
25.06,20.96335,0.02086667,69.00378,1.391111,0.02086667,1.391111
25.07,20.9554,0.02086667,68.97763,1.391111,0.02086667,1.391111
25.08,20.95699,0.0209,68.98286,1.393333,0.0209,1.393333
25.09,20.96812,0.0209,69.01948,1.393333,0.0209,1.393333
25.1,20.98083,0.0209,69.06133,1.393333,0.0209,1.393333
25.11,20.9856,0.0209,69.07703,1.393333,0.0209,1.393333
25.12,20.99673,0.02093333,69.11366,1.395556,0.02093333,1.395556
25.13,21.01421,0.02093333,69.1712,1.395556,0.02093333,1.395556
25.14,21.02534,0.02093333,69.20782,1.395556,0.02093333,1.395556
25.15,21.02216,0.02093333,69.19736,1.395556,0.02093333,1.395556
25.16,21.02693,0.02096667,69.21307,1.397778,0.02096667,1.397778
25.17,21.03806,0.02096667,69.24969,1.397778,0.02096667,1.397778
25.18,21.03806,0.02096667,69.24969,1.397778,0.02096667,1.397778
25.19,21.02216,0.02096667,69.19736,1.397778,0.02096667,1.397778
25.2,21.02057,0.021,69.19213,1.4,0.021,1.4
25.21,21.03806,0.021,69.24969,1.4,0.021,1.4
25.22,21.06667,0.021,69.34386,1.4,0.021,1.4
25.23,21.09051,0.02103333,69.42234,1.402222,0.02103333,1.402222
25.24,21.09846,0.02103333,69.4485,1.402222,0.02103333,1.402222
25.25,21.09846,0.02103333,69.4485,1.402222,0.02103333,1.402222
25.26,21.09846,0.02103333,69.4485,1.402222,0.02103333,1.402222
25.27,21.09846,0.02103333,69.4485,1.402222,0.02103333,1.402222
25.28,21.0921,0.02106667,69.42757,1.404444,0.02106667,1.404444
25.29,21.08733,0.02106667,69.41187,1.404444,0.02106667,1.404444
25.3,21.09528,0.02106667,69.43803,1.404444,0.02106667,1.404444
25.31,21.11912,0.02106667,69.51651,1.404444,0.02106667,1.404444
25.32,21.1366,0.0211,69.57407,1.406667,0.0211,1.406667
25.33,21.13501,0.0211,69.56883,1.406667,0.0211,1.406667
25.34,21.12071,0.0211,69.52174,1.406667,0.0211,1.406667
25.35,21.11912,0.0211,69.51651,1.406667,0.0211,1.406667
25.36,21.13183,0.02113333,69.55837,1.408889,0.02113333,1.408889
25.37,21.1525,0.02113333,69.62638,1.408889,0.02113333,1.408889
25.38,21.17634,0.02113333,69.70486,1.408889,0.02113333,1.408889
25.39,21.18905,0.02113333,69.74672,1.408889,0.02113333,1.408889
25.4,21.19382,0.02116667,69.76241,1.411111,0.02116667,1.411111
25.41,21.19223,0.02116667,69.75718,1.411111,0.02116667,1.411111
25.42,21.18587,0.02116667,69.73625,1.411111,0.02116667,1.411111
25.43,21.18587,0.0212,69.73625,1.413333,0.0212,1.413333
25.44,21.19859,0.0212,69.77811,1.413333,0.0212,1.413333
25.45,21.21766,0.0212,69.8409,1.413333,0.0212,1.413333
25.46,21.2272,0.0212,69.87228,1.413333,0.0212,1.413333
25.47,21.2272,0.02123333,69.87228,1.415556,0.02123333,1.415556
25.48,21.22561,0.02123333,69.86705,1.415556,0.02123333,1.415556
25.49,21.23038,0.02123333,69.88274,1.415556,0.02123333,1.415556
25.5,21.23833,0.02123333,69.90891,1.415556,0.02123333,1.415556
25.51,21.25104,0.02123333,69.95077,1.415556,0.02123333,1.415556
25.52,21.25899,0.02126667,69.97692,1.417778,0.02126667,1.417778
25.53,21.27012,0.02126667,70.01355,1.417778,0.02126667,1.417778
25.54,21.28442,0.02126667,70.06063,1.417778,0.02126667,1.417778
25.55,21.30032,0.02126667,70.11295,1.417778,0.02126667,1.417778
25.56,21.3035,0.0213,70.12342,1.42,0.0213,1.42
25.57,21.30667,0.0213,70.13388,1.42,0.0213,1.42
25.58,21.31144,0.0213,70.14957,1.42,0.0213,1.42
25.59,21.31621,0.0213,70.16527,1.42,0.0213,1.42
25.6,21.31621,0.02133333,70.16527,1.422222,0.02133333,1.422222
25.61,21.31939,0.02133333,70.17574,1.422222,0.02133333,1.422222
25.62,21.32893,0.02133333,70.20712,1.422222,0.02133333,1.422222
25.63,21.34005,0.02136667,70.24374,1.424444,0.02136667,1.424444
25.64,21.35277,0.02136667,70.28561,1.424444,0.02136667,1.424444
25.65,21.36389,0.02136667,70.32223,1.424444,0.02136667,1.424444
25.66,21.36389,0.02136667,70.32223,1.424444,0.02136667,1.424444
25.67,21.35277,0.02136667,70.28561,1.424444,0.02136667,1.424444
25.68,21.348,0.0214,70.26991,1.426667,0.0214,1.426667
25.69,21.35277,0.0214,70.28561,1.426667,0.0214,1.426667
25.7,21.36389,0.0214,70.32223,1.426667,0.0214,1.426667
25.71,21.37343,0.0214,70.35361,1.426667,0.0214,1.426667
25.72,21.37661,0.02143333,70.36408,1.428889,0.02143333,1.428889
25.73,21.37184,0.02143333,70.34839,1.428889,0.02143333,1.428889
25.74,21.36866,0.02143333,70.33792,1.428889,0.02143333,1.428889
25.75,21.38138,0.02143333,70.37978,1.428889,0.02143333,1.428889
25.76,21.40204,0.02146667,70.44779,1.431111,0.02146667,1.431111
25.77,21.41794,0.02146667,70.50011,1.431111,0.02146667,1.431111
25.78,21.4227,0.02146667,70.51581,1.431111,0.02146667,1.431111
25.79,21.4227,0.02146667,70.51581,1.431111,0.02146667,1.431111
25.8,21.42588,0.0215,70.52627,1.433333,0.0215,1.433333
25.81,21.43542,0.0215,70.55766,1.433333,0.0215,1.433333
25.82,21.45449,0.0215,70.62045,1.433333,0.0215,1.433333
25.83,21.47516,0.02153333,70.68846,1.435555,0.02153333,1.435555
25.84,21.49105,0.02153333,70.74078,1.435555,0.02153333,1.435555
25.85,21.50377,0.02153333,70.78264,1.435555,0.02153333,1.435555
25.86,21.51648,0.02153333,70.82449,1.435555,0.02153333,1.435555
25.87,21.5292,0.02156667,70.86635,1.437778,0.02156667,1.437778
25.88,21.5292,0.02156667,70.86635,1.437778,0.02156667,1.437778
25.89,21.52125,0.02156667,70.84019,1.437778,0.02156667,1.437778
25.9,21.51966,0.02156667,70.83495,1.437778,0.02156667,1.437778
25.91,21.52125,0.02156667,70.84019,1.437778,0.02156667,1.437778
25.92,21.52761,0.0216,70.86111,1.44,0.0216,1.44
25.93,21.52761,0.0216,70.86111,1.44,0.0216,1.44
25.94,21.53238,0.0216,70.87682,1.44,0.0216,1.44
25.95,21.53715,0.0216,70.89251,1.44,0.0216,1.44
25.96,21.5435,0.02163333,70.91344,1.442222,0.02163333,1.442222
25.97,21.55304,0.02163333,70.94482,1.442222,0.02163333,1.442222
25.98,21.56417,0.02163333,70.98145,1.442222,0.02163333,1.442222
25.99,21.56893,0.02163333,70.99715,1.442222,0.02163333,1.442222
26.0,21.56417,0.02166667,70.98145,1.444444,0.02166667,1.444444
26.01,21.56417,0.02166667,70.98145,1.444444,0.02166667,1.444444
26.02,21.57211,0.02166667,71.00761,1.444444,0.02166667,1.444444
26.03,21.58165,0.0217,71.039,1.446667,0.0217,1.446667
26.04,21.5896,0.0217,71.06516,1.446667,0.0217,1.446667
26.05,21.59437,0.0217,71.08086,1.446667,0.0217,1.446667
26.06,21.60072,0.0217,71.10178,1.446667,0.0217,1.446667
26.07,21.61026,0.02173333,71.13318,1.448889,0.02173333,1.448889
26.08,21.62298,0.02173333,71.17503,1.448889,0.02173333,1.448889
26.09,21.62933,0.02173333,71.19596,1.448889,0.02173333,1.448889
26.1,21.63569,0.02173333,71.21688,1.448889,0.02173333,1.448889
26.11,21.64205,0.02173333,71.23782,1.448889,0.02173333,1.448889
26.12,21.63887,0.02176667,71.22735,1.451111,0.02176667,1.451111
26.13,21.63569,0.02176667,71.21688,1.451111,0.02176667,1.451111
26.14,21.64364,0.02176667,71.24305,1.451111,0.02176667,1.451111
26.15,21.66748,0.02176667,71.32153,1.451111,0.02176667,1.451111
26.16,21.69291,0.0218,71.40524,1.453333,0.0218,1.453333
26.17,21.71675,0.0218,71.48371,1.453333,0.0218,1.453333
26.18,21.73265,0.0218,71.53603,1.453333,0.0218,1.453333
26.19,21.73583,0.02183333,71.54649,1.455556,0.02183333,1.455556
26.2,21.7247,0.02183333,71.50987,1.455556,0.02183333,1.455556
26.21,21.71516,0.02183333,71.47849,1.455556,0.02183333,1.455556
26.22,21.72311,0.02183333,71.50465,1.455556,0.02183333,1.455556
26.23,21.73265,0.02186667,71.53603,1.457778,0.02186667,1.457778
26.24,21.73583,0.02186667,71.54649,1.457778,0.02186667,1.457778
26.25,21.74059,0.02186667,71.56219,1.457778,0.02186667,1.457778
26.26,21.75808,0.02186667,71.61974,1.457778,0.02186667,1.457778
26.27,21.76921,0.0219,71.65636,1.46,0.0219,1.46
26.28,21.76603,0.0219,71.6459,1.46,0.0219,1.46
26.29,21.75649,0.0219,71.61452,1.46,0.0219,1.46
26.3,21.75649,0.0219,71.61452,1.46,0.0219,1.46
26.31,21.76126,0.02193333,71.63021,1.462222,0.02193333,1.462222
26.32,21.77715,0.02193333,71.68253,1.462222,0.02193333,1.462222
26.33,21.79305,0.02193333,71.73485,1.462222,0.02193333,1.462222
26.34,21.80576,0.02193333,71.7767,1.462222,0.02193333,1.462222
26.35,21.81371,0.02193333,71.80286,1.462222,0.02193333,1.462222
26.36,21.81053,0.02196667,71.7924,1.464444,0.02196667,1.464444
26.37,21.80576,0.02196667,71.7767,1.464444,0.02196667,1.464444
26.38,21.81053,0.02196667,71.7924,1.464444,0.02196667,1.464444
26.39,21.81848,0.02196667,71.81856,1.464444,0.02196667,1.464444
26.4,21.82961,0.022,71.85518,1.466667,0.022,1.466667
26.41,21.83914,0.022,71.88657,1.466667,0.022,1.466667
26.42,21.85822,0.022,71.94936,1.466667,0.022,1.466667
26.43,21.8757,0.02203333,72.00691,1.468889,0.02203333,1.468889
26.44,21.88365,0.02203333,72.03307,1.468889,0.02203333,1.468889
26.45,21.88683,0.02203333,72.04353,1.468889,0.02203333,1.468889
26.46,21.89159,0.02203333,72.05923,1.468889,0.02203333,1.468889
26.47,21.89477,0.02206667,72.06969,1.471111,0.02206667,1.471111
26.48,21.89636,0.02206667,72.07492,1.471111,0.02206667,1.471111
26.49,21.89954,0.02206667,72.08539,1.471111,0.02206667,1.471111
26.5,21.90749,0.02206667,72.11154,1.471111,0.02206667,1.471111
26.51,21.91702,0.02206667,72.14294,1.471111,0.02206667,1.471111
26.52,21.92815,0.0221,72.17957,1.473333,0.0221,1.473333
26.53,21.94087,0.0221,72.22141,1.473333,0.0221,1.473333
26.54,21.95676,0.0221,72.27374,1.473333,0.0221,1.473333
26.55,21.97266,0.02213333,72.32605,1.475556,0.02213333,1.475556
26.56,21.97425,0.02213333,72.33128,1.475556,0.02213333,1.475556
26.57,21.9663,0.02213333,72.30513,1.475556,0.02213333,1.475556
26.58,21.97266,0.02213333,72.32605,1.475556,0.02213333,1.475556
26.59,21.99014,0.02213333,72.38361,1.475556,0.02213333,1.475556
26.6,22.00603,0.02216667,72.43592,1.477778,0.02216667,1.477778
26.61,22.00921,0.02216667,72.44639,1.477778,0.02216667,1.477778
26.62,22.00603,0.02216667,72.43592,1.477778,0.02216667,1.477778
26.63,22.00603,0.0222,72.43592,1.48,0.0222,1.48
26.64,22.00127,0.0222,72.42023,1.48,0.0222,1.48
26.65,21.99014,0.0222,72.38361,1.48,0.0222,1.48
26.66,21.97742,0.0222,72.34175,1.48,0.0222,1.48
26.67,21.97266,0.0222,72.32605,1.48,0.0222,1.48
26.68,21.97742,0.02223333,72.34175,1.482222,0.02223333,1.482222
26.69,21.99014,0.02223333,72.38361,1.482222,0.02223333,1.482222
26.7,22.00286,0.02223333,72.42546,1.482222,0.02223333,1.482222
26.71,22.01557,0.02226667,72.46732,1.484444,0.02226667,1.484444
26.72,22.01875,0.02226667,72.47778,1.484444,0.02226667,1.484444
26.73,22.01875,0.02226667,72.47778,1.484444,0.02226667,1.484444
26.74,22.02988,0.02226667,72.5144,1.484444,0.02226667,1.484444
26.75,22.05531,0.02226667,72.59811,1.484444,0.02226667,1.484444
26.76,22.07915,0.0223,72.67659,1.486667,0.0223,1.486667
26.77,22.08869,0.0223,72.70798,1.486667,0.0223,1.486667
26.78,22.09663,0.0223,72.73415,1.486667,0.0223,1.486667
26.79,22.1014,0.0223,72.74984,1.486667,0.0223,1.486667
26.8,22.1014,0.02233333,72.74984,1.488889,0.02233333,1.488889
26.81,22.09981,0.02233333,72.74461,1.488889,0.02233333,1.488889
26.82,22.09981,0.02233333,72.74461,1.488889,0.02233333,1.488889
26.83,22.09663,0.02236667,72.73415,1.491111,0.02236667,1.491111
26.84,22.09663,0.02236667,72.73415,1.491111,0.02236667,1.491111
26.85,22.09981,0.02236667,72.74461,1.491111,0.02236667,1.491111
26.86,22.10776,0.02236667,72.77077,1.491111,0.02236667,1.491111
26.87,22.12048,0.02236667,72.81262,1.491111,0.02236667,1.491111
26.88,22.14114,0.0224,72.88064,1.493333,0.0224,1.493333
26.89,22.16657,0.0224,72.96435,1.493333,0.0224,1.493333
26.9,22.18882,0.0224,73.03759,1.493333,0.0224,1.493333
26.91,22.20631,0.0224,73.09515,1.493333,0.0224,1.493333
26.92,22.21743,0.02243333,73.13177,1.495556,0.02243333,1.495556
26.93,22.2222,0.02243333,73.14746,1.495556,0.02243333,1.495556
26.94,22.22379,0.02243333,73.1527,1.495556,0.02243333,1.495556
26.95,22.23174,0.02243333,73.17886,1.495556,0.02243333,1.495556
26.96,22.25081,0.02246667,73.24164,1.497778,0.02246667,1.497778
26.97,22.26035,0.02246667,73.27303,1.497778,0.02246667,1.497778
26.98,22.2524,0.02246667,73.24687,1.497778,0.02246667,1.497778
26.99,22.2381,0.02246667,73.19978,1.497778,0.02246667,1.497778
27.0,22.23015,0.0225,73.17362,1.5,0.0225,1.5
27.01,22.2381,0.0225,73.19978,1.5,0.0225,1.5
27.02,22.2524,0.0225,73.24687,1.5,0.0225,1.5
27.03,22.26353,0.0225,73.28349,1.5,0.0225,1.5
27.04,22.26035,0.02253333,73.27303,1.502222,0.02253333,1.502222
27.05,22.24763,0.02253333,73.23118,1.502222,0.02253333,1.502222
27.06,22.24286,0.02253333,73.21548,1.502222,0.02253333,1.502222
27.07,22.2524,0.02253333,73.24687,1.502222,0.02253333,1.502222
27.08,22.2683,0.02256667,73.29919,1.504444,0.02256667,1.504444
27.09,22.28737,0.02256667,73.36198,1.504444,0.02256667,1.504444
27.1,22.30485,0.02256667,73.41953,1.504444,0.02256667,1.504444
27.11,22.31757,0.02256667,73.46138,1.504444,0.02256667,1.504444
27.12,22.32552,0.0226,73.48754,1.506667,0.0226,1.506667
27.13,22.33664,0.0226,73.52416,1.506667,0.0226,1.506667
27.14,22.33823,0.0226,73.5294,1.506667,0.0226,1.506667
27.15,22.33664,0.0226,73.52416,1.506667,0.0226,1.506667
27.16,22.33664,0.02263333,73.52416,1.508889,0.02263333,1.508889
27.17,22.35254,0.02263333,73.57648,1.508889,0.02263333,1.508889
27.18,22.36684,0.02263333,73.62357,1.508889,0.02263333,1.508889
27.19,22.37002,0.02266667,73.63403,1.511111,0.02266667,1.511111
27.2,22.36684,0.02266667,73.62357,1.511111,0.02266667,1.511111
27.21,22.3732,0.02266667,73.6445,1.511111,0.02266667,1.511111
27.22,22.37797,0.02266667,73.66019,1.511111,0.02266667,1.511111
27.23,22.37002,0.02266667,73.63403,1.511111,0.02266667,1.511111
27.24,22.35413,0.0227,73.58171,1.513333,0.0227,1.513333
27.25,22.35254,0.0227,73.57648,1.513333,0.0227,1.513333
27.26,22.36525,0.0227,73.61833,1.513333,0.0227,1.513333
27.27,22.38592,0.02273333,73.68636,1.515556,0.02273333,1.515556
27.28,22.41453,0.02273333,73.78053,1.515556,0.02273333,1.515556
27.29,22.43519,0.02273333,73.84854,1.515556,0.02273333,1.515556
27.3,22.4479,0.02273333,73.8904,1.515556,0.02273333,1.515556
27.31,22.45585,0.02273333,73.91656,1.515556,0.02273333,1.515556
27.32,22.46857,0.02276667,73.95841,1.517778,0.02276667,1.517778
27.33,22.48764,0.02276667,74.02119,1.517778,0.02276667,1.517778
27.34,22.49559,0.02276667,74.04736,1.517778,0.02276667,1.517778
27.35,22.48923,0.02276667,74.02643,1.517778,0.02276667,1.517778
27.36,22.48446,0.0228,74.01073,1.52,0.0228,1.52
27.37,22.49241,0.0228,74.03689,1.52,0.0228,1.52
27.38,22.51307,0.0228,74.1049,1.52,0.0228,1.52
27.39,22.52897,0.02283333,74.15723,1.522222,0.02283333,1.522222
27.4,22.52579,0.02283333,74.14676,1.522222,0.02283333,1.522222
27.41,22.51784,0.02283333,74.1206,1.522222,0.02283333,1.522222
27.42,22.52579,0.02283333,74.14676,1.522222,0.02283333,1.522222
27.43,22.54963,0.02283333,74.22524,1.522222,0.02283333,1.522222
27.44,22.57506,0.02286667,74.30895,1.524444,0.02286667,1.524444
27.45,22.57824,0.02286667,74.31941,1.524444,0.02286667,1.524444
27.46,22.56075,0.02286667,74.26186,1.524444,0.02286667,1.524444
27.47,22.53691,0.0229,74.18338,1.526667,0.0229,1.526667
27.48,22.5242,0.0229,74.14153,1.526667,0.0229,1.526667
27.49,22.5242,0.0229,74.14153,1.526667,0.0229,1.526667
27.5,22.53214,0.0229,74.16769,1.526667,0.0229,1.526667
27.51,22.55281,0.0229,74.2357,1.526667,0.0229,1.526667
27.52,22.57347,0.02293333,74.30372,1.528889,0.02293333,1.528889
27.53,22.58937,0.02293333,74.35603,1.528889,0.02293333,1.528889
27.54,22.59731,0.02293333,74.38219,1.528889,0.02293333,1.528889
27.55,22.60208,0.02293333,74.3979,1.528889,0.02293333,1.528889
27.56,22.60367,0.02296667,74.40312,1.531111,0.02296667,1.531111
27.57,22.60685,0.02296667,74.41359,1.531111,0.02296667,1.531111
27.58,22.6148,0.02296667,74.43975,1.531111,0.02296667,1.531111
27.59,22.63069,0.02296667,74.49207,1.531111,0.02296667,1.531111
27.6,22.64659,0.023,74.54439,1.533333,0.023,1.533333
27.61,22.64818,0.023,74.54962,1.533333,0.023,1.533333
27.62,22.64023,0.023,74.52346,1.533333,0.023,1.533333
27.63,22.63228,0.02303333,74.4973,1.535556,0.02303333,1.535556
27.64,22.63864,0.02303333,74.51823,1.535556,0.02303333,1.535556
27.65,22.65135,0.02303333,74.56008,1.535556,0.02303333,1.535556
27.66,22.66884,0.02303333,74.61764,1.535556,0.02303333,1.535556
27.67,22.6895,0.02306667,74.68565,1.537778,0.02306667,1.537778
27.68,22.7054,0.02306667,74.73797,1.537778,0.02306667,1.537778
27.69,22.71175,0.02306667,74.7589,1.537778,0.02306667,1.537778
27.7,22.70857,0.02306667,74.74843,1.537778,0.02306667,1.537778
27.71,22.7054,0.02306667,74.73797,1.537778,0.02306667,1.537778
27.72,22.70063,0.0231,74.72227,1.54,0.0231,1.54
27.73,22.70063,0.0231,74.72227,1.54,0.0231,1.54
27.74,22.71334,0.0231,74.76412,1.54,0.0231,1.54
27.75,22.73718,0.0231,74.84261,1.54,0.0231,1.54
27.76,22.75785,0.02313333,74.91062,1.542222,0.02313333,1.542222
27.77,22.76579,0.02313333,74.93678,1.542222,0.02313333,1.542222
27.78,22.76579,0.02313333,74.93678,1.542222,0.02313333,1.542222
27.79,22.76103,0.02313333,74.92108,1.542222,0.02313333,1.542222
27.8,22.76103,0.02316667,74.92108,1.544445,0.02316667,1.544445
27.81,22.77374,0.02316667,74.96294,1.544445,0.02316667,1.544445
27.82,22.78964,0.02316667,75.01526,1.544445,0.02316667,1.544445
27.83,22.79917,0.02316667,75.04665,1.544445,0.02316667,1.544445
27.84,22.80235,0.0232,75.05711,1.546667,0.0232,1.546667
27.85,22.80394,0.0232,75.06235,1.546667,0.0232,1.546667
27.86,22.81507,0.0232,75.09898,1.546667,0.0232,1.546667
27.87,22.82778,0.02323333,75.14082,1.548889,0.02323333,1.548889
27.88,22.82778,0.02323333,75.14082,1.548889,0.02323333,1.548889
27.89,22.81984,0.02323333,75.11467,1.548889,0.02323333,1.548889
27.9,22.81984,0.02323333,75.11467,1.548889,0.02323333,1.548889
27.91,22.83255,0.02323333,75.15652,1.548889,0.02323333,1.548889
27.92,22.85163,0.02326667,75.2193,1.551111,0.02326667,1.551111
27.93,22.85957,0.02326667,75.24547,1.551111,0.02326667,1.551111
27.94,22.8548,0.02326667,75.22977,1.551111,0.02326667,1.551111
27.95,22.8548,0.02326667,75.22977,1.551111,0.02326667,1.551111
27.96,22.86434,0.0233,75.26116,1.553333,0.0233,1.553333
27.97,22.87547,0.0233,75.29778,1.553333,0.0233,1.553333
27.98,22.86911,0.0233,75.27686,1.553333,0.0233,1.553333
27.99,22.85957,0.0233,75.24547,1.553333,0.0233,1.553333
28.0,22.85957,0.02333333,75.24547,1.555556,0.02333333,1.555556
28.01,22.86434,0.02333333,75.26116,1.555556,0.02333333,1.555556
28.02,22.87706,0.02333333,75.30302,1.555556,0.02333333,1.555556
28.03,22.89295,0.02333333,75.35533,1.555556,0.02333333,1.555556
28.04,22.91679,0.02336667,75.43382,1.557778,0.02336667,1.557778
28.05,22.93269,0.02336667,75.48613,1.557778,0.02336667,1.557778
28.06,22.94064,0.02336667,75.51229,1.557778,0.02336667,1.557778
28.07,22.94222,0.02336667,75.51752,1.557778,0.02336667,1.557778
28.08,22.94858,0.0234,75.53845,1.56,0.0234,1.56
28.09,22.94858,0.0234,75.53845,1.56,0.0234,1.56
28.1,22.94858,0.0234,75.53845,1.56,0.0234,1.56
28.11,22.95335,0.0234,75.55415,1.56,0.0234,1.56
28.12,22.9613,0.02343333,75.58031,1.562222,0.02343333,1.562222
28.13,22.96925,0.02343333,75.60647,1.562222,0.02343333,1.562222
28.14,22.97878,0.02343333,75.63786,1.562222,0.02343333,1.562222
28.15,22.98673,0.02343333,75.66402,1.562222,0.02343333,1.562222
28.16,22.9915,0.02346667,75.67972,1.564444,0.02346667,1.564444
28.17,22.99786,0.02346667,75.70064,1.564444,0.02346667,1.564444
28.18,22.99786,0.02346667,75.70064,1.564444,0.02346667,1.564444
28.19,22.99944,0.0235,75.70587,1.566667,0.0235,1.566667
28.2,23.01057,0.0235,75.7425,1.566667,0.0235,1.566667
28.21,23.02806,0.0235,75.80005,1.566667,0.0235,1.566667
28.22,23.04713,0.0235,75.86283,1.566667,0.0235,1.566667
28.23,23.05508,0.0235,75.88899,1.566667,0.0235,1.566667
28.24,23.06461,0.02353333,75.92038,1.568889,0.02353333,1.568889
28.25,23.07574,0.02353333,75.957,1.568889,0.02353333,1.568889
28.26,23.07574,0.02353333,75.957,1.568889,0.02353333,1.568889
28.27,23.06461,0.02356667,75.92038,1.571111,0.02356667,1.571111
28.28,23.06302,0.02356667,75.91515,1.571111,0.02356667,1.571111
28.29,23.07256,0.02356667,75.94654,1.571111,0.02356667,1.571111
28.3,23.08528,0.02356667,75.9884,1.571111,0.02356667,1.571111
28.31,23.09163,0.02356667,76.00932,1.571111,0.02356667,1.571111
28.32,23.0964,0.0236,76.02502,1.573333,0.0236,1.573333
28.33,23.10117,0.0236,76.04072,1.573333,0.0236,1.573333
28.34,23.1123,0.0236,76.07734,1.573333,0.0236,1.573333
28.35,23.12501,0.0236,76.11919,1.573333,0.0236,1.573333
28.36,23.14091,0.02363333,76.17152,1.575556,0.02363333,1.575556
28.37,23.14886,0.02363333,76.19768,1.575556,0.02363333,1.575556
28.38,23.14886,0.02363333,76.19768,1.575556,0.02363333,1.575556
28.39,23.15044,0.02366667,76.2029,1.577778,0.02366667,1.577778
28.4,23.15521,0.02366667,76.21861,1.577778,0.02366667,1.577778
28.41,23.16157,0.02366667,76.23952,1.577778,0.02366667,1.577778
28.42,23.16634,0.02366667,76.25523,1.577778,0.02366667,1.577778
28.43,23.17905,0.02366667,76.29708,1.577778,0.02366667,1.577778
28.44,23.19495,0.0237,76.3494,1.58,0.0237,1.58
28.45,23.2029,0.0237,76.37556,1.58,0.0237,1.58
28.46,23.19972,0.0237,76.36509,1.58,0.0237,1.58
28.47,23.187,0.02373333,76.32324,1.582222,0.02373333,1.582222
28.48,23.17905,0.02373333,76.29708,1.582222,0.02373333,1.582222
28.49,23.187,0.02373333,76.32324,1.582222,0.02373333,1.582222
28.5,23.2029,0.02373333,76.37556,1.582222,0.02373333,1.582222
28.51,23.20608,0.02373333,76.38602,1.582222,0.02373333,1.582222
28.52,23.19177,0.02376667,76.33894,1.584444,0.02376667,1.584444
28.53,23.19018,0.02376667,76.3337,1.584444,0.02376667,1.584444
28.54,23.19972,0.02376667,76.36509,1.584444,0.02376667,1.584444
28.55,23.21879,0.02376667,76.42788,1.584444,0.02376667,1.584444
28.56,23.23627,0.0238,76.48543,1.586667,0.0238,1.586667
28.57,23.24899,0.0238,76.52729,1.586667,0.0238,1.586667
28.58,23.26012,0.0238,76.56391,1.586667,0.0238,1.586667
28.59,23.2633,0.0238,76.57437,1.586667,0.0238,1.586667
28.6,23.25694,0.02383333,76.55344,1.588889,0.02383333,1.588889
28.61,23.25694,0.02383333,76.55344,1.588889,0.02383333,1.588889
28.62,23.26965,0.02383333,76.5953,1.588889,0.02383333,1.588889
28.63,23.29985,0.02383333,76.6947,1.588889,0.02383333,1.588889
28.64,23.32211,0.02386667,76.76795,1.591111,0.02386667,1.591111
28.65,23.33482,0.02386667,76.80981,1.591111,0.02386667,1.591111
28.66,23.34118,0.02386667,76.83073,1.591111,0.02386667,1.591111
28.67,23.34277,0.0239,76.83597,1.593333,0.0239,1.593333
28.68,23.35072,0.0239,76.86213,1.593333,0.0239,1.593333
28.69,23.36184,0.0239,76.89875,1.593333,0.0239,1.593333
28.7,23.36979,0.0239,76.92491,1.593333,0.0239,1.593333
28.71,23.36979,0.0239,76.92491,1.593333,0.0239,1.593333
28.72,23.36979,0.02393333,76.92491,1.595556,0.02393333,1.595556
28.73,23.37774,0.02393333,76.95107,1.595556,0.02393333,1.595556
28.74,23.38568,0.02393333,76.97723,1.595556,0.02393333,1.595556
28.75,23.38568,0.02396667,76.97723,1.597778,0.02396667,1.597778
28.76,23.38251,0.02396667,76.96677,1.597778,0.02396667,1.597778
28.77,23.38568,0.02396667,76.97723,1.597778,0.02396667,1.597778
28.78,23.39045,0.02396667,76.99292,1.597778,0.02396667,1.597778
28.79,23.39522,0.02396667,77.00862,1.597778,0.02396667,1.597778
28.8,23.39999,0.024,77.02431,1.6,0.024,1.6
28.81,23.41588,0.024,77.07664,1.6,0.024,1.6
28.82,23.4429,0.024,77.16557,1.6,0.024,1.6
28.83,23.46039,0.024,77.22313,1.6,0.024,1.6
28.84,23.46039,0.02403333,77.22313,1.602222,0.02403333,1.602222
28.85,23.46357,0.02403333,77.2336,1.602222,0.02403333,1.602222
28.86,23.46834,0.02403333,77.24929,1.602222,0.02403333,1.602222
28.87,23.46516,0.02406667,77.23882,1.604444,0.02406667,1.604444
28.88,23.45721,0.02406667,77.21266,1.604444,0.02406667,1.604444
28.89,23.45721,0.02406667,77.21266,1.604444,0.02406667,1.604444
28.9,23.46357,0.02406667,77.2336,1.604444,0.02406667,1.604444
28.91,23.46516,0.0241,77.23882,1.606667,0.0241,1.606667
28.92,23.4731,0.0241,77.26498,1.606667,0.0241,1.606667
28.93,23.489,0.0241,77.31731,1.606667,0.0241,1.606667
28.94,23.50489,0.0241,77.36962,1.606667,0.0241,1.606667
28.95,23.50966,0.02413333,77.38531,1.608889,0.02413333,1.608889
28.96,23.50648,0.02413333,77.37486,1.608889,0.02413333,1.608889
28.97,23.50489,0.02413333,77.36962,1.608889,0.02413333,1.608889
28.98,23.50648,0.02413333,77.37486,1.608889,0.02413333,1.608889
28.99,23.51284,0.02413333,77.39578,1.608889,0.02413333,1.608889
29.0,23.50966,0.02416667,77.38531,1.611111,0.02416667,1.611111
29.01,23.50966,0.02416667,77.38531,1.611111,0.02416667,1.611111
29.02,23.52079,0.02416667,77.42194,1.611111,0.02416667,1.611111
29.03,23.54145,0.02416667,77.48996,1.611111,0.02416667,1.611111
29.04,23.55417,0.0242,77.53181,1.613333,0.0242,1.613333
29.05,23.55894,0.0242,77.54751,1.613333,0.0242,1.613333
29.06,23.56211,0.0242,77.55797,1.613333,0.0242,1.613333
29.07,23.5796,0.02423333,77.61552,1.615556,0.02423333,1.615556
29.08,23.60026,0.02423333,77.68354,1.615556,0.02423333,1.615556
29.09,23.59867,0.02423333,77.67831,1.615556,0.02423333,1.615556
29.1,23.5796,0.02423333,77.61552,1.615556,0.02423333,1.615556
29.11,23.55734,0.02423333,77.54227,1.615556,0.02423333,1.615556
29.12,23.5494,0.02426667,77.51612,1.617778,0.02426667,1.617778
29.13,23.55099,0.02426667,77.52135,1.617778,0.02426667,1.617778
29.14,23.56211,0.02426667,77.55797,1.617778,0.02426667,1.617778
29.15,23.57006,0.0243,77.58413,1.62,0.0243,1.62
29.16,23.57801,0.0243,77.61029,1.62,0.0243,1.62
29.17,23.59231,0.0243,77.65738,1.62,0.0243,1.62
29.18,23.6241,0.0243,77.76202,1.62,0.0243,1.62
29.19,23.64794,0.0243,77.84049,1.62,0.0243,1.62
29.2,23.64953,0.02433333,77.84573,1.622222,0.02433333,1.622222
29.21,23.63682,0.02433333,77.80387,1.622222,0.02433333,1.622222
29.22,23.63205,0.02433333,77.78818,1.622222,0.02433333,1.622222
29.23,23.63682,0.02433333,77.80387,1.622222,0.02433333,1.622222
29.24,23.64953,0.02436667,77.84573,1.624444,0.02436667,1.624444
29.25,23.66384,0.02436667,77.89281,1.624444,0.02436667,1.624444
29.26,23.67655,0.02436667,77.93467,1.624444,0.02436667,1.624444
29.27,23.6845,0.0244,77.96083,1.626667,0.0244,1.626667
29.28,23.69245,0.0244,77.98699,1.626667,0.0244,1.626667
29.29,23.68927,0.0244,77.97652,1.626667,0.0244,1.626667
29.3,23.6845,0.0244,77.96083,1.626667,0.0244,1.626667
29.31,23.6845,0.0244,77.96083,1.626667,0.0244,1.626667
29.32,23.69722,0.02443333,78.00269,1.628889,0.02443333,1.628889
29.33,23.72265,0.02443333,78.0864,1.628889,0.02443333,1.628889
29.34,23.74649,0.02443333,78.16488,1.628889,0.02443333,1.628889
29.35,23.76556,0.02443333,78.22766,1.628889,0.02443333,1.628889
29.36,23.78305,0.02446667,78.28521,1.631111,0.02446667,1.631111
29.37,23.80053,0.02446667,78.34276,1.631111,0.02446667,1.631111
29.38,23.80848,0.02446667,78.36892,1.631111,0.02446667,1.631111
29.39,23.80053,0.02446667,78.34276,1.631111,0.02446667,1.631111
29.4,23.78305,0.0245,78.28521,1.633333,0.0245,1.633333
29.41,23.77033,0.0245,78.24335,1.633333,0.0245,1.633333
29.42,23.77033,0.0245,78.24335,1.633333,0.0245,1.633333
29.43,23.77828,0.02453333,78.26952,1.635556,0.02453333,1.635556
29.44,23.79099,0.02453333,78.31137,1.635556,0.02453333,1.635556
29.45,23.81166,0.02453333,78.37939,1.635556,0.02453333,1.635556
29.46,23.82914,0.02453333,78.43694,1.635556,0.02453333,1.635556
29.47,23.84027,0.02456667,78.47356,1.637778,0.02456667,1.637778
29.48,23.84027,0.02456667,78.47356,1.637778,0.02456667,1.637778
29.49,23.83709,0.02456667,78.4631,1.637778,0.02456667,1.637778
29.5,23.82914,0.02456667,78.43694,1.637778,0.02456667,1.637778
29.51,23.81643,0.02456667,78.39508,1.637778,0.02456667,1.637778
29.52,23.81166,0.0246,78.37939,1.64,0.0246,1.64
29.53,23.82278,0.0246,78.41601,1.64,0.0246,1.64
29.54,23.84345,0.0246,78.48402,1.64,0.0246,1.64
29.55,23.8657,0.0246,78.55727,1.64,0.0246,1.64
29.56,23.88954,0.02463333,78.63575,1.642222,0.02463333,1.642222
29.57,23.90226,0.02463333,78.6776,1.642222,0.02463333,1.642222
29.58,23.90544,0.02463333,78.68806,1.642222,0.02463333,1.642222
29.59,23.9102,0.02466667,78.70376,1.644444,0.02466667,1.644444
29.6,23.92133,0.02466667,78.74039,1.644444,0.02466667,1.644444
29.61,23.92292,0.02466667,78.74562,1.644444,0.02466667,1.644444
29.62,23.91338,0.02466667,78.71423,1.644444,0.02466667,1.644444
29.63,23.90544,0.02466667,78.68806,1.644444,0.02466667,1.644444
29.64,23.91497,0.0247,78.71946,1.646667,0.0247,1.646667
29.65,23.93881,0.0247,78.79794,1.646667,0.0247,1.646667
29.66,23.94994,0.0247,78.83456,1.646667,0.0247,1.646667
29.67,23.93881,0.02473333,78.79794,1.648889,0.02473333,1.648889
29.68,23.92292,0.02473333,78.74562,1.648889,0.02473333,1.648889
29.69,23.9261,0.02473333,78.75609,1.648889,0.02473333,1.648889
29.7,23.94676,0.02473333,78.8241,1.648889,0.02473333,1.648889
29.71,23.9706,0.02473333,78.90257,1.648889,0.02473333,1.648889
29.72,23.98809,0.02476667,78.96013,1.651111,0.02476667,1.651111
29.73,24.0008,0.02476667,79.00198,1.651111,0.02476667,1.651111
29.74,24.01193,0.02476667,79.0386,1.651111,0.02476667,1.651111
29.75,24.01511,0.02476667,79.04906,1.651111,0.02476667,1.651111
29.76,24.01511,0.0248,79.04906,1.653333,0.0248,1.653333
29.77,24.01511,0.0248,79.04906,1.653333,0.0248,1.653333
29.78,24.01511,0.0248,79.04906,1.653333,0.0248,1.653333
29.79,24.02306,0.0248,79.07523,1.653333,0.0248,1.653333
29.8,24.03259,0.02483333,79.10662,1.655555,0.02483333,1.655555
29.81,24.04054,0.02483333,79.13278,1.655555,0.02483333,1.655555
29.82,24.04054,0.02483333,79.13278,1.655555,0.02483333,1.655555
29.83,24.04849,0.02483333,79.15894,1.655555,0.02483333,1.655555
29.84,24.06597,0.02486667,79.21649,1.657778,0.02486667,1.657778
29.85,24.08187,0.02486667,79.26881,1.657778,0.02486667,1.657778
29.86,24.08028,0.02486667,79.26358,1.657778,0.02486667,1.657778
29.87,24.06915,0.0249,79.22696,1.66,0.0249,1.66
29.88,24.07392,0.0249,79.24265,1.66,0.0249,1.66
29.89,24.08981,0.0249,79.29497,1.66,0.0249,1.66
29.9,24.09458,0.0249,79.31067,1.66,0.0249,1.66
29.91,24.09458,0.02493333,79.31067,1.662222,0.02493333,1.662222
29.92,24.10571,0.02493333,79.34729,1.662222,0.02493333,1.662222
29.93,24.13114,0.02493333,79.431,1.662222,0.02493333,1.662222
29.94,24.15816,0.02493333,79.51994,1.662222,0.02493333,1.662222
29.95,24.15975,0.02493333,79.52518,1.662222,0.02493333,1.662222
29.96,24.13909,0.02496667,79.45716,1.664444,0.02496667,1.664444
29.97,24.12319,0.02496667,79.40484,1.664444,0.02496667,1.664444
29.98,24.13114,0.02496667,79.431,1.664444,0.02496667,1.664444
29.99,24.15498,0.02496667,79.50948,1.664444,0.02496667,1.664444
30.0,24.17406,0.025,79.57227,1.666667,0.025,1.666667
30.01,24.19154,0.025,79.62981,1.666667,0.025,1.666667
30.02,24.20267,0.025,79.66644,1.666667,0.025,1.666667
30.03,24.19949,0.025,79.65598,1.666667,0.025,1.666667
30.04,24.19472,0.02503333,79.64027,1.668889,0.02503333,1.668889
30.05,24.19949,0.02503333,79.65598,1.668889,0.02503333,1.668889
30.06,24.21538,0.02503333,79.70829,1.668889,0.02503333,1.668889
30.07,24.23286,0.02503333,79.76585,1.668889,0.02503333,1.668889
30.08,24.25194,0.02506667,79.82863,1.671111,0.02506667,1.671111
30.09,24.26624,0.02506667,79.87571,1.671111,0.02506667,1.671111
30.1,24.2726,0.02506667,79.89664,1.671111,0.02506667,1.671111
30.11,24.26942,0.02506667,79.88618,1.671111,0.02506667,1.671111
30.12,24.2726,0.0251,79.89664,1.673333,0.0251,1.673333
30.13,24.28055,0.0251,79.9228,1.673333,0.0251,1.673333
30.14,24.29008,0.0251,79.95419,1.673333,0.0251,1.673333
30.15,24.30121,0.0251,79.99081,1.673333,0.0251,1.673333
30.16,24.30916,0.02513333,80.01698,1.675556,0.02513333,1.675556
30.17,24.3028,0.02513333,79.99605,1.675556,0.02513333,1.675556
30.18,24.29326,0.02513333,79.96466,1.675556,0.02513333,1.675556
30.19,24.29803,0.02513333,79.98035,1.675556,0.02513333,1.675556
30.2,24.31711,0.02516667,80.04314,1.677778,0.02516667,1.677778
30.21,24.33777,0.02516667,80.11115,1.677778,0.02516667,1.677778
30.22,24.34572,0.02516667,80.13731,1.677778,0.02516667,1.677778
30.23,24.33936,0.02516667,80.11638,1.677778,0.02516667,1.677778
30.24,24.32982,0.0252,80.08499,1.68,0.0252,1.68
30.25,24.3187,0.0252,80.04836,1.68,0.0252,1.68
30.26,24.32982,0.0252,80.08499,1.68,0.0252,1.68
30.27,24.36797,0.02523333,80.21056,1.682222,0.02523333,1.682222
30.28,24.42042,0.02523333,80.38321,1.682222,0.02523333,1.682222
30.29,24.45221,0.02523333,80.48785,1.682222,0.02523333,1.682222
30.3,24.44903,0.02523333,80.47738,1.682222,0.02523333,1.682222
30.31,24.42837,0.02523333,80.40937,1.682222,0.02523333,1.682222
30.32,24.40771,0.02526667,80.34135,1.684445,0.02526667,1.684445
30.33,24.40294,0.02526667,80.32566,1.684445,0.02526667,1.684445
30.34,24.41247,0.02526667,80.35705,1.684445,0.02526667,1.684445
30.35,24.4379,0.02526667,80.44076,1.684445,0.02526667,1.684445
30.36,24.46016,0.0253,80.51401,1.686667,0.0253,1.686667
30.37,24.46175,0.0253,80.51924,1.686667,0.0253,1.686667
30.38,24.46016,0.0253,80.51401,1.686667,0.0253,1.686667
30.39,24.45698,0.0253,80.50354,1.686667,0.0253,1.686667
30.4,24.45698,0.02533333,80.50354,1.688889,0.02533333,1.688889
30.41,24.46016,0.02533333,80.51401,1.688889,0.02533333,1.688889
30.42,24.46969,0.02533333,80.5454,1.688889,0.02533333,1.688889
30.43,24.49354,0.02533333,80.62388,1.688889,0.02533333,1.688889
30.44,24.51897,0.02536667,80.70759,1.691111,0.02536667,1.691111
30.45,24.53486,0.02536667,80.7599,1.691111,0.02536667,1.691111
30.46,24.53168,0.02536667,80.74944,1.691111,0.02536667,1.691111
30.47,24.53009,0.0254,80.74421,1.693333,0.0254,1.693333
30.48,24.53486,0.0254,80.7599,1.693333,0.0254,1.693333
30.49,24.54281,0.0254,80.78606,1.693333,0.0254,1.693333
30.5,24.54281,0.0254,80.78606,1.693333,0.0254,1.693333
30.51,24.53168,0.02543333,80.74944,1.695556,0.02543333,1.695556
30.52,24.52215,0.02543333,80.71806,1.695556,0.02543333,1.695556
30.53,24.5142,0.02543333,80.69189,1.695556,0.02543333,1.695556
30.54,24.5142,0.02543333,80.69189,1.695556,0.02543333,1.695556
30.55,24.53009,0.02543333,80.74421,1.695556,0.02543333,1.695556
30.56,24.55393,0.02546667,80.82269,1.697778,0.02546667,1.697778
30.57,24.56347,0.02546667,80.85408,1.697778,0.02546667,1.697778
30.58,24.55393,0.02546667,80.82269,1.697778,0.02546667,1.697778
30.59,24.53963,0.02546667,80.7756,1.697778,0.02546667,1.697778
30.6,24.53804,0.0255,80.77037,1.7,0.0255,1.7
30.61,24.54758,0.0255,80.80177,1.7,0.0255,1.7
30.62,24.5587,0.0255,80.83839,1.7,0.0255,1.7
30.63,24.5587,0.0255,80.83839,1.7,0.0255,1.7
30.64,24.55393,0.02553333,80.82269,1.702222,0.02553333,1.702222
30.65,24.56029,0.02553333,80.84362,1.702222,0.02553333,1.702222
30.66,24.5889,0.02553333,80.9378,1.702222,0.02553333,1.702222
30.67,24.62387,0.02556667,81.05289,1.704445,0.02556667,1.704445
30.68,24.65248,0.02556667,81.14707,1.704445,0.02556667,1.704445
30.69,24.65725,0.02556667,81.16277,1.704445,0.02556667,1.704445
30.7,24.64612,0.02556667,81.12614,1.704445,0.02556667,1.704445
30.71,24.64453,0.02556667,81.12091,1.704445,0.02556667,1.704445
30.72,24.65248,0.0256,81.14707,1.706667,0.0256,1.706667
30.73,24.66043,0.0256,81.17323,1.706667,0.0256,1.706667
30.74,24.6652,0.0256,81.18893,1.706667,0.0256,1.706667
30.75,24.66838,0.0256,81.19939,1.706667,0.0256,1.706667
30.76,24.67791,0.02563333,81.23078,1.708889,0.02563333,1.708889
30.77,24.69699,0.02563333,81.29356,1.708889,0.02563333,1.708889
30.78,24.71447,0.02563333,81.35111,1.708889,0.02563333,1.708889
30.79,24.71765,0.02563333,81.36158,1.708889,0.02563333,1.708889
30.8,24.7097,0.02566667,81.33542,1.711111,0.02566667,1.711111
30.81,24.70175,0.02566667,81.30926,1.711111,0.02566667,1.711111
30.82,24.70652,0.02566667,81.32495,1.711111,0.02566667,1.711111
30.83,24.7256,0.02566667,81.38773,1.711111,0.02566667,1.711111
30.84,24.7399,0.0257,81.43482,1.713333,0.0257,1.713333
30.85,24.75103,0.0257,81.47145,1.713333,0.0257,1.713333
30.86,24.7558,0.0257,81.48714,1.713333,0.0257,1.713333
30.87,24.76056,0.02573333,81.50285,1.715556,0.02573333,1.715556
30.88,24.76056,0.02573333,81.50285,1.715556,0.02573333,1.715556
30.89,24.7558,0.02573333,81.48714,1.715556,0.02573333,1.715556
30.9,24.7558,0.02573333,81.48714,1.715556,0.02573333,1.715556
30.91,24.76374,0.02573333,81.5133,1.715556,0.02573333,1.715556
30.92,24.77487,0.02576667,81.54993,1.717778,0.02576667,1.717778
30.93,24.77964,0.02576667,81.56563,1.717778,0.02576667,1.717778
30.94,24.78282,0.02576667,81.57609,1.717778,0.02576667,1.717778
30.95,24.79553,0.02576667,81.61794,1.717778,0.02576667,1.717778
30.96,24.81143,0.0258,81.67026,1.72,0.0258,1.72
30.97,24.82414,0.0258,81.71212,1.72,0.0258,1.72
30.98,24.83209,0.0258,81.73828,1.72,0.0258,1.72
30.99,24.8448,0.0258,81.78013,1.72,0.0258,1.72
31.0,24.85752,0.02583333,81.82198,1.722222,0.02583333,1.722222
31.01,24.8607,0.02583333,81.83245,1.722222,0.02583333,1.722222
31.02,24.86229,0.02583333,81.83768,1.722222,0.02583333,1.722222
31.03,24.86865,0.02583333,81.85861,1.722222,0.02583333,1.722222
31.04,24.87341,0.02586667,81.87431,1.724445,0.02586667,1.724445
31.05,24.87818,0.02586667,81.89,1.724445,0.02586667,1.724445
31.06,24.88295,0.02586667,81.90569,1.724445,0.02586667,1.724445
31.07,24.89408,0.0259,81.94232,1.726667,0.0259,1.726667
31.08,24.89726,0.0259,81.95278,1.726667,0.0259,1.726667
31.09,24.88931,0.0259,81.92663,1.726667,0.0259,1.726667
31.1,24.88295,0.0259,81.90569,1.726667,0.0259,1.726667
31.11,24.8909,0.0259,81.93185,1.726667,0.0259,1.726667
31.12,24.91156,0.02593333,81.99987,1.728889,0.02593333,1.728889
31.13,24.93858,0.02593333,82.08881,1.728889,0.02593333,1.728889
31.14,24.95925,0.02593333,82.15683,1.728889,0.02593333,1.728889
31.15,24.96401,0.02593333,82.17252,1.728889,0.02593333,1.728889
31.16,24.9513,0.02596667,82.13068,1.731111,0.02596667,1.731111
31.17,24.93382,0.02596667,82.07312,1.731111,0.02596667,1.731111
31.18,24.91951,0.02596667,82.02603,1.731111,0.02596667,1.731111
31.19,24.91792,0.02596667,82.02081,1.731111,0.02596667,1.731111
31.2,24.91951,0.026,82.02603,1.733333,0.026,1.733333
31.21,24.93382,0.026,82.07312,1.733333,0.026,1.733333
31.22,24.94653,0.026,82.11497,1.733333,0.026,1.733333
31.23,24.95925,0.026,82.15683,1.733333,0.026,1.733333
31.24,24.97673,0.02603333,82.21438,1.735556,0.02603333,1.735556
31.25,25.00057,0.02603333,82.29286,1.735556,0.02603333,1.735556
31.26,25.01965,0.02603333,82.35564,1.735556,0.02603333,1.735556
31.27,25.02441,0.02606667,82.37134,1.737778,0.02606667,1.737778
31.28,25.02123,0.02606667,82.36087,1.737778,0.02606667,1.737778
31.29,25.026,0.02606667,82.37657,1.737778,0.02606667,1.737778
31.3,25.04031,0.02606667,82.42365,1.737778,0.02606667,1.737778
31.31,25.05461,0.02606667,82.47074,1.737778,0.02606667,1.737778
31.32,25.06574,0.0261,82.50737,1.74,0.0261,1.74
31.33,25.07369,0.0261,82.53352,1.74,0.0261,1.74
31.34,25.08322,0.0261,82.56492,1.74,0.0261,1.74
31.35,25.09753,0.0261,82.61201,1.74,0.0261,1.74
31.36,25.11183,0.02613333,82.6591,1.742222,0.02613333,1.742222
31.37,25.11819,0.02613333,82.68002,1.742222,0.02613333,1.742222
31.38,25.10707,0.02613333,82.64339,1.742222,0.02613333,1.742222
31.39,25.09912,0.02613333,82.61724,1.742222,0.02613333,1.742222
31.4,25.10548,0.02616667,82.63817,1.744444,0.02616667,1.744444
31.41,25.11978,0.02616667,82.68526,1.744444,0.02616667,1.744444
31.42,25.13409,0.02616667,82.73234,1.744444,0.02616667,1.744444
31.43,25.1468,0.02616667,82.7742,1.744444,0.02616667,1.744444
31.44,25.15475,0.0262,82.80035,1.746667,0.0262,1.746667
31.45,25.15952,0.0262,82.81605,1.746667,0.0262,1.746667
31.46,25.16747,0.0262,82.84221,1.746667,0.0262,1.746667
31.47,25.17223,0.02623333,82.85791,1.748889,0.02623333,1.748889
31.48,25.17223,0.02623333,82.85791,1.748889,0.02623333,1.748889
31.49,25.17223,0.02623333,82.85791,1.748889,0.02623333,1.748889
31.5,25.177,0.02623333,82.8736,1.748889,0.02623333,1.748889
31.51,25.18813,0.02626667,82.91022,1.751111,0.02626667,1.751111
31.52,25.19608,0.02626667,82.93639,1.751111,0.02626667,1.751111
31.53,25.19766,0.02626667,82.94161,1.751111,0.02626667,1.751111
31.54,25.19608,0.02626667,82.93639,1.751111,0.02626667,1.751111
31.55,25.18495,0.02626667,82.89977,1.751111,0.02626667,1.751111
31.56,25.17541,0.0263,82.86837,1.753333,0.0263,1.753333
31.57,25.16905,0.0263,82.84744,1.753333,0.0263,1.753333
31.58,25.177,0.0263,82.8736,1.753333,0.0263,1.753333
31.59,25.19131,0.0263,82.92069,1.753333,0.0263,1.753333
31.6,25.20402,0.02633333,82.96255,1.755556,0.02633333,1.755556
31.61,25.21197,0.02633333,82.9887,1.755556,0.02633333,1.755556
31.62,25.21992,0.02633333,83.01486,1.755556,0.02633333,1.755556
31.63,25.22151,0.02633333,83.0201,1.755556,0.02633333,1.755556
31.64,25.21674,0.02636667,83.0044,1.757778,0.02636667,1.757778
31.65,25.21197,0.02636667,82.9887,1.757778,0.02636667,1.757778
31.66,25.21356,0.02636667,82.99394,1.757778,0.02636667,1.757778
31.67,25.22627,0.02636667,83.03579,1.757778,0.02636667,1.757778
31.68,25.24535,0.0264,83.09857,1.76,0.0264,1.76
31.69,25.25806,0.0264,83.14043,1.76,0.0264,1.76
31.7,25.2533,0.0264,83.12473,1.76,0.0264,1.76
31.71,25.24853,0.0264,83.10904,1.76,0.0264,1.76
31.72,25.25806,0.02643333,83.14043,1.762222,0.02643333,1.762222
31.73,25.27078,0.02643333,83.18229,1.762222,0.02643333,1.762222
31.74,25.27396,0.02643333,83.19275,1.762222,0.02643333,1.762222
31.75,25.27873,0.02643333,83.20844,1.762222,0.02643333,1.762222
31.76,25.29939,0.02646667,83.27647,1.764444,0.02646667,1.764444
31.77,25.32641,0.02646667,83.3654,1.764444,0.02646667,1.764444
31.78,25.34231,0.02646667,83.41772,1.764444,0.02646667,1.764444
31.79,25.34389,0.02646667,83.42295,1.764444,0.02646667,1.764444
31.8,25.34389,0.0265,83.42295,1.766667,0.0265,1.766667
31.81,25.33913,0.0265,83.40726,1.766667,0.0265,1.766667
31.82,25.33595,0.0265,83.39679,1.766667,0.0265,1.766667
31.83,25.33913,0.0265,83.40726,1.766667,0.0265,1.766667
31.84,25.33913,0.02653333,83.40726,1.768889,0.02653333,1.768889
31.85,25.33595,0.02653333,83.39679,1.768889,0.02653333,1.768889
31.86,25.34231,0.02653333,83.41772,1.768889,0.02653333,1.768889
31.87,25.35661,0.02656667,83.46481,1.771111,0.02656667,1.771111
31.88,25.37568,0.02656667,83.5276,1.771111,0.02656667,1.771111
31.89,25.39158,0.02656667,83.57991,1.771111,0.02656667,1.771111
31.9,25.39953,0.02656667,83.60607,1.771111,0.02656667,1.771111
31.91,25.40429,0.02656667,83.62177,1.771111,0.02656667,1.771111
31.92,25.40588,0.0266,83.627,1.773333,0.0266,1.773333
31.93,25.41224,0.0266,83.64793,1.773333,0.0266,1.773333
31.94,25.41224,0.0266,83.64793,1.773333,0.0266,1.773333
31.95,25.41701,0.0266,83.66362,1.773333,0.0266,1.773333
31.96,25.43449,0.02663333,83.72118,1.775556,0.02663333,1.775556
31.97,25.45675,0.02663333,83.79443,1.775556,0.02663333,1.775556
31.98,25.46152,0.02663333,83.81012,1.775556,0.02663333,1.775556
31.99,25.45039,0.02663333,83.77349,1.775556,0.02663333,1.775556
32.0,25.44244,0.02666667,83.74734,1.777778,0.02666667,1.777778
32.01,25.45039,0.02666667,83.77349,1.777778,0.02666667,1.777778
32.02,25.46628,0.02666667,83.82581,1.777778,0.02666667,1.777778
32.03,25.48218,0.02666667,83.87813,1.777778,0.02666667,1.777778
32.04,25.49489,0.0267,83.91999,1.78,0.0267,1.78
32.05,25.49489,0.0267,83.91999,1.78,0.0267,1.78
32.06,25.49013,0.0267,83.9043,1.78,0.0267,1.78
32.07,25.48536,0.02673333,83.8886,1.782222,0.02673333,1.782222
32.08,25.48536,0.02673333,83.8886,1.782222,0.02673333,1.782222
32.09,25.49013,0.02673333,83.9043,1.782222,0.02673333,1.782222
32.1,25.50284,0.02673333,83.94614,1.782222,0.02673333,1.782222
32.11,25.51556,0.02673333,83.988,1.782222,0.02673333,1.782222
32.12,25.52032,0.02676667,84.0037,1.784444,0.02676667,1.784444
32.13,25.52032,0.02676667,84.0037,1.784444,0.02676667,1.784444
32.14,25.52668,0.02676667,84.02462,1.784444,0.02676667,1.784444
32.15,25.54258,0.02676667,84.07695,1.784444,0.02676667,1.784444
32.16,25.55211,0.0268,84.10834,1.786667,0.0268,1.786667
32.17,25.54893,0.0268,84.09787,1.786667,0.0268,1.786667
32.18,25.54417,0.0268,84.08218,1.786667,0.0268,1.786667
32.19,25.55211,0.0268,84.10834,1.786667,0.0268,1.786667
32.2,25.57119,0.02683333,84.17112,1.788889,0.02683333,1.788889
32.21,25.58549,0.02683333,84.21821,1.788889,0.02683333,1.788889
32.22,25.59344,0.02683333,84.24436,1.788889,0.02683333,1.788889
32.23,25.60457,0.02683333,84.28099,1.788889,0.02683333,1.788889
32.24,25.61728,0.02686667,84.32285,1.791111,0.02686667,1.791111
32.25,25.62841,0.02686667,84.35947,1.791111,0.02686667,1.791111
32.26,25.62841,0.02686667,84.35947,1.791111,0.02686667,1.791111
32.27,25.62841,0.0269,84.35947,1.793333,0.0269,1.793333
32.28,25.63,0.0269,84.3647,1.793333,0.0269,1.793333
32.29,25.63477,0.0269,84.38039,1.793333,0.0269,1.793333
32.3,25.63795,0.0269,84.39086,1.793333,0.0269,1.793333
32.31,25.63795,0.0269,84.39086,1.793333,0.0269,1.793333
32.32,25.64589,0.02693333,84.41702,1.795555,0.02693333,1.795555
32.33,25.65861,0.02693333,84.45888,1.795555,0.02693333,1.795555
32.34,25.6745,0.02693333,84.51119,1.795555,0.02693333,1.795555
32.35,25.69357,0.02693333,84.57397,1.795555,0.02693333,1.795555
32.36,25.71424,0.02696667,84.64199,1.797778,0.02696667,1.797778
32.37,25.73172,0.02696667,84.69954,1.797778,0.02696667,1.797778
32.38,25.74444,0.02696667,84.7414,1.797778,0.02696667,1.797778
32.39,25.75239,0.02696667,84.76756,1.797778,0.02696667,1.797778
32.4,25.76033,0.027,84.79372,1.8,0.027,1.8
32.41,25.76828,0.027,84.81988,1.8,0.027,1.8
32.42,25.76828,0.027,84.81988,1.8,0.027,1.8
32.43,25.7508,0.027,84.76232,1.8,0.027,1.8
32.44,25.73172,0.02703333,84.69954,1.802222,0.02703333,1.802222
32.45,25.73649,0.02703333,84.71523,1.802222,0.02703333,1.802222
32.46,25.75239,0.02703333,84.76756,1.802222,0.02703333,1.802222
32.47,25.76828,0.02706667,84.81988,1.804444,0.02706667,1.804444
32.48,25.77305,0.02706667,84.83557,1.804444,0.02706667,1.804444
32.49,25.77623,0.02706667,84.84604,1.804444,0.02706667,1.804444
32.5,25.78417,0.02706667,84.87219,1.804444,0.02706667,1.804444
32.51,25.80007,0.02706667,84.92451,1.804444,0.02706667,1.804444
32.52,25.81278,0.0271,84.96637,1.806667,0.0271,1.806667
32.53,25.81278,0.0271,84.96637,1.806667,0.0271,1.806667
32.54,25.80802,0.0271,84.95068,1.806667,0.0271,1.806667
32.55,25.80961,0.0271,84.95591,1.806667,0.0271,1.806667
32.56,25.82232,0.02713333,84.99776,1.808889,0.02713333,1.808889
32.57,25.83663,0.02713333,85.04485,1.808889,0.02713333,1.808889
32.58,25.84139,0.02713333,85.06055,1.808889,0.02713333,1.808889
32.59,25.85093,0.02713333,85.09193,1.808889,0.02713333,1.808889
32.6,25.86683,0.02716667,85.14426,1.811111,0.02716667,1.811111
32.61,25.87477,0.02716667,85.17041,1.811111,0.02716667,1.811111
32.62,25.8716,0.02716667,85.15995,1.811111,0.02716667,1.811111
32.63,25.8716,0.02716667,85.15995,1.811111,0.02716667,1.811111
32.64,25.87795,0.0272,85.18088,1.813333,0.0272,1.813333
32.65,25.88272,0.0272,85.19657,1.813333,0.0272,1.813333
32.66,25.88272,0.0272,85.19657,1.813333,0.0272,1.813333
32.67,25.8859,0.02723333,85.20704,1.815556,0.02723333,1.815556
32.68,25.89544,0.02723333,85.23843,1.815556,0.02723333,1.815556
32.69,25.91133,0.02723333,85.29075,1.815556,0.02723333,1.815556
32.7,25.92882,0.02723333,85.3483,1.815556,0.02723333,1.815556
32.71,25.93994,0.02723333,85.38493,1.815556,0.02723333,1.815556
32.72,25.94789,0.02726667,85.41109,1.817778,0.02726667,1.817778
32.73,25.9606,0.02726667,85.45293,1.817778,0.02726667,1.817778
32.74,25.98127,0.02726667,85.52096,1.817778,0.02726667,1.817778
32.75,25.99716,0.02726667,85.57327,1.817778,0.02726667,1.817778
32.76,25.99239,0.0273,85.55758,1.82,0.0273,1.82
32.77,25.98604,0.0273,85.53665,1.82,0.0273,1.82
32.78,25.98921,0.0273,85.54711,1.82,0.0273,1.82
32.79,25.99716,0.0273,85.57327,1.82,0.0273,1.82
32.8,26.00034,0.02733333,85.58374,1.822222,0.02733333,1.822222
32.81,25.99239,0.02733333,85.55758,1.822222,0.02733333,1.822222
32.82,25.9765,0.02733333,85.50526,1.822222,0.02733333,1.822222
32.83,25.96855,0.02733333,85.4791,1.822222,0.02733333,1.822222
32.84,25.97173,0.02736667,85.48956,1.824444,0.02736667,1.824444
32.85,25.98445,0.02736667,85.53142,1.824444,0.02736667,1.824444
32.86,26.00193,0.02736667,85.58897,1.824444,0.02736667,1.824444
32.87,26.02259,0.0274,85.65698,1.826667,0.0274,1.826667
32.88,26.04167,0.0274,85.71976,1.826667,0.0274,1.826667
32.89,26.04961,0.0274,85.74593,1.826667,0.0274,1.826667
32.9,26.0512,0.0274,85.75116,1.826667,0.0274,1.826667
32.91,26.04961,0.0274,85.74593,1.826667,0.0274,1.826667
32.92,26.0512,0.02743333,85.75116,1.828889,0.02743333,1.828889
32.93,26.06551,0.02743333,85.79824,1.828889,0.02743333,1.828889
32.94,26.07504,0.02743333,85.82964,1.828889,0.02743333,1.828889
32.95,26.07822,0.02743333,85.8401,1.828889,0.02743333,1.828889
32.96,26.07822,0.02746667,85.8401,1.831111,0.02746667,1.831111
32.97,26.07504,0.02746667,85.82964,1.831111,0.02746667,1.831111
32.98,26.0671,0.02746667,85.80348,1.831111,0.02746667,1.831111
32.99,26.07028,0.02746667,85.81394,1.831111,0.02746667,1.831111
33.0,26.08617,0.0275,85.86626,1.833333,0.0275,1.833333
33.01,26.10207,0.0275,85.91858,1.833333,0.0275,1.833333
33.02,26.09889,0.0275,85.90811,1.833333,0.0275,1.833333
33.03,26.08617,0.0275,85.86626,1.833333,0.0275,1.833333
33.04,26.07504,0.02753333,85.82964,1.835556,0.02753333,1.835556
33.05,26.07504,0.02753333,85.82964,1.835556,0.02753333,1.835556
33.06,26.08776,0.02753333,85.87149,1.835556,0.02753333,1.835556
33.07,26.1116,0.02753333,85.94997,1.835556,0.02753333,1.835556
33.08,26.12273,0.02756667,85.9866,1.837778,0.02756667,1.837778
33.09,26.11478,0.02756667,85.96043,1.837778,0.02756667,1.837778
33.1,26.10683,0.02756667,85.93427,1.837778,0.02756667,1.837778
33.11,26.11955,0.02756667,85.97614,1.837778,0.02756667,1.837778
33.12,26.14021,0.0276,86.04414,1.84,0.0276,1.84
33.13,26.15134,0.0276,86.08076,1.84,0.0276,1.84
33.14,26.15134,0.0276,86.08076,1.84,0.0276,1.84
33.15,26.15293,0.0276,86.08601,1.84,0.0276,1.84
33.16,26.16882,0.02763333,86.13832,1.842222,0.02763333,1.842222
33.17,26.18949,0.02763333,86.20634,1.842222,0.02763333,1.842222
33.18,26.2022,0.02763333,86.24819,1.842222,0.02763333,1.842222
33.19,26.20538,0.02763333,86.25866,1.842222,0.02763333,1.842222
33.2,26.20538,0.02766667,86.25866,1.844445,0.02766667,1.844445
33.21,26.20538,0.02766667,86.25866,1.844445,0.02766667,1.844445
33.22,26.20538,0.02766667,86.25866,1.844445,0.02766667,1.844445
33.23,26.20538,0.02766667,86.25866,1.844445,0.02766667,1.844445
33.24,26.21015,0.0277,86.27435,1.846667,0.0277,1.846667
33.25,26.21333,0.0277,86.28481,1.846667,0.0277,1.846667
33.26,26.21015,0.0277,86.27435,1.846667,0.0277,1.846667
33.27,26.21015,0.02773333,86.27435,1.848889,0.02773333,1.848889
33.28,26.22922,0.02773333,86.33714,1.848889,0.02773333,1.848889
33.29,26.24671,0.02773333,86.39468,1.848889,0.02773333,1.848889
33.3,26.25465,0.02773333,86.42085,1.848889,0.02773333,1.848889
33.31,26.25783,0.02773333,86.43131,1.848889,0.02773333,1.848889
33.32,26.2626,0.02776667,86.44701,1.851111,0.02776667,1.851111
33.33,26.26737,0.02776667,86.4627,1.851111,0.02776667,1.851111
33.34,26.27532,0.02776667,86.48885,1.851111,0.02776667,1.851111
33.35,26.28644,0.02776667,86.52548,1.851111,0.02776667,1.851111
33.36,26.29598,0.0278,86.55688,1.853333,0.0278,1.853333
33.37,26.30711,0.0278,86.5935,1.853333,0.0278,1.853333
33.38,26.31664,0.0278,86.62489,1.853333,0.0278,1.853333
33.39,26.32459,0.0278,86.65105,1.853333,0.0278,1.853333
33.4,26.33095,0.02783333,86.67197,1.855556,0.02783333,1.855556
33.41,26.33731,0.02783333,86.6929,1.855556,0.02783333,1.855556
33.42,26.34048,0.02783333,86.70337,1.855556,0.02783333,1.855556
33.43,26.34525,0.02783333,86.71906,1.855556,0.02783333,1.855556
33.44,26.35956,0.02786667,86.76615,1.857778,0.02786667,1.857778
33.45,26.38499,0.02786667,86.84986,1.857778,0.02786667,1.857778
33.46,26.41042,0.02786667,86.93357,1.857778,0.02786667,1.857778
33.47,26.42949,0.0279,86.99636,1.86,0.0279,1.86
33.48,26.43108,0.0279,87.00159,1.86,0.0279,1.86
33.49,26.41678,0.0279,86.9545,1.86,0.0279,1.86
33.5,26.40247,0.0279,86.90741,1.86,0.0279,1.86
33.51,26.40565,0.0279,86.91788,1.86,0.0279,1.86
33.52,26.42632,0.02793333,86.98589,1.862222,0.02793333,1.862222
33.53,26.45334,0.02793333,87.07484,1.862222,0.02793333,1.862222
33.54,26.47082,0.02793333,87.13239,1.862222,0.02793333,1.862222
33.55,26.48195,0.02793333,87.16901,1.862222,0.02793333,1.862222
33.56,26.4883,0.02796667,87.18993,1.864444,0.02796667,1.864444
33.57,26.4883,0.02796667,87.18993,1.864444,0.02796667,1.864444
33.58,26.48195,0.02796667,87.16901,1.864444,0.02796667,1.864444
33.59,26.47082,0.02796667,87.13239,1.864444,0.02796667,1.864444
33.6,26.46287,0.028,87.10622,1.866667,0.028,1.866667
33.61,26.45493,0.028,87.08006,1.866667,0.028,1.866667
33.62,26.45493,0.028,87.08006,1.866667,0.028,1.866667
33.63,26.45811,0.028,87.09053,1.866667,0.028,1.866667
33.64,26.45969,0.02803333,87.09576,1.868889,0.02803333,1.868889
33.65,26.46605,0.02803333,87.11668,1.868889,0.02803333,1.868889
33.66,26.4883,0.02803333,87.18993,1.868889,0.02803333,1.868889
33.67,26.51691,0.02806667,87.28411,1.871111,0.02806667,1.871111
33.68,26.53917,0.02806667,87.35736,1.871111,0.02806667,1.871111
33.69,26.5487,0.02806667,87.38875,1.871111,0.02806667,1.871111
33.7,26.55665,0.02806667,87.41491,1.871111,0.02806667,1.871111
33.71,26.56142,0.02806667,87.4306,1.871111,0.02806667,1.871111
33.72,26.55983,0.0281,87.42537,1.873333,0.0281,1.873333
33.73,26.55188,0.0281,87.39921,1.873333,0.0281,1.873333
33.74,26.54394,0.0281,87.37305,1.873333,0.0281,1.873333
33.75,26.5487,0.0281,87.38875,1.873333,0.0281,1.873333
33.76,26.55983,0.02813333,87.42537,1.875556,0.02813333,1.875556
33.77,26.57255,0.02813333,87.46723,1.875556,0.02813333,1.875556
33.78,26.58049,0.02813333,87.49339,1.875556,0.02813333,1.875556
33.79,26.57731,0.02813333,87.48293,1.875556,0.02813333,1.875556
33.8,26.56778,0.02816667,87.45154,1.877778,0.02816667,1.877778
33.81,26.5646,0.02816667,87.44107,1.877778,0.02816667,1.877778
33.82,26.58049,0.02816667,87.49339,1.877778,0.02816667,1.877778
33.83,26.60592,0.02816667,87.5771,1.877778,0.02816667,1.877778
33.84,26.625,0.0282,87.63988,1.88,0.0282,1.88
33.85,26.625,0.0282,87.63988,1.88,0.0282,1.88
33.86,26.61864,0.0282,87.61895,1.88,0.0282,1.88
33.87,26.61864,0.02823333,87.61895,1.882222,0.02823333,1.882222
33.88,26.625,0.02823333,87.63988,1.882222,0.02823333,1.882222
33.89,26.62977,0.02823333,87.65558,1.882222,0.02823333,1.882222
33.9,26.64248,0.02823333,87.69743,1.882222,0.02823333,1.882222
33.91,26.66315,0.02823333,87.76545,1.882222,0.02823333,1.882222
33.92,26.68222,0.02826667,87.82823,1.884444,0.02826667,1.884444
33.93,26.68858,0.02826667,87.84916,1.884444,0.02826667,1.884444
33.94,26.68381,0.02826667,87.83347,1.884444,0.02826667,1.884444
33.95,26.67904,0.02826667,87.81776,1.884444,0.02826667,1.884444
33.96,26.67586,0.0283,87.8073,1.886667,0.0283,1.886667
33.97,26.67586,0.0283,87.8073,1.886667,0.0283,1.886667
33.98,26.67904,0.0283,87.81776,1.886667,0.0283,1.886667
33.99,26.68222,0.0283,87.82823,1.886667,0.0283,1.886667
34.0,26.68699,0.02833333,87.84393,1.888889,0.02833333,1.888889
34.01,26.70447,0.02833333,87.90147,1.888889,0.02833333,1.888889
34.02,26.72513,0.02833333,87.9695,1.888889,0.02833333,1.888889
34.03,26.74421,0.02833333,88.03228,1.888889,0.02833333,1.888889
34.04,26.75215,0.02836667,88.05843,1.891111,0.02836667,1.891111
34.05,26.7458,0.02836667,88.03751,1.891111,0.02836667,1.891111
34.06,26.7458,0.02836667,88.03751,1.891111,0.02836667,1.891111
34.07,26.7601,0.0284,88.08459,1.893333,0.0284,1.893333
34.08,26.77759,0.0284,88.14215,1.893333,0.0284,1.893333
34.09,26.78235,0.0284,88.15784,1.893333,0.0284,1.893333
34.1,26.77441,0.0284,88.13168,1.893333,0.0284,1.893333
34.11,26.7601,0.0284,88.08459,1.893333,0.0284,1.893333
34.12,26.75215,0.02843333,88.05843,1.895556,0.02843333,1.895556
34.13,26.76169,0.02843333,88.08982,1.895556,0.02843333,1.895556
34.14,26.77759,0.02843333,88.14215,1.895556,0.02843333,1.895556
34.15,26.79348,0.02843333,88.19447,1.895556,0.02843333,1.895556
34.16,26.81096,0.02846667,88.25202,1.897778,0.02846667,1.897778
34.17,26.83004,0.02846667,88.3148,1.897778,0.02846667,1.897778
34.18,26.83481,0.02846667,88.3305,1.897778,0.02846667,1.897778
34.19,26.82686,0.02846667,88.30434,1.897778,0.02846667,1.897778
34.2,26.82686,0.0285,88.30434,1.9,0.0285,1.9
34.21,26.84275,0.0285,88.35665,1.9,0.0285,1.9
34.22,26.84752,0.0285,88.37234,1.9,0.0285,1.9
34.23,26.84275,0.0285,88.35665,1.9,0.0285,1.9
34.24,26.83481,0.02853333,88.3305,1.902222,0.02853333,1.902222
34.25,26.84275,0.02853333,88.35665,1.902222,0.02853333,1.902222
34.26,26.86183,0.02853333,88.41943,1.902222,0.02853333,1.902222
34.27,26.87613,0.02856667,88.46652,1.904445,0.02856667,1.904445
34.28,26.88249,0.02856667,88.48746,1.904445,0.02856667,1.904445
34.29,26.87136,0.02856667,88.45083,1.904445,0.02856667,1.904445
34.3,26.86342,0.02856667,88.42467,1.904445,0.02856667,1.904445
34.31,26.86342,0.02856667,88.42467,1.904445,0.02856667,1.904445
34.32,26.87931,0.0286,88.47699,1.906667,0.0286,1.906667
34.33,26.8968,0.0286,88.53454,1.906667,0.0286,1.906667
34.34,26.91269,0.0286,88.58686,1.906667,0.0286,1.906667
34.35,26.92064,0.0286,88.61302,1.906667,0.0286,1.906667
34.36,26.92541,0.02863333,88.62872,1.908889,0.02863333,1.908889
34.37,26.92381,0.02863333,88.62348,1.908889,0.02863333,1.908889
34.38,26.92381,0.02863333,88.62348,1.908889,0.02863333,1.908889
34.39,26.92541,0.02863333,88.62872,1.908889,0.02863333,1.908889
34.4,26.92541,0.02866667,88.62872,1.911111,0.02866667,1.911111
34.41,26.92064,0.02866667,88.61302,1.911111,0.02866667,1.911111
34.42,26.92858,0.02866667,88.63918,1.911111,0.02866667,1.911111
34.43,26.94925,0.02866667,88.70719,1.911111,0.02866667,1.911111
34.44,26.96514,0.0287,88.75951,1.913333,0.0287,1.913333
34.45,26.97627,0.0287,88.79613,1.913333,0.0287,1.913333
34.46,26.98263,0.0287,88.81706,1.913333,0.0287,1.913333
34.47,26.99693,0.02873333,88.86415,1.915556,0.02873333,1.915556
34.48,27.00488,0.02873333,88.8903,1.915556,0.02873333,1.915556
34.49,27.00488,0.02873333,88.8903,1.915556,0.02873333,1.915556
34.5,27.0017,0.02873333,88.87985,1.915556,0.02873333,1.915556
34.51,27.00647,0.02873333,88.89555,1.915556,0.02873333,1.915556
34.52,27.01918,0.02876667,88.93739,1.917778,0.02876667,1.917778
34.53,27.03031,0.02876667,88.97402,1.917778,0.02876667,1.917778
34.54,27.03508,0.02876667,88.98972,1.917778,0.02876667,1.917778
34.55,27.03985,0.02876667,89.00542,1.917778,0.02876667,1.917778
34.56,27.04779,0.0288,89.03157,1.92,0.0288,1.92
34.57,27.05097,0.0288,89.04204,1.92,0.0288,1.92
34.58,27.04302,0.0288,89.01588,1.92,0.0288,1.92
34.59,27.03985,0.0288,89.00542,1.92,0.0288,1.92
34.6,27.05097,0.02883333,89.04204,1.922222,0.02883333,1.922222
34.61,27.07481,0.02883333,89.12051,1.922222,0.02883333,1.922222
34.62,27.10024,0.02883333,89.20422,1.922222,0.02883333,1.922222
34.63,27.12091,0.02883333,89.27224,1.922222,0.02883333,1.922222
34.64,27.13998,0.02886667,89.33502,1.924444,0.02886667,1.924444
34.65,27.1527,0.02886667,89.37688,1.924444,0.02886667,1.924444
34.66,27.15429,0.02886667,89.38211,1.924444,0.02886667,1.924444
34.67,27.15429,0.0289,89.38211,1.926667,0.0289,1.926667
34.68,27.15746,0.0289,89.39257,1.926667,0.0289,1.926667
34.69,27.15429,0.0289,89.38211,1.926667,0.0289,1.926667
34.7,27.1527,0.0289,89.37688,1.926667,0.0289,1.926667
34.71,27.16064,0.0289,89.40304,1.926667,0.0289,1.926667
34.72,27.17813,0.02893333,89.46059,1.928889,0.02893333,1.928889
34.73,27.1972,0.02893333,89.52338,1.928889,0.02893333,1.928889
34.74,27.20515,0.02893333,89.54953,1.928889,0.02893333,1.928889
34.75,27.19879,0.02893333,89.5286,1.928889,0.02893333,1.928889
34.76,27.19402,0.02896667,89.51291,1.931111,0.02896667,1.931111
34.77,27.20197,0.02896667,89.53907,1.931111,0.02896667,1.931111
34.78,27.23058,0.02896667,89.63325,1.931111,0.02896667,1.931111
34.79,27.27032,0.02896667,89.76404,1.931111,0.02896667,1.931111
34.8,27.29575,0.029,89.84775,1.933333,0.029,1.933333
34.81,27.29575,0.029,89.84775,1.933333,0.029,1.933333
34.82,27.28303,0.029,89.8059,1.933333,0.029,1.933333
34.83,27.27191,0.029,89.76927,1.933333,0.029,1.933333
34.84,27.27509,0.02903333,89.77974,1.935556,0.02903333,1.935556
34.85,27.27509,0.02903333,89.77974,1.935556,0.02903333,1.935556
34.86,27.27191,0.02903333,89.76927,1.935556,0.02903333,1.935556
34.87,27.26396,0.02906667,89.74312,1.937778,0.02906667,1.937778
34.88,27.25601,0.02906667,89.71696,1.937778,0.02906667,1.937778
34.89,27.25919,0.02906667,89.72742,1.937778,0.02906667,1.937778
34.9,27.27667,0.02906667,89.78497,1.937778,0.02906667,1.937778
34.91,27.30528,0.02906667,89.87914,1.937778,0.02906667,1.937778
34.92,27.32754,0.0291,89.95239,1.94,0.0291,1.94
34.93,27.33389,0.0291,89.97331,1.94,0.0291,1.94
34.94,27.33707,0.0291,89.98378,1.94,0.0291,1.94
34.95,27.34502,0.0291,90.00994,1.94,0.0291,1.94
34.96,27.35297,0.02913333,90.03609,1.942222,0.02913333,1.942222
34.97,27.35774,0.02913333,90.0518,1.942222,0.02913333,1.942222
34.98,27.35297,0.02913333,90.03609,1.942222,0.02913333,1.942222
34.99,27.35297,0.02913333,90.03609,1.942222,0.02913333,1.942222
35.0,27.36568,0.02916667,90.07796,1.944444,0.02916667,1.944444
35.01,27.38476,0.02916667,90.14074,1.944444,0.02916667,1.944444
35.02,27.39112,0.02916667,90.16167,1.944444,0.02916667,1.944444
35.03,27.38635,0.02916667,90.14597,1.944444,0.02916667,1.944444
35.04,27.3784,0.0292,90.11981,1.946667,0.0292,1.946667
35.05,27.3784,0.0292,90.11981,1.946667,0.0292,1.946667
35.06,27.3784,0.0292,90.11981,1.946667,0.0292,1.946667
35.07,27.38158,0.02923333,90.13027,1.948889,0.02923333,1.948889
35.08,27.39429,0.02923333,90.17213,1.948889,0.02923333,1.948889
35.09,27.41814,0.02923333,90.25061,1.948889,0.02923333,1.948889
35.1,27.43562,0.02923333,90.30816,1.948889,0.02923333,1.948889
35.11,27.44834,0.02923333,90.35001,1.948889,0.02923333,1.948889
35.12,27.45469,0.02926667,90.37095,1.951111,0.02926667,1.951111
35.13,27.45946,0.02926667,90.38664,1.951111,0.02926667,1.951111
35.14,27.46423,0.02926667,90.40234,1.951111,0.02926667,1.951111
35.15,27.47536,0.02926667,90.43896,1.951111,0.02926667,1.951111
35.16,27.48807,0.0293,90.48081,1.953333,0.0293,1.953333
35.17,27.49284,0.0293,90.49651,1.953333,0.0293,1.953333
35.18,27.4992,0.0293,90.51744,1.953333,0.0293,1.953333
35.19,27.50397,0.0293,90.53313,1.953333,0.0293,1.953333
35.2,27.50874,0.02933333,90.54883,1.955556,0.02933333,1.955556
35.21,27.50874,0.02933333,90.54883,1.955556,0.02933333,1.955556
35.22,27.50556,0.02933333,90.53836,1.955556,0.02933333,1.955556
35.23,27.50397,0.02933333,90.53313,1.955556,0.02933333,1.955556
35.24,27.50874,0.02936667,90.54883,1.957778,0.02936667,1.957778
35.25,27.52145,0.02936667,90.59068,1.957778,0.02936667,1.957778
35.26,27.53735,0.02936667,90.64301,1.957778,0.02936667,1.957778
35.27,27.54211,0.0294,90.6587,1.96,0.0294,1.96
35.28,27.53735,0.0294,90.64301,1.96,0.0294,1.96
35.29,27.53258,0.0294,90.6273,1.96,0.0294,1.96
35.3,27.53417,0.0294,90.63254,1.96,0.0294,1.96
35.31,27.54529,0.0294,90.66917,1.96,0.0294,1.96
35.32,27.56278,0.02943333,90.72672,1.962222,0.02943333,1.962222
35.33,27.57708,0.02943333,90.7738,1.962222,0.02943333,1.962222
35.34,27.57867,0.02943333,90.77904,1.962222,0.02943333,1.962222
35.35,27.57708,0.02943333,90.7738,1.962222,0.02943333,1.962222
35.36,27.58503,0.02946667,90.79996,1.964444,0.02946667,1.964444
35.37,27.60569,0.02946667,90.86797,1.964444,0.02946667,1.964444
35.38,27.62636,0.02946667,90.93599,1.964444,0.02946667,1.964444
35.39,27.6343,0.02946667,90.96215,1.964444,0.02946667,1.964444
35.4,27.62794,0.0295,90.94122,1.966667,0.0295,1.966667
35.41,27.61523,0.0295,90.89937,1.966667,0.0295,1.966667
35.42,27.60251,0.0295,90.85751,1.966667,0.0295,1.966667
35.43,27.60251,0.0295,90.85751,1.966667,0.0295,1.966667
35.44,27.61523,0.02953333,90.89937,1.968889,0.02953333,1.968889
35.45,27.6343,0.02953333,90.96215,1.968889,0.02953333,1.968889
35.46,27.64702,0.02953333,91.00401,1.968889,0.02953333,1.968889
35.47,27.65179,0.02953333,91.0197,1.968889,0.02953333,1.968889
35.48,27.66291,0.02956667,91.05632,1.971111,0.02956667,1.971111
35.49,27.67563,0.02956667,91.09818,1.971111,0.02956667,1.971111
35.5,27.69152,0.02956667,91.1505,1.971111,0.02956667,1.971111
35.51,27.69629,0.02956667,91.16619,1.971111,0.02956667,1.971111
35.52,27.69629,0.0296,91.16619,1.973333,0.0296,1.973333
35.53,27.70106,0.0296,91.18189,1.973333,0.0296,1.973333
35.54,27.70742,0.0296,91.20282,1.973333,0.0296,1.973333
35.55,27.71219,0.0296,91.21851,1.973333,0.0296,1.973333
35.56,27.72172,0.02963333,91.24991,1.975556,0.02963333,1.975556
35.57,27.73603,0.02963333,91.297,1.975556,0.02963333,1.975556
35.58,27.75828,0.02963333,91.37024,1.975556,0.02963333,1.975556
35.59,27.77894,0.02963333,91.43826,1.975556,0.02963333,1.975556
35.6,27.7853,0.02966667,91.45918,1.977778,0.02966667,1.977778
35.61,27.77418,0.02966667,91.42256,1.977778,0.02966667,1.977778
35.62,27.76623,0.02966667,91.3964,1.977778,0.02966667,1.977778
35.63,27.75828,0.02966667,91.37024,1.977778,0.02966667,1.977778
35.64,27.75033,0.0297,91.34409,1.98,0.0297,1.98
35.65,27.74874,0.0297,91.33884,1.98,0.0297,1.98
35.66,27.75669,0.0297,91.36501,1.98,0.0297,1.98
35.67,27.75669,0.02973333,91.36501,1.982222,0.02973333,1.982222
35.68,27.75351,0.02973333,91.35455,1.982222,0.02973333,1.982222
35.69,27.76623,0.02973333,91.3964,1.982222,0.02973333,1.982222
35.7,27.80596,0.02973333,91.5272,1.982222,0.02973333,1.982222
35.71,27.85524,0.02973333,91.68939,1.982222,0.02973333,1.982222
35.72,27.88544,0.02976667,91.7888,1.984444,0.02976667,1.984444
35.73,27.89974,0.02976667,91.83588,1.984444,0.02976667,1.984444
35.74,27.90769,0.02976667,91.86205,1.984444,0.02976667,1.984444
35.75,27.91246,0.02976667,91.87774,1.984444,0.02976667,1.984444
35.76,27.90769,0.0298,91.86205,1.986667,0.0298,1.986667
35.77,27.89338,0.0298,91.81496,1.986667,0.0298,1.986667
35.78,27.87908,0.0298,91.76787,1.986667,0.0298,1.986667
35.79,27.87272,0.0298,91.74693,1.986667,0.0298,1.986667
35.8,27.8759,0.02983333,91.7574,1.988889,0.02983333,1.988889
35.81,27.88067,0.02983333,91.77309,1.988889,0.02983333,1.988889
35.82,27.88544,0.02983333,91.7888,1.988889,0.02983333,1.988889
35.83,27.89179,0.02983333,91.80972,1.988889,0.02983333,1.988889
35.84,27.90451,0.02986667,91.85158,1.991111,0.02986667,1.991111
35.85,27.92994,0.02986667,91.93529,1.991111,0.02986667,1.991111
35.86,27.95378,0.02986667,92.01376,1.991111,0.02986667,1.991111
35.87,27.95696,0.0299,92.02423,1.993333,0.0299,1.993333
35.88,27.94901,0.0299,91.99807,1.993333,0.0299,1.993333
35.89,27.95061,0.0299,92.0033,1.993333,0.0299,1.993333
35.9,27.96173,0.0299,92.03992,1.993333,0.0299,1.993333
35.91,27.95855,0.0299,92.02946,1.993333,0.0299,1.993333
35.92,27.95696,0.02993333,92.02423,1.995556,0.02993333,1.995556
35.93,27.9665,0.02993333,92.05562,1.995556,0.02993333,1.995556
35.94,27.98716,0.02993333,92.12363,1.995556,0.02993333,1.995556
35.95,27.99511,0.02993333,92.1498,1.995556,0.02993333,1.995556
35.96,27.99352,0.02996667,92.14457,1.997778,0.02996667,1.997778
35.97,27.98239,0.02996667,92.10794,1.997778,0.02996667,1.997778
35.98,27.97127,0.02996667,92.07132,1.997778,0.02996667,1.997778
35.99,27.9665,0.02996667,92.05562,1.997778,0.02996667,1.997778
36.0,27.98239,0.03,92.10794,2.0,0.03,2.0
36.01,28.011,0.03,92.20211,2.0,0.03,2.0
36.02,28.03167,0.03,92.27013,2.0,0.03,2.0
36.03,28.03167,0.03,92.27013,2.0,0.03,2.0
36.04,28.01895,0.03003333,92.22827,2.002222,0.03003333,2.002222
36.05,28.011,0.03003333,92.20211,2.002222,0.03003333,2.002222
36.06,28.02213,0.03003333,92.23874,2.002222,0.03003333,2.002222
36.07,28.04279,0.03003333,92.30676,2.002222,0.03003333,2.002222
36.08,28.05869,0.03006667,92.35907,2.004444,0.03006667,2.004444
36.09,28.05233,0.03006667,92.33814,2.004444,0.03006667,2.004444
36.1,28.03485,0.03006667,92.28059,2.004444,0.03006667,2.004444
36.11,28.01895,0.03006667,92.22827,2.004444,0.03006667,2.004444
36.12,28.03008,0.0301,92.26489,2.006667,0.0301,2.006667
36.13,28.05869,0.0301,92.35907,2.006667,0.0301,2.006667
36.14,28.08412,0.0301,92.44279,2.006667,0.0301,2.006667
36.15,28.09683,0.0301,92.48463,2.006667,0.0301,2.006667
36.16,28.11273,0.03013333,92.53696,2.008889,0.03013333,2.008889
36.17,28.13021,0.03013333,92.59451,2.008889,0.03013333,2.008889
36.18,28.15405,0.03013333,92.67299,2.008889,0.03013333,2.008889
36.19,28.16677,0.03013333,92.71484,2.008889,0.03013333,2.008889
36.2,28.17313,0.03016667,92.73577,2.011111,0.03016667,2.011111
36.21,28.16677,0.03016667,92.71484,2.011111,0.03016667,2.011111
36.22,28.15723,0.03016667,92.68345,2.011111,0.03016667,2.011111
36.23,28.14929,0.03016667,92.65729,2.011111,0.03016667,2.011111
36.24,28.14611,0.0302,92.64683,2.013333,0.0302,2.013333
36.25,28.14929,0.0302,92.65729,2.013333,0.0302,2.013333
36.26,28.14929,0.0302,92.65729,2.013333,0.0302,2.013333
36.27,28.14929,0.03023333,92.65729,2.015556,0.03023333,2.015556
36.28,28.14929,0.03023333,92.65729,2.015556,0.03023333,2.015556
36.29,28.14611,0.03023333,92.64683,2.015556,0.03023333,2.015556
36.3,28.15088,0.03023333,92.66253,2.015556,0.03023333,2.015556
36.31,28.16995,0.03023333,92.72531,2.015556,0.03023333,2.015556
36.32,28.19379,0.03026667,92.80379,2.017778,0.03026667,2.017778
36.33,28.21445,0.03026667,92.8718,2.017778,0.03026667,2.017778
36.34,28.22399,0.03026667,92.90319,2.017778,0.03026667,2.017778
36.35,28.23035,0.03026667,92.92412,2.017778,0.03026667,2.017778
36.36,28.23671,0.0303,92.94505,2.02,0.0303,2.02
36.37,28.25578,0.0303,93.00784,2.02,0.0303,2.02
36.38,28.27168,0.0303,93.06015,2.02,0.0303,2.02
36.39,28.27326,0.0303,93.06538,2.02,0.0303,2.02
36.4,28.2685,0.03033333,93.04968,2.022222,0.03033333,2.022222
36.41,28.26532,0.03033333,93.03922,2.022222,0.03033333,2.022222
36.42,28.26373,0.03033333,93.03399,2.022222,0.03033333,2.022222
36.43,28.26373,0.03033333,93.03399,2.022222,0.03033333,2.022222
36.44,28.26055,0.03036667,93.02353,2.024444,0.03036667,2.024444
36.45,28.26532,0.03036667,93.03922,2.024444,0.03036667,2.024444
36.46,28.28121,0.03036667,93.09155,2.024444,0.03036667,2.024444
36.47,28.30187,0.0304,93.15955,2.026667,0.0304,2.026667
36.48,28.31777,0.0304,93.21188,2.026667,0.0304,2.026667
36.49,28.3289,0.0304,93.2485,2.026667,0.0304,2.026667
36.5,28.33048,0.0304,93.25373,2.026667,0.0304,2.026667
36.51,28.33048,0.0304,93.25373,2.026667,0.0304,2.026667
36.52,28.33048,0.03043333,93.25373,2.028889,0.03043333,2.028889
36.53,28.33684,0.03043333,93.27466,2.028889,0.03043333,2.028889
36.54,28.34479,0.03043333,93.30082,2.028889,0.03043333,2.028889
36.55,28.35909,0.03043333,93.3479,2.028889,0.03043333,2.028889
36.56,28.38612,0.03046667,93.43685,2.031111,0.03046667,2.031111
36.57,28.40678,0.03046667,93.50486,2.031111,0.03046667,2.031111
36.58,28.41632,0.03046667,93.53625,2.031111,0.03046667,2.031111
36.59,28.42426,0.03046667,93.56242,2.031111,0.03046667,2.031111
36.6,28.42744,0.0305,93.57288,2.033333,0.0305,2.033333
36.61,28.42426,0.0305,93.56242,2.033333,0.0305,2.033333
36.62,28.42267,0.0305,93.55718,2.033333,0.0305,2.033333
36.63,28.43221,0.0305,93.58858,2.033333,0.0305,2.033333
36.64,28.4481,0.03053333,93.64089,2.035556,0.03053333,2.035556
36.65,28.45128,0.03053333,93.65136,2.035556,0.03053333,2.035556
36.66,28.43857,0.03053333,93.6095,2.035556,0.03053333,2.035556
36.67,28.42267,0.03056667,93.55718,2.037778,0.03056667,2.037778
36.68,28.40837,0.03056667,93.51009,2.037778,0.03056667,2.037778
36.69,28.39883,0.03056667,93.47871,2.037778,0.03056667,2.037778
36.7,28.39883,0.03056667,93.47871,2.037778,0.03056667,2.037778
36.71,28.40201,0.0306,93.48917,2.04,0.0306,2.04
36.72,28.40678,0.0306,93.50486,2.04,0.0306,2.04
36.73,28.42267,0.0306,93.55718,2.04,0.0306,2.04
36.74,28.44016,0.0306,93.61473,2.04,0.0306,2.04
36.75,28.45923,0.0306,93.67751,2.04,0.0306,2.04
36.76,28.48148,0.03063333,93.75076,2.042222,0.03063333,2.042222
36.77,28.51009,0.03063333,93.84494,2.042222,0.03063333,2.042222
36.78,28.53712,0.03063333,93.93388,2.042222,0.03063333,2.042222
36.79,28.55301,0.03063333,93.9862,2.042222,0.03063333,2.042222
36.8,28.56731,0.03066667,94.03329,2.044444,0.03066667,2.044444
36.81,28.58162,0.03066667,94.08038,2.044444,0.03066667,2.044444
36.82,28.57844,0.03066667,94.06991,2.044444,0.03066667,2.044444
36.83,28.56573,0.03066667,94.02806,2.044444,0.03066667,2.044444
36.84,28.55301,0.0307,93.9862,2.046667,0.0307,2.046667
36.85,28.54983,0.0307,93.97573,2.046667,0.0307,2.046667
36.86,28.54665,0.0307,93.96527,2.046667,0.0307,2.046667
36.87,28.54665,0.03073333,93.96527,2.048889,0.03073333,2.048889
36.88,28.5546,0.03073333,93.99143,2.048889,0.03073333,2.048889
36.89,28.56731,0.03073333,94.03329,2.048889,0.03073333,2.048889
36.9,28.57049,0.03073333,94.04375,2.048889,0.03073333,2.048889
36.91,28.56573,0.03073333,94.02806,2.048889,0.03073333,2.048889
36.92,28.56255,0.03076667,94.01759,2.051111,0.03076667,2.051111
36.93,28.56731,0.03076667,94.03329,2.051111,0.03076667,2.051111
36.94,28.57844,0.03076667,94.06991,2.051111,0.03076667,2.051111
36.95,28.58798,0.03076667,94.1013,2.051111,0.03076667,2.051111
36.96,28.5991,0.0308,94.13792,2.053333,0.0308,2.053333
36.97,28.60228,0.0308,94.14838,2.053333,0.0308,2.053333
36.98,28.59592,0.0308,94.12746,2.053333,0.0308,2.053333
36.99,28.59592,0.0308,94.12746,2.053333,0.0308,2.053333
37.0,28.60387,0.03083333,94.15363,2.055556,0.03083333,2.055556
37.01,28.61659,0.03083333,94.19547,2.055556,0.03083333,2.055556
37.02,28.63089,0.03083333,94.24256,2.055556,0.03083333,2.055556
37.03,28.6452,0.03083333,94.28965,2.055556,0.03083333,2.055556
37.04,28.65314,0.03086667,94.31581,2.057778,0.03086667,2.057778
37.05,28.65156,0.03086667,94.31058,2.057778,0.03086667,2.057778
37.06,28.64838,0.03086667,94.30012,2.057778,0.03086667,2.057778
37.07,28.64838,0.0309,94.30012,2.06,0.0309,2.06
37.08,28.65314,0.0309,94.31581,2.06,0.0309,2.06
37.09,28.6595,0.0309,94.33674,2.06,0.0309,2.06
37.1,28.66109,0.0309,94.34197,2.06,0.0309,2.06
37.11,28.66745,0.0309,94.3629,2.06,0.0309,2.06
37.12,28.6897,0.03093333,94.43615,2.062222,0.03093333,2.062222
37.13,28.72149,0.03093333,94.54078,2.062222,0.03093333,2.062222
37.14,28.74533,0.03093333,94.61926,2.062222,0.03093333,2.062222
37.15,28.74692,0.03093333,94.6245,2.062222,0.03093333,2.062222
37.16,28.73898,0.03096667,94.59834,2.064445,0.03096667,2.064445
37.17,28.73739,0.03096667,94.5931,2.064445,0.03096667,2.064445
37.18,28.74216,0.03096667,94.6088,2.064445,0.03096667,2.064445
37.19,28.75328,0.03096667,94.64542,2.064445,0.03096667,2.064445
37.2,28.75328,0.031,94.64542,2.066667,0.031,2.066667
37.21,28.74533,0.031,94.61926,2.066667,0.031,2.066667
37.22,28.73739,0.031,94.5931,2.066667,0.031,2.066667
37.23,28.73739,0.031,94.5931,2.066667,0.031,2.066667
37.24,28.74533,0.03103333,94.61926,2.068889,0.03103333,2.068889
37.25,28.75328,0.03103333,94.64542,2.068889,0.03103333,2.068889
37.26,28.75487,0.03103333,94.65065,2.068889,0.03103333,2.068889
37.27,28.75805,0.03106667,94.66112,2.071111,0.03106667,2.071111
37.28,28.75964,0.03106667,94.66634,2.071111,0.03106667,2.071111
37.29,28.76759,0.03106667,94.69251,2.071111,0.03106667,2.071111
37.3,28.78348,0.03106667,94.74483,2.071111,0.03106667,2.071111
37.31,28.79461,0.03106667,94.78146,2.071111,0.03106667,2.071111
37.32,28.79143,0.0311,94.77099,2.073334,0.0311,2.073334
37.33,28.78825,0.0311,94.76052,2.073334,0.0311,2.073334
37.34,28.80255,0.0311,94.80761,2.073334,0.0311,2.073334
37.35,28.82322,0.0311,94.87563,2.073334,0.0311,2.073334
37.36,28.83911,0.03113333,94.92795,2.075556,0.03113333,2.075556
37.37,28.84865,0.03113333,94.95934,2.075556,0.03113333,2.075556
37.38,28.8566,0.03113333,94.9855,2.075556,0.03113333,2.075556
37.39,28.86454,0.03113333,95.01165,2.075556,0.03113333,2.075556
37.4,28.87726,0.03116667,95.05351,2.077778,0.03116667,2.077778
37.41,28.89315,0.03116667,95.10583,2.077778,0.03116667,2.077778
37.42,28.89633,0.03116667,95.11629,2.077778,0.03116667,2.077778
37.43,28.90428,0.03116667,95.14246,2.077778,0.03116667,2.077778
37.44,28.92176,0.0312,95.2,2.08,0.0312,2.08
37.45,28.93766,0.0312,95.25233,2.08,0.0312,2.08
37.46,28.93448,0.0312,95.24186,2.08,0.0312,2.08
37.47,28.92176,0.0312,95.2,2.08,0.0312,2.08
37.48,28.91699,0.03123333,95.18431,2.082222,0.03123333,2.082222
37.49,28.93289,0.03123333,95.23663,2.082222,0.03123333,2.082222
37.5,28.95037,0.03123333,95.29417,2.082222,0.03123333,2.082222
37.51,28.95514,0.03123333,95.30988,2.082222,0.03123333,2.082222
37.52,28.9456,0.03126667,95.27848,2.084445,0.03126667,2.084445
37.53,28.93766,0.03126667,95.25233,2.084445,0.03126667,2.084445
37.54,28.93925,0.03126667,95.25755,2.084445,0.03126667,2.084445
37.55,28.95514,0.03126667,95.30988,2.084445,0.03126667,2.084445
37.56,28.98216,0.0313,95.39882,2.086667,0.0313,2.086667
37.57,29.00759,0.0313,95.48253,2.086667,0.0313,2.086667
37.58,29.02508,0.0313,95.54008,2.086667,0.0313,2.086667
37.59,29.03303,0.0313,95.56624,2.086667,0.0313,2.086667
37.6,29.03144,0.03133333,95.561,2.088889,0.03133333,2.088889
37.61,29.02349,0.03133333,95.53485,2.088889,0.03133333,2.088889
37.62,29.02508,0.03133333,95.54008,2.088889,0.03133333,2.088889
37.63,29.03938,0.03133333,95.58717,2.088889,0.03133333,2.088889
37.64,29.04733,0.03136667,95.61333,2.091111,0.03136667,2.091111
37.65,29.04733,0.03136667,95.61333,2.091111,0.03136667,2.091111
37.66,29.05369,0.03136667,95.63425,2.091111,0.03136667,2.091111
37.67,29.06799,0.0314,95.68134,2.093333,0.0314,2.093333
37.68,29.07753,0.0314,95.71273,2.093333,0.0314,2.093333
37.69,29.08866,0.0314,95.74935,2.093333,0.0314,2.093333
37.7,29.09819,0.0314,95.78075,2.093333,0.0314,2.093333
37.71,29.10614,0.0314,95.80691,2.093333,0.0314,2.093333
37.72,29.11091,0.03143333,95.8226,2.095556,0.03143333,2.095556
37.73,29.11886,0.03143333,95.84876,2.095556,0.03143333,2.095556
37.74,29.1268,0.03143333,95.87492,2.095556,0.03143333,2.095556
37.75,29.1268,0.03143333,95.87492,2.095556,0.03143333,2.095556
37.76,29.10932,0.03146667,95.81738,2.097778,0.03146667,2.097778
37.77,29.08866,0.03146667,95.74935,2.097778,0.03146667,2.097778
37.78,29.0823,0.03146667,95.72843,2.097778,0.03146667,2.097778
37.79,29.09025,0.03146667,95.75459,2.097778,0.03146667,2.097778
37.8,29.09819,0.0315,95.78075,2.1,0.0315,2.1
37.81,29.10614,0.0315,95.80691,2.1,0.0315,2.1
37.82,29.11886,0.0315,95.84876,2.1,0.0315,2.1
37.83,29.13952,0.0315,95.91678,2.1,0.0315,2.1
37.84,29.16177,0.03153333,95.99003,2.102222,0.03153333,2.102222
37.85,29.17925,0.03153333,96.04758,2.102222,0.03153333,2.102222
37.86,29.19197,0.03153333,96.08943,2.102222,0.03153333,2.102222
37.87,29.19674,0.03156667,96.10513,2.104445,0.03156667,2.104445
37.88,29.19674,0.03156667,96.10513,2.104445,0.03156667,2.104445
37.89,29.19515,0.03156667,96.0999,2.104445,0.03156667,2.104445
37.9,29.19674,0.03156667,96.10513,2.104445,0.03156667,2.104445
37.91,29.2031,0.03156667,96.12605,2.104445,0.03156667,2.104445
37.92,29.20469,0.0316,96.13129,2.106667,0.0316,2.106667
37.93,29.21104,0.0316,96.15221,2.106667,0.0316,2.106667
37.94,29.21899,0.0316,96.17838,2.106667,0.0316,2.106667
37.95,29.22694,0.0316,96.20453,2.106667,0.0316,2.106667
37.96,29.2333,0.03163333,96.22546,2.108889,0.03163333,2.108889
37.97,29.2476,0.03163333,96.27255,2.108889,0.03163333,2.108889
37.98,29.24919,0.03163333,96.27778,2.108889,0.03163333,2.108889
37.99,29.23647,0.03163333,96.23592,2.108889,0.03163333,2.108889
38.0,29.21899,0.03166667,96.17838,2.111111,0.03166667,2.111111
38.01,29.21263,0.03166667,96.15745,2.111111,0.03166667,2.111111
38.02,29.21899,0.03166667,96.17838,2.111111,0.03166667,2.111111
38.03,29.2333,0.03166667,96.22546,2.111111,0.03166667,2.111111
38.04,29.25714,0.0317,96.30394,2.113333,0.0317,2.113333
38.05,29.27303,0.0317,96.35626,2.113333,0.0317,2.113333
38.06,29.27621,0.0317,96.36672,2.113333,0.0317,2.113333
38.07,29.2778,0.0317,96.37196,2.113333,0.0317,2.113333
38.08,29.28575,0.03173333,96.39812,2.115556,0.03173333,2.115556
38.09,29.2937,0.03173333,96.42427,2.115556,0.03173333,2.115556
38.1,29.29052,0.03173333,96.41381,2.115556,0.03173333,2.115556
38.11,29.28575,0.03173333,96.39812,2.115556,0.03173333,2.115556
38.12,29.2937,0.03176667,96.42427,2.117778,0.03176667,2.117778
38.13,29.30959,0.03176667,96.47659,2.117778,0.03176667,2.117778
38.14,29.31754,0.03176667,96.50275,2.117778,0.03176667,2.117778
38.15,29.31754,0.03176667,96.50275,2.117778,0.03176667,2.117778
38.16,29.31913,0.0318,96.50799,2.12,0.0318,2.12
38.17,29.32707,0.0318,96.53414,2.12,0.0318,2.12
38.18,29.34138,0.0318,96.58123,2.12,0.0318,2.12
38.19,29.36681,0.0318,96.66495,2.12,0.0318,2.12
38.2,29.40337,0.03183333,96.78527,2.122222,0.03183333,2.122222
38.21,29.42085,0.03183333,96.84283,2.122222,0.03183333,2.122222
38.22,29.41132,0.03183333,96.81144,2.122222,0.03183333,2.122222
38.23,29.39224,0.03183333,96.74865,2.122222,0.03183333,2.122222
38.24,29.38429,0.03186667,96.72249,2.124444,0.03186667,2.124444
38.25,29.38429,0.03186667,96.72249,2.124444,0.03186667,2.124444
38.26,29.3986,0.03186667,96.76958,2.124444,0.03186667,2.124444
38.27,29.41132,0.0319,96.81144,2.126667,0.0319,2.126667
38.28,29.4129,0.0319,96.81667,2.126667,0.0319,2.126667
38.29,29.40814,0.0319,96.80097,2.126667,0.0319,2.126667
38.3,29.40019,0.0319,96.77482,2.126667,0.0319,2.126667
38.31,29.3986,0.0319,96.76958,2.126667,0.0319,2.126667
38.32,29.3986,0.03193333,96.76958,2.128889,0.03193333,2.128889
38.33,29.40337,0.03193333,96.78527,2.128889,0.03193333,2.128889
38.34,29.40496,0.03193333,96.79051,2.128889,0.03193333,2.128889
38.35,29.4129,0.03193333,96.81667,2.128889,0.03193333,2.128889
38.36,29.43357,0.03196667,96.88468,2.131111,0.03196667,2.131111
38.37,29.46059,0.03196667,96.97363,2.131111,0.03196667,2.131111
38.38,29.47013,0.03196667,97.00501,2.131111,0.03196667,2.131111
38.39,29.46854,0.03196667,96.99979,2.131111,0.03196667,2.131111
38.4,29.46854,0.032,96.99979,2.133333,0.032,2.133333
38.41,29.46536,0.032,96.98932,2.133333,0.032,2.133333
38.42,29.45741,0.032,96.96317,2.133333,0.032,2.133333
38.43,29.45741,0.032,96.96317,2.133333,0.032,2.133333
38.44,29.4733,0.03203334,97.01548,2.135556,0.03203334,2.135556
38.45,29.48443,0.03203334,97.0521,2.135556,0.03203334,2.135556
38.46,29.48443,0.03203334,97.0521,2.135556,0.03203334,2.135556
38.47,29.48125,0.03206667,97.04164,2.137778,0.03206667,2.137778
38.48,29.49079,0.03206667,97.07304,2.137778,0.03206667,2.137778
38.49,29.51781,0.03206667,97.16197,2.137778,0.03206667,2.137778
38.5,29.54642,0.03206667,97.25615,2.137778,0.03206667,2.137778
38.51,29.56231,0.03206667,97.30847,2.137778,0.03206667,2.137778
38.52,29.57026,0.0321,97.33463,2.14,0.0321,2.14
38.53,29.5639,0.0321,97.3137,2.14,0.0321,2.14
38.54,29.54801,0.0321,97.26138,2.14,0.0321,2.14
38.55,29.53529,0.0321,97.21953,2.14,0.0321,2.14
38.56,29.53529,0.03213333,97.21953,2.142222,0.03213333,2.142222
38.57,29.54801,0.03213333,97.26138,2.142222,0.03213333,2.142222
38.58,29.55437,0.03213333,97.28231,2.142222,0.03213333,2.142222
38.59,29.55596,0.03213333,97.28754,2.142222,0.03213333,2.142222
38.6,29.5639,0.03216667,97.3137,2.144444,0.03216667,2.144444
38.61,29.58457,0.03216667,97.38171,2.144444,0.03216667,2.144444
38.62,29.60046,0.03216667,97.43404,2.144444,0.03216667,2.144444
38.63,29.61159,0.03216667,97.47066,2.144444,0.03216667,2.144444
38.64,29.61636,0.0322,97.48635,2.146667,0.0322,2.146667
38.65,29.61636,0.0322,97.48635,2.146667,0.0322,2.146667
38.66,29.60841,0.0322,97.46019,2.146667,0.0322,2.146667
38.67,29.60046,0.03223334,97.43404,2.148889,0.03223334,2.148889
38.68,29.60046,0.03223334,97.43404,2.148889,0.03223334,2.148889
38.69,29.61159,0.03223334,97.47066,2.148889,0.03223334,2.148889
38.7,29.63543,0.03223334,97.54913,2.148889,0.03223334,2.148889
38.71,29.65768,0.03223334,97.62238,2.148889,0.03223334,2.148889
38.72,29.66563,0.03226667,97.64854,2.151111,0.03226667,2.151111
38.73,29.66086,0.03226667,97.63284,2.151111,0.03226667,2.151111
38.74,29.65609,0.03226667,97.61715,2.151111,0.03226667,2.151111
38.75,29.65291,0.03226667,97.60669,2.151111,0.03226667,2.151111
38.76,29.65609,0.0323,97.61715,2.153333,0.0323,2.153333
38.77,29.66563,0.0323,97.64854,2.153333,0.0323,2.153333
38.78,29.68629,0.0323,97.71656,2.153333,0.0323,2.153333
38.79,29.70695,0.0323,97.78458,2.153333,0.0323,2.153333
38.8,29.72762,0.03233333,97.85258,2.155555,0.03233333,2.155555
38.81,29.74987,0.03233333,97.92583,2.155555,0.03233333,2.155555
38.82,29.76418,0.03233333,97.97292,2.155555,0.03233333,2.155555
38.83,29.77848,0.03233333,98.02001,2.155555,0.03233333,2.155555
38.84,29.78007,0.03236667,98.02524,2.157778,0.03236667,2.157778
38.85,29.77848,0.03236667,98.02001,2.157778,0.03236667,2.157778
38.86,29.7753,0.03236667,98.00954,2.157778,0.03236667,2.157778
38.87,29.78325,0.0324,98.03571,2.16,0.0324,2.16
38.88,29.79597,0.0324,98.07756,2.16,0.0324,2.16
38.89,29.80709,0.0324,98.11418,2.16,0.0324,2.16
38.9,29.81345,0.0324,98.13511,2.16,0.0324,2.16
38.91,29.82458,0.0324,98.17174,2.16,0.0324,2.16
38.92,29.83252,0.03243333,98.19789,2.162222,0.03243333,2.162222
38.93,29.8214,0.03243333,98.16127,2.162222,0.03243333,2.162222
38.94,29.80391,0.03243333,98.10372,2.162222,0.03243333,2.162222
38.95,29.7912,0.03243333,98.06187,2.162222,0.03243333,2.162222
38.96,29.79597,0.03246667,98.07756,2.164445,0.03246667,2.164445
38.97,29.80868,0.03246667,98.11942,2.164445,0.03246667,2.164445
38.98,29.8214,0.03246667,98.16127,2.164445,0.03246667,2.164445
38.99,29.83252,0.03246667,98.19789,2.164445,0.03246667,2.164445
39.0,29.83729,0.0325,98.21358,2.166667,0.0325,2.166667
39.01,29.83729,0.0325,98.21358,2.166667,0.0325,2.166667
39.02,29.84206,0.0325,98.22929,2.166667,0.0325,2.166667
39.03,29.86113,0.0325,98.29207,2.166667,0.0325,2.166667
39.04,29.88656,0.03253333,98.37579,2.168889,0.03253333,2.168889
39.05,29.90246,0.03253333,98.4281,2.168889,0.03253333,2.168889
39.06,29.90564,0.03253333,98.43857,2.168889,0.03253333,2.168889
39.07,29.90723,0.03253333,98.44379,2.168889,0.03253333,2.168889
39.08,29.90723,0.03256667,98.44379,2.171111,0.03256667,2.171111
39.09,29.90246,0.03256667,98.4281,2.171111,0.03256667,2.171111
39.1,29.89928,0.03256667,98.41763,2.171111,0.03256667,2.171111
39.11,29.91041,0.03256667,98.45426,2.171111,0.03256667,2.171111
39.12,29.92153,0.0326,98.49088,2.173333,0.0326,2.173333
39.13,29.91835,0.0326,98.48042,2.173333,0.0326,2.173333
39.14,29.91517,0.0326,98.46996,2.173333,0.0326,2.173333
39.15,29.9263,0.0326,98.50658,2.173333,0.0326,2.173333
39.16,29.93902,0.03263333,98.54844,2.175556,0.03263333,2.175556
39.17,29.93902,0.03263333,98.54844,2.175556,0.03263333,2.175556
39.18,29.92789,0.03263333,98.51181,2.175556,0.03263333,2.175556
39.19,29.93107,0.03263333,98.52227,2.175556,0.03263333,2.175556
39.2,29.94696,0.03266667,98.57459,2.177778,0.03266667,2.177778
39.21,29.97239,0.03266667,98.6583,2.177778,0.03266667,2.177778
39.22,29.99941,0.03266667,98.74725,2.177778,0.03266667,2.177778
39.23,30.0169,0.03266667,98.80479,2.177778,0.03266667,2.177778
39.24,30.02485,0.0327,98.83096,2.18,0.0327,2.18
39.25,30.02485,0.0327,98.83096,2.18,0.0327,2.18
39.26,30.02485,0.0327,98.83096,2.18,0.0327,2.18
39.27,30.02008,0.0327,98.81526,2.18,0.0327,2.18
39.28,30.02008,0.03273333,98.81526,2.182222,0.03273333,2.182222
39.29,30.03279,0.03273333,98.85712,2.182222,0.03273333,2.182222
39.3,30.05028,0.03273333,98.91467,2.182222,0.03273333,2.182222
39.31,30.05823,0.03273333,98.94083,2.182222,0.03273333,2.182222
39.32,30.05823,0.03276667,98.94083,2.184444,0.03276667,2.184444
39.33,30.05346,0.03276667,98.92513,2.184444,0.03276667,2.184444
39.34,30.05346,0.03276667,98.92513,2.184444,0.03276667,2.184444
39.35,30.05346,0.03276667,98.92513,2.184444,0.03276667,2.184444
39.36,30.05663,0.0328,98.93559,2.186667,0.0328,2.186667
39.37,30.05663,0.0328,98.93559,2.186667,0.0328,2.186667
39.38,30.0614,0.0328,98.95129,2.186667,0.0328,2.186667
39.39,30.07889,0.0328,99.00884,2.186667,0.0328,2.186667
39.4,30.10273,0.03283333,99.08732,2.188889,0.03283333,2.188889
39.41,30.11545,0.03283333,99.12918,2.188889,0.03283333,2.188889
39.42,30.11862,0.03283333,99.13964,2.188889,0.03283333,2.188889
39.43,30.11386,0.03283333,99.12394,2.188889,0.03283333,2.188889
39.44,30.11545,0.03286667,99.12918,2.191111,0.03286667,2.191111
39.45,30.12657,0.03286667,99.1658,2.191111,0.03286667,2.191111
39.46,30.13611,0.03286667,99.19719,2.191111,0.03286667,2.191111
39.47,30.152,0.0329,99.24951,2.193333,0.0329,2.193333
39.48,30.17108,0.0329,99.31229,2.193333,0.0329,2.193333
39.49,30.17902,0.0329,99.33846,2.193333,0.0329,2.193333
39.5,30.17108,0.0329,99.31229,2.193333,0.0329,2.193333
39.51,30.15041,0.0329,99.24428,2.193333,0.0329,2.193333
39.52,30.13452,0.03293333,99.19196,2.195555,0.03293333,2.195555
39.53,30.13611,0.03293333,99.19719,2.195555,0.03293333,2.195555
39.54,30.14723,0.03293333,99.23381,2.195555,0.03293333,2.195555
39.55,30.15041,0.03293333,99.24428,2.195555,0.03293333,2.195555
39.56,30.15518,0.032966670000000003,99.25997,2.197778,0.032966670000000003,2.197778
39.57,30.17108,0.032966670000000003,99.31229,2.197778,0.032966670000000003,2.197778
39.58,30.19174,0.032966670000000003,99.38031,2.197778,0.032966670000000003,2.197778
39.59,30.20128,0.032966670000000003,99.41171,2.197778,0.032966670000000003,2.197778
39.6,30.19969,0.033,99.40646,2.2,0.033,2.2
39.61,30.19333,0.033,99.38554,2.2,0.033,2.2
39.62,30.19333,0.033,99.38554,2.2,0.033,2.2
39.63,30.20128,0.033,99.41171,2.2,0.033,2.2
39.64,30.22035,0.03303333,99.47449,2.202222,0.03303333,2.202222
39.65,30.23783,0.03303333,99.53204,2.202222,0.03303333,2.202222
39.66,30.24896,0.03303333,99.56866,2.202222,0.03303333,2.202222
39.67,30.2585,0.03303333,99.60005,2.202222,0.03303333,2.202222
39.68,30.2728,0.03306667,99.64714,2.204444,0.03306667,2.204444
39.69,30.2728,0.03306667,99.64714,2.204444,0.03306667,2.204444
39.7,30.26167,0.03306667,99.61051,2.204444,0.03306667,2.204444
39.71,30.25691,0.03306667,99.59482,2.204444,0.03306667,2.204444
39.72,30.26167,0.0331,99.61051,2.206667,0.0331,2.206667
39.73,30.27439,0.0331,99.65237,2.206667,0.0331,2.206667
39.74,30.29346,0.0331,99.71515,2.206667,0.0331,2.206667
39.75,30.30618,0.0331,99.75701,2.206667,0.0331,2.206667
39.76,30.30777,0.03313334,99.76224,2.208889,0.03313334,2.208889
39.77,30.30777,0.03313334,99.76224,2.208889,0.03313334,2.208889
39.78,30.31413,0.03313334,99.78316,2.208889,0.03313334,2.208889
39.79,30.33002,0.03313334,99.83549,2.208889,0.03313334,2.208889
39.8,30.34433,0.03316667,99.88258,2.211111,0.03316667,2.211111
39.81,30.35069,0.03316667,99.9035,2.211111,0.03316667,2.211111
39.82,30.34433,0.03316667,99.88258,2.211111,0.03316667,2.211111
39.83,30.33161,0.03316667,99.84072,2.211111,0.03316667,2.211111
39.84,30.32366,0.0332,99.81455,2.213333,0.0332,2.213333
39.85,30.33002,0.0332,99.83549,2.213333,0.0332,2.213333
39.86,30.34433,0.0332,99.88258,2.213333,0.0332,2.213333
39.87,30.35545,0.0332,99.9192,2.213333,0.0332,2.213333
39.88,30.34751,0.03323333,99.89304,2.215556,0.03323333,2.215556
39.89,30.33956,0.03323333,99.86688,2.215556,0.03323333,2.215556
39.9,30.34274,0.03323333,99.87734,2.215556,0.03323333,2.215556
39.91,30.35227,0.03323333,99.90873,2.215556,0.03323333,2.215556
39.92,30.3634,0.03326667,99.94536,2.217778,0.03326667,2.217778
39.93,30.38088,0.03326667,100.0029,2.217778,0.03326667,2.217778
39.94,30.40473,0.03326667,100.0814,2.217778,0.03326667,2.217778
39.95,30.4238,0.03326667,100.1442,2.217778,0.03326667,2.217778
39.96,30.43652,0.0333,100.186,2.22,0.0333,2.22
39.97,30.44128,0.0333,100.2017,2.22,0.0333,2.22
39.98,30.44128,0.0333,100.2017,2.22,0.0333,2.22
39.99,30.43652,0.0333,100.186,2.22,0.0333,2.22
40.0,30.43334,0.03333334,100.1756,2.222222,0.03333334,2.222222
40.01,30.43652,0.03333334,100.186,2.222222,0.03333334,2.222222
40.02,30.45241,0.03333334,100.2383,2.222222,0.03333334,2.222222
40.03,30.47307,0.03333334,100.3064,2.222222,0.03333334,2.222222
40.04,30.48579,0.03336667,100.3482,2.224444,0.03336667,2.224444
40.05,30.49056,0.03336667,100.3639,2.224444,0.03336667,2.224444
40.06,30.49056,0.03336667,100.3639,2.224444,0.03336667,2.224444
40.07,30.48579,0.03336667,100.3482,2.224444,0.03336667,2.224444
40.08,30.47466,0.0334,100.3116,2.226667,0.0334,2.226667
40.09,30.46671,0.0334,100.2854,2.226667,0.0334,2.226667
40.1,30.47307,0.0334,100.3064,2.226667,0.0334,2.226667
40.11,30.48261,0.0334,100.3378,2.226667,0.0334,2.226667
40.12,30.49374,0.03343333,100.3744,2.228889,0.03343333,2.228889
40.13,30.49533,0.03343333,100.3796,2.228889,0.03343333,2.228889
40.14,30.49533,0.03343333,100.3796,2.228889,0.03343333,2.228889
40.15,30.51122,0.03343333,100.4319,2.228889,0.03343333,2.228889
40.16,30.53506,0.03346667,100.5104,2.231111,0.03346667,2.231111
40.17,30.55096,0.03346667,100.5627,2.231111,0.03346667,2.231111
40.18,30.55573,0.03346667,100.5784,2.231111,0.03346667,2.231111
40.19,30.5589,0.03346667,100.5889,2.231111,0.03346667,2.231111
40.2,30.56049,0.0335,100.5941,2.233333,0.0335,2.233333
40.21,30.56367,0.0335,100.6046,2.233333,0.0335,2.233333
40.22,30.56844,0.0335,100.6203,2.233333,0.0335,2.233333
40.23,30.58434,0.0335,100.6726,2.233333,0.0335,2.233333
40.24,30.605,0.03353333,100.7406,2.235556,0.03353333,2.235556
40.25,30.62089,0.03353333,100.7929,2.235556,0.03353333,2.235556
40.26,30.62407,0.03353333,100.8034,2.235556,0.03353333,2.235556
40.27,30.61613,0.03353333,100.7772,2.235556,0.03353333,2.235556
40.28,30.60977,0.03356667,100.7563,2.237778,0.03356667,2.237778
40.29,30.60977,0.03356667,100.7563,2.237778,0.03356667,2.237778
40.3,30.60818,0.03356667,100.7511,2.237778,0.03356667,2.237778
40.31,30.60182,0.03356667,100.7301,2.237778,0.03356667,2.237778
40.32,30.60977,0.0336,100.7563,2.24,0.0336,2.24
40.33,30.62566,0.0336,100.8086,2.24,0.0336,2.24
40.34,30.63838,0.0336,100.8505,2.24,0.0336,2.24
40.35,30.63679,0.0336,100.8452,2.24,0.0336,2.24
40.36,30.62566,0.03363333,100.8086,2.242222,0.03363333,2.242222
40.37,30.62407,0.03363333,100.8034,2.242222,0.03363333,2.242222
40.38,30.63361,0.03363333,100.8348,2.242222,0.03363333,2.242222
40.39,30.65268,0.03363333,100.8976,2.242222,0.03363333,2.242222
40.4,30.67335,0.03366667,100.9656,2.244444,0.03366667,2.244444
40.41,30.6956,0.03366667,101.0388,2.244444,0.03366667,2.244444
40.42,30.71149,0.03366667,101.0911,2.244444,0.03366667,2.244444
40.43,30.70196,0.03366667,101.0598,2.244444,0.03366667,2.244444
40.44,30.67811,0.0337,100.9813,2.246667,0.0337,2.246667
40.45,30.67335,0.0337,100.9656,2.246667,0.0337,2.246667
40.46,30.68606,0.0337,101.0074,2.246667,0.0337,2.246667
40.47,30.70672,0.0337,101.0755,2.246667,0.0337,2.246667
40.48,30.72739,0.03373333,101.1435,2.248889,0.03373333,2.248889
40.49,30.74328,0.03373333,101.1958,2.248889,0.03373333,2.248889
40.5,30.756,0.03373333,101.2376,2.248889,0.03373333,2.248889
40.51,30.76077,0.03373333,101.2533,2.248889,0.03373333,2.248889
40.52,30.76394,0.03376667,101.2638,2.251111,0.03376667,2.251111
40.53,30.76394,0.03376667,101.2638,2.251111,0.03376667,2.251111
40.54,30.76394,0.03376667,101.2638,2.251111,0.03376667,2.251111
40.55,30.76394,0.03376667,101.2638,2.251111,0.03376667,2.251111
40.56,30.76394,0.0338,101.2638,2.253334,0.0338,2.253334
40.57,30.76871,0.0338,101.2795,2.253334,0.0338,2.253334
40.58,30.77984,0.0338,101.3161,2.253334,0.0338,2.253334
40.59,30.78779,0.0338,101.3423,2.253334,0.0338,2.253334
40.6,30.79255,0.03383333,101.358,2.255555,0.03383333,2.255555
40.61,30.80845,0.03383333,101.4103,2.255555,0.03383333,2.255555
40.62,30.83388,0.03383333,101.494,2.255555,0.03383333,2.255555
40.63,30.84978,0.03383333,101.5463,2.255555,0.03383333,2.255555
40.64,30.85295,0.03386667,101.5568,2.257778,0.03386667,2.257778
40.65,30.85295,0.03386667,101.5568,2.257778,0.03386667,2.257778
40.66,30.86726,0.03386667,101.6039,2.257778,0.03386667,2.257778
40.67,30.87839,0.03386667,101.6405,2.257778,0.03386667,2.257778
40.68,30.86726,0.0339,101.6039,2.26,0.0339,2.26
40.69,30.84978,0.0339,101.5463,2.26,0.0339,2.26
40.7,30.8466,0.0339,101.5359,2.26,0.0339,2.26
40.71,30.86249,0.03393333,101.5882,2.262222,0.03393333,2.262222
40.72,30.88633,0.03393333,101.6667,2.262222,0.03393333,2.262222
40.73,30.90382,0.03393333,101.7242,2.262222,0.03393333,2.262222
40.74,30.91812,0.03393333,101.7713,2.262222,0.03393333,2.262222
40.75,30.91812,0.03393333,101.7713,2.262222,0.03393333,2.262222
40.76,30.91494,0.03396667,101.7608,2.264445,0.03396667,2.264445
40.77,30.91971,0.03396667,101.7765,2.264445,0.03396667,2.264445
40.78,30.92448,0.03396667,101.7922,2.264445,0.03396667,2.264445
40.79,30.93561,0.03396667,101.8288,2.264445,0.03396667,2.264445
40.8,30.94832,0.034,101.8707,2.266667,0.034,2.266667
40.81,30.96739,0.034,101.9335,2.266667,0.034,2.266667
40.82,30.97534,0.034,101.9596,2.266667,0.034,2.266667
40.83,30.97693,0.034,101.9649,2.266667,0.034,2.266667
40.84,30.96898,0.03403333,101.9387,2.268889,0.03403333,2.268889
40.85,30.9515,0.03403333,101.8812,2.268889,0.03403333,2.268889
40.86,30.93243,0.03403333,101.8184,2.268889,0.03403333,2.268889
40.87,30.92766,0.03403333,101.8027,2.268889,0.03403333,2.268889
40.88,30.93561,0.03406667,101.8288,2.271111,0.03406667,2.271111
40.89,30.9515,0.03406667,101.8812,2.271111,0.03406667,2.271111
40.9,30.96739,0.03406667,101.9335,2.271111,0.03406667,2.271111
40.91,30.98011,0.03406667,101.9753,2.271111,0.03406667,2.271111
40.92,30.98488,0.0341,101.991,2.273333,0.0341,2.273333
40.93,30.98488,0.0341,101.991,2.273333,0.0341,2.273333
40.94,30.98806,0.0341,102.0015,2.273333,0.0341,2.273333
40.95,30.98965,0.0341,102.0067,2.273333,0.0341,2.273333
40.96,30.98488,0.03413333,101.991,2.275556,0.03413333,2.275556
40.97,30.98488,0.03413333,101.991,2.275556,0.03413333,2.275556
40.98,30.98965,0.03413333,102.0067,2.275556,0.03413333,2.275556
40.99,30.996,0.03413333,102.0277,2.275556,0.03413333,2.275556
41.0,30.99759,0.03416667,102.0329,2.277778,0.03416667,2.277778
41.01,31.00395,0.03416667,102.0538,2.277778,0.03416667,2.277778
41.02,31.00872,0.03416667,102.0695,2.277778,0.03416667,2.277778
41.03,31.01826,0.03416667,102.1009,2.277778,0.03416667,2.277778
41.04,31.03256,0.0342,102.148,2.28,0.0342,2.28
41.05,31.0421,0.0342,102.1794,2.28,0.0342,2.28
41.06,31.04528,0.0342,102.1898,2.28,0.0342,2.28
41.07,31.04687,0.0342,102.1951,2.28,0.0342,2.28
41.08,31.05005,0.03423334,102.2055,2.282222,0.03423334,2.282222
41.09,31.05005,0.03423334,102.2055,2.282222,0.03423334,2.282222
41.1,31.05005,0.03423334,102.2055,2.282222,0.03423334,2.282222
41.11,31.06117,0.03423334,102.2422,2.282222,0.03423334,2.282222
41.12,31.07548,0.03426667,102.2893,2.284444,0.03426667,2.284444
41.13,31.07866,0.03426667,102.2997,2.284444,0.03426667,2.284444
41.14,31.06594,0.03426667,102.2579,2.284444,0.03426667,2.284444
41.15,31.05322,0.03426667,102.216,2.284444,0.03426667,2.284444
41.16,31.06117,0.0343,102.2422,2.286667,0.0343,2.286667
41.17,31.07548,0.0343,102.2893,2.286667,0.0343,2.286667
41.18,31.09137,0.0343,102.3416,2.286667,0.0343,2.286667
41.19,31.10409,0.0343,102.3834,2.286667,0.0343,2.286667
41.2,31.11521,0.03433333,102.4201,2.288889,0.03433333,2.288889
41.21,31.12475,0.03433333,102.4514,2.288889,0.03433333,2.288889
41.22,31.12793,0.03433333,102.4619,2.288889,0.03433333,2.288889
41.23,31.12793,0.03433333,102.4619,2.288889,0.03433333,2.288889
41.24,31.12475,0.03436667,102.4514,2.291111,0.03436667,2.291111
41.25,31.13111,0.03436667,102.4724,2.291111,0.03436667,2.291111
41.26,31.14382,0.03436667,102.5142,2.291111,0.03436667,2.291111
41.27,31.15336,0.03436667,102.5456,2.291111,0.03436667,2.291111
41.28,31.15654,0.0344,102.5561,2.293334,0.0344,2.293334
41.29,31.15972,0.0344,102.5666,2.293334,0.0344,2.293334
41.3,31.17243,0.0344,102.6084,2.293334,0.0344,2.293334
41.31,31.1931,0.0344,102.6764,2.293334,0.0344,2.293334
41.32,31.21694,0.03443334,102.7549,2.295556,0.03443334,2.295556
41.33,31.22648,0.03443334,102.7863,2.295556,0.03443334,2.295556
41.34,31.22489,0.03443334,102.7811,2.295556,0.03443334,2.295556
41.35,31.21217,0.03443334,102.7392,2.295556,0.03443334,2.295556
41.36,31.20581,0.03446667,102.7183,2.297778,0.03446667,2.297778
41.37,31.20899,0.03446667,102.7287,2.297778,0.03446667,2.297778
41.38,31.21694,0.03446667,102.7549,2.297778,0.03446667,2.297778
41.39,31.22489,0.03446667,102.7811,2.297778,0.03446667,2.297778
41.4,31.2376,0.0345,102.8229,2.3,0.0345,2.3
41.41,31.24237,0.0345,102.8386,2.3,0.0345,2.3
41.42,31.23442,0.0345,102.8124,2.3,0.0345,2.3
41.43,31.22648,0.0345,102.7863,2.3,0.0345,2.3
41.44,31.23283,0.03453333,102.8072,2.302222,0.03453333,2.302222
41.45,31.24714,0.03453333,102.8543,2.302222,0.03453333,2.302222
41.46,31.25509,0.03453333,102.8805,2.302222,0.03453333,2.302222
41.47,31.27098,0.03453333,102.9328,2.302222,0.03453333,2.302222
41.48,31.29959,0.03456667,103.027,2.304445,0.03456667,2.304445
41.49,31.3282,0.03456667,103.1211,2.304445,0.03456667,2.304445
41.5,31.33615,0.03456667,103.1473,2.304445,0.03456667,2.304445
41.51,31.32661,0.03456667,103.1159,2.304445,0.03456667,2.304445
41.52,31.32661,0.0346,103.1159,2.306667,0.0346,2.306667
41.53,31.33138,0.0346,103.1316,2.306667,0.0346,2.306667
41.54,31.33138,0.0346,103.1316,2.306667,0.0346,2.306667
41.55,31.33297,0.0346,103.1368,2.306667,0.0346,2.306667
41.56,31.34886,0.03463333,103.1891,2.308889,0.03463333,2.308889
41.57,31.37589,0.03463333,103.2781,2.308889,0.03463333,2.308889
41.58,31.39019,0.03463333,103.3252,2.308889,0.03463333,2.308889
41.59,31.3886,0.03463333,103.3199,2.308889,0.03463333,2.308889
41.6,31.38065,0.03466667,103.2938,2.311111,0.03466667,2.311111
41.61,31.36953,0.03466667,103.2572,2.311111,0.03466667,2.311111
41.62,31.36953,0.03466667,103.2572,2.311111,0.03466667,2.311111
41.63,31.3886,0.03466667,103.3199,2.311111,0.03466667,2.311111
41.64,31.41403,0.0347,103.4037,2.313333,0.0347,2.313333
41.65,31.43469,0.0347,103.4717,2.313333,0.0347,2.313333
41.66,31.43787,0.0347,103.4821,2.313333,0.0347,2.313333
41.67,31.43311,0.0347,103.4664,2.313333,0.0347,2.313333
41.68,31.43469,0.03473333,103.4717,2.315556,0.03473333,2.315556
41.69,31.44582,0.03473333,103.5083,2.315556,0.03473333,2.315556
41.7,31.46172,0.03473333,103.5606,2.315556,0.03473333,2.315556
41.71,31.46648,0.03473333,103.5763,2.315556,0.03473333,2.315556
41.72,31.46966,0.03476667,103.5868,2.317778,0.03476667,2.317778
41.73,31.4792,0.03476667,103.6182,2.317778,0.03476667,2.317778
41.74,31.49986,0.03476667,103.6862,2.317778,0.03476667,2.317778
41.75,31.51576,0.03476667,103.7385,2.317778,0.03476667,2.317778
41.76,31.51258,0.0348,103.728,2.32,0.0348,2.32
41.77,31.50304,0.0348,103.6966,2.32,0.0348,2.32
41.78,31.49191,0.0348,103.66,2.32,0.0348,2.32
41.79,31.49191,0.0348,103.66,2.32,0.0348,2.32
41.8,31.49827,0.03483333,103.6809,2.322222,0.03483333,2.322222
41.81,31.50463,0.03483333,103.7019,2.322222,0.03483333,2.322222
41.82,31.50463,0.03483333,103.7019,2.322222,0.03483333,2.322222
41.83,31.50463,0.03483333,103.7019,2.322222,0.03483333,2.322222
41.84,31.50781,0.03486667,103.7123,2.324445,0.03486667,2.324445
41.85,31.50463,0.03486667,103.7019,2.324445,0.03486667,2.324445
41.86,31.49827,0.03486667,103.6809,2.324445,0.03486667,2.324445
41.87,31.49191,0.03486667,103.66,2.324445,0.03486667,2.324445
41.88,31.49191,0.0349,103.66,2.326667,0.0349,2.326667
41.89,31.49827,0.0349,103.6809,2.326667,0.0349,2.326667
41.9,31.51258,0.0349,103.728,2.326667,0.0349,2.326667
41.91,31.54437,0.0349,103.8327,2.326667,0.0349,2.326667
41.92,31.57775,0.03493333,103.9425,2.328889,0.03493333,2.328889
41.93,31.58887,0.03493333,103.9792,2.328889,0.03493333,2.328889
41.94,31.58569,0.03493333,103.9687,2.328889,0.03493333,2.328889
41.95,31.59682,0.03493333,104.0053,2.328889,0.03493333,2.328889
41.96,31.61748,0.03496667,104.0733,2.331111,0.03496667,2.331111
41.97,31.6302,0.03496667,104.1152,2.331111,0.03496667,2.331111
41.98,31.62702,0.03496667,104.1047,2.331111,0.03496667,2.331111
41.99,31.62702,0.03496667,104.1047,2.331111,0.03496667,2.331111
42.0,31.63338,0.035,104.1257,2.333333,0.035,2.333333
42.01,31.63497,0.035,104.1309,2.333333,0.035,2.333333
42.02,31.62543,0.035,104.0995,2.333333,0.035,2.333333
42.03,31.60954,0.035,104.0472,2.333333,0.035,2.333333
42.04,31.60636,0.03503333,104.0367,2.335556,0.03503333,2.335556
42.05,31.62225,0.03503333,104.089,2.335556,0.03503333,2.335556
42.06,31.64927,0.03503333,104.178,2.335556,0.03503333,2.335556
42.07,31.66676,0.03503333,104.2355,2.335556,0.03503333,2.335556
42.08,31.6747,0.03506667,104.2617,2.337778,0.03506667,2.337778
42.09,31.68265,0.03506667,104.2878,2.337778,0.03506667,2.337778
42.1,31.69537,0.03506667,104.3297,2.337778,0.03506667,2.337778
42.11,31.69855,0.03506667,104.3402,2.337778,0.03506667,2.337778
42.12,31.68424,0.0351,104.2931,2.34,0.0351,2.34
42.13,31.67788,0.0351,104.2721,2.34,0.0351,2.34
42.14,31.68265,0.0351,104.2878,2.34,0.0351,2.34
42.15,31.69219,0.0351,104.3192,2.34,0.0351,2.34
42.16,31.69537,0.03513333,104.3297,2.342222,0.03513333,2.342222
42.17,31.69537,0.03513333,104.3297,2.342222,0.03513333,2.342222
42.18,31.70649,0.03513333,104.3663,2.342222,0.03513333,2.342222
42.19,31.72874,0.03513333,104.4396,2.342222,0.03513333,2.342222
42.2,31.74464,0.03516667,104.4919,2.344444,0.03516667,2.344444
42.21,31.74146,0.03516667,104.4814,2.344444,0.03516667,2.344444
42.22,31.73192,0.03516667,104.45,2.344444,0.03516667,2.344444
42.23,31.72398,0.03516667,104.4239,2.344444,0.03516667,2.344444
42.24,31.72874,0.0352,104.4396,2.346667,0.0352,2.346667
42.25,31.73669,0.0352,104.4657,2.346667,0.0352,2.346667
42.26,31.75259,0.0352,104.5181,2.346667,0.0352,2.346667
42.27,31.77007,0.0352,104.5756,2.346667,0.0352,2.346667
42.28,31.7812,0.03523333,104.6122,2.348889,0.03523333,2.348889
42.29,31.79232,0.03523333,104.6488,2.348889,0.03523333,2.348889
42.3,31.80504,0.03523333,104.6907,2.348889,0.03523333,2.348889
42.31,31.81458,0.03523333,104.7221,2.348889,0.03523333,2.348889
42.32,31.81775,0.03526667,104.7326,2.351111,0.03526667,2.351111
42.33,31.81775,0.03526667,104.7326,2.351111,0.03526667,2.351111
42.34,31.82729,0.03526667,104.764,2.351111,0.03526667,2.351111
42.35,31.83524,0.03526667,104.7901,2.351111,0.03526667,2.351111
42.36,31.83524,0.0353,104.7901,2.353333,0.0353,2.353333
42.37,31.83524,0.0353,104.7901,2.353333,0.0353,2.353333
42.38,31.83524,0.0353,104.7901,2.353333,0.0353,2.353333
42.39,31.84319,0.0353,104.8163,2.353333,0.0353,2.353333
42.4,31.85431,0.03533334,104.8529,2.355556,0.03533334,2.355556
42.41,31.85908,0.03533334,104.8686,2.355556,0.03533334,2.355556
42.42,31.8559,0.03533334,104.8581,2.355556,0.03533334,2.355556
42.43,31.85431,0.03533334,104.8529,2.355556,0.03533334,2.355556
42.44,31.85113,0.03536667,104.8424,2.357778,0.03536667,2.357778
42.45,31.85431,0.03536667,104.8529,2.357778,0.03536667,2.357778
42.46,31.85908,0.03536667,104.8686,2.357778,0.03536667,2.357778
42.47,31.86703,0.03536667,104.8948,2.357778,0.03536667,2.357778
42.48,31.8718,0.0354,104.9104,2.36,0.0354,2.36
42.49,31.87974,0.0354,104.9366,2.36,0.0354,2.36
42.5,31.89564,0.0354,104.9889,2.36,0.0354,2.36
42.51,31.91312,0.0354,105.0465,2.36,0.0354,2.36
42.52,31.92425,0.03543333,105.0831,2.362222,0.03543333,2.362222
42.53,31.92425,0.03543333,105.0831,2.362222,0.03543333,2.362222
42.54,31.92902,0.03543333,105.0988,2.362222,0.03543333,2.362222
42.55,31.94968,0.03543333,105.1668,2.362222,0.03543333,2.362222
42.56,31.97352,0.03546667,105.2453,2.364444,0.03546667,2.364444
42.57,31.98465,0.03546667,105.2819,2.364444,0.03546667,2.364444
42.58,31.98147,0.03546667,105.2714,2.364444,0.03546667,2.364444
42.59,31.97352,0.03546667,105.2453,2.364444,0.03546667,2.364444
42.6,31.96398,0.0355,105.2139,2.366667,0.0355,2.366667
42.61,31.96081,0.0355,105.2034,2.366667,0.0355,2.366667
42.62,31.97193,0.0355,105.2401,2.366667,0.0355,2.366667
42.63,31.99418,0.0355,105.3133,2.366667,0.0355,2.366667
42.64,32.01008,0.03553334,105.3656,2.368889,0.03553334,2.368889
42.65,32.01485,0.03553334,105.3813,2.368889,0.03553334,2.368889
42.66,32.01326,0.03553334,105.3761,2.368889,0.03553334,2.368889
42.67,32.0069,0.03553334,105.3552,2.368889,0.03553334,2.368889
42.68,31.99259,0.03556667,105.3081,2.371111,0.03556667,2.371111
42.69,31.9767,0.03556667,105.2558,2.371111,0.03556667,2.371111
42.7,31.96875,0.03556667,105.2296,2.371111,0.03556667,2.371111
42.71,31.97352,0.03556667,105.2453,2.371111,0.03556667,2.371111
42.72,31.98147,0.0356,105.2714,2.373333,0.0356,2.373333
42.73,31.99418,0.0356,105.3133,2.373333,0.0356,2.373333
42.74,32.01485,0.0356,105.3813,2.373333,0.0356,2.373333
42.75,32.03869,0.0356,105.4598,2.373333,0.0356,2.373333
42.76,32.05458,0.03563333,105.5121,2.375556,0.03563333,2.375556
42.77,32.05935,0.03563333,105.5278,2.375556,0.03563333,2.375556
42.78,32.0514,0.03563333,105.5016,2.375556,0.03563333,2.375556
42.79,32.04663,0.03563333,105.486,2.375556,0.03563333,2.375556
42.8,32.0514,0.03566667,105.5016,2.377778,0.03566667,2.377778
42.81,32.07207,0.03566667,105.5697,2.377778,0.03566667,2.377778
42.82,32.09114,0.03566667,105.6325,2.377778,0.03566667,2.377778
42.83,32.10068,0.03566667,105.6638,2.377778,0.03566667,2.377778
42.84,32.1118,0.0357,105.7005,2.38,0.0357,2.38
42.85,32.12134,0.0357,105.7319,2.38,0.0357,2.38
42.86,32.12134,0.0357,105.7319,2.38,0.0357,2.38
42.87,32.1118,0.0357,105.7005,2.38,0.0357,2.38
42.88,32.10386,0.03573333,105.6743,2.382222,0.03573333,2.382222
42.89,32.10386,0.03573333,105.6743,2.382222,0.03573333,2.382222
42.9,32.10704,0.03573333,105.6848,2.382222,0.03573333,2.382222
42.91,32.10862,0.03573333,105.69,2.382222,0.03573333,2.382222
42.92,32.12134,0.03576667,105.7319,2.384444,0.03576667,2.384444
42.93,32.14518,0.03576667,105.8103,2.384444,0.03576667,2.384444
42.94,32.16584,0.03576667,105.8783,2.384444,0.03576667,2.384444
42.95,32.1722,0.03576667,105.8993,2.384444,0.03576667,2.384444
42.96,32.16584,0.0358,105.8783,2.386667,0.0358,2.386667
42.97,32.16426,0.0358,105.8731,2.386667,0.0358,2.386667
42.98,32.1722,0.0358,105.8993,2.386667,0.0358,2.386667
42.99,32.18492,0.0358,105.9411,2.386667,0.0358,2.386667
43.0,32.19287,0.03583333,105.9673,2.388889,0.03583333,2.388889
43.01,32.18651,0.03583333,105.9464,2.388889,0.03583333,2.388889
43.02,32.17379,0.03583333,105.9045,2.388889,0.03583333,2.388889
43.03,32.17379,0.03583333,105.9045,2.388889,0.03583333,2.388889
43.04,32.18492,0.03586667,105.9411,2.391111,0.03586667,2.391111
43.05,32.18969,0.03586667,105.9568,2.391111,0.03586667,2.391111
43.06,32.17856,0.03586667,105.9202,2.391111,0.03586667,2.391111
43.07,32.16426,0.03586667,105.8731,2.391111,0.03586667,2.391111
43.08,32.1579,0.0359,105.8522,2.393333,0.0359,2.393333
43.09,32.16903,0.0359,105.8888,2.393333,0.0359,2.393333
43.1,32.19287,0.0359,105.9673,2.393333,0.0359,2.393333
43.11,32.2183,0.0359,106.051,2.393333,0.0359,2.393333
43.12,32.23101,0.03593333,106.0929,2.395556,0.03593333,2.395556
43.13,32.23896,0.03593333,106.119,2.395556,0.03593333,2.395556
43.14,32.25009,0.03593333,106.1556,2.395556,0.03593333,2.395556
43.15,32.2628,0.03593333,106.1975,2.395556,0.03593333,2.395556
43.16,32.26757,0.03596667,106.2132,2.397778,0.03596667,2.397778
43.17,32.2628,0.03596667,106.1975,2.397778,0.03596667,2.397778
43.18,32.25962,0.03596667,106.187,2.397778,0.03596667,2.397778
43.19,32.26439,0.03596667,106.2027,2.397778,0.03596667,2.397778
43.2,32.28028,0.036,106.255,2.4,0.036,2.4
43.21,32.30095,0.036,106.3231,2.4,0.036,2.4
43.22,32.31684,0.036,106.3754,2.4,0.036,2.4
43.23,32.32479,0.036,106.4015,2.4,0.036,2.4
43.24,32.32479,0.03603333,106.4015,2.402222,0.03603333,2.402222
43.25,32.32161,0.03603333,106.3911,2.402222,0.03603333,2.402222
43.26,32.31684,0.03603333,106.3754,2.402222,0.03603333,2.402222
43.27,32.31208,0.03603333,106.3597,2.402222,0.03603333,2.402222
43.28,32.32002,0.03606667,106.3858,2.404444,0.03606667,2.404444
43.29,32.33751,0.03606667,106.4434,2.404444,0.03606667,2.404444
43.3,32.35658,0.03606667,106.5062,2.404444,0.03606667,2.404444
43.31,32.36135,0.03606667,106.5219,2.404444,0.03606667,2.404444
43.32,32.36135,0.0361,106.5219,2.406667,0.0361,2.406667
43.33,32.36135,0.0361,106.5219,2.406667,0.0361,2.406667
43.34,32.36135,0.0361,106.5219,2.406667,0.0361,2.406667
43.35,32.3534,0.0361,106.4957,2.406667,0.0361,2.406667
43.36,32.34069,0.03613333,106.4539,2.408889,0.03613333,2.408889
43.37,32.32956,0.03613333,106.4172,2.408889,0.03613333,2.408889
43.38,32.32956,0.03613333,106.4172,2.408889,0.03613333,2.408889
43.39,32.34863,0.03613333,106.48,2.408889,0.03613333,2.408889
43.4,32.38042,0.03616667,106.5847,2.411111,0.03616667,2.411111
43.41,32.41062,0.03616667,106.6841,2.411111,0.03616667,2.411111
43.42,32.42652,0.03616667,106.7364,2.411111,0.03616667,2.411111
43.43,32.41857,0.03616667,106.7102,2.411111,0.03616667,2.411111
43.44,32.40268,0.0362,106.6579,2.413333,0.0362,2.413333
43.45,32.39314,0.0362,106.6265,2.413333,0.0362,2.413333
43.46,32.39791,0.0362,106.6422,2.413333,0.0362,2.413333
43.47,32.41062,0.0362,106.6841,2.413333,0.0362,2.413333
43.48,32.4297,0.03623333,106.7468,2.415555,0.03623333,2.415555
43.49,32.43923,0.03623333,106.7782,2.415555,0.03623333,2.415555
43.5,32.43923,0.03623333,106.7782,2.415555,0.03623333,2.415555
43.51,32.43923,0.03623333,106.7782,2.415555,0.03623333,2.415555
43.52,32.45195,0.03626667,106.8201,2.417778,0.03626667,2.417778
43.53,32.47579,0.03626667,106.8986,2.417778,0.03626667,2.417778
43.54,32.49645,0.03626667,106.9666,2.417778,0.03626667,2.417778
43.55,32.51553,0.03626667,107.0294,2.417778,0.03626667,2.417778
43.56,32.52506,0.0363,107.0608,2.42,0.0363,2.42
43.57,32.52824,0.0363,107.0712,2.42,0.0363,2.42
43.58,32.52824,0.0363,107.0712,2.42,0.0363,2.42
43.59,32.52824,0.0363,107.0712,2.42,0.0363,2.42
43.6,32.53778,0.03633333,107.1026,2.422222,0.03633333,2.422222
43.61,32.55367,0.03633333,107.1549,2.422222,0.03633333,2.422222
43.62,32.56957,0.03633333,107.2073,2.422222,0.03633333,2.422222
43.63,32.56957,0.03633333,107.2073,2.422222,0.03633333,2.422222
43.64,32.55367,0.03636667,107.1549,2.424444,0.03636667,2.424444
43.65,32.53619,0.03636667,107.0974,2.424444,0.03636667,2.424444
43.66,32.53778,0.03636667,107.1026,2.424444,0.03636667,2.424444
43.67,32.55208,0.03636667,107.1497,2.424444,0.03636667,2.424444
43.68,32.55844,0.0364,107.1706,2.426667,0.0364,2.426667
43.69,32.55685,0.0364,107.1654,2.426667,0.0364,2.426667
43.7,32.55844,0.0364,107.1706,2.426667,0.0364,2.426667
43.71,32.57751,0.0364,107.2334,2.426667,0.0364,2.426667
43.72,32.60295,0.03643334,107.3171,2.428889,0.03643334,2.428889
43.73,32.61884,0.03643334,107.3694,2.428889,0.03643334,2.428889
43.74,32.62679,0.03643334,107.3956,2.428889,0.03643334,2.428889
43.75,32.64268,0.03643334,107.4479,2.428889,0.03643334,2.428889
43.76,32.6554,0.03646667,107.4898,2.431111,0.03646667,2.431111
43.77,32.66335,0.03646667,107.5159,2.431111,0.03646667,2.431111
43.78,32.66652,0.03646667,107.5264,2.431111,0.03646667,2.431111
43.79,32.66652,0.03646667,107.5264,2.431111,0.03646667,2.431111
43.8,32.66652,0.0365,107.5264,2.433333,0.0365,2.433333
43.81,32.67129,0.0365,107.5421,2.433333,0.0365,2.433333
43.82,32.68083,0.0365,107.5735,2.433333,0.0365,2.433333
43.83,32.68719,0.0365,107.5944,2.433333,0.0365,2.433333
43.84,32.67606,0.03653333,107.5578,2.435555,0.03653333,2.435555
43.85,32.67129,0.03653333,107.5421,2.435555,0.03653333,2.435555
43.86,32.68401,0.03653333,107.584,2.435555,0.03653333,2.435555
43.87,32.70149,0.03653333,107.6415,2.435555,0.03653333,2.435555
43.88,32.7158,0.03656667,107.6886,2.437778,0.03656667,2.437778
43.89,32.72374,0.03656667,107.7148,2.437778,0.03656667,2.437778
43.9,32.72374,0.03656667,107.7148,2.437778,0.03656667,2.437778
43.91,32.72374,0.03656667,107.7148,2.437778,0.03656667,2.437778
43.92,32.71739,0.0366,107.6938,2.44,0.0366,2.44
43.93,32.70944,0.0366,107.6677,2.44,0.0366,2.44
43.94,32.71262,0.0366,107.6781,2.44,0.0366,2.44
43.95,32.7301,0.0366,107.7357,2.44,0.0366,2.44
43.96,32.75394,0.03663334,107.8142,2.442222,0.03663334,2.442222
43.97,32.77461,0.03663334,107.8822,2.442222,0.03663334,2.442222
43.98,32.78573,0.03663334,107.9188,2.442222,0.03663334,2.442222
43.99,32.79368,0.03663334,107.945,2.442222,0.03663334,2.442222
44.0,32.80322,0.03666667,107.9764,2.444444,0.03666667,2.444444
44.01,32.81434,0.03666667,108.013,2.444444,0.03666667,2.444444
44.02,32.82229,0.03666667,108.0391,2.444444,0.03666667,2.444444
44.03,32.82388,0.03666667,108.0444,2.444444,0.03666667,2.444444
44.04,32.83024,0.0367,108.0653,2.446667,0.0367,2.446667
44.05,32.83501,0.0367,108.081,2.446667,0.0367,2.446667
44.06,32.84295,0.0367,108.1071,2.446667,0.0367,2.446667
44.07,32.84772,0.0367,108.1228,2.446667,0.0367,2.446667
44.08,32.8509,0.03673333,108.1333,2.448889,0.03673333,2.448889
44.09,32.84772,0.03673333,108.1228,2.448889,0.03673333,2.448889
44.1,32.84772,0.03673333,108.1228,2.448889,0.03673333,2.448889
44.11,32.85249,0.03673333,108.1385,2.448889,0.03673333,2.448889
44.12,32.85885,0.03676667,108.1595,2.451111,0.03676667,2.451111
44.13,32.86362,0.03676667,108.1752,2.451111,0.03676667,2.451111
44.14,32.86839,0.03676667,108.1909,2.451111,0.03676667,2.451111
44.15,32.87633,0.03676667,108.217,2.451111,0.03676667,2.451111
44.16,32.88746,0.0368,108.2536,2.453333,0.0368,2.453333
44.17,32.88746,0.0368,108.2536,2.453333,0.0368,2.453333
44.18,32.8811,0.0368,108.2327,2.453333,0.0368,2.453333
44.19,32.87951,0.0368,108.2275,2.453333,0.0368,2.453333
44.2,32.88905,0.03683333,108.2589,2.455556,0.03683333,2.455556
44.21,32.90335,0.03683333,108.306,2.455556,0.03683333,2.455556
44.22,32.90812,0.03683333,108.3217,2.455556,0.03683333,2.455556
44.23,32.91289,0.03683333,108.3374,2.455556,0.03683333,2.455556
44.24,32.91766,0.03686667,108.3531,2.457778,0.03686667,2.457778
44.25,32.92402,0.03686667,108.374,2.457778,0.03686667,2.457778
44.26,32.92402,0.03686667,108.374,2.457778,0.03686667,2.457778
44.27,32.91766,0.03686667,108.3531,2.457778,0.03686667,2.457778
44.28,32.91289,0.0369,108.3374,2.46,0.0369,2.46
44.29,32.92084,0.0369,108.3635,2.46,0.0369,2.46
44.3,32.9415,0.0369,108.4315,2.46,0.0369,2.46
44.31,32.95422,0.0369,108.4734,2.46,0.0369,2.46
44.32,32.94627,0.03693333,108.4472,2.462222,0.03693333,2.462222
44.33,32.92084,0.03693333,108.3635,2.462222,0.03693333,2.462222
44.34,32.90494,0.03693333,108.3112,2.462222,0.03693333,2.462222
44.35,32.90812,0.03693333,108.3217,2.462222,0.03693333,2.462222
44.36,32.92561,0.03696667,108.3792,2.464444,0.03696667,2.464444
44.37,32.94627,0.03696667,108.4472,2.464444,0.03696667,2.464444
44.38,32.97488,0.03696667,108.5414,2.464444,0.03696667,2.464444
44.39,33.00349,0.03696667,108.6356,2.464444,0.03696667,2.464444
44.4,33.02415,0.037,108.7036,2.466667,0.037,2.466667
44.41,33.0321,0.037,108.7298,2.466667,0.037,2.466667
44.42,33.02733,0.037,108.7141,2.466667,0.037,2.466667
44.43,33.01144,0.037,108.6617,2.466667,0.037,2.466667
44.44,32.99077,0.03703333,108.5937,2.468889,0.03703333,2.468889
44.45,32.97806,0.03703333,108.5519,2.468889,0.03703333,2.468889
44.46,32.986,0.03703333,108.578,2.468889,0.03703333,2.468889
44.47,33.00667,0.03703333,108.646,2.468889,0.03703333,2.468889
44.48,33.03051,0.03706667,108.7245,2.471111,0.03706667,2.471111
44.49,33.05276,0.03706667,108.7978,2.471111,0.03706667,2.471111
44.5,33.06707,0.03706667,108.8448,2.471111,0.03706667,2.471111
44.51,33.06389,0.03706667,108.8344,2.471111,0.03706667,2.471111
44.52,33.06071,0.0371,108.8239,2.473333,0.0371,2.473333
44.53,33.05912,0.0371,108.8187,2.473333,0.0371,2.473333
44.54,33.05912,0.0371,108.8187,2.473333,0.0371,2.473333
44.55,33.06071,0.0371,108.8239,2.473333,0.0371,2.473333
44.56,33.07502,0.03713333,108.871,2.475555,0.03713333,2.475555
44.57,33.10044,0.03713333,108.9547,2.475555,0.03713333,2.475555
44.58,33.12906,0.03713333,109.0489,2.475555,0.03713333,2.475555
44.59,33.14495,0.03713333,109.1012,2.475555,0.03713333,2.475555
44.6,33.14177,0.03716667,109.0908,2.477778,0.03716667,2.477778
44.61,33.12906,0.03716667,109.0489,2.477778,0.03716667,2.477778
44.62,33.11793,0.03716667,109.0123,2.477778,0.03716667,2.477778
44.63,33.11316,0.03716667,108.9966,2.477778,0.03716667,2.477778
44.64,33.11793,0.0372,109.0123,2.48,0.0372,2.48
44.65,33.12111,0.0372,109.0227,2.48,0.0372,2.48
44.66,33.12429,0.0372,109.0332,2.48,0.0372,2.48
44.67,33.12429,0.0372,109.0332,2.48,0.0372,2.48
44.68,33.12588,0.03723333,109.0384,2.482222,0.03723333,2.482222
44.69,33.13224,0.03723333,109.0594,2.482222,0.03723333,2.482222
44.7,33.13859,0.03723333,109.0803,2.482222,0.03723333,2.482222
44.71,33.14177,0.03723333,109.0908,2.482222,0.03723333,2.482222
44.72,33.14972,0.03726667,109.1169,2.484445,0.03726667,2.484445
44.73,33.15449,0.03726667,109.1326,2.484445,0.03726667,2.484445
44.74,33.16085,0.03726667,109.1535,2.484445,0.03726667,2.484445
44.75,33.16562,0.03726667,109.1692,2.484445,0.03726667,2.484445
44.76,33.17356,0.0373,109.1954,2.486667,0.0373,2.486667
44.77,33.17833,0.0373,109.2111,2.486667,0.0373,2.486667
44.78,33.18151,0.0373,109.2215,2.486667,0.0373,2.486667
44.79,33.18151,0.0373,109.2215,2.486667,0.0373,2.486667
44.8,33.18628,0.03733333,109.2372,2.488889,0.03733333,2.488889
44.81,33.19423,0.03733333,109.2634,2.488889,0.03733333,2.488889
44.82,33.19899,0.03733333,109.2791,2.488889,0.03733333,2.488889
44.83,33.20694,0.03733333,109.3053,2.488889,0.03733333,2.488889
44.84,33.21807,0.03736667,109.3419,2.491111,0.03736667,2.491111
44.85,33.21965,0.03736667,109.3471,2.491111,0.03736667,2.491111
44.86,33.21012,0.03736667,109.3157,2.491111,0.03736667,2.491111
44.87,33.19899,0.03736667,109.2791,2.491111,0.03736667,2.491111
44.88,33.20376,0.0374,109.2948,2.493333,0.0374,2.493333
44.89,33.22601,0.0374,109.368,2.493333,0.0374,2.493333
44.9,33.25621,0.0374,109.4675,2.493333,0.0374,2.493333
44.91,33.28482,0.0374,109.5616,2.493333,0.0374,2.493333
44.92,33.29754,0.03743333,109.6035,2.495556,0.03743333,2.495556
44.93,33.29754,0.03743333,109.6035,2.495556,0.03743333,2.495556
44.94,33.29595,0.03743333,109.5982,2.495556,0.03743333,2.495556
44.95,33.28323,0.03743333,109.5564,2.495556,0.03743333,2.495556
44.96,33.26893,0.03746667,109.5093,2.497778,0.03746667,2.497778
44.97,33.26734,0.03746667,109.5041,2.497778,0.03746667,2.497778
44.98,33.28323,0.03746667,109.5564,2.497778,0.03746667,2.497778
44.99,33.30548,0.03746667,109.6296,2.497778,0.03746667,2.497778
45.0,33.3182,0.0375,109.6715,2.5,0.0375,2.5
45.01,33.32456,0.0375,109.6924,2.5,0.0375,2.5
45.02,33.32456,0.0375,109.6924,2.5,0.0375,2.5
45.03,33.33251,0.0375,109.7186,2.5,0.0375,2.5
45.04,33.34204,0.03753334,109.75,2.502222,0.03753334,2.502222
45.05,33.35317,0.03753334,109.7866,2.502222,0.03753334,2.502222
45.06,33.36112,0.03753334,109.8128,2.502222,0.03753334,2.502222
45.07,33.36112,0.03753334,109.8128,2.502222,0.03753334,2.502222
45.08,33.36271,0.03756667,109.818,2.504444,0.03756667,2.504444
45.09,33.37542,0.03756667,109.8598,2.504444,0.03756667,2.504444
45.1,33.3945,0.03756667,109.9226,2.504444,0.03756667,2.504444
45.11,33.40721,0.03756667,109.9645,2.504444,0.03756667,2.504444
45.12,33.41516,0.0376,109.9906,2.506667,0.0376,2.506667
45.13,33.41198,0.0376,109.9802,2.506667,0.0376,2.506667
45.14,33.40721,0.0376,109.9645,2.506667,0.0376,2.506667
45.15,33.40721,0.0376,109.9645,2.506667,0.0376,2.506667
45.16,33.41516,0.03763333,109.9906,2.508889,0.03763333,2.508889
45.17,33.41993,0.03763333,110.0063,2.508889,0.03763333,2.508889
45.18,33.42311,0.03763333,110.0168,2.508889,0.03763333,2.508889
45.19,33.41516,0.03763333,109.9906,2.508889,0.03763333,2.508889
45.2,33.40244,0.03766667,109.9488,2.511111,0.03766667,2.511111
45.21,33.40403,0.03766667,109.954,2.511111,0.03766667,2.511111
45.22,33.42628,0.03766667,110.0273,2.511111,0.03766667,2.511111
45.23,33.44059,0.03766667,110.0743,2.511111,0.03766667,2.511111
45.24,33.44059,0.0377,110.0743,2.513333,0.0377,2.513333
45.25,33.43582,0.0377,110.0587,2.513333,0.0377,2.513333
45.26,33.44059,0.0377,110.0743,2.513333,0.0377,2.513333
45.27,33.4549,0.0377,110.1214,2.513333,0.0377,2.513333
45.28,33.45649,0.03773334,110.1267,2.515556,0.03773334,2.515556
45.29,33.45649,0.03773334,110.1267,2.515556,0.03773334,2.515556
45.3,33.45649,0.03773334,110.1267,2.515556,0.03773334,2.515556
45.31,33.46125,0.03773334,110.1424,2.515556,0.03773334,2.515556
45.32,33.46125,0.03776667,110.1424,2.517778,0.03776667,2.517778
45.33,33.4692,0.03776667,110.1685,2.517778,0.03776667,2.517778
45.34,33.48827,0.03776667,110.2313,2.517778,0.03776667,2.517778
45.35,33.50576,0.03776667,110.2889,2.517778,0.03776667,2.517778
45.36,33.51212,0.0378,110.3098,2.52,0.0378,2.52
45.37,33.51371,0.0378,110.315,2.52,0.0378,2.52
45.38,33.52165,0.0378,110.3412,2.52,0.0378,2.52
45.39,33.5296,0.0378,110.3673,2.52,0.0378,2.52
45.4,33.53278,0.03783333,110.3778,2.522222,0.03783333,2.522222
45.41,33.52642,0.03783333,110.3569,2.522222,0.03783333,2.522222
45.42,33.53278,0.03783333,110.3778,2.522222,0.03783333,2.522222
45.43,33.55821,0.03783333,110.4615,2.522222,0.03783333,2.522222
45.44,33.59477,0.03786667,110.5819,2.524445,0.03786667,2.524445
45.45,33.61861,0.03786667,110.6603,2.524445,0.03786667,2.524445
45.46,33.61861,0.03786667,110.6603,2.524445,0.03786667,2.524445
45.47,33.60271,0.03786667,110.608,2.524445,0.03786667,2.524445
45.48,33.58682,0.0379,110.5557,2.526667,0.0379,2.526667
45.49,33.58364,0.0379,110.5452,2.526667,0.0379,2.526667
45.5,33.59795,0.0379,110.5923,2.526667,0.0379,2.526667
45.51,33.61225,0.0379,110.6394,2.526667,0.0379,2.526667
45.52,33.61543,0.03793333,110.6499,2.528889,0.03793333,2.528889
45.53,33.60748,0.03793333,110.6237,2.528889,0.03793333,2.528889
45.54,33.61066,0.03793333,110.6342,2.528889,0.03793333,2.528889
45.55,33.6345,0.03793333,110.7126,2.528889,0.03793333,2.528889
45.56,33.65993,0.03796667,110.7964,2.531111,0.03796667,2.531111
45.57,33.66788,0.03796667,110.8225,2.531111,0.03796667,2.531111
45.58,33.6647,0.03796667,110.812,2.531111,0.03796667,2.531111
45.59,33.67742,0.03796667,110.8539,2.531111,0.03796667,2.531111
45.6,33.70603,0.038,110.9481,2.533333,0.038,2.533333
45.61,33.73305,0.038,111.037,2.533333,0.038,2.533333
45.62,33.74259,0.038,111.0684,2.533333,0.038,2.533333
45.63,33.741,0.038,111.0632,2.533333,0.038,2.533333
45.64,33.73782,0.03803333,111.0527,2.535556,0.03803333,2.535556
45.65,33.73464,0.03803333,111.0423,2.535556,0.03803333,2.535556
45.66,33.72987,0.03803333,111.0266,2.535556,0.03803333,2.535556
45.67,33.72033,0.03803333,110.9952,2.535556,0.03803333,2.535556
45.68,33.71716,0.03806667,110.9847,2.537778,0.03806667,2.537778
45.69,33.72987,0.03806667,111.0266,2.537778,0.03806667,2.537778
45.7,33.75371,0.03806667,111.105,2.537778,0.03806667,2.537778
45.71,33.76643,0.03806667,111.1469,2.537778,0.03806667,2.537778
45.72,33.76325,0.0381,111.1364,2.54,0.0381,2.54
45.73,33.75848,0.0381,111.1207,2.54,0.0381,2.54
45.74,33.76166,0.0381,111.1312,2.54,0.0381,2.54
45.75,33.76961,0.0381,111.1574,2.54,0.0381,2.54
45.76,33.78391,0.03813333,111.2044,2.542222,0.03813333,2.542222
45.77,33.79822,0.03813333,111.2515,2.542222,0.03813333,2.542222
45.78,33.80299,0.03813333,111.2672,2.542222,0.03813333,2.542222
45.79,33.79504,0.03813333,111.2411,2.542222,0.03813333,2.542222
45.8,33.79822,0.03816667,111.2515,2.544445,0.03816667,2.544445
45.81,33.80775,0.03816667,111.2829,2.544445,0.03816667,2.544445
45.82,33.82365,0.03816667,111.3353,2.544445,0.03816667,2.544445
45.83,33.83954,0.03816667,111.3876,2.544445,0.03816667,2.544445
45.84,33.84908,0.0382,111.419,2.546667,0.0382,2.546667
45.85,33.84431,0.0382,111.4033,2.546667,0.0382,2.546667
45.86,33.8157,0.0382,111.3091,2.546667,0.0382,2.546667
45.87,33.79186,0.0382,111.2306,2.546667,0.0382,2.546667
45.88,33.78709,0.03823333,111.2149,2.548889,0.03823333,2.548889
45.89,33.79822,0.03823333,111.2515,2.548889,0.03823333,2.548889
45.9,33.81093,0.03823333,111.2934,2.548889,0.03823333,2.548889
45.91,33.82365,0.03823333,111.3353,2.548889,0.03823333,2.548889
45.92,33.83477,0.03826667,111.3719,2.551111,0.03826667,2.551111
45.93,33.84431,0.03826667,111.4033,2.551111,0.03826667,2.551111
45.94,33.85226,0.03826667,111.4294,2.551111,0.03826667,2.551111
45.95,33.86021,0.03826667,111.4556,2.551111,0.03826667,2.551111
45.96,33.88405,0.0383,111.5341,2.553333,0.0383,2.553333
45.97,33.90948,0.0383,111.6178,2.553333,0.0383,2.553333
45.98,33.91266,0.0383,111.6282,2.553333,0.0383,2.553333
45.99,33.89676,0.0383,111.5759,2.553333,0.0383,2.553333
46.0,33.87769,0.03833333,111.5131,2.555556,0.03833333,2.555556
46.01,33.88087,0.03833333,111.5236,2.555556,0.03833333,2.555556
46.02,33.89676,0.03833333,111.5759,2.555556,0.03833333,2.555556
46.03,33.91743,0.03833333,111.6439,2.555556,0.03833333,2.555556
46.04,33.93491,0.03836667,111.7015,2.557778,0.03836667,2.557778
46.05,33.94286,0.03836667,111.7276,2.557778,0.03836667,2.557778
46.06,33.94286,0.03836667,111.7276,2.557778,0.03836667,2.557778
46.07,33.94286,0.03836667,111.7276,2.557778,0.03836667,2.557778
46.08,33.95398,0.0384,111.7643,2.56,0.0384,2.56
46.09,33.9667,0.0384,111.8061,2.56,0.0384,2.56
46.1,33.97942,0.0384,111.848,2.56,0.0384,2.56
46.11,33.98577,0.0384,111.8689,2.56,0.0384,2.56
46.12,33.98577,0.03843333,111.8689,2.562222,0.03843333,2.562222
46.13,33.97942,0.03843333,111.848,2.562222,0.03843333,2.562222
46.14,33.98259,0.03843333,111.8584,2.562222,0.03843333,2.562222
46.15,33.99054,0.03843333,111.8846,2.562222,0.03843333,2.562222
46.16,33.99054,0.03846667,111.8846,2.564444,0.03846667,2.564444
46.17,33.98736,0.03846667,111.8741,2.564444,0.03846667,2.564444
46.18,33.99054,0.03846667,111.8846,2.564444,0.03846667,2.564444
46.19,34.00008,0.03846667,111.916,2.564444,0.03846667,2.564444
46.2,34.00803,0.0385,111.9421,2.566667,0.0385,2.566667
46.21,34.00803,0.0385,111.9421,2.566667,0.0385,2.566667
46.22,34.01597,0.0385,111.9683,2.566667,0.0385,2.566667
46.23,34.03187,0.0385,112.0206,2.566667,0.0385,2.566667
46.24,34.043,0.03853333,112.0573,2.568889,0.03853333,2.568889
46.25,34.03981,0.03853333,112.0468,2.568889,0.03853333,2.568889
46.26,34.03664,0.03853333,112.0363,2.568889,0.03853333,2.568889
46.27,34.04935,0.03853333,112.0782,2.568889,0.03853333,2.568889
46.28,34.06842,0.03856667,112.141,2.571111,0.03856667,2.571111
46.29,34.07796,0.03856667,112.1723,2.571111,0.03856667,2.571111
46.3,34.08591,0.03856667,112.1985,2.571111,0.03856667,2.571111
46.31,34.09227,0.03856667,112.2194,2.571111,0.03856667,2.571111
46.32,34.1018,0.0386,112.2508,2.573334,0.0386,2.573334
46.33,34.11293,0.0386,112.2875,2.573334,0.0386,2.573334
46.34,34.11293,0.0386,112.2875,2.573334,0.0386,2.573334
46.35,34.10975,0.0386,112.277,2.573334,0.0386,2.573334
46.36,34.11452,0.03863334,112.2927,2.575556,0.03863334,2.575556
46.37,34.12088,0.03863334,112.3136,2.575556,0.03863334,2.575556
46.38,34.12088,0.03863334,112.3136,2.575556,0.03863334,2.575556
46.39,34.12247,0.03863334,112.3188,2.575556,0.03863334,2.575556
46.4,34.13359,0.03866667,112.3555,2.577778,0.03866667,2.577778
46.41,34.14949,0.03866667,112.4078,2.577778,0.03866667,2.577778
46.42,34.1622,0.03866667,112.4496,2.577778,0.03866667,2.577778
46.43,34.1781,0.03866667,112.502,2.577778,0.03866667,2.577778
46.44,34.18763,0.0387,112.5333,2.58,0.0387,2.58
46.45,34.19081,0.0387,112.5438,2.58,0.0387,2.58
46.46,34.18763,0.0387,112.5333,2.58,0.0387,2.58
46.47,34.18287,0.0387,112.5177,2.58,0.0387,2.58
46.48,34.17174,0.03873333,112.481,2.582222,0.03873333,2.582222
46.49,34.17174,0.03873333,112.481,2.582222,0.03873333,2.582222
46.5,34.18763,0.03873333,112.5333,2.582222,0.03873333,2.582222
46.51,34.20671,0.03873333,112.5961,2.582222,0.03873333,2.582222
46.52,34.21624,0.03876667,112.6275,2.584445,0.03876667,2.584445
46.53,34.21624,0.03876667,112.6275,2.584445,0.03876667,2.584445
46.54,34.21624,0.03876667,112.6275,2.584445,0.03876667,2.584445
46.55,34.21943,0.03876667,112.638,2.584445,0.03876667,2.584445
46.56,34.21466,0.0388,112.6223,2.586667,0.0388,2.586667
46.57,34.20353,0.0388,112.5857,2.586667,0.0388,2.586667
46.58,34.20035,0.0388,112.5752,2.586667,0.0388,2.586667
46.59,34.21466,0.0388,112.6223,2.586667,0.0388,2.586667
46.6,34.23532,0.03883334,112.6903,2.588889,0.03883334,2.588889
46.61,34.24804,0.03883334,112.7322,2.588889,0.03883334,2.588889
46.62,34.2528,0.03883334,112.7479,2.588889,0.03883334,2.588889
46.63,34.26393,0.03883334,112.7845,2.588889,0.03883334,2.588889
46.64,34.27823,0.03886667,112.8316,2.591111,0.03886667,2.591111
46.65,34.29731,0.03886667,112.8944,2.591111,0.03886667,2.591111
46.66,34.30207,0.03886667,112.91,2.591111,0.03886667,2.591111
46.67,34.29731,0.03886667,112.8944,2.591111,0.03886667,2.591111
46.68,34.30049,0.0389,112.9048,2.593333,0.0389,2.593333
46.69,34.31797,0.0389,112.9624,2.593333,0.0389,2.593333
46.7,34.33387,0.0389,113.0147,2.593333,0.0389,2.593333
46.71,34.33863,0.0389,113.0304,2.593333,0.0389,2.593333
46.72,34.33545,0.03893333,113.0199,2.595556,0.03893333,2.595556
46.73,34.33545,0.03893333,113.0199,2.595556,0.03893333,2.595556
46.74,34.33863,0.03893333,113.0304,2.595556,0.03893333,2.595556
46.75,34.34181,0.03893333,113.0408,2.595556,0.03893333,2.595556
46.76,34.3434,0.03896667,113.0461,2.597778,0.03896667,2.597778
46.77,34.34658,0.03896667,113.0565,2.597778,0.03896667,2.597778
46.78,34.35929,0.03896667,113.0984,2.597778,0.03896667,2.597778
46.79,34.37519,0.03896667,113.1507,2.597778,0.03896667,2.597778
46.8,34.37837,0.039,113.1612,2.6,0.039,2.6
46.81,34.37519,0.039,113.1507,2.6,0.039,2.6
46.82,34.37201,0.039,113.1403,2.6,0.039,2.6
46.83,34.36724,0.039,113.1246,2.6,0.039,2.6
46.84,34.35929,0.03903333,113.0984,2.602222,0.03903333,2.602222
46.85,34.35771,0.03903333,113.0932,2.602222,0.03903333,2.602222
46.86,34.36248,0.03903333,113.1089,2.602222,0.03903333,2.602222
46.87,34.36724,0.03903333,113.1246,2.602222,0.03903333,2.602222
46.88,34.37519,0.03906667,113.1507,2.604445,0.03906667,2.604445
46.89,34.37996,0.03906667,113.1664,2.604445,0.03906667,2.604445
46.9,34.39585,0.03906667,113.2187,2.604445,0.03906667,2.604445
46.91,34.41652,0.03906667,113.2867,2.604445,0.03906667,2.604445
46.92,34.42923,0.0391,113.3286,2.606667,0.0391,2.606667
46.93,34.43241,0.0391,113.3391,2.606667,0.0391,2.606667
46.94,34.44036,0.0391,113.3652,2.606667,0.0391,2.606667
46.95,34.45625,0.0391,113.4175,2.606667,0.0391,2.606667
46.96,34.46897,0.03913333,113.4594,2.608889,0.03913333,2.608889
46.97,34.47374,0.03913333,113.4751,2.608889,0.03913333,2.608889
46.98,34.47374,0.03913333,113.4751,2.608889,0.03913333,2.608889
46.99,34.47374,0.03913333,113.4751,2.608889,0.03913333,2.608889
47.0,34.48009,0.03916667,113.496,2.611111,0.03916667,2.611111
47.01,34.48486,0.03916667,113.5117,2.611111,0.03916667,2.611111
47.02,34.48009,0.03916667,113.496,2.611111,0.03916667,2.611111
47.03,34.46579,0.03916667,113.4489,2.611111,0.03916667,2.611111
47.04,34.45784,0.0392,113.4228,2.613333,0.0392,2.613333
47.05,34.46579,0.0392,113.4489,2.613333,0.0392,2.613333
47.06,34.48486,0.0392,113.5117,2.613333,0.0392,2.613333
47.07,34.50235,0.0392,113.5693,2.613333,0.0392,2.613333
47.08,34.51824,0.03923333,113.6216,2.615556,0.03923333,2.615556
47.09,34.52301,0.03923333,113.6373,2.615556,0.03923333,2.615556
47.1,34.51824,0.03923333,113.6216,2.615556,0.03923333,2.615556
47.11,34.51506,0.03923333,113.6111,2.615556,0.03923333,2.615556
47.12,34.51824,0.03926667,113.6216,2.617778,0.03926667,2.617778
47.13,34.52937,0.03926667,113.6582,2.617778,0.03926667,2.617778
47.14,34.54367,0.03926667,113.7053,2.617778,0.03926667,2.617778
47.15,34.56593,0.03926667,113.7785,2.617778,0.03926667,2.617778
47.16,34.58023,0.0393,113.8256,2.62,0.0393,2.62
47.17,34.58659,0.0393,113.8466,2.62,0.0393,2.62
47.18,34.58341,0.0393,113.8361,2.62,0.0393,2.62
47.19,34.58659,0.0393,113.8466,2.62,0.0393,2.62
47.2,34.59136,0.03933333,113.8623,2.622222,0.03933333,2.622222
47.21,34.60089,0.03933333,113.8937,2.622222,0.03933333,2.622222
47.22,34.60884,0.03933333,113.9198,2.622222,0.03933333,2.622222
47.23,34.60725,0.03933333,113.9146,2.622222,0.03933333,2.622222
47.24,34.60407,0.03936667,113.9041,2.624444,0.03936667,2.624444
47.25,34.61202,0.03936667,113.9303,2.624444,0.03936667,2.624444
47.26,34.62315,0.03936667,113.9669,2.624444,0.03936667,2.624444
47.27,34.64063,0.03936667,114.0244,2.624444,0.03936667,2.624444
47.28,34.66129,0.0394,114.0925,2.626667,0.0394,2.626667
47.29,34.67401,0.0394,114.1343,2.626667,0.0394,2.626667
47.3,34.68037,0.0394,114.1553,2.626667,0.0394,2.626667
47.31,34.68513,0.0394,114.1709,2.626667,0.0394,2.626667
47.32,34.69308,0.03943333,114.1971,2.628889,0.03943333,2.628889
47.33,34.69308,0.03943333,114.1971,2.628889,0.03943333,2.628889
47.34,34.68196,0.03943333,114.1605,2.628889,0.03943333,2.628889
47.35,34.66924,0.03943333,114.1186,2.628889,0.03943333,2.628889
47.36,34.66924,0.03946667,114.1186,2.631111,0.03946667,2.631111
47.37,34.67719,0.03946667,114.1448,2.631111,0.03946667,2.631111
47.38,34.68673,0.03946667,114.1762,2.631111,0.03946667,2.631111
47.39,34.69308,0.03946667,114.1971,2.631111,0.03946667,2.631111
47.4,34.68673,0.0395,114.1762,2.633333,0.0395,2.633333
47.41,34.67719,0.0395,114.1448,2.633333,0.0395,2.633333
47.42,34.68196,0.0395,114.1605,2.633333,0.0395,2.633333
47.43,34.70103,0.0395,114.2233,2.633333,0.0395,2.633333
47.44,34.70898,0.03953333,114.2494,2.635556,0.03953333,2.635556
47.45,34.70898,0.03953333,114.2494,2.635556,0.03953333,2.635556
47.46,34.71534,0.03953333,114.2704,2.635556,0.03953333,2.635556
47.47,34.74236,0.03953333,114.3593,2.635556,0.03953333,2.635556
47.48,34.7662,0.03956667,114.4378,2.637778,0.03956667,2.637778
47.49,34.76779,0.03956667,114.443,2.637778,0.03956667,2.637778
47.5,34.75825,0.03956667,114.4116,2.637778,0.03956667,2.637778
47.51,34.7503,0.03956667,114.3855,2.637778,0.03956667,2.637778
47.52,34.75189,0.0396,114.3907,2.64,0.0396,2.64
47.53,34.75825,0.0396,114.4116,2.64,0.0396,2.64
47.54,34.76302,0.0396,114.4273,2.64,0.0396,2.64
47.55,34.77414,0.0396,114.4639,2.64,0.0396,2.64
47.56,34.7805,0.03963333,114.4849,2.642222,0.03963333,2.642222
47.57,34.79163,0.03963333,114.5215,2.642222,0.03963333,2.642222
47.58,34.80911,0.03963333,114.579,2.642222,0.03963333,2.642222
47.59,34.83613,0.03963333,114.668,2.642222,0.03963333,2.642222
47.6,34.85362,0.03966667,114.7255,2.644444,0.03966667,2.644444
47.61,34.84885,0.03966667,114.7098,2.644444,0.03966667,2.644444
47.62,34.82501,0.03966667,114.6314,2.644444,0.03966667,2.644444
47.63,34.80434,0.03966667,114.5633,2.644444,0.03966667,2.644444
47.64,34.79958,0.0397,114.5476,2.646667,0.0397,2.646667
47.65,34.80275,0.0397,114.5581,2.646667,0.0397,2.646667
47.66,34.80911,0.0397,114.579,2.646667,0.0397,2.646667
47.67,34.81706,0.0397,114.6052,2.646667,0.0397,2.646667
47.68,34.83136,0.03973334,114.6523,2.648889,0.03973334,2.648889
47.69,34.84885,0.03973334,114.7098,2.648889,0.03973334,2.648889
47.7,34.85997,0.03973334,114.7465,2.648889,0.03973334,2.648889
47.71,34.86633,0.03973334,114.7674,2.648889,0.03973334,2.648889
47.72,34.86951,0.03976667,114.7778,2.651111,0.03976667,2.651111
47.73,34.87746,0.03976667,114.804,2.651111,0.03976667,2.651111
47.74,34.88858,0.03976667,114.8406,2.651111,0.03976667,2.651111
47.75,34.89812,0.03976667,114.872,2.651111,0.03976667,2.651111
47.76,34.91402,0.0398,114.9243,2.653333,0.0398,2.653333
47.77,34.92991,0.0398,114.9767,2.653333,0.0398,2.653333
47.78,34.93786,0.0398,115.0028,2.653333,0.0398,2.653333
47.79,34.93945,0.0398,115.0081,2.653333,0.0398,2.653333
47.8,34.95057,0.03983333,115.0447,2.655555,0.03983333,2.655555
47.81,34.96647,0.03983333,115.097,2.655555,0.03983333,2.655555
47.82,34.97441,0.03983333,115.1231,2.655555,0.03983333,2.655555
47.83,34.96647,0.03983333,115.097,2.655555,0.03983333,2.655555
47.84,34.95852,0.03986667,115.0708,2.657778,0.03986667,2.657778
47.85,34.95216,0.03986667,115.0499,2.657778,0.03986667,2.657778
47.86,34.95057,0.03986667,115.0447,2.657778,0.03986667,2.657778
47.87,34.9458,0.03986667,115.029,2.657778,0.03986667,2.657778
47.88,34.93945,0.0399,115.0081,2.66,0.0399,2.66
47.89,34.93468,0.0399,114.9924,2.66,0.0399,2.66
47.9,34.93468,0.0399,114.9924,2.66,0.0399,2.66
47.91,34.9458,0.0399,115.029,2.66,0.0399,2.66
47.92,34.96011,0.03993334,115.0761,2.662222,0.03993334,2.662222
47.93,34.97441,0.03993334,115.1231,2.662222,0.03993334,2.662222
47.94,34.98713,0.03993334,115.165,2.662222,0.03993334,2.662222
47.95,35.00779,0.03993334,115.233,2.662222,0.03993334,2.662222
47.96,35.02846,0.03996667,115.301,2.664445,0.03996667,2.664445
47.97,35.03799,0.03996667,115.3324,2.664445,0.03996667,2.664445
47.98,35.04594,0.03996667,115.3586,2.664445,0.03996667,2.664445
47.99,35.04912,0.03996667,115.3691,2.664445,0.03996667,2.664445
48.0,35.0523,0.04,115.3795,2.666667,0.04,2.666667
48.01,35.05707,0.04,115.3952,2.666667,0.04,2.666667
48.02,35.06978,0.04,115.4371,2.666667,0.04,2.666667
48.03,35.08568,0.04,115.4894,2.666667,0.04,2.666667
48.04,35.09839,0.04003333,115.5312,2.668889,0.04003333,2.668889
48.05,35.10316,0.04003333,115.5469,2.668889,0.04003333,2.668889
48.06,35.10634,0.04003333,115.5574,2.668889,0.04003333,2.668889
48.07,35.11111,0.04003333,115.5731,2.668889,0.04003333,2.668889
48.08,35.11906,0.04006667,115.5993,2.671111,0.04006667,2.671111
48.09,35.127,0.04006667,115.6254,2.671111,0.04006667,2.671111
48.1,35.13018,0.04006667,115.6359,2.671111,0.04006667,2.671111
48.11,35.13018,0.04006667,115.6359,2.671111,0.04006667,2.671111
48.12,35.13813,0.0401,115.662,2.673333,0.0401,2.673333
48.13,35.15403,0.0401,115.7144,2.673333,0.0401,2.673333
48.14,35.16356,0.0401,115.7458,2.673333,0.0401,2.673333
48.15,35.16356,0.0401,115.7458,2.673333,0.0401,2.673333
48.16,35.15561,0.04013333,115.7196,2.675556,0.04013333,2.675556
48.17,35.15084,0.04013333,115.7039,2.675556,0.04013333,2.675556
48.18,35.1429,0.04013333,115.6777,2.675556,0.04013333,2.675556
48.19,35.13177,0.04013333,115.6411,2.675556,0.04013333,2.675556
48.2,35.13177,0.04016667,115.6411,2.677778,0.04016667,2.677778
48.21,35.14608,0.04016667,115.6882,2.677778,0.04016667,2.677778
48.22,35.16833,0.04016667,115.7615,2.677778,0.04016667,2.677778
48.23,35.19217,0.04016667,115.8399,2.677778,0.04016667,2.677778
48.24,35.22078,0.0402,115.9341,2.68,0.0402,2.68
48.25,35.23986,0.0402,115.9969,2.68,0.0402,2.68
48.26,35.23668,0.0402,115.9864,2.68,0.0402,2.68
48.27,35.22396,0.0402,115.9446,2.68,0.0402,2.68
48.28,35.21601,0.04023333,115.9184,2.682222,0.04023333,2.682222
48.29,35.2176,0.04023333,115.9236,2.682222,0.04023333,2.682222
48.3,35.22396,0.04023333,115.9446,2.682222,0.04023333,2.682222
48.31,35.22396,0.04023333,115.9446,2.682222,0.04023333,2.682222
48.32,35.23191,0.04026667,115.9707,2.684444,0.04026667,2.684444
48.33,35.24463,0.04026667,116.0126,2.684444,0.04026667,2.684444
48.34,35.25734,0.04026667,116.0544,2.684444,0.04026667,2.684444
48.35,35.26847,0.04026667,116.0911,2.684444,0.04026667,2.684444
48.36,35.27005,0.0403,116.0963,2.686667,0.0403,2.686667
48.37,35.26529,0.0403,116.0806,2.686667,0.0403,2.686667
48.38,35.26211,0.0403,116.0701,2.686667,0.0403,2.686667
48.39,35.278,0.0403,116.1225,2.686667,0.0403,2.686667
48.4,35.30185,0.04033333,116.2009,2.688889,0.04033333,2.688889
48.41,35.30661,0.04033333,116.2166,2.688889,0.04033333,2.688889
48.42,35.28913,0.04033333,116.1591,2.688889,0.04033333,2.688889
48.43,35.27005,0.04033333,116.0963,2.688889,0.04033333,2.688889
48.44,35.27482,0.04036667,116.112,2.691111,0.04036667,2.691111
48.45,35.2939,0.04036667,116.1748,2.691111,0.04036667,2.691111
48.46,35.30343,0.04036667,116.2062,2.691111,0.04036667,2.691111
48.47,35.29866,0.04036667,116.1905,2.691111,0.04036667,2.691111
48.48,35.2939,0.0404,116.1748,2.693333,0.0404,2.693333
48.49,35.30185,0.0404,116.2009,2.693333,0.0404,2.693333
48.5,35.31933,0.0404,116.2585,2.693333,0.0404,2.693333
48.51,35.34317,0.0404,116.337,2.693333,0.0404,2.693333
48.52,35.36383,0.04043333,116.405,2.695555,0.04043333,2.695555
48.53,35.37178,0.04043333,116.4311,2.695555,0.04043333,2.695555
48.54,35.36065,0.04043333,116.3945,2.695555,0.04043333,2.695555
48.55,35.34317,0.04043333,116.337,2.695555,0.04043333,2.695555
48.56,35.33204,0.04046667,116.3003,2.697778,0.04046667,2.697778
48.57,35.33999,0.04046667,116.3265,2.697778,0.04046667,2.697778
48.58,35.35907,0.04046667,116.3893,2.697778,0.04046667,2.697778
48.59,35.37178,0.04046667,116.4311,2.697778,0.04046667,2.697778
48.6,35.37973,0.0405,116.4573,2.7,0.0405,2.7
48.61,35.38926,0.0405,116.4887,2.7,0.0405,2.7
48.62,35.39721,0.0405,116.5148,2.7,0.0405,2.7
48.63,35.40357,0.0405,116.5358,2.7,0.0405,2.7
48.64,35.41311,0.04053333,116.5672,2.702222,0.04053333,2.702222
48.65,35.429,0.04053333,116.6195,2.702222,0.04053333,2.702222
48.66,35.4449,0.04053333,116.6718,2.702222,0.04053333,2.702222
48.67,35.45284,0.04053333,116.698,2.702222,0.04053333,2.702222
48.68,35.45443,0.04056667,116.7032,2.704444,0.04056667,2.704444
48.69,35.45443,0.04056667,116.7032,2.704444,0.04056667,2.704444
48.7,35.45761,0.04056667,116.7137,2.704444,0.04056667,2.704444
48.71,35.46874,0.04056667,116.7503,2.704444,0.04056667,2.704444
48.72,35.47351,0.0406,116.766,2.706667,0.0406,2.706667
48.73,35.46874,0.0406,116.7503,2.706667,0.0406,2.706667
48.74,35.46238,0.0406,116.7294,2.706667,0.0406,2.706667
48.75,35.46238,0.0406,116.7294,2.706667,0.0406,2.706667
48.76,35.46874,0.04063333,116.7503,2.708889,0.04063333,2.708889
48.77,35.47351,0.04063333,116.766,2.708889,0.04063333,2.708889
48.78,35.48145,0.04063333,116.7921,2.708889,0.04063333,2.708889
48.79,35.49099,0.04063333,116.8235,2.708889,0.04063333,2.708889
48.8,35.49894,0.04066667,116.8497,2.711111,0.04066667,2.711111
48.81,35.50689,0.04066667,116.8759,2.711111,0.04066667,2.711111
48.82,35.51483,0.04066667,116.902,2.711111,0.04066667,2.711111
48.83,35.51483,0.04066667,116.902,2.711111,0.04066667,2.711111
48.84,35.51165,0.0407,116.8915,2.713333,0.0407,2.713333
48.85,35.51165,0.0407,116.8915,2.713333,0.0407,2.713333
48.86,35.52755,0.0407,116.9439,2.713333,0.0407,2.713333
48.87,35.54344,0.0407,116.9962,2.713333,0.0407,2.713333
48.88,35.55934,0.04073333,117.0485,2.715556,0.04073333,2.715556
48.89,35.56887,0.04073333,117.0799,2.715556,0.04073333,2.715556
48.9,35.57523,0.04073333,117.1008,2.715556,0.04073333,2.715556
48.91,35.57205,0.04073333,117.0904,2.715556,0.04073333,2.715556
48.92,35.55934,0.04076667,117.0485,2.717778,0.04076667,2.717778
48.93,35.54821,0.04076667,117.0119,2.717778,0.04076667,2.717778
48.94,35.54821,0.04076667,117.0119,2.717778,0.04076667,2.717778
48.95,35.56252,0.04076667,117.059,2.717778,0.04076667,2.717778
48.96,35.57682,0.0408,117.106,2.72,0.0408,2.72
48.97,35.59272,0.0408,117.1584,2.72,0.0408,2.72
48.98,35.59748,0.0408,117.1741,2.72,0.0408,2.72
48.99,35.58795,0.0408,117.1427,2.72,0.0408,2.72
49.0,35.57682,0.04083334,117.106,2.722222,0.04083334,2.722222
49.01,35.57523,0.04083334,117.1008,2.722222,0.04083334,2.722222
49.02,35.57682,0.04083334,117.106,2.722222,0.04083334,2.722222
49.03,35.58795,0.04083334,117.1427,2.722222,0.04083334,2.722222
49.04,35.59748,0.04086667,117.1741,2.724444,0.04086667,2.724444
49.05,35.60861,0.04086667,117.2107,2.724444,0.04086667,2.724444
49.06,35.62133,0.04086667,117.2525,2.724444,0.04086667,2.724444
49.07,35.63722,0.04086667,117.3049,2.724444,0.04086667,2.724444
49.08,35.65311,0.0409,117.3572,2.726667,0.0409,2.726667
49.09,35.65471,0.0409,117.3624,2.726667,0.0409,2.726667
49.1,35.65471,0.0409,117.3624,2.726667,0.0409,2.726667
49.11,35.66583,0.0409,117.399,2.726667,0.0409,2.726667
49.12,35.68332,0.04093333,117.4566,2.728889,0.04093333,2.728889
49.13,35.70239,0.04093333,117.5194,2.728889,0.04093333,2.728889
49.14,35.70716,0.04093333,117.5351,2.728889,0.04093333,2.728889
49.15,35.70557,0.04093333,117.5298,2.728889,0.04093333,2.728889
49.16,35.70716,0.04096667,117.5351,2.731111,0.04096667,2.731111
49.17,35.71193,0.04096667,117.5508,2.731111,0.04096667,2.731111
49.18,35.71033,0.04096667,117.5455,2.731111,0.04096667,2.731111
49.19,35.70557,0.04096667,117.5298,2.731111,0.04096667,2.731111
49.2,35.70716,0.041,117.5351,2.733333,0.041,2.733333
49.21,35.7151,0.041,117.5612,2.733333,0.041,2.733333
49.22,35.72623,0.041,117.5979,2.733333,0.041,2.733333
49.23,35.73895,0.041,117.6397,2.733333,0.041,2.733333
49.24,35.74848,0.04103334,117.6711,2.735556,0.04103334,2.735556
49.25,35.74848,0.04103334,117.6711,2.735556,0.04103334,2.735556
49.26,35.74054,0.04103334,117.6449,2.735556,0.04103334,2.735556
49.27,35.73895,0.04103334,117.6397,2.735556,0.04103334,2.735556
49.28,35.74054,0.04106667,117.6449,2.737778,0.04106667,2.737778
49.29,35.74689,0.04106667,117.6659,2.737778,0.04106667,2.737778
49.3,35.76279,0.04106667,117.7182,2.737778,0.04106667,2.737778
49.31,35.7914,0.04106667,117.8124,2.737778,0.04106667,2.737778
49.32,35.81683,0.0411,117.8961,2.74,0.0411,2.74
49.33,35.8216,0.0411,117.9118,2.74,0.0411,2.74
49.34,35.80411,0.0411,117.8542,2.74,0.0411,2.74
49.35,35.78345,0.0411,117.7862,2.74,0.0411,2.74
49.36,35.78345,0.04113333,117.7862,2.742222,0.04113333,2.742222
49.37,35.79776,0.04113333,117.8333,2.742222,0.04113333,2.742222
49.38,35.81206,0.04113333,117.8804,2.742222,0.04113333,2.742222
49.39,35.81683,0.04113333,117.8961,2.742222,0.04113333,2.742222
49.4,35.82954,0.04116667,117.9379,2.744444,0.04116667,2.744444
49.41,35.84544,0.04116667,117.9902,2.744444,0.04116667,2.744444
49.42,35.84862,0.04116667,118.0007,2.744444,0.04116667,2.744444
49.43,35.83272,0.04116667,117.9484,2.744444,0.04116667,2.744444
49.44,35.81365,0.0412,117.8856,2.746667,0.0412,2.746667
49.45,35.80888,0.0412,117.8699,2.746667,0.0412,2.746667
49.46,35.8216,0.0412,117.9118,2.746667,0.0412,2.746667
49.47,35.84067,0.0412,117.9746,2.746667,0.0412,2.746667
49.48,35.84067,0.04123333,117.9746,2.748889,0.04123333,2.748889
49.49,35.83272,0.04123333,117.9484,2.748889,0.04123333,2.748889
49.5,35.83431,0.04123333,117.9536,2.748889,0.04123333,2.748889
49.51,35.85498,0.04123333,118.0216,2.748889,0.04123333,2.748889
49.52,35.8661,0.04126667,118.0583,2.751111,0.04126667,2.751111
49.53,35.84544,0.04126667,117.9902,2.751111,0.04126667,2.751111
49.54,35.81365,0.04126667,117.8856,2.751111,0.04126667,2.751111
49.55,35.79617,0.04126667,117.8281,2.751111,0.04126667,2.751111
49.56,35.80093,0.0413,117.8438,2.753333,0.0413,2.753333
49.57,35.82637,0.0413,117.9275,2.753333,0.0413,2.753333
49.58,35.86133,0.0413,118.0426,2.753333,0.0413,2.753333
49.59,35.88994,0.0413,118.1367,2.753333,0.0413,2.753333
49.6,35.90266,0.04133333,118.1786,2.755556,0.04133333,2.755556
49.61,35.91061,0.04133333,118.2048,2.755556,0.04133333,2.755556
49.62,35.9122,0.04133333,118.21,2.755556,0.04133333,2.755556
49.63,35.90743,0.04133333,118.1943,2.755556,0.04133333,2.755556
49.64,35.90584,0.04136667,118.1891,2.757778,0.04136667,2.757778
49.65,35.91855,0.04136667,118.2309,2.757778,0.04136667,2.757778
49.66,35.94239,0.04136667,118.3094,2.757778,0.04136667,2.757778
49.67,35.96306,0.04136667,118.3774,2.757778,0.04136667,2.757778
49.68,35.97577,0.0414,118.4193,2.76,0.0414,2.76
49.69,35.98849,0.0414,118.4611,2.76,0.0414,2.76
49.7,35.99961,0.0414,118.4977,2.76,0.0414,2.76
49.71,36.00597,0.0414,118.5187,2.76,0.0414,2.76
49.72,36.01233,0.04143333,118.5396,2.762222,0.04143333,2.762222
49.73,36.02187,0.04143333,118.571,2.762222,0.04143333,2.762222
49.74,36.02822,0.04143333,118.5919,2.762222,0.04143333,2.762222
49.75,36.02505,0.04143333,118.5815,2.762222,0.04143333,2.762222
49.76,36.02028,0.04146667,118.5658,2.764445,0.04146667,2.764445
49.77,36.0171,0.04146667,118.5553,2.764445,0.04146667,2.764445
49.78,36.01392,0.04146667,118.5448,2.764445,0.04146667,2.764445
49.79,36.02187,0.04146667,118.571,2.764445,0.04146667,2.764445
49.8,36.04094,0.0415,118.6338,2.766667,0.0415,2.766667
49.81,36.05366,0.0415,118.6756,2.766667,0.0415,2.766667
49.82,36.05048,0.0415,118.6652,2.766667,0.0415,2.766667
49.83,36.04094,0.0415,118.6338,2.766667,0.0415,2.766667
49.84,36.02982,0.04153333,118.5971,2.768889,0.04153333,2.768889
49.85,36.03299,0.04153333,118.6076,2.768889,0.04153333,2.768889
49.86,36.04253,0.04153333,118.639,2.768889,0.04153333,2.768889
49.87,36.06319,0.04153333,118.707,2.768889,0.04153333,2.768889
49.88,36.08545,0.04156667,118.7803,2.771111,0.04156667,2.771111
49.89,36.09021,0.04156667,118.796,2.771111,0.04156667,2.771111
49.9,36.08704,0.04156667,118.7855,2.771111,0.04156667,2.771111
49.91,36.08227,0.04156667,118.7698,2.771111,0.04156667,2.771111
49.92,36.09021,0.0416,118.796,2.773333,0.0416,2.773333
49.93,36.09975,0.0416,118.8273,2.773333,0.0416,2.773333
49.94,36.10293,0.0416,118.8378,2.773333,0.0416,2.773333
49.95,36.09021,0.0416,118.796,2.773333,0.0416,2.773333
49.96,36.08227,0.04163333,118.7698,2.775556,0.04163333,2.775556
49.97,36.09498,0.04163333,118.8117,2.775556,0.04163333,2.775556
49.98,36.11882,0.04163333,118.8901,2.775556,0.04163333,2.775556
49.99,36.13472,0.04163333,118.9425,2.775556,0.04163333,2.775556
50.0,36.13154,0.04166667,118.932,2.777778,0.04166667,2.777778
50.01,36.12836,0.04166667,118.9215,2.777778,0.04166667,2.777778
50.02,36.13949,0.04166667,118.9582,2.777778,0.04166667,2.777778
50.03,36.16015,0.04166667,119.0262,2.777778,0.04166667,2.777778
50.04,36.17128,0.0417,119.0628,2.78,0.0417,2.78
50.05,36.1681,0.0417,119.0523,2.78,0.0417,2.78
50.06,36.16333,0.0417,119.0366,2.78,0.0417,2.78
50.07,36.1681,0.0417,119.0523,2.78,0.0417,2.78
50.08,36.17764,0.04173333,119.0837,2.782222,0.04173333,2.782222
50.09,36.19353,0.04173333,119.136,2.782222,0.04173333,2.782222
50.1,36.20942,0.04173333,119.1884,2.782222,0.04173333,2.782222
50.11,36.22055,0.04173333,119.225,2.782222,0.04173333,2.782222
50.12,36.22214,0.04176667,119.2302,2.784444,0.04176667,2.784444
50.13,36.22532,0.04176667,119.2407,2.784444,0.04176667,2.784444
50.14,36.2285,0.04176667,119.2511,2.784444,0.04176667,2.784444
50.15,36.22532,0.04176667,119.2407,2.784444,0.04176667,2.784444
50.16,36.2126,0.0418,119.1988,2.786667,0.0418,2.786667
50.17,36.20625,0.0418,119.1779,2.786667,0.0418,2.786667
50.18,36.21419,0.0418,119.204,2.786667,0.0418,2.786667
50.19,36.23009,0.0418,119.2564,2.786667,0.0418,2.786667
50.2,36.24121,0.04183333,119.293,2.788889,0.04183333,2.788889
50.21,36.24916,0.04183333,119.3192,2.788889,0.04183333,2.788889
50.22,36.26188,0.04183333,119.361,2.788889,0.04183333,2.788889
50.23,36.27459,0.04183333,119.4029,2.788889,0.04183333,2.788889
50.24,36.28572,0.04186667,119.4395,2.791111,0.04186667,2.791111
50.25,36.29844,0.04186667,119.4813,2.791111,0.04186667,2.791111
50.26,36.31115,0.04186667,119.5232,2.791111,0.04186667,2.791111
50.27,36.31433,0.04186667,119.5337,2.791111,0.04186667,2.791111
50.28,36.29844,0.0419,119.4813,2.793334,0.0419,2.793334
50.29,36.28731,0.0419,119.4447,2.793334,0.0419,2.793334
50.3,36.29049,0.0419,119.4552,2.793334,0.0419,2.793334
50.31,36.30638,0.0419,119.5075,2.793334,0.0419,2.793334
50.32,36.31433,0.04193334,119.5337,2.795556,0.04193334,2.795556
50.33,36.30797,0.04193334,119.5127,2.795556,0.04193334,2.795556
50.34,36.30797,0.04193334,119.5127,2.795556,0.04193334,2.795556
50.35,36.32228,0.04193334,119.5598,2.795556,0.04193334,2.795556
50.36,36.33499,0.04196667,119.6017,2.797778,0.04196667,2.797778
50.37,36.33976,0.04196667,119.6174,2.797778,0.04196667,2.797778
50.38,36.34453,0.04196667,119.6331,2.797778,0.04196667,2.797778
50.39,36.35247,0.04196667,119.6592,2.797778,0.04196667,2.797778
50.4,36.36042,0.042,119.6854,2.8,0.042,2.8
50.41,36.36519,0.042,119.7011,2.8,0.042,2.8
50.42,36.37632,0.042,119.7377,2.8,0.042,2.8
50.43,36.39698,0.042,119.8057,2.8,0.042,2.8
50.44,36.41764,0.04203333,119.8737,2.802222,0.04203333,2.802222
50.45,36.42559,0.04203333,119.8999,2.802222,0.04203333,2.802222
50.46,36.41446,0.04203333,119.8633,2.802222,0.04203333,2.802222
50.47,36.40016,0.04203333,119.8162,2.802222,0.04203333,2.802222
50.48,36.39221,0.04206667,119.79,2.804445,0.04206667,2.804445
50.49,36.40016,0.04206667,119.8162,2.804445,0.04206667,2.804445
50.5,36.41764,0.04206667,119.8737,2.804445,0.04206667,2.804445
50.51,36.43354,0.04206667,119.926,2.804445,0.04206667,2.804445
50.52,36.4383,0.0421,119.9417,2.806667,0.0421,2.806667
50.53,36.43036,0.0421,119.9156,2.806667,0.0421,2.806667
50.54,36.42082,0.0421,119.8842,2.806667,0.0421,2.806667
50.55,36.42559,0.0421,119.8999,2.806667,0.0421,2.806667
50.56,36.44149,0.04213334,119.9522,2.808889,0.04213334,2.808889
50.57,36.45738,0.04213334,120.0045,2.808889,0.04213334,2.808889
50.58,36.4701,0.04213334,120.0464,2.808889,0.04213334,2.808889
50.59,36.47963,0.04213334,120.0778,2.808889,0.04213334,2.808889
50.6,36.49553,0.04216667,120.1301,2.811111,0.04216667,2.811111
50.61,36.50824,0.04216667,120.172,2.811111,0.04216667,2.811111
50.62,36.50824,0.04216667,120.172,2.811111,0.04216667,2.811111
50.63,36.49871,0.04216667,120.1406,2.811111,0.04216667,2.811111
50.64,36.48758,0.0422,120.1039,2.813333,0.0422,2.813333
50.65,36.48281,0.0422,120.0882,2.813333,0.0422,2.813333
50.66,36.48281,0.0422,120.0882,2.813333,0.0422,2.813333
50.67,36.49394,0.0422,120.1249,2.813333,0.0422,2.813333
50.68,36.50029,0.04223333,120.1458,2.815556,0.04223333,2.815556
50.69,36.5146,0.04223333,120.1929,2.815556,0.04223333,2.815556
50.7,36.52732,0.04223333,120.2347,2.815556,0.04223333,2.815556
50.71,36.53209,0.04223333,120.2504,2.815556,0.04223333,2.815556
50.72,36.53209,0.04226667,120.2504,2.817778,0.04226667,2.817778
50.73,36.53209,0.04226667,120.2504,2.817778,0.04226667,2.817778
50.74,36.53526,0.04226667,120.2609,2.817778,0.04226667,2.817778
50.75,36.54798,0.04226667,120.3027,2.817778,0.04226667,2.817778
50.76,36.56546,0.0423,120.3603,2.82,0.0423,2.82
50.77,36.57341,0.0423,120.3865,2.82,0.0423,2.82
50.78,36.56387,0.0423,120.3551,2.82,0.0423,2.82
50.79,36.55593,0.0423,120.3289,2.82,0.0423,2.82
50.8,36.55275,0.04233333,120.3184,2.822222,0.04233333,2.822222
50.81,36.55593,0.04233333,120.3289,2.822222,0.04233333,2.822222
50.82,36.55593,0.04233333,120.3289,2.822222,0.04233333,2.822222
50.83,36.56387,0.04233333,120.3551,2.822222,0.04233333,2.822222
50.84,36.57341,0.04236667,120.3865,2.824445,0.04236667,2.824445
50.85,36.57977,0.04236667,120.4074,2.824445,0.04236667,2.824445
50.86,36.58454,0.04236667,120.4231,2.824445,0.04236667,2.824445
50.87,36.59407,0.04236667,120.4545,2.824445,0.04236667,2.824445
50.88,36.6052,0.0424,120.4911,2.826667,0.0424,2.826667
50.89,36.61315,0.0424,120.5173,2.826667,0.0424,2.826667
50.9,36.61792,0.0424,120.533,2.826667,0.0424,2.826667
50.91,36.62109,0.0424,120.5434,2.826667,0.0424,2.826667
50.92,36.61792,0.04243333,120.533,2.828889,0.04243333,2.828889
50.93,36.61473,0.04243333,120.5225,2.828889,0.04243333,2.828889
50.94,36.61792,0.04243333,120.533,2.828889,0.04243333,2.828889
50.95,36.62586,0.04243333,120.5591,2.828889,0.04243333,2.828889
50.96,36.64176,0.04246667,120.6114,2.831111,0.04246667,2.831111
50.97,36.66242,0.04246667,120.6795,2.831111,0.04246667,2.831111
50.98,36.67831,0.04246667,120.7318,2.831111,0.04246667,2.831111
50.99,36.67831,0.04246667,120.7318,2.831111,0.04246667,2.831111
51.0,36.66242,0.0425,120.6795,2.833333,0.0425,2.833333
51.01,36.64176,0.0425,120.6114,2.833333,0.0425,2.833333
51.02,36.62268,0.0425,120.5487,2.833333,0.0425,2.833333
51.03,36.62109,0.0425,120.5434,2.833333,0.0425,2.833333
51.04,36.63699,0.04253333,120.5957,2.835556,0.04253333,2.835556
51.05,36.66242,0.04253333,120.6795,2.835556,0.04253333,2.835556
51.06,36.68308,0.04253333,120.7475,2.835556,0.04253333,2.835556
51.07,36.68785,0.04253333,120.7632,2.835556,0.04253333,2.835556
51.08,36.68626,0.04256667,120.7579,2.837778,0.04256667,2.837778
51.09,36.69421,0.04256667,120.7841,2.837778,0.04256667,2.837778
51.1,36.71169,0.04256667,120.8416,2.837778,0.04256667,2.837778
51.11,36.72282,0.04256667,120.8783,2.837778,0.04256667,2.837778
51.12,36.72759,0.0426,120.894,2.84,0.0426,2.84
51.13,36.72759,0.0426,120.894,2.84,0.0426,2.84
51.14,36.72441,0.0426,120.8835,2.84,0.0426,2.84
51.15,36.73236,0.0426,120.9097,2.84,0.0426,2.84
51.16,36.75143,0.04263333,120.9724,2.842222,0.04263333,2.842222
51.17,36.76414,0.04263333,121.0143,2.842222,0.04263333,2.842222
51.18,36.76574,0.04263333,121.0195,2.842222,0.04263333,2.842222
51.19,36.75938,0.04263333,120.9986,2.842222,0.04263333,2.842222
51.2,36.75302,0.04266667,120.9777,2.844445,0.04266667,2.844445
51.21,36.7562,0.04266667,120.9881,2.844445,0.04266667,2.844445
51.22,36.77209,0.04266667,121.0405,2.844445,0.04266667,2.844445
51.23,36.78481,0.04266667,121.0823,2.844445,0.04266667,2.844445
51.24,36.78004,0.0427,121.0666,2.846667,0.0427,2.846667
51.25,36.76414,0.0427,121.0143,2.846667,0.0427,2.846667
51.26,36.75143,0.0427,120.9724,2.846667,0.0427,2.846667
51.27,36.75938,0.0427,120.9986,2.846667,0.0427,2.846667
51.28,36.78163,0.04273333,121.0718,2.848889,0.04273333,2.848889
51.29,36.80547,0.04273333,121.1503,2.848889,0.04273333,2.848889
51.3,36.8166,0.04273333,121.187,2.848889,0.04273333,2.848889
51.31,36.81819,0.04273333,121.1922,2.848889,0.04273333,2.848889
51.32,36.82296,0.04276667,121.2079,2.851111,0.04276667,2.851111
51.33,36.8309,0.04276667,121.234,2.851111,0.04276667,2.851111
51.34,36.84203,0.04276667,121.2707,2.851111,0.04276667,2.851111
51.35,36.85474,0.04276667,121.3125,2.851111,0.04276667,2.851111
51.36,36.86746,0.0428,121.3544,2.853333,0.0428,2.853333
51.37,36.86746,0.0428,121.3544,2.853333,0.0428,2.853333
51.38,36.84998,0.0428,121.2968,2.853333,0.0428,2.853333
51.39,36.82613,0.0428,121.2183,2.853333,0.0428,2.853333
51.4,36.8166,0.04283333,121.187,2.855556,0.04283333,2.855556
51.41,36.82137,0.04283333,121.2026,2.855556,0.04283333,2.855556
51.42,36.84203,0.04283333,121.2707,2.855556,0.04283333,2.855556
51.43,36.86269,0.04283333,121.3387,2.855556,0.04283333,2.855556
51.44,36.87064,0.04286667,121.3648,2.857778,0.04286667,2.857778
51.45,36.87064,0.04286667,121.3648,2.857778,0.04286667,2.857778
51.46,36.88018,0.04286667,121.3962,2.857778,0.04286667,2.857778
51.47,36.90402,0.04286667,121.4747,2.857778,0.04286667,2.857778
51.48,36.92468,0.0429,121.5427,2.86,0.0429,2.86
51.49,36.92786,0.0429,121.5532,2.86,0.0429,2.86
51.5,36.91991,0.0429,121.527,2.86,0.0429,2.86
51.51,36.91673,0.0429,121.5166,2.86,0.0429,2.86
51.52,36.91991,0.04293333,121.527,2.862222,0.04293333,2.862222
51.53,36.92468,0.04293333,121.5427,2.862222,0.04293333,2.862222
51.54,36.92468,0.04293333,121.5427,2.862222,0.04293333,2.862222
51.55,36.93104,0.04293333,121.5636,2.862222,0.04293333,2.862222
51.56,36.94375,0.04296667,121.6055,2.864444,0.04296667,2.864444
51.57,36.95965,0.04296667,121.6578,2.864444,0.04296667,2.864444
51.58,36.96918,0.04296667,121.6892,2.864444,0.04296667,2.864444
51.59,36.97236,0.04296667,121.6997,2.864444,0.04296667,2.864444
51.6,36.96918,0.043,121.6892,2.866667,0.043,2.866667
51.61,36.96442,0.043,121.6735,2.866667,0.043,2.866667
51.62,36.96124,0.043,121.6631,2.866667,0.043,2.866667
51.63,36.96124,0.043,121.6631,2.866667,0.043,2.866667
51.64,36.95647,0.04303334,121.6474,2.868889,0.04303334,2.868889
51.65,36.96442,0.04303334,121.6735,2.868889,0.04303334,2.868889
51.66,36.98826,0.04303334,121.752,2.868889,0.04303334,2.868889
51.67,37.01687,0.04303334,121.8462,2.868889,0.04303334,2.868889
51.68,37.02958,0.04306667,121.888,2.871111,0.04306667,2.871111
51.69,37.01687,0.04306667,121.8462,2.871111,0.04306667,2.871111
51.7,36.9978,0.04306667,121.7834,2.871111,0.04306667,2.871111
51.71,36.98985,0.04306667,121.7572,2.871111,0.04306667,2.871111
51.72,37.00574,0.0431,121.8095,2.873333,0.0431,2.873333
51.73,37.02958,0.0431,121.888,2.873333,0.0431,2.873333
51.74,37.05025,0.0431,121.956,2.873333,0.0431,2.873333
51.75,37.05978,0.0431,121.9874,2.873333,0.0431,2.873333
51.76,37.05978,0.04313333,121.9874,2.875556,0.04313333,2.875556
51.77,37.05184,0.04313333,121.9613,2.875556,0.04313333,2.875556
51.78,37.0423,0.04313333,121.9299,2.875556,0.04313333,2.875556
51.79,37.04707,0.04313333,121.9456,2.875556,0.04313333,2.875556
51.8,37.07091,0.04316667,122.0241,2.877778,0.04316667,2.877778
51.81,37.09952,0.04316667,122.1182,2.877778,0.04316667,2.877778
51.82,37.11224,0.04316667,122.1601,2.877778,0.04316667,2.877778
51.83,37.10429,0.04316667,122.1339,2.877778,0.04316667,2.877778
51.84,37.08839,0.0432,122.0816,2.88,0.0432,2.88
51.85,37.07568,0.0432,122.0398,2.88,0.0432,2.88
51.86,37.06773,0.0432,122.0136,2.88,0.0432,2.88
51.87,37.08045,0.0432,122.0555,2.88,0.0432,2.88
51.88,37.11541,0.04323334,122.1705,2.882222,0.04323334,2.882222
51.89,37.14561,0.04323334,122.27,2.882222,0.04323334,2.882222
51.9,37.15356,0.04323334,122.2961,2.882222,0.04323334,2.882222
51.91,37.14085,0.04323334,122.2543,2.882222,0.04323334,2.882222
51.92,37.13131,0.04326667,122.2229,2.884445,0.04326667,2.884445
51.93,37.12813,0.04326667,122.2124,2.884445,0.04326667,2.884445
51.94,37.13926,0.04326667,122.249,2.884445,0.04326667,2.884445
51.95,37.15197,0.04326667,122.2909,2.884445,0.04326667,2.884445
51.96,37.16787,0.0433,122.3432,2.886667,0.0433,2.886667
51.97,37.1774,0.0433,122.3746,2.886667,0.0433,2.886667
51.98,37.18217,0.0433,122.3903,2.886667,0.0433,2.886667
51.99,37.18535,0.0433,122.4008,2.886667,0.0433,2.886667
52.0,37.18535,0.04333333,122.4008,2.888889,0.04333333,2.888889
52.01,37.18217,0.04333333,122.3903,2.888889,0.04333333,2.888889
52.02,37.18535,0.04333333,122.4008,2.888889,0.04333333,2.888889
52.03,37.1933,0.04333333,122.4269,2.888889,0.04333333,2.888889
52.04,37.20919,0.04336667,122.4792,2.891111,0.04336667,2.891111
52.05,37.21873,0.04336667,122.5106,2.891111,0.04336667,2.891111
52.06,37.22191,0.04336667,122.5211,2.891111,0.04336667,2.891111
52.07,37.21873,0.04336667,122.5106,2.891111,0.04336667,2.891111
52.08,37.21078,0.0434,122.4845,2.893333,0.0434,2.893333
52.09,37.20284,0.0434,122.4583,2.893333,0.0434,2.893333
52.1,37.19648,0.0434,122.4374,2.893333,0.0434,2.893333
52.11,37.1933,0.0434,122.4269,2.893333,0.0434,2.893333
52.12,37.20919,0.04343333,122.4792,2.895556,0.04343333,2.895556
52.13,37.23462,0.04343333,122.5629,2.895556,0.04343333,2.895556
52.14,37.25529,0.04343333,122.631,2.895556,0.04343333,2.895556
52.15,37.25846,0.04343333,122.6414,2.895556,0.04343333,2.895556
52.16,37.25052,0.04346667,122.6153,2.897778,0.04346667,2.897778
52.17,37.24257,0.04346667,122.5891,2.897778,0.04346667,2.897778
52.18,37.24575,0.04346667,122.5996,2.897778,0.04346667,2.897778
52.19,37.25846,0.04346667,122.6414,2.897778,0.04346667,2.897778
52.2,37.27595,0.0435,122.699,2.9,0.0435,2.9
52.21,37.29184,0.0435,122.7513,2.9,0.0435,2.9
52.22,37.30774,0.0435,122.8036,2.9,0.0435,2.9
52.23,37.31569,0.0435,122.8298,2.9,0.0435,2.9
52.24,37.31569,0.04353333,122.8298,2.902222,0.04353333,2.902222
52.25,37.32045,0.04353333,122.8455,2.902222,0.04353333,2.902222
52.26,37.32522,0.04353333,122.8612,2.902222,0.04353333,2.902222
52.27,37.31728,0.04353333,122.835,2.902222,0.04353333,2.902222
52.28,37.31092,0.04356667,122.8141,2.904444,0.04356667,2.904444
52.29,37.31569,0.04356667,122.8298,2.904444,0.04356667,2.904444
52.3,37.3284,0.04356667,122.8716,2.904444,0.04356667,2.904444
52.31,37.33317,0.04356667,122.8873,2.904444,0.04356667,2.904444
52.32,37.33158,0.0436,122.8821,2.906667,0.0436,2.906667
52.33,37.33635,0.0436,122.8978,2.906667,0.0436,2.906667
52.34,37.35225,0.0436,122.9501,2.906667,0.0436,2.906667
52.35,37.36496,0.0436,122.992,2.906667,0.0436,2.906667
52.36,37.36973,0.04363333,123.0077,2.908889,0.04363333,2.908889
52.37,37.36496,0.04363333,122.992,2.908889,0.04363333,2.908889
52.38,37.36019,0.04363333,122.9763,2.908889,0.04363333,2.908889
52.39,37.36814,0.04363333,123.0024,2.908889,0.04363333,2.908889
52.4,37.3745,0.04366667,123.0234,2.911111,0.04366667,2.911111
52.41,37.37291,0.04366667,123.0181,2.911111,0.04366667,2.911111
52.42,37.36496,0.04366667,122.992,2.911111,0.04366667,2.911111
52.43,37.36814,0.04366667,123.0024,2.911111,0.04366667,2.911111
52.44,37.3745,0.0437,123.0234,2.913333,0.0437,2.913333
52.45,37.38244,0.0437,123.0495,2.913333,0.0437,2.913333
52.46,37.39357,0.0437,123.0861,2.913333,0.0437,2.913333
52.47,37.40628,0.0437,123.128,2.913333,0.0437,2.913333
52.48,37.419,0.04373333,123.1699,2.915555,0.04373333,2.915555
52.49,37.42536,0.04373333,123.1908,2.915555,0.04373333,2.915555
52.5,37.42536,0.04373333,123.1908,2.915555,0.04373333,2.915555
52.51,37.42218,0.04373333,123.1803,2.915555,0.04373333,2.915555
52.52,37.41741,0.04376667,123.1646,2.917778,0.04376667,2.917778
52.53,37.41741,0.04376667,123.1646,2.917778,0.04376667,2.917778
52.54,37.43013,0.04376667,123.2065,2.917778,0.04376667,2.917778
52.55,37.45397,0.04376667,123.2849,2.917778,0.04376667,2.917778
52.56,37.4794,0.0438,123.3687,2.92,0.0438,2.92
52.57,37.4953,0.0438,123.421,2.92,0.0438,2.92
52.58,37.50324,0.0438,123.4471,2.92,0.0438,2.92
52.59,37.51278,0.0438,123.4785,2.92,0.0438,2.92
52.6,37.52391,0.04383333,123.5152,2.922222,0.04383333,2.922222
52.61,37.53344,0.04383333,123.5465,2.922222,0.04383333,2.922222
52.62,37.54775,0.04383333,123.5936,2.922222,0.04383333,2.922222
52.63,37.56523,0.04383333,123.6512,2.922222,0.04383333,2.922222
52.64,37.58907,0.04386667,123.7297,2.924444,0.04386667,2.924444
52.65,37.59384,0.04386667,123.7454,2.924444,0.04386667,2.924444
52.66,37.58113,0.04386667,123.7035,2.924444,0.04386667,2.924444
52.67,37.56841,0.04386667,123.6616,2.924444,0.04386667,2.924444
52.68,37.56205,0.0439,123.6407,2.926667,0.0439,2.926667
52.69,37.55729,0.0439,123.625,2.926667,0.0439,2.926667
52.7,37.56205,0.0439,123.6407,2.926667,0.0439,2.926667
52.71,37.57,0.0439,123.6669,2.926667,0.0439,2.926667
52.72,37.57795,0.04393333,123.693,2.928889,0.04393333,2.928889
52.73,37.5859,0.04393333,123.7192,2.928889,0.04393333,2.928889
52.74,37.60974,0.04393333,123.7977,2.928889,0.04393333,2.928889
52.75,37.63993,0.04393333,123.8971,2.928889,0.04393333,2.928889
52.76,37.66219,0.04396667,123.9703,2.931111,0.04396667,2.931111
52.77,37.65901,0.04396667,123.9599,2.931111,0.04396667,2.931111
52.78,37.63517,0.04396667,123.8814,2.931111,0.04396667,2.931111
52.79,37.61132,0.04396667,123.8029,2.931111,0.04396667,2.931111
52.8,37.59702,0.044,123.7558,2.933333,0.044,2.933333
52.81,37.59861,0.044,123.7611,2.933333,0.044,2.933333
52.82,37.61132,0.044,123.8029,2.933333,0.044,2.933333
52.83,37.61927,0.044,123.8291,2.933333,0.044,2.933333
52.84,37.61927,0.04403333,123.8291,2.935555,0.04403333,2.935555
52.85,37.62563,0.04403333,123.85,2.935555,0.04403333,2.935555
52.86,37.63993,0.04403333,123.8971,2.935555,0.04403333,2.935555
52.87,37.66378,0.04403333,123.9756,2.935555,0.04403333,2.935555
52.88,37.68444,0.04406667,124.0436,2.937778,0.04406667,2.937778
52.89,37.68444,0.04406667,124.0436,2.937778,0.04406667,2.937778
52.9,37.67173,0.04406667,124.0017,2.937778,0.04406667,2.937778
52.91,37.66696,0.04406667,123.986,2.937778,0.04406667,2.937778
52.92,37.67649,0.0441,124.0174,2.94,0.0441,2.94
52.93,37.69715,0.0441,124.0854,2.94,0.0441,2.94
52.94,37.71305,0.0441,124.1377,2.94,0.0441,2.94
52.95,37.71941,0.0441,124.1587,2.94,0.0441,2.94
52.96,37.71623,0.04413334,124.1482,2.942222,0.04413334,2.942222
52.97,37.71623,0.04413334,124.1482,2.942222,0.04413334,2.942222
52.98,37.71305,0.04413334,124.1377,2.942222,0.04413334,2.942222
52.99,37.70828,0.04413334,124.1221,2.942222,0.04413334,2.942222
53.0,37.71305,0.04416667,124.1377,2.944444,0.04416667,2.944444
53.01,37.72577,0.04416667,124.1796,2.944444,0.04416667,2.944444
53.02,37.73689,0.04416667,124.2162,2.944444,0.04416667,2.944444
53.03,37.74166,0.04416667,124.2319,2.944444,0.04416667,2.944444
53.04,37.74484,0.0442,124.2424,2.946667,0.0442,2.946667
53.05,37.74484,0.0442,124.2424,2.946667,0.0442,2.946667
53.06,37.75438,0.0442,124.2738,2.946667,0.0442,2.946667
53.07,37.7655,0.0442,124.3104,2.946667,0.0442,2.946667
53.08,37.77027,0.04423333,124.3261,2.948889,0.04423333,2.948889
53.09,37.77027,0.04423333,124.3261,2.948889,0.04423333,2.948889
53.1,37.77345,0.04423333,124.3366,2.948889,0.04423333,2.948889
53.11,37.78617,0.04423333,124.3784,2.948889,0.04423333,2.948889
53.12,37.81001,0.04426667,124.4569,2.951111,0.04426667,2.951111
53.13,37.83385,0.04426667,124.5354,2.951111,0.04426667,2.951111
53.14,37.84657,0.04426667,124.5772,2.951111,0.04426667,2.951111
53.15,37.84816,0.04426667,124.5825,2.951111,0.04426667,2.951111
53.16,37.84021,0.0443,124.5563,2.953333,0.0443,2.953333
53.17,37.83385,0.0443,124.5354,2.953333,0.0443,2.953333
53.18,37.81955,0.0443,124.4883,2.953333,0.0443,2.953333
53.19,37.81001,0.0443,124.4569,2.953333,0.0443,2.953333
53.2,37.80206,0.04433334,124.4307,2.955556,0.04433334,2.955556
53.21,37.80524,0.04433334,124.4412,2.955556,0.04433334,2.955556
53.22,37.81478,0.04433334,124.4726,2.955556,0.04433334,2.955556
53.23,37.82749,0.04433334,124.5145,2.955556,0.04433334,2.955556
53.24,37.84021,0.04436667,124.5563,2.957778,0.04436667,2.957778
53.25,37.85451,0.04436667,124.6034,2.957778,0.04436667,2.957778
53.26,37.86405,0.04436667,124.6348,2.957778,0.04436667,2.957778
53.27,37.86882,0.04436667,124.6505,2.957778,0.04436667,2.957778
53.28,37.86882,0.0444,124.6505,2.96,0.0444,2.96
53.29,37.86882,0.0444,124.6505,2.96,0.0444,2.96
53.3,37.86405,0.0444,124.6348,2.96,0.0444,2.96
53.31,37.86405,0.0444,124.6348,2.96,0.0444,2.96
53.32,37.86723,0.04443333,124.6452,2.962222,0.04443333,2.962222
53.33,37.87677,0.04443333,124.6766,2.962222,0.04443333,2.962222
53.34,37.88789,0.04443333,124.7133,2.962222,0.04443333,2.962222
53.35,37.90061,0.04443333,124.7551,2.962222,0.04443333,2.962222
53.36,37.91332,0.04446667,124.797,2.964444,0.04446667,2.964444
53.37,37.92922,0.04446667,124.8493,2.964444,0.04446667,2.964444
53.38,37.94034,0.04446667,124.8859,2.964444,0.04446667,2.964444
53.39,37.94829,0.04446667,124.9121,2.964444,0.04446667,2.964444
53.4,37.95624,0.0445,124.9382,2.966667,0.0445,2.966667
53.41,37.96577,0.0445,124.9696,2.966667,0.0445,2.966667
53.42,37.96895,0.0445,124.9801,2.966667,0.0445,2.966667
53.43,37.95783,0.0445,124.9435,2.966667,0.0445,2.966667
53.44,37.94988,0.04453333,124.9173,2.968889,0.04453333,2.968889
53.45,37.94511,0.04453333,124.9016,2.968889,0.04453333,2.968889
53.46,37.94988,0.04453333,124.9173,2.968889,0.04453333,2.968889
53.47,37.95783,0.04453333,124.9435,2.968889,0.04453333,2.968889
53.48,37.96101,0.04456667,124.9539,2.971111,0.04456667,2.971111
53.49,37.95624,0.04456667,124.9382,2.971111,0.04456667,2.971111
53.5,37.95624,0.04456667,124.9382,2.971111,0.04456667,2.971111
53.51,37.9769,0.04456667,125.0063,2.971111,0.04456667,2.971111
53.52,37.99915,0.0446,125.0795,2.973333,0.0446,2.973333
53.53,38.00233,0.0446,125.09,2.973333,0.0446,2.973333
53.54,37.99438,0.0446,125.0638,2.973333,0.0446,2.973333
53.55,37.98962,0.0446,125.0481,2.973333,0.0446,2.973333
53.56,37.98485,0.04463333,125.0324,2.975555,0.04463333,2.975555
53.57,37.97849,0.04463333,125.0115,2.975555,0.04463333,2.975555
53.58,37.98644,0.04463333,125.0376,2.975555,0.04463333,2.975555
53.59,37.99915,0.04463333,125.0795,2.975555,0.04463333,2.975555
53.6,38.01346,0.04466667,125.1266,2.977778,0.04466667,2.977778
53.61,38.01505,0.04466667,125.1318,2.977778,0.04466667,2.977778
53.62,38.01346,0.04466667,125.1266,2.977778,0.04466667,2.977778
53.63,38.01823,0.04466667,125.1423,2.977778,0.04466667,2.977778
53.64,38.03412,0.0447,125.1946,2.98,0.0447,2.98
53.65,38.05478,0.0447,125.2626,2.98,0.0447,2.98
53.66,38.07704,0.0447,125.3359,2.98,0.0447,2.98
53.67,38.08816,0.0447,125.3725,2.98,0.0447,2.98
53.68,38.08339,0.04473333,125.3568,2.982222,0.04473333,2.982222
53.69,38.05637,0.04473333,125.2678,2.982222,0.04473333,2.982222
53.7,38.03889,0.04473333,125.2103,2.982222,0.04473333,2.982222
53.71,38.04207,0.04473333,125.2208,2.982222,0.04473333,2.982222
53.72,38.04843,0.04476667,125.2417,2.984445,0.04476667,2.984445
53.73,38.05161,0.04476667,125.2522,2.984445,0.04476667,2.984445
53.74,38.05161,0.04476667,125.2522,2.984445,0.04476667,2.984445
53.75,38.0675,0.04476667,125.3045,2.984445,0.04476667,2.984445
53.76,38.09611,0.0448,125.3987,2.986667,0.0448,2.986667
53.77,38.11359,0.0448,125.4562,2.986667,0.0448,2.986667
53.78,38.11677,0.0448,125.4667,2.986667,0.0448,2.986667
53.79,38.11995,0.0448,125.4771,2.986667,0.0448,2.986667
53.8,38.13267,0.04483333,125.519,2.988889,0.04483333,2.988889
53.81,38.15651,0.04483333,125.5975,2.988889,0.04483333,2.988889
53.82,38.17399,0.04483333,125.655,2.988889,0.04483333,2.988889
53.83,38.18512,0.04483333,125.6916,2.988889,0.04483333,2.988889
53.84,38.18194,0.04486667,125.6812,2.991111,0.04486667,2.991111
53.85,38.17717,0.04486667,125.6655,2.991111,0.04486667,2.991111
53.86,38.18194,0.04486667,125.6812,2.991111,0.04486667,2.991111
53.87,38.19783,0.04486667,125.7335,2.991111,0.04486667,2.991111
53.88,38.21373,0.0449,125.7858,2.993333,0.0449,2.993333
53.89,38.21532,0.0449,125.791,2.993333,0.0449,2.993333
53.9,38.2185,0.0449,125.8015,2.993333,0.0449,2.993333
53.91,38.2185,0.0449,125.8015,2.993333,0.0449,2.993333
53.92,38.21532,0.04493333,125.791,2.995556,0.04493333,2.995556
53.93,38.20737,0.04493333,125.7649,2.995556,0.04493333,2.995556
53.94,38.19148,0.04493333,125.7126,2.995556,0.04493333,2.995556
53.95,38.18671,0.04493333,125.6969,2.995556,0.04493333,2.995556
53.96,38.19783,0.04496667,125.7335,2.997778,0.04496667,2.997778
53.97,38.2185,0.04496667,125.8015,2.997778,0.04496667,2.997778
53.98,38.23121,0.04496667,125.8434,2.997778,0.04496667,2.997778
53.99,38.23916,0.04496667,125.8695,2.997778,0.04496667,2.997778
54.0,38.24711,0.045,125.8957,3.0,0.045,3.0
54.01,38.25505,0.045,125.9218,3.0,0.045,3.0
54.02,38.25982,0.045,125.9375,3.0,0.045,3.0
54.03,38.26777,0.045,125.9637,3.0,0.045,3.0
54.04,38.27572,0.04503334,125.9899,3.002222,0.04503334,3.002222
54.05,38.27572,0.04503334,125.9899,3.002222,0.04503334,3.002222
54.06,38.27095,0.04503334,125.9742,3.002222,0.04503334,3.002222
54.07,38.27095,0.04503334,125.9742,3.002222,0.04503334,3.002222
54.08,38.27254,0.04506667,125.9794,3.004444,0.04506667,3.004444
54.09,38.27572,0.04506667,125.9899,3.004444,0.04506667,3.004444
54.1,38.28049,0.04506667,126.0055,3.004444,0.04506667,3.004444
54.11,38.28049,0.04506667,126.0055,3.004444,0.04506667,3.004444
54.12,38.27572,0.0451,125.9899,3.006667,0.0451,3.006667
54.13,38.27572,0.0451,125.9899,3.006667,0.0451,3.006667
54.14,38.28049,0.0451,126.0055,3.006667,0.0451,3.006667
54.15,38.28843,0.0451,126.0317,3.006667,0.0451,3.006667
54.16,38.30115,0.04513333,126.0736,3.008889,0.04513333,3.008889
54.17,38.31227,0.04513333,126.1102,3.008889,0.04513333,3.008889
54.18,38.31387,0.04513333,126.1154,3.008889,0.04513333,3.008889
54.19,38.3091,0.04513333,126.0997,3.008889,0.04513333,3.008889
54.2,38.3091,0.04516667,126.0997,3.011111,0.04516667,3.011111
54.21,38.32022,0.04516667,126.1363,3.011111,0.04516667,3.011111
54.22,38.33294,0.04516667,126.1782,3.011111,0.04516667,3.011111
54.23,38.34248,0.04516667,126.2096,3.011111,0.04516667,3.011111
54.24,38.34565,0.0452,126.22,3.013333,0.0452,3.013333
54.25,38.34089,0.0452,126.2044,3.013333,0.0452,3.013333
54.26,38.33294,0.0452,126.1782,3.013333,0.0452,3.013333
54.27,38.32817,0.0452,126.1625,3.013333,0.0452,3.013333
54.28,38.33294,0.04523334,126.1782,3.015556,0.04523334,3.015556
54.29,38.34089,0.04523334,126.2044,3.015556,0.04523334,3.015556
54.3,38.34248,0.04523334,126.2096,3.015556,0.04523334,3.015556
54.31,38.34883,0.04523334,126.2305,3.015556,0.04523334,3.015556
54.32,38.36632,0.04526667,126.2881,3.017778,0.04526667,3.017778
54.33,38.38221,0.04526667,126.3404,3.017778,0.04526667,3.017778
54.34,38.38698,0.04526667,126.3561,3.017778,0.04526667,3.017778
54.35,38.38698,0.04526667,126.3561,3.017778,0.04526667,3.017778
54.36,38.39811,0.0453,126.3927,3.02,0.0453,3.02
54.37,38.41082,0.0453,126.4346,3.02,0.0453,3.02
54.38,38.41877,0.0453,126.4607,3.02,0.0453,3.02
54.39,38.41877,0.0453,126.4607,3.02,0.0453,3.02
54.4,38.42354,0.04533333,126.4764,3.022222,0.04533333,3.022222
54.41,38.43625,0.04533333,126.5183,3.022222,0.04533333,3.022222
54.42,38.45056,0.04533333,126.5654,3.022222,0.04533333,3.022222
54.43,38.46009,0.04533333,126.5967,3.022222,0.04533333,3.022222
54.44,38.46009,0.04536667,126.5967,3.024445,0.04536667,3.024445
54.45,38.45533,0.04536667,126.5811,3.024445,0.04536667,3.024445
54.46,38.45215,0.04536667,126.5706,3.024445,0.04536667,3.024445
54.47,38.45533,0.04536667,126.5811,3.024445,0.04536667,3.024445
54.48,38.46328,0.0454,126.6072,3.026667,0.0454,3.026667
54.49,38.48076,0.0454,126.6648,3.026667,0.0454,3.026667
54.5,38.50778,0.0454,126.7537,3.026667,0.0454,3.026667
54.51,38.52844,0.0454,126.8217,3.026667,0.0454,3.026667
54.52,38.52844,0.04543334,126.8217,3.028889,0.04543334,3.028889
54.53,38.51414,0.04543334,126.7746,3.028889,0.04543334,3.028889
54.54,38.50778,0.04543334,126.7537,3.028889,0.04543334,3.028889
54.55,38.51731,0.04543334,126.7851,3.028889,0.04543334,3.028889
54.56,38.53639,0.04546667,126.8479,3.031111,0.04546667,3.031111
54.57,38.54275,0.04546667,126.8688,3.031111,0.04546667,3.031111
54.58,38.53798,0.04546667,126.8531,3.031111,0.04546667,3.031111
54.59,38.53321,0.04546667,126.8374,3.031111,0.04546667,3.031111
54.6,38.53639,0.0455,126.8479,3.033333,0.0455,3.033333
54.61,38.54593,0.0455,126.8793,3.033333,0.0455,3.033333
54.62,38.55705,0.0455,126.9159,3.033333,0.0455,3.033333
54.63,38.55387,0.0455,126.9054,3.033333,0.0455,3.033333
54.64,38.55069,0.04553333,126.895,3.035556,0.04553333,3.035556
54.65,38.56182,0.04553333,126.9316,3.035556,0.04553333,3.035556
54.66,38.57454,0.04553333,126.9734,3.035556,0.04553333,3.035556
54.67,38.57772,0.04553333,126.9839,3.035556,0.04553333,3.035556
54.68,38.57136,0.04556667,126.963,3.037778,0.04556667,3.037778
54.69,38.565,0.04556667,126.9421,3.037778,0.04556667,3.037778
54.7,38.55864,0.04556667,126.9211,3.037778,0.04556667,3.037778
54.71,38.56659,0.04556667,126.9473,3.037778,0.04556667,3.037778
54.72,38.5793,0.0456,126.9891,3.04,0.0456,3.04
54.73,38.59361,0.0456,127.0362,3.04,0.0456,3.04
54.74,38.60791,0.0456,127.0833,3.04,0.0456,3.04
54.75,38.62381,0.0456,127.1356,3.04,0.0456,3.04
54.76,38.63176,0.04563333,127.1618,3.042222,0.04563333,3.042222
54.77,38.61586,0.04563333,127.1095,3.042222,0.04563333,3.042222
54.78,38.59997,0.04563333,127.0572,3.042222,0.04563333,3.042222
54.79,38.59997,0.04563333,127.0572,3.042222,0.04563333,3.042222
54.8,38.61586,0.04566667,127.1095,3.044445,0.04566667,3.044445
54.81,38.62699,0.04566667,127.1461,3.044445,0.04566667,3.044445
54.82,38.62699,0.04566667,127.1461,3.044445,0.04566667,3.044445
54.83,38.62699,0.04566667,127.1461,3.044445,0.04566667,3.044445
54.84,38.62858,0.0457,127.1513,3.046667,0.0457,3.046667
54.85,38.63652,0.0457,127.1775,3.046667,0.0457,3.046667
54.86,38.65719,0.0457,127.2455,3.046667,0.0457,3.046667
54.87,38.67944,0.0457,127.3188,3.046667,0.0457,3.046667
54.88,38.68739,0.04573333,127.3449,3.048889,0.04573333,3.048889
54.89,38.67944,0.04573333,127.3188,3.048889,0.04573333,3.048889
54.9,38.66513,0.04573333,127.2717,3.048889,0.04573333,3.048889
54.91,38.66513,0.04573333,127.2717,3.048889,0.04573333,3.048889
54.92,38.67308,0.04576667,127.2978,3.051111,0.04576667,3.051111
54.93,38.67944,0.04576667,127.3188,3.051111,0.04576667,3.051111
54.94,38.67944,0.04576667,127.3188,3.051111,0.04576667,3.051111
54.95,38.68103,0.04576667,127.324,3.051111,0.04576667,3.051111
54.96,38.68898,0.0458,127.3501,3.053333,0.0458,3.053333
54.97,38.7001,0.0458,127.3868,3.053333,0.0458,3.053333
54.98,38.70964,0.0458,127.4182,3.053333,0.0458,3.053333
54.99,38.72077,0.0458,127.4548,3.053333,0.0458,3.053333
55.0,38.7303,0.04583333,127.4862,3.055556,0.04583333,3.055556
55.01,38.74461,0.04583333,127.5333,3.055556,0.04583333,3.055556
55.02,38.76209,0.04583333,127.5908,3.055556,0.04583333,3.055556
55.03,38.76686,0.04583333,127.6065,3.055556,0.04583333,3.055556
55.04,38.74938,0.04586667,127.549,3.057778,0.04586667,3.057778
55.05,38.72554,0.04586667,127.4705,3.057778,0.04586667,3.057778
55.06,38.72235,0.04586667,127.46,3.057778,0.04586667,3.057778
55.07,38.73825,0.04586667,127.5123,3.057778,0.04586667,3.057778
55.08,38.75415,0.0459,127.5647,3.06,0.0459,3.06
55.09,38.75732,0.0459,127.5751,3.06,0.0459,3.06
55.1,38.75732,0.0459,127.5751,3.06,0.0459,3.06
55.11,38.76527,0.0459,127.6013,3.06,0.0459,3.06
55.12,38.77958,0.04593333,127.6484,3.062222,0.04593333,3.062222
55.13,38.79865,0.04593333,127.7112,3.062222,0.04593333,3.062222
55.14,38.81454,0.04593333,127.7635,3.062222,0.04593333,3.062222
55.15,38.81931,0.04593333,127.7792,3.062222,0.04593333,3.062222
55.16,38.8066,0.04596667,127.7373,3.064444,0.04596667,3.064444
55.17,38.7907,0.04596667,127.685,3.064444,0.04596667,3.064444
55.18,38.78276,0.04596667,127.6588,3.064444,0.04596667,3.064444
55.19,38.79547,0.04596667,127.7007,3.064444,0.04596667,3.064444
55.2,38.81931,0.046,127.7792,3.066667,0.046,3.066667
55.21,38.83521,0.046,127.8315,3.066667,0.046,3.066667
55.22,38.83998,0.046,127.8472,3.066667,0.046,3.066667
55.23,38.83998,0.046,127.8472,3.066667,0.046,3.066667
55.24,38.8368,0.04603333,127.8367,3.068889,0.04603333,3.068889
55.25,38.8368,0.04603333,127.8367,3.068889,0.04603333,3.068889
55.26,38.83998,0.04603333,127.8472,3.068889,0.04603333,3.068889
55.27,38.84475,0.04603333,127.8629,3.068889,0.04603333,3.068889
55.28,38.8511,0.04606667,127.8838,3.071111,0.04606667,3.071111
55.29,38.85269,0.04606667,127.889,3.071111,0.04606667,3.071111
55.3,38.8511,0.04606667,127.8838,3.071111,0.04606667,3.071111
55.31,38.84475,0.04606667,127.8629,3.071111,0.04606667,3.071111
55.32,38.83998,0.0461,127.8472,3.073334,0.0461,3.073334
55.33,38.84475,0.0461,127.8629,3.073334,0.0461,3.073334
55.34,38.85905,0.0461,127.91,3.073334,0.0461,3.073334
55.35,38.86859,0.0461,127.9414,3.073334,0.0461,3.073334
55.36,38.88925,0.04613334,128.0094,3.075556,0.04613334,3.075556
55.37,38.91309,0.04613334,128.0878,3.075556,0.04613334,3.075556
55.38,38.92581,0.04613334,128.1297,3.075556,0.04613334,3.075556
55.39,38.92581,0.04613334,128.1297,3.075556,0.04613334,3.075556
55.4,38.92581,0.04616667,128.1297,3.077778,0.04616667,3.077778
55.41,38.93852,0.04616667,128.1716,3.077778,0.04616667,3.077778
55.42,38.97031,0.04616667,128.2762,3.077778,0.04616667,3.077778
55.43,38.99574,0.04616667,128.3599,3.077778,0.04616667,3.077778
55.44,39.0021,0.0462,128.3808,3.08,0.0462,3.08
55.45,38.98621,0.0462,128.3285,3.08,0.0462,3.08
55.46,38.97508,0.0462,128.2919,3.08,0.0462,3.08
55.47,38.97031,0.0462,128.2762,3.08,0.0462,3.08
55.48,38.96554,0.04623333,128.2605,3.082222,0.04623333,3.082222
55.49,38.95124,0.04623333,128.2134,3.082222,0.04623333,3.082222
55.5,38.9417,0.04623333,128.182,3.082222,0.04623333,3.082222
55.51,38.94647,0.04623333,128.1977,3.082222,0.04623333,3.082222
55.52,38.96554,0.04626667,128.2605,3.084445,0.04626667,3.084445
55.53,38.98621,0.04626667,128.3285,3.084445,0.04626667,3.084445
55.54,39.00369,0.04626667,128.3861,3.084445,0.04626667,3.084445
55.55,39.01641,0.04626667,128.4279,3.084445,0.04626667,3.084445
55.56,39.01958,0.0463,128.4384,3.086667,0.0463,3.086667
55.57,39.01958,0.0463,128.4384,3.086667,0.0463,3.086667
55.58,39.01958,0.0463,128.4384,3.086667,0.0463,3.086667
55.59,39.01482,0.0463,128.4227,3.086667,0.0463,3.086667
55.6,39.01641,0.04633334,128.4279,3.088889,0.04633334,3.088889
55.61,39.02435,0.04633334,128.4541,3.088889,0.04633334,3.088889
55.62,39.02753,0.04633334,128.4645,3.088889,0.04633334,3.088889
55.63,39.03071,0.04633334,128.475,3.088889,0.04633334,3.088889
55.64,39.04819,0.04636667,128.5326,3.091111,0.04636667,3.091111
55.65,39.08157,0.04636667,128.6424,3.091111,0.04636667,3.091111
55.66,39.10224,0.04636667,128.7104,3.091111,0.04636667,3.091111
55.67,39.09747,0.0464,128.6948,3.093333,0.0464,3.093333
55.68,39.08475,0.0464,128.6529,3.093333,0.0464,3.093333
55.69,39.07998,0.0464,128.6372,3.093333,0.0464,3.093333
55.7,39.08793,0.0464,128.6634,3.093333,0.0464,3.093333
55.71,39.09588,0.0464,128.6895,3.093333,0.0464,3.093333
55.72,39.09588,0.04643333,128.6895,3.095556,0.04643333,3.095556
55.73,39.09747,0.04643333,128.6948,3.095556,0.04643333,3.095556
55.74,39.11018,0.04643333,128.7366,3.095556,0.04643333,3.095556
55.75,39.12926,0.04643333,128.7994,3.095556,0.04643333,3.095556
55.76,39.14515,0.04646667,128.8517,3.097778,0.04646667,3.097778
55.77,39.15787,0.04646667,128.8936,3.097778,0.04646667,3.097778
55.78,39.16581,0.04646667,128.9197,3.097778,0.04646667,3.097778
55.79,39.17853,0.04646667,128.9616,3.097778,0.04646667,3.097778
55.8,39.18807,0.0465,128.993,3.1,0.0465,3.1
55.81,39.18648,0.0465,128.9877,3.1,0.0465,3.1
55.82,39.17535,0.0465,128.9511,3.1,0.0465,3.1
55.83,39.17376,0.0465,128.9459,3.1,0.0465,3.1
55.84,39.1833,0.04653334,128.9773,3.102222,0.04653334,3.102222
55.85,39.19601,0.04653334,129.0191,3.102222,0.04653334,3.102222
55.86,39.21032,0.04653334,129.0662,3.102222,0.04653334,3.102222
55.87,39.21191,0.04653334,129.0715,3.102222,0.04653334,3.102222
55.88,39.20396,0.04656667,129.0453,3.104445,0.04656667,3.104445
55.89,39.20396,0.04656667,129.0453,3.104445,0.04656667,3.104445
55.9,39.21032,0.04656667,129.0662,3.104445,0.04656667,3.104445
55.91,39.21191,0.0466,129.0715,3.106667,0.0466,3.106667
55.92,39.22303,0.0466,129.1081,3.106667,0.0466,3.106667
55.93,39.23893,0.0466,129.1604,3.106667,0.0466,3.106667
55.94,39.25323,0.0466,129.2075,3.106667,0.0466,3.106667
55.95,39.25959,0.0466,129.2284,3.106667,0.0466,3.106667
55.96,39.26118,0.04663333,129.2336,3.108889,0.04663333,3.108889
55.97,39.26754,0.04663333,129.2546,3.108889,0.04663333,3.108889
55.98,39.27708,0.04663333,129.286,3.108889,0.04663333,3.108889
55.99,39.27708,0.04663333,129.286,3.108889,0.04663333,3.108889
56.0,39.26913,0.04666667,129.2598,3.111111,0.04666667,3.111111
56.01,39.25959,0.04666667,129.2284,3.111111,0.04666667,3.111111
56.02,39.25164,0.04666667,129.2022,3.111111,0.04666667,3.111111
56.03,39.25164,0.04666667,129.2022,3.111111,0.04666667,3.111111
56.04,39.25323,0.0467,129.2075,3.113333,0.0467,3.113333
56.05,39.25323,0.0467,129.2075,3.113333,0.0467,3.113333
56.06,39.24529,0.0467,129.1813,3.113333,0.0467,3.113333
56.07,39.2437,0.0467,129.1761,3.113333,0.0467,3.113333
56.08,39.25323,0.04673333,129.2075,3.115556,0.04673333,3.115556
56.09,39.26913,0.04673333,129.2598,3.115556,0.04673333,3.115556
56.1,39.2739,0.04673333,129.2755,3.115556,0.04673333,3.115556
56.11,39.2739,0.04676667,129.2755,3.117778,0.04676667,3.117778
56.12,39.27708,0.04676667,129.286,3.117778,0.04676667,3.117778
56.13,39.2882,0.04676667,129.3226,3.117778,0.04676667,3.117778
56.14,39.30092,0.04676667,129.3644,3.117778,0.04676667,3.117778
56.15,39.31681,0.04676667,129.4168,3.117778,0.04676667,3.117778
56.16,39.33112,0.0468,129.4639,3.12,0.0468,3.12
56.17,39.33907,0.0468,129.49,3.12,0.0468,3.12
56.18,39.34224,0.0468,129.5005,3.12,0.0468,3.12
56.19,39.34224,0.0468,129.5005,3.12,0.0468,3.12
56.2,39.35019,0.04683333,129.5266,3.122222,0.04683333,3.122222
56.21,39.35496,0.04683333,129.5423,3.122222,0.04683333,3.122222
56.22,39.35496,0.04683333,129.5423,3.122222,0.04683333,3.122222
56.23,39.34701,0.04683333,129.5162,3.122222,0.04683333,3.122222
56.24,39.34542,0.04686667,129.5109,3.124444,0.04686667,3.124444
56.25,39.35337,0.04686667,129.5371,3.124444,0.04686667,3.124444
56.26,39.36291,0.04686667,129.5685,3.124444,0.04686667,3.124444
56.27,39.36768,0.04686667,129.5842,3.124444,0.04686667,3.124444
56.28,39.3788,0.0469,129.6208,3.126667,0.0469,3.126667
56.29,39.39629,0.0469,129.6784,3.126667,0.0469,3.126667
56.3,39.41059,0.0469,129.7254,3.126667,0.0469,3.126667
56.31,39.41218,0.0469,129.7307,3.126667,0.0469,3.126667
56.32,39.41218,0.04693333,129.7307,3.128889,0.04693333,3.128889
56.33,39.41695,0.04693333,129.7464,3.128889,0.04693333,3.128889
56.34,39.4249,0.04693333,129.7725,3.128889,0.04693333,3.128889
56.35,39.42331,0.04693333,129.7673,3.128889,0.04693333,3.128889
56.36,39.42013,0.04696667,129.7568,3.131111,0.04696667,3.131111
56.37,39.42013,0.04696667,129.7568,3.131111,0.04696667,3.131111
56.38,39.43602,0.04696667,129.8092,3.131111,0.04696667,3.131111
56.39,39.45668,0.04696667,129.8772,3.131111,0.04696667,3.131111
56.4,39.46781,0.047,129.9138,3.133333,0.047,3.133333
56.41,39.46781,0.047,129.9138,3.133333,0.047,3.133333
56.42,39.4694,0.047,129.919,3.133333,0.047,3.133333
56.43,39.48053,0.047,129.9556,3.133333,0.047,3.133333
56.44,39.47735,0.04703333,129.9452,3.135556,0.04703333,3.135556
56.45,39.4694,0.04703333,129.919,3.135556,0.04703333,3.135556
56.46,39.47258,0.04703333,129.9295,3.135556,0.04703333,3.135556
56.47,39.48848,0.04706667,129.9818,3.137778,0.04706667,3.137778
56.48,39.49801,0.04706667,130.0132,3.137778,0.04706667,3.137778
56.49,39.50914,0.04706667,130.0498,3.137778,0.04706667,3.137778
56.5,39.51709,0.04706667,130.076,3.137778,0.04706667,3.137778
56.51,39.52503,0.0471,130.1021,3.14,0.0471,3.14
56.52,39.52503,0.0471,130.1021,3.14,0.0471,3.14
56.53,39.51709,0.0471,130.076,3.14,0.0471,3.14
56.54,39.5139,0.0471,130.0655,3.14,0.0471,3.14
56.55,39.52185,0.0471,130.0917,3.14,0.0471,3.14
56.56,39.53775,0.04713333,130.144,3.142222,0.04713333,3.142222
56.57,39.5457,0.04713333,130.1702,3.142222,0.04713333,3.142222
56.58,39.53457,0.04713333,130.1335,3.142222,0.04713333,3.142222
56.59,39.52185,0.04713333,130.0917,3.142222,0.04713333,3.142222
56.6,39.52185,0.04716667,130.0917,3.144444,0.04716667,3.144444
56.61,39.52662,0.04716667,130.1074,3.144444,0.04716667,3.144444
56.62,39.52662,0.04716667,130.1074,3.144444,0.04716667,3.144444
56.63,39.53298,0.04716667,130.1283,3.144444,0.04716667,3.144444
56.64,39.54251,0.0472,130.1597,3.146667,0.0472,3.146667
56.65,39.55841,0.0472,130.212,3.146667,0.0472,3.146667
56.66,39.57113,0.0472,130.2539,3.146667,0.0472,3.146667
56.67,39.57589,0.0472,130.2696,3.146667,0.0472,3.146667
56.68,39.57907,0.04723334,130.28,3.148889,0.04723334,3.148889
56.69,39.58384,0.04723334,130.2957,3.148889,0.04723334,3.148889
56.7,39.5902,0.04723334,130.3167,3.148889,0.04723334,3.148889
56.71,39.5902,0.04723334,130.3167,3.148889,0.04723334,3.148889
56.72,39.58225,0.04726667,130.2905,3.151111,0.04726667,3.151111
56.73,39.57589,0.04726667,130.2696,3.151111,0.04726667,3.151111
56.74,39.58384,0.04726667,130.2957,3.151111,0.04726667,3.151111
56.75,39.60769,0.04726667,130.3742,3.151111,0.04726667,3.151111
56.76,39.62358,0.0473,130.4265,3.153333,0.0473,3.153333
56.77,39.62517,0.0473,130.4317,3.153333,0.0473,3.153333
56.78,39.62358,0.0473,130.4265,3.153333,0.0473,3.153333
56.79,39.63153,0.0473,130.4527,3.153333,0.0473,3.153333
56.8,39.6363,0.04733333,130.4684,3.155555,0.04733333,3.155555
56.81,39.64742,0.04733333,130.505,3.155555,0.04733333,3.155555
56.82,39.66491,0.04733333,130.5625,3.155555,0.04733333,3.155555
56.83,39.68239,0.04733333,130.6201,3.155555,0.04733333,3.155555
56.84,39.69352,0.04736667,130.6567,3.157778,0.04736667,3.157778
56.85,39.68557,0.04736667,130.6306,3.157778,0.04736667,3.157778
56.86,39.66491,0.04736667,130.5625,3.157778,0.04736667,3.157778
56.87,39.64901,0.0474,130.5102,3.16,0.0474,3.16
56.88,39.65219,0.0474,130.5207,3.16,0.0474,3.16
56.89,39.66172,0.0474,130.5521,3.16,0.0474,3.16
56.9,39.67762,0.0474,130.6044,3.16,0.0474,3.16
56.91,39.70146,0.0474,130.6829,3.16,0.0474,3.16
56.92,39.72213,0.04743334,130.7509,3.162222,0.04743334,3.162222
56.93,39.72213,0.04743334,130.7509,3.162222,0.04743334,3.162222
56.94,39.711,0.04743334,130.7143,3.162222,0.04743334,3.162222
56.95,39.70464,0.04743334,130.6933,3.162222,0.04743334,3.162222
56.96,39.70623,0.04746667,130.6986,3.164444,0.04746667,3.164444
56.97,39.711,0.04746667,130.7143,3.164444,0.04746667,3.164444
56.98,39.70146,0.04746667,130.6829,3.164444,0.04746667,3.164444
56.99,39.68875,0.04746667,130.641,3.164444,0.04746667,3.164444
57.0,39.69033,0.0475,130.6463,3.166667,0.0475,3.166667
57.01,39.711,0.0475,130.7143,3.166667,0.0475,3.166667
57.02,39.72689,0.0475,130.7666,3.166667,0.0475,3.166667
57.03,39.73007,0.0475,130.7771,3.166667,0.0475,3.166667
57.04,39.7253,0.04753333,130.7614,3.168889,0.04753333,3.168889
57.05,39.72213,0.04753333,130.7509,3.168889,0.04753333,3.168889
57.06,39.7253,0.04753333,130.7614,3.168889,0.04753333,3.168889
57.07,39.73325,0.04753333,130.7875,3.168889,0.04753333,3.168889
57.08,39.74279,0.04756667,130.8189,3.171111,0.04756667,3.171111
57.09,39.75391,0.04756667,130.8555,3.171111,0.04756667,3.171111
57.1,39.75868,0.04756667,130.8712,3.171111,0.04756667,3.171111
57.11,39.75074,0.0476,130.8451,3.173333,0.0476,3.173333
57.12,39.73961,0.0476,130.8084,3.173333,0.0476,3.173333
57.13,39.74597,0.0476,130.8294,3.173333,0.0476,3.173333
57.14,39.76345,0.0476,130.8869,3.173333,0.0476,3.173333
57.15,39.77458,0.0476,130.9236,3.173333,0.0476,3.173333
57.16,39.7714,0.04763333,130.9131,3.175556,0.04763333,3.175556
57.17,39.76663,0.04763333,130.8974,3.175556,0.04763333,3.175556
57.18,39.7714,0.04763333,130.9131,3.175556,0.04763333,3.175556
57.19,39.79206,0.04763333,130.9811,3.175556,0.04763333,3.175556
57.2,39.82067,0.04766667,131.0753,3.177778,0.04766667,3.177778
57.21,39.84769,0.04766667,131.1642,3.177778,0.04766667,3.177778
57.22,39.85723,0.04766667,131.1956,3.177778,0.04766667,3.177778
57.23,39.84769,0.04766667,131.1642,3.177778,0.04766667,3.177778
57.24,39.8318,0.0477,131.1119,3.18,0.0477,3.18
57.25,39.82862,0.0477,131.1014,3.18,0.0477,3.18
57.26,39.83657,0.0477,131.1276,3.18,0.0477,3.18
57.27,39.84928,0.0477,131.1694,3.18,0.0477,3.18
57.28,39.86835,0.04773333,131.2322,3.182222,0.04773333,3.182222
57.29,39.88902,0.04773333,131.3002,3.182222,0.04773333,3.182222
57.3,39.90491,0.04773333,131.3526,3.182222,0.04773333,3.182222
57.31,39.89856,0.04776667,131.3316,3.184444,0.04776667,3.184444
57.32,39.8763,0.04776667,131.2584,3.184444,0.04776667,3.184444
57.33,39.85405,0.04776667,131.1852,3.184444,0.04776667,3.184444
57.34,39.85405,0.04776667,131.1852,3.184444,0.04776667,3.184444
57.35,39.86995,0.04776667,131.2375,3.184444,0.04776667,3.184444
57.36,39.88902,0.0478,131.3002,3.186667,0.0478,3.186667
57.37,39.89379,0.0478,131.3159,3.186667,0.0478,3.186667
57.38,39.89379,0.0478,131.3159,3.186667,0.0478,3.186667
57.39,39.89061,0.0478,131.3055,3.186667,0.0478,3.186667
57.4,39.88902,0.04783333,131.3002,3.188889,0.04783333,3.188889
57.41,39.88584,0.04783333,131.2898,3.188889,0.04783333,3.188889
57.42,39.88425,0.04783333,131.2846,3.188889,0.04783333,3.188889
57.43,39.89061,0.04783333,131.3055,3.188889,0.04783333,3.188889
57.44,39.90491,0.04786667,131.3526,3.191111,0.04786667,3.191111
57.45,39.90968,0.04786667,131.3683,3.191111,0.04786667,3.191111
57.46,39.9065,0.04786667,131.3578,3.191111,0.04786667,3.191111
57.47,39.89856,0.04786667,131.3316,3.191111,0.04786667,3.191111
57.48,39.89697,0.0479,131.3264,3.193333,0.0479,3.193333
57.49,39.9065,0.0479,131.3578,3.193333,0.0479,3.193333
57.5,39.92717,0.0479,131.4258,3.193333,0.0479,3.193333
57.51,39.94624,0.0479,131.4886,3.193333,0.0479,3.193333
57.52,39.95578,0.04793333,131.52,3.195555,0.04793333,3.195555
57.53,39.96213,0.04793333,131.5409,3.195555,0.04793333,3.195555
57.54,39.9669,0.04793333,131.5566,3.195555,0.04793333,3.195555
57.55,39.98439,0.04793333,131.6142,3.195555,0.04793333,3.195555
57.56,40.00505,0.04796667,131.6822,3.197778,0.04796667,3.197778
57.57,40.013,0.04796667,131.7083,3.197778,0.04796667,3.197778
57.58,40.01141,0.04796667,131.7031,3.197778,0.04796667,3.197778
57.59,40.00505,0.04796667,131.6822,3.197778,0.04796667,3.197778
57.6,40.01141,0.048,131.7031,3.2,0.048,3.2
57.61,40.01617,0.048,131.7188,3.2,0.048,3.2
57.62,40.01617,0.048,131.7188,3.2,0.048,3.2
57.63,40.01141,0.048,131.7031,3.2,0.048,3.2
57.64,40.01141,0.04803333,131.7031,3.202222,0.04803333,3.202222
57.65,40.01617,0.04803333,131.7188,3.202222,0.04803333,3.202222
57.66,40.02094,0.04803333,131.7345,3.202222,0.04803333,3.202222
57.67,40.02889,0.04803333,131.7607,3.202222,0.04803333,3.202222
57.68,40.03366,0.04806667,131.7764,3.204445,0.04806667,3.204445
57.69,40.03366,0.04806667,131.7764,3.204445,0.04806667,3.204445
57.7,40.02889,0.04806667,131.7607,3.204445,0.04806667,3.204445
57.71,40.0273,0.04806667,131.7554,3.204445,0.04806667,3.204445
57.72,40.02412,0.0481,131.745,3.206667,0.0481,3.206667
57.73,40.02094,0.0481,131.7345,3.206667,0.0481,3.206667
57.74,40.03207,0.0481,131.7711,3.206667,0.0481,3.206667
57.75,40.04955,0.0481,131.8287,3.206667,0.0481,3.206667
57.76,40.07022,0.04813333,131.8967,3.208889,0.04813333,3.208889
57.77,40.08929,0.04813333,131.9595,3.208889,0.04813333,3.208889
57.78,40.09883,0.04813333,131.9909,3.208889,0.04813333,3.208889
57.79,40.10201,0.04813333,132.0013,3.208889,0.04813333,3.208889
57.8,40.10518,0.04816667,132.0118,3.211111,0.04816667,3.211111
57.81,40.10677,0.04816667,132.017,3.211111,0.04816667,3.211111
57.82,40.10518,0.04816667,132.0118,3.211111,0.04816667,3.211111
57.83,40.09724,0.04816667,131.9856,3.211111,0.04816667,3.211111
57.84,40.08611,0.0482,131.949,3.213333,0.0482,3.213333
57.85,40.07816,0.0482,131.9229,3.213333,0.0482,3.213333
57.86,40.07022,0.0482,131.8967,3.213333,0.0482,3.213333
57.87,40.06545,0.0482,131.881,3.213333,0.0482,3.213333
57.88,40.06068,0.04823333,131.8653,3.215556,0.04823333,3.215556
57.89,40.07022,0.04823333,131.8967,3.215556,0.04823333,3.215556
57.9,40.09883,0.04823333,131.9909,3.215556,0.04823333,3.215556
57.91,40.12585,0.04826667,132.0798,3.217778,0.04826667,3.217778
57.92,40.13538,0.04826667,132.1112,3.217778,0.04826667,3.217778
57.93,40.13379,0.04826667,132.106,3.217778,0.04826667,3.217778
57.94,40.13062,0.04826667,132.0955,3.217778,0.04826667,3.217778
57.95,40.13379,0.04826667,132.106,3.217778,0.04826667,3.217778
57.96,40.1481,0.0483,132.153,3.22,0.0483,3.22
57.97,40.17035,0.0483,132.2263,3.22,0.0483,3.22
57.98,40.17989,0.0483,132.2577,3.22,0.0483,3.22
57.99,40.17035,0.0483,132.2263,3.22,0.0483,3.22
58.0,40.14651,0.04833334,132.1478,3.222222,0.04833334,3.222222
58.01,40.13062,0.04833334,132.0955,3.222222,0.04833334,3.222222
58.02,40.13538,0.04833334,132.1112,3.222222,0.04833334,3.222222
58.03,40.14651,0.04833334,132.1478,3.222222,0.04833334,3.222222
58.04,40.15605,0.04836667,132.1792,3.224444,0.04836667,3.224444
58.05,40.17035,0.04836667,132.2263,3.224444,0.04836667,3.224444
58.06,40.18784,0.04836667,132.2838,3.224444,0.04836667,3.224444
58.07,40.19578,0.04836667,132.31,3.224444,0.04836667,3.224444
58.08,40.1926,0.0484,132.2995,3.226667,0.0484,3.226667
58.09,40.19101,0.0484,132.2943,3.226667,0.0484,3.226667
58.1,40.19101,0.0484,132.2943,3.226667,0.0484,3.226667
58.11,40.19896,0.0484,132.3205,3.226667,0.0484,3.226667
58.12,40.20532,0.04843333,132.3414,3.228889,0.04843333,3.228889
58.13,40.21962,0.04843333,132.3885,3.228889,0.04843333,3.228889
58.14,40.22916,0.04843333,132.4199,3.228889,0.04843333,3.228889
58.15,40.24188,0.04843333,132.4617,3.228889,0.04843333,3.228889
58.16,40.24823,0.04846667,132.4827,3.231111,0.04846667,3.231111
58.17,40.24982,0.04846667,132.4879,3.231111,0.04846667,3.231111
58.18,40.25618,0.04846667,132.5088,3.231111,0.04846667,3.231111
58.19,40.26413,0.04846667,132.535,3.231111,0.04846667,3.231111
58.2,40.27684,0.0485,132.5768,3.233333,0.0485,3.233333
58.21,40.28956,0.0485,132.6187,3.233333,0.0485,3.233333
58.22,40.2991,0.0485,132.6501,3.233333,0.0485,3.233333
58.23,40.28956,0.0485,132.6187,3.233333,0.0485,3.233333
58.24,40.2689,0.04853334,132.5507,3.235556,0.04853334,3.235556
58.25,40.253,0.04853334,132.4984,3.235556,0.04853334,3.235556
58.26,40.26095,0.04853334,132.5245,3.235556,0.04853334,3.235556
58.27,40.28161,0.04853334,132.5925,3.235556,0.04853334,3.235556
58.28,40.30545,0.04856667,132.671,3.237778,0.04856667,3.237778
58.29,40.31499,0.04856667,132.7024,3.237778,0.04856667,3.237778
58.3,40.3134,0.04856667,132.6972,3.237778,0.04856667,3.237778
58.31,40.3134,0.04856667,132.6972,3.237778,0.04856667,3.237778
58.32,40.32135,0.0486,132.7233,3.24,0.0486,3.24
58.33,40.33406,0.0486,132.7652,3.24,0.0486,3.24
58.34,40.33566,0.0486,132.7704,3.24,0.0486,3.24
58.35,40.32771,0.0486,132.7443,3.24,0.0486,3.24
58.36,40.3134,0.04863333,132.6972,3.242222,0.04863333,3.242222
58.37,40.2991,0.04863333,132.6501,3.242222,0.04863333,3.242222
58.38,40.31022,0.04863333,132.6867,3.242222,0.04863333,3.242222
58.39,40.33566,0.04863333,132.7704,3.242222,0.04863333,3.242222
58.4,40.3595,0.04866667,132.8489,3.244444,0.04866667,3.244444
58.41,40.36744,0.04866667,132.875,3.244444,0.04866667,3.244444
58.42,40.36427,0.04866667,132.8646,3.244444,0.04866667,3.244444
58.43,40.36427,0.04866667,132.8646,3.244444,0.04866667,3.244444
58.44,40.37857,0.0487,132.9117,3.246667,0.0487,3.246667
58.45,40.38811,0.0487,132.9431,3.246667,0.0487,3.246667
58.46,40.39288,0.0487,132.9588,3.246667,0.0487,3.246667
58.47,40.39923,0.0487,132.9797,3.246667,0.0487,3.246667
58.48,40.40718,0.04873333,133.0059,3.248889,0.04873333,3.248889
58.49,40.41195,0.04873333,133.0215,3.248889,0.04873333,3.248889
58.5,40.40718,0.04873333,133.0059,3.248889,0.04873333,3.248889
58.51,40.40082,0.04876667,132.9849,3.251111,0.04876667,3.251111
58.52,40.39923,0.04876667,132.9797,3.251111,0.04876667,3.251111
58.53,40.40082,0.04876667,132.9849,3.251111,0.04876667,3.251111
58.54,40.40877,0.04876667,133.0111,3.251111,0.04876667,3.251111
58.55,40.41354,0.04876667,133.0268,3.251111,0.04876667,3.251111
58.56,40.4199,0.0488,133.0477,3.253333,0.0488,3.253333
58.57,40.43579,0.0488,133.1,3.253333,0.0488,3.253333
58.58,40.45646,0.0488,133.168,3.253333,0.0488,3.253333
58.59,40.47712,0.0488,133.2361,3.253333,0.0488,3.253333
58.6,40.48507,0.04883333,133.2622,3.255556,0.04883333,3.255556
58.61,40.48507,0.04883333,133.2622,3.255556,0.04883333,3.255556
58.62,40.48665,0.04883333,133.2674,3.255556,0.04883333,3.255556
58.63,40.49937,0.04883333,133.3093,3.255556,0.04883333,3.255556
58.64,40.50732,0.04886667,133.3355,3.257778,0.04886667,3.257778
58.65,40.4946,0.04886667,133.2936,3.257778,0.04886667,3.257778
58.66,40.46599,0.04886667,133.1994,3.257778,0.04886667,3.257778
58.67,40.44215,0.04886667,133.121,3.257778,0.04886667,3.257778
58.68,40.44215,0.0489,133.121,3.26,0.0489,3.26
58.69,40.45804,0.0489,133.1733,3.26,0.0489,3.26
58.7,40.47394,0.0489,133.2256,3.26,0.0489,3.26
58.71,40.47871,0.0489,133.2413,3.26,0.0489,3.26
58.72,40.47712,0.04893333,133.2361,3.262222,0.04893333,3.262222
58.73,40.47871,0.04893333,133.2413,3.262222,0.04893333,3.262222
58.74,40.4946,0.04893333,133.2936,3.262222,0.04893333,3.262222
58.75,40.50255,0.04893333,133.3198,3.262222,0.04893333,3.262222
58.76,40.4946,0.04896667,133.2936,3.264445,0.04896667,3.264445
58.77,40.48665,0.04896667,133.2674,3.264445,0.04896667,3.264445
58.78,40.49778,0.04896667,133.3041,3.264445,0.04896667,3.264445
58.79,40.51049,0.04896667,133.3459,3.264445,0.04896667,3.264445
58.8,40.52162,0.049,133.3826,3.266667,0.049,3.266667
58.81,40.52639,0.049,133.3983,3.266667,0.049,3.266667
58.82,40.53434,0.049,133.4244,3.266667,0.049,3.266667
58.83,40.54229,0.049,133.4506,3.266667,0.049,3.266667
58.84,40.55023,0.04903333,133.4767,3.268889,0.04903333,3.268889
58.85,40.5709,0.04903333,133.5447,3.268889,0.04903333,3.268889
58.86,40.59632,0.04903333,133.6284,3.268889,0.04903333,3.268889
58.87,40.61222,0.04903333,133.6808,3.268889,0.04903333,3.268889
58.88,40.60904,0.04906667,133.6703,3.271111,0.04906667,3.271111
58.89,40.59632,0.04906667,133.6284,3.271111,0.04906667,3.271111
58.9,40.57248,0.04906667,133.55,3.271111,0.04906667,3.271111
58.91,40.55182,0.04906667,133.482,3.271111,0.04906667,3.271111
58.92,40.55023,0.0491,133.4767,3.273333,0.0491,3.273333
58.93,40.55977,0.0491,133.5081,3.273333,0.0491,3.273333
58.94,40.56771,0.0491,133.5343,3.273333,0.0491,3.273333
58.95,40.57248,0.0491,133.55,3.273333,0.0491,3.273333
58.96,40.57248,0.04913333,133.55,3.275556,0.04913333,3.275556
58.97,40.56771,0.04913333,133.5343,3.275556,0.04913333,3.275556
58.98,40.55659,0.04913333,133.4977,3.275556,0.04913333,3.275556
58.99,40.54387,0.04913333,133.4558,3.275556,0.04913333,3.275556
59.0,40.54387,0.04916667,133.4558,3.277778,0.04916667,3.277778
59.01,40.56295,0.04916667,133.5186,3.277778,0.04916667,3.277778
59.02,40.57884,0.04916667,133.5709,3.277778,0.04916667,3.277778
59.03,40.5852,0.04916667,133.5918,3.277778,0.04916667,3.277778
59.04,40.59315,0.0492,133.618,3.28,0.0492,3.28
59.05,40.60109,0.0492,133.6441,3.28,0.0492,3.28
59.06,40.60745,0.0492,133.6651,3.28,0.0492,3.28
59.07,40.62017,0.0492,133.7069,3.28,0.0492,3.28
59.08,40.64242,0.04923333,133.7802,3.282222,0.04923333,3.282222
59.09,40.66467,0.04923333,133.8534,3.282222,0.04923333,3.282222
59.1,40.67421,0.04923333,133.8848,3.282222,0.04923333,3.282222
59.11,40.67262,0.04926667,133.8796,3.284444,0.04926667,3.284444
59.12,40.66944,0.04926667,133.8691,3.284444,0.04926667,3.284444
59.13,40.66944,0.04926667,133.8691,3.284444,0.04926667,3.284444
59.14,40.67262,0.04926667,133.8796,3.284444,0.04926667,3.284444
59.15,40.67421,0.04926667,133.8848,3.284444,0.04926667,3.284444
59.16,40.67421,0.0493,133.8848,3.286667,0.0493,3.286667
59.17,40.66944,0.0493,133.8691,3.286667,0.0493,3.286667
59.18,40.66626,0.0493,133.8587,3.286667,0.0493,3.286667
59.19,40.67739,0.0493,133.8953,3.286667,0.0493,3.286667
59.2,40.69805,0.04933333,133.9633,3.288889,0.04933333,3.288889
59.21,40.71395,0.04933333,134.0156,3.288889,0.04933333,3.288889
59.22,40.72666,0.04933333,134.0575,3.288889,0.04933333,3.288889
59.23,40.73143,0.04933333,134.0732,3.288889,0.04933333,3.288889
59.24,40.72666,0.04936667,134.0575,3.291111,0.04936667,3.291111
59.25,40.72348,0.04936667,134.047,3.291111,0.04936667,3.291111
59.26,40.7362,0.04936667,134.0889,3.291111,0.04936667,3.291111
59.27,40.75845,0.04936667,134.1621,3.291111,0.04936667,3.291111
59.28,40.76481,0.0494,134.183,3.293334,0.0494,3.293334
59.29,40.75845,0.0494,134.1621,3.293334,0.0494,3.293334
59.3,40.7505,0.0494,134.136,3.293334,0.0494,3.293334
59.31,40.74414,0.04943334,134.115,3.295556,0.04943334,3.295556
59.32,40.74256,0.04943334,134.1098,3.295556,0.04943334,3.295556
59.33,40.74733,0.04943334,134.1255,3.295556,0.04943334,3.295556
59.34,40.7505,0.04943334,134.136,3.295556,0.04943334,3.295556
59.35,40.75845,0.04943334,134.1621,3.295556,0.04943334,3.295556
59.36,40.77117,0.04946667,134.204,3.297778,0.04946667,3.297778
59.37,40.78388,0.04946667,134.2458,3.297778,0.04946667,3.297778
59.38,40.79342,0.04946667,134.2772,3.297778,0.04946667,3.297778
59.39,40.7966,0.04946667,134.2877,3.297778,0.04946667,3.297778
59.4,40.80136,0.0495,134.3034,3.3,0.0495,3.3
59.41,40.80772,0.0495,134.3243,3.3,0.0495,3.3
59.42,40.80931,0.0495,134.3295,3.3,0.0495,3.3
59.43,40.81567,0.0495,134.3504,3.3,0.0495,3.3
59.44,40.82521,0.04953333,134.3819,3.302222,0.04953333,3.302222
59.45,40.82998,0.04953333,134.3975,3.302222,0.04953333,3.302222
59.46,40.82839,0.04953333,134.3923,3.302222,0.04953333,3.302222
59.47,40.82521,0.04953333,134.3819,3.302222,0.04953333,3.302222
59.48,40.83633,0.04956667,134.4185,3.304445,0.04956667,3.304445
59.49,40.84905,0.04956667,134.4603,3.304445,0.04956667,3.304445
59.5,40.85064,0.04956667,134.4656,3.304445,0.04956667,3.304445
59.51,40.85064,0.0496,134.4656,3.306667,0.0496,3.306667
59.52,40.857,0.0496,134.4865,3.306667,0.0496,3.306667
59.53,40.86177,0.0496,134.5022,3.306667,0.0496,3.306667
59.54,40.86177,0.0496,134.5022,3.306667,0.0496,3.306667
59.55,40.86494,0.0496,134.5126,3.306667,0.0496,3.306667
59.56,40.86971,0.04963334,134.5283,3.308889,0.04963334,3.308889
59.57,40.86494,0.04963334,134.5126,3.308889,0.04963334,3.308889
59.58,40.85064,0.04963334,134.4656,3.308889,0.04963334,3.308889
59.59,40.85382,0.04963334,134.476,3.308889,0.04963334,3.308889
59.6,40.86654,0.04966667,134.5179,3.311111,0.04966667,3.311111
59.61,40.87448,0.04966667,134.544,3.311111,0.04966667,3.311111
59.62,40.88243,0.04966667,134.5702,3.311111,0.04966667,3.311111
59.63,40.9015,0.04966667,134.633,3.311111,0.04966667,3.311111
59.64,40.91104,0.0497,134.6644,3.313333,0.0497,3.313333
59.65,40.90309,0.0497,134.6382,3.313333,0.0497,3.313333
59.66,40.88243,0.0497,134.5702,3.313333,0.0497,3.313333
59.67,40.86654,0.0497,134.5179,3.313333,0.0497,3.313333
59.68,40.87448,0.04973333,134.544,3.315556,0.04973333,3.315556
59.69,40.89515,0.04973333,134.6121,3.315556,0.04973333,3.315556
59.7,40.91581,0.04973333,134.6801,3.315556,0.04973333,3.315556
59.71,40.92216,0.04976667,134.701,3.317778,0.04976667,3.317778
59.72,40.91581,0.04976667,134.6801,3.317778,0.04976667,3.317778
59.73,40.91899,0.04976667,134.6905,3.317778,0.04976667,3.317778
59.74,40.93488,0.04976667,134.7428,3.317778,0.04976667,3.317778
59.75,40.9476,0.04976667,134.7847,3.317778,0.04976667,3.317778
59.76,40.95237,0.0498,134.8004,3.32,0.0498,3.32
59.77,40.95872,0.0498,134.8213,3.32,0.0498,3.32
59.78,40.95872,0.0498,134.8213,3.32,0.0498,3.32
59.79,40.95078,0.0498,134.7952,3.32,0.0498,3.32
59.8,40.94442,0.04983333,134.7742,3.322222,0.04983333,3.322222
59.81,40.96031,0.04983333,134.8266,3.322222,0.04983333,3.322222
59.82,40.98098,0.04983333,134.8946,3.322222,0.04983333,3.322222
59.83,40.99687,0.04983333,134.9469,3.322222,0.04983333,3.322222
59.84,41.008,0.04986667,134.9835,3.324445,0.04986667,3.324445
59.85,41.01753,0.04986667,135.0149,3.324445,0.04986667,3.324445
59.86,41.03025,0.04986667,135.0568,3.324445,0.04986667,3.324445
59.87,41.04137,0.04986667,135.0934,3.324445,0.04986667,3.324445
59.88,41.04455,0.0499,135.1039,3.326667,0.0499,3.326667
59.89,41.03661,0.0499,135.0777,3.326667,0.0499,3.326667
59.9,41.0223,0.0499,135.0306,3.326667,0.0499,3.326667
59.91,41.02071,0.0499,135.0254,3.326667,0.0499,3.326667
59.92,41.03343,0.04993333,135.0672,3.328889,0.04993333,3.328889
59.93,41.04932,0.04993333,135.1196,3.328889,0.04993333,3.328889
59.94,41.04932,0.04993333,135.1196,3.328889,0.04993333,3.328889
59.95,41.03661,0.04993333,135.0777,3.328889,0.04993333,3.328889
59.96,41.0223,0.04996667,135.0306,3.331111,0.04996667,3.331111
59.97,41.01753,0.04996667,135.0149,3.331111,0.04996667,3.331111
59.98,41.0223,0.04996667,135.0306,3.331111,0.04996667,3.331111
59.99,41.03025,0.04996667,135.0568,3.331111,0.04996667,3.331111
60.0,41.04455,0.05,135.1039,3.333333,0.05,3.333333
60.01,41.06204,0.05,135.1614,3.333333,0.05,3.333333
60.02,41.07475,0.05,135.2033,3.333333,0.05,3.333333
60.03,41.07316,0.05,135.198,3.333333,0.05,3.333333
60.04,41.05727,0.05003333,135.1457,3.335556,0.05003333,3.335556
60.05,41.04137,0.05003333,135.0934,3.335556,0.05003333,3.335556
60.06,41.03343,0.05003333,135.0672,3.335556,0.05003333,3.335556
60.07,41.04137,0.05003333,135.0934,3.335556,0.05003333,3.335556
60.08,41.0525,0.05006667,135.13,3.337778,0.05006667,3.337778
60.09,41.06204,0.05006667,135.1614,3.337778,0.05006667,3.337778
60.1,41.06681,0.05006667,135.1771,3.337778,0.05006667,3.337778
60.11,41.07475,0.0501,135.2033,3.34,0.0501,3.34
60.12,41.07793,0.0501,135.2137,3.34,0.0501,3.34
60.13,41.07316,0.0501,135.198,3.34,0.0501,3.34
60.14,41.06998,0.0501,135.1876,3.34,0.0501,3.34
60.15,41.08111,0.0501,135.2242,3.34,0.0501,3.34
60.16,41.10177,0.05013333,135.2922,3.342222,0.05013333,3.342222
60.17,41.11131,0.05013333,135.3236,3.342222,0.05013333,3.342222
60.18,41.11131,0.05013333,135.3236,3.342222,0.05013333,3.342222
60.19,41.11131,0.05013333,135.3236,3.342222,0.05013333,3.342222
60.2,41.11926,0.05016667,135.3498,3.344445,0.05016667,3.344445
60.21,41.1272,0.05016667,135.3759,3.344445,0.05016667,3.344445
60.22,41.11926,0.05016667,135.3498,3.344445,0.05016667,3.344445
60.23,41.10177,0.05016667,135.2922,3.344445,0.05016667,3.344445
60.24,41.08588,0.0502,135.2399,3.346667,0.0502,3.346667
60.25,41.08588,0.0502,135.2399,3.346667,0.0502,3.346667
60.26,41.09383,0.0502,135.266,3.346667,0.0502,3.346667
60.27,41.10972,0.0502,135.3184,3.346667,0.0502,3.346667
60.28,41.12403,0.05023333,135.3654,3.348889,0.05023333,3.348889
60.29,41.13197,0.05023333,135.3916,3.348889,0.05023333,3.348889
60.3,41.13038,0.05023333,135.3864,3.348889,0.05023333,3.348889
60.31,41.12403,0.05026667,135.3654,3.351111,0.05026667,3.351111
60.32,41.12244,0.05026667,135.3602,3.351111,0.05026667,3.351111
60.33,41.13038,0.05026667,135.3864,3.351111,0.05026667,3.351111
60.34,41.14469,0.05026667,135.4335,3.351111,0.05026667,3.351111
60.35,41.16376,0.05026667,135.4962,3.351111,0.05026667,3.351111
60.36,41.1733,0.0503,135.5276,3.353333,0.0503,3.353333
60.37,41.17966,0.0503,135.5486,3.353333,0.0503,3.353333
60.38,41.18443,0.0503,135.5643,3.353333,0.0503,3.353333
60.39,41.18919,0.0503,135.58,3.353333,0.0503,3.353333
60.4,41.19237,0.05033333,135.5904,3.355556,0.05033333,3.355556
60.41,41.19555,0.05033333,135.6009,3.355556,0.05033333,3.355556
60.42,41.20509,0.05033333,135.6323,3.355556,0.05033333,3.355556
60.43,41.20986,0.05033333,135.648,3.355556,0.05033333,3.355556
60.44,41.19714,0.05036667,135.6061,3.357778,0.05036667,3.357778
60.45,41.18125,0.05036667,135.5538,3.357778,0.05036667,3.357778
60.46,41.18919,0.05036667,135.58,3.357778,0.05036667,3.357778
60.47,41.20827,0.05036667,135.6427,3.357778,0.05036667,3.357778
60.48,41.22416,0.0504,135.6951,3.36,0.0504,3.36
60.49,41.2337,0.0504,135.7265,3.36,0.0504,3.36
60.5,41.24165,0.0504,135.7526,3.36,0.0504,3.36
60.51,41.24641,0.0504,135.7683,3.36,0.0504,3.36
60.52,41.24165,0.05043333,135.7526,3.362222,0.05043333,3.362222
60.53,41.23847,0.05043333,135.7422,3.362222,0.05043333,3.362222
60.54,41.24641,0.05043333,135.7683,3.362222,0.05043333,3.362222
60.55,41.25754,0.05043333,135.8049,3.362222,0.05043333,3.362222
60.56,41.26549,0.05046667,135.8311,3.364444,0.05046667,3.364444
60.57,41.2782,0.05046667,135.8729,3.364444,0.05046667,3.364444
60.58,41.28774,0.05046667,135.9043,3.364444,0.05046667,3.364444
60.59,41.29092,0.05046667,135.9148,3.364444,0.05046667,3.364444
60.6,41.29092,0.0505,135.9148,3.366667,0.0505,3.366667
60.61,41.28774,0.0505,135.9043,3.366667,0.0505,3.366667
60.62,41.28138,0.0505,135.8834,3.366667,0.0505,3.366667
60.63,41.27502,0.0505,135.8625,3.366667,0.0505,3.366667
60.64,41.28138,0.05053334,135.8834,3.368889,0.05053334,3.368889
60.65,41.29569,0.05053334,135.9305,3.368889,0.05053334,3.368889
60.66,41.30999,0.05053334,135.9776,3.368889,0.05053334,3.368889
60.67,41.31953,0.05053334,136.009,3.368889,0.05053334,3.368889
60.68,41.3243,0.05056667,136.0247,3.371111,0.05056667,3.371111
60.69,41.32748,0.05056667,136.0351,3.371111,0.05056667,3.371111
60.7,41.33542,0.05056667,136.0613,3.371111,0.05056667,3.371111
60.71,41.35132,0.05056667,136.1136,3.371111,0.05056667,3.371111
60.72,41.3688,0.0506,136.1712,3.373333,0.0506,3.373333
60.73,41.37993,0.0506,136.2078,3.373333,0.0506,3.373333
60.74,41.37357,0.0506,136.1869,3.373333,0.0506,3.373333
60.75,41.36086,0.0506,136.145,3.373333,0.0506,3.373333
60.76,41.34337,0.05063333,136.0875,3.375556,0.05063333,3.375556
60.77,41.3243,0.05063333,136.0247,3.375556,0.05063333,3.375556
60.78,41.31635,0.05063333,135.9985,3.375556,0.05063333,3.375556
60.79,41.31635,0.05063333,135.9985,3.375556,0.05063333,3.375556
60.8,41.31953,0.05066667,136.009,3.377778,0.05066667,3.377778
60.81,41.33065,0.05066667,136.0456,3.377778,0.05066667,3.377778
60.82,41.34496,0.05066667,136.0927,3.377778,0.05066667,3.377778
60.83,41.3688,0.05066667,136.1712,3.377778,0.05066667,3.377778
60.84,41.38152,0.0507,136.213,3.38,0.0507,3.38
60.85,41.38152,0.0507,136.213,3.38,0.0507,3.38
60.86,41.37357,0.0507,136.1869,3.38,0.0507,3.38
60.87,41.36721,0.0507,136.1659,3.38,0.0507,3.38
60.88,41.35926,0.05073334,136.1398,3.382222,0.05073334,3.382222
60.89,41.35291,0.05073334,136.1189,3.382222,0.05073334,3.382222
60.9,41.35609,0.05073334,136.1293,3.382222,0.05073334,3.382222
60.91,41.37198,0.05073334,136.1816,3.382222,0.05073334,3.382222
60.92,41.39264,0.05076667,136.2496,3.384444,0.05076667,3.384444
60.93,41.40854,0.05076667,136.302,3.384444,0.05076667,3.384444
60.94,41.41648,0.05076667,136.3281,3.384444,0.05076667,3.384444
60.95,41.43079,0.05076667,136.3752,3.384444,0.05076667,3.384444
60.96,41.44669,0.0508,136.4275,3.386667,0.0508,3.386667
60.97,41.45304,0.0508,136.4485,3.386667,0.0508,3.386667
60.98,41.4451,0.0508,136.4223,3.386667,0.0508,3.386667
60.99,41.43874,0.0508,136.4014,3.386667,0.0508,3.386667
61.0,41.44192,0.05083333,136.4118,3.388889,0.05083333,3.388889
61.01,41.4451,0.05083333,136.4223,3.388889,0.05083333,3.388889
61.02,41.45304,0.05083333,136.4485,3.388889,0.05083333,3.388889
61.03,41.46735,0.05083333,136.4955,3.388889,0.05083333,3.388889
61.04,41.48642,0.05086667,136.5583,3.391111,0.05086667,3.391111
61.05,41.49437,0.05086667,136.5845,3.391111,0.05086667,3.391111
61.06,41.49119,0.05086667,136.574,3.391111,0.05086667,3.391111
61.07,41.4896,0.05086667,136.5688,3.391111,0.05086667,3.391111
61.08,41.49437,0.0509,136.5845,3.393333,0.0509,3.393333
61.09,41.50232,0.0509,136.6106,3.393333,0.0509,3.393333
61.1,41.51185,0.0509,136.642,3.393333,0.0509,3.393333
61.11,41.5198,0.0509,136.6682,3.393333,0.0509,3.393333
61.12,41.52775,0.05093333,136.6944,3.395556,0.05093333,3.395556
61.13,41.53888,0.05093333,136.731,3.395556,0.05093333,3.395556
61.14,41.55636,0.05093333,136.7885,3.395556,0.05093333,3.395556
61.15,41.57225,0.05093333,136.8409,3.395556,0.05093333,3.395556
61.16,41.57225,0.05096667,136.8409,3.397778,0.05096667,3.397778
61.17,41.55318,0.05096667,136.7781,3.397778,0.05096667,3.397778
61.18,41.52775,0.05096667,136.6944,3.397778,0.05096667,3.397778
61.19,41.51821,0.05096667,136.663,3.397778,0.05096667,3.397778
61.2,41.51503,0.051,136.6525,3.4,0.051,3.4
61.21,41.52457,0.051,136.6839,3.4,0.051,3.4
61.22,41.54364,0.051,136.7467,3.4,0.051,3.4
61.23,41.56113,0.051,136.8042,3.4,0.051,3.4
61.24,41.56907,0.05103333,136.8304,3.402222,0.05103333,3.402222
61.25,41.56113,0.05103333,136.8042,3.402222,0.05103333,3.402222
61.26,41.54841,0.05103333,136.7624,3.402222,0.05103333,3.402222
61.27,41.53569,0.05103333,136.7205,3.402222,0.05103333,3.402222
61.28,41.5198,0.05106667,136.6682,3.404444,0.05106667,3.404444
61.29,41.51185,0.05106667,136.642,3.404444,0.05106667,3.404444
61.3,41.52298,0.05106667,136.6787,3.404444,0.05106667,3.404444
61.31,41.55159,0.05106667,136.7728,3.404444,0.05106667,3.404444
61.32,41.58179,0.0511,136.8723,3.406667,0.0511,3.406667
61.33,41.59291,0.0511,136.9089,3.406667,0.0511,3.406667
61.34,41.5802,0.0511,136.867,3.406667,0.0511,3.406667
61.35,41.56113,0.0511,136.8042,3.406667,0.0511,3.406667
61.36,41.54682,0.05113333,136.7571,3.408889,0.05113333,3.408889
61.37,41.54682,0.05113333,136.7571,3.408889,0.05113333,3.408889
61.38,41.55954,0.05113333,136.799,3.408889,0.05113333,3.408889
61.39,41.58815,0.05113333,136.8932,3.408889,0.05113333,3.408889
61.4,41.61358,0.05116667,136.9769,3.411111,0.05116667,3.411111
61.41,41.63265,0.05116667,137.0397,3.411111,0.05116667,3.411111
61.42,41.64537,0.05116667,137.0815,3.411111,0.05116667,3.411111
61.43,41.65332,0.05116667,137.1077,3.411111,0.05116667,3.411111
61.44,41.65014,0.0512,137.0972,3.413333,0.0512,3.413333
61.45,41.65332,0.0512,137.1077,3.413333,0.0512,3.413333
61.46,41.66285,0.0512,137.1391,3.413333,0.0512,3.413333
61.47,41.66762,0.0512,137.1548,3.413333,0.0512,3.413333
61.48,41.65808,0.05123333,137.1234,3.415555,0.05123333,3.415555
61.49,41.64219,0.05123333,137.0711,3.415555,0.05123333,3.415555
61.5,41.63265,0.05123333,137.0397,3.415555,0.05123333,3.415555
61.51,41.62947,0.05123333,137.0292,3.415555,0.05123333,3.415555
61.52,41.63424,0.05126667,137.0449,3.417778,0.05126667,3.417778
61.53,41.64696,0.05126667,137.0867,3.417778,0.05126667,3.417778
61.54,41.65808,0.05126667,137.1234,3.417778,0.05126667,3.417778
61.55,41.66285,0.05126667,137.1391,3.417778,0.05126667,3.417778
61.56,41.66603,0.0513,137.1495,3.42,0.0513,3.42
61.57,41.6708,0.0513,137.1652,3.42,0.0513,3.42
61.58,41.67875,0.0513,137.1914,3.42,0.0513,3.42
61.59,41.69146,0.0513,137.2332,3.42,0.0513,3.42
61.6,41.70418,0.05133333,137.2751,3.422222,0.05133333,3.422222
61.61,41.71212,0.05133333,137.3013,3.422222,0.05133333,3.422222
61.62,41.72007,0.05133333,137.3274,3.422222,0.05133333,3.422222
61.63,41.72325,0.05133333,137.3379,3.422222,0.05133333,3.422222
61.64,41.72007,0.05136667,137.3274,3.424444,0.05136667,3.424444
61.65,41.72007,0.05136667,137.3274,3.424444,0.05136667,3.424444
61.66,41.72325,0.05136667,137.3379,3.424444,0.05136667,3.424444
61.67,41.73597,0.05136667,137.3797,3.424444,0.05136667,3.424444
61.68,41.75186,0.0514,137.4321,3.426667,0.0514,3.426667
61.69,41.76934,0.0514,137.4896,3.426667,0.0514,3.426667
61.7,41.78206,0.0514,137.5315,3.426667,0.0514,3.426667
61.71,41.79001,0.0514,137.5576,3.426667,0.0514,3.426667
61.72,41.79001,0.05143333,137.5576,3.428889,0.05143333,3.428889
61.73,41.78842,0.05143333,137.5524,3.428889,0.05143333,3.428889
61.74,41.77729,0.05143333,137.5158,3.428889,0.05143333,3.428889
61.75,41.75663,0.05143333,137.4478,3.428889,0.05143333,3.428889
61.76,41.73915,0.05146667,137.3902,3.431111,0.05146667,3.431111
61.77,41.73597,0.05146667,137.3797,3.431111,0.05146667,3.431111
61.78,41.75345,0.05146667,137.4373,3.431111,0.05146667,3.431111
61.79,41.7757,0.05146667,137.5105,3.431111,0.05146667,3.431111
61.8,41.78842,0.0515,137.5524,3.433333,0.0515,3.433333
61.81,41.80431,0.0515,137.6047,3.433333,0.0515,3.433333
61.82,41.82498,0.0515,137.6727,3.433333,0.0515,3.433333
61.83,41.83451,0.0515,137.7041,3.433333,0.0515,3.433333
61.84,41.82975,0.05153333,137.6884,3.435556,0.05153333,3.435556
61.85,41.81862,0.05153333,137.6518,3.435556,0.05153333,3.435556
61.86,41.82498,0.05153333,137.6727,3.435556,0.05153333,3.435556
61.87,41.84564,0.05153333,137.7407,3.435556,0.05153333,3.435556
61.88,41.8663,0.05156667,137.8088,3.437778,0.05156667,3.437778
61.89,41.87425,0.05156667,137.8349,3.437778,0.05156667,3.437778
61.9,41.87902,0.05156667,137.8506,3.437778,0.05156667,3.437778
61.91,41.87902,0.05156667,137.8506,3.437778,0.05156667,3.437778
61.92,41.86948,0.0516,137.8192,3.44,0.0516,3.44
61.93,41.85041,0.0516,137.7564,3.44,0.0516,3.44
61.94,41.84087,0.0516,137.725,3.44,0.0516,3.44
61.95,41.84723,0.0516,137.746,3.44,0.0516,3.44
61.96,41.8663,0.05163334,137.8088,3.442222,0.05163334,3.442222
61.97,41.87584,0.05163334,137.8401,3.442222,0.05163334,3.442222
61.98,41.87584,0.05163334,137.8401,3.442222,0.05163334,3.442222
61.99,41.88379,0.05163334,137.8663,3.442222,0.05163334,3.442222
62.0,41.90286,0.05166667,137.9291,3.444444,0.05166667,3.444444
62.01,41.92035,0.05166667,137.9866,3.444444,0.05166667,3.444444
62.02,41.92035,0.05166667,137.9866,3.444444,0.05166667,3.444444
62.03,41.90763,0.05166667,137.9448,3.444444,0.05166667,3.444444
62.04,41.89809,0.0517,137.9134,3.446667,0.0517,3.446667
62.05,41.90763,0.0517,137.9448,3.446667,0.0517,3.446667
62.06,41.9267,0.0517,138.0076,3.446667,0.0517,3.446667
62.07,41.94101,0.0517,138.0547,3.446667,0.0517,3.446667
62.08,41.94101,0.05173333,138.0547,3.448889,0.05173333,3.448889
62.09,41.93624,0.05173333,138.039,3.448889,0.05173333,3.448889
62.1,41.93147,0.05173333,138.0233,3.448889,0.05173333,3.448889
62.11,41.93147,0.05173333,138.0233,3.448889,0.05173333,3.448889
62.12,41.93147,0.05176667,138.0233,3.451111,0.05176667,3.451111
62.13,41.93147,0.05176667,138.0233,3.451111,0.05176667,3.451111
62.14,41.93624,0.05176667,138.039,3.451111,0.05176667,3.451111
62.15,41.94101,0.05176667,138.0547,3.451111,0.05176667,3.451111
62.16,41.93942,0.0518,138.0494,3.453333,0.0518,3.453333
62.17,41.93624,0.0518,138.039,3.453333,0.0518,3.453333
62.18,41.94101,0.0518,138.0547,3.453333,0.0518,3.453333
62.19,41.94896,0.0518,138.0808,3.453333,0.0518,3.453333
62.2,41.95531,0.05183334,138.1017,3.455556,0.05183334,3.455556
62.21,41.95213,0.05183334,138.0913,3.455556,0.05183334,3.455556
62.22,41.94896,0.05183334,138.0808,3.455556,0.05183334,3.455556
62.23,41.95213,0.05183334,138.0913,3.455556,0.05183334,3.455556
62.24,41.96962,0.05186667,138.1488,3.457778,0.05186667,3.457778
62.25,41.98869,0.05186667,138.2116,3.457778,0.05186667,3.457778
62.26,41.99346,0.05186667,138.2273,3.457778,0.05186667,3.457778
62.27,41.99028,0.05186667,138.2168,3.457778,0.05186667,3.457778
62.28,41.99346,0.0519,138.2273,3.46,0.0519,3.46
62.29,42.00618,0.0519,138.2692,3.46,0.0519,3.46
62.3,42.01889,0.0519,138.311,3.46,0.0519,3.46
62.31,42.0173,0.0519,138.3058,3.46,0.0519,3.46
62.32,42.00141,0.05193333,138.2535,3.462222,0.05193333,3.462222
62.33,41.99346,0.05193333,138.2273,3.462222,0.05193333,3.462222
62.34,41.99664,0.05193333,138.2378,3.462222,0.05193333,3.462222
62.35,42.00618,0.05193333,138.2692,3.462222,0.05193333,3.462222
62.36,42.02207,0.05196667,138.3215,3.464444,0.05196667,3.464444
62.37,42.04273,0.05196667,138.3895,3.464444,0.05196667,3.464444
62.38,42.05386,0.05196667,138.4261,3.464444,0.05196667,3.464444
62.39,42.04591,0.05196667,138.4,3.464444,0.05196667,3.464444
62.4,42.02525,0.052,138.332,3.466667,0.052,3.466667
62.41,42.00935,0.052,138.2796,3.466667,0.052,3.466667
62.42,42.00141,0.052,138.2535,3.466667,0.052,3.466667
62.43,42.00141,0.052,138.2535,3.466667,0.052,3.466667
62.44,42.00935,0.05203333,138.2796,3.468889,0.05203333,3.468889
62.45,42.01889,0.05203333,138.311,3.468889,0.05203333,3.468889
62.46,42.02684,0.05203333,138.3372,3.468889,0.05203333,3.468889
62.47,42.03002,0.05203333,138.3476,3.468889,0.05203333,3.468889
62.48,42.03002,0.05206667,138.3476,3.471111,0.05206667,3.471111
62.49,42.0332,0.05206667,138.3581,3.471111,0.05206667,3.471111
62.5,42.04591,0.05206667,138.4,3.471111,0.05206667,3.471111
62.51,42.05863,0.05206667,138.4418,3.471111,0.05206667,3.471111
62.52,42.07134,0.0521,138.4837,3.473333,0.0521,3.473333
62.53,42.08406,0.0521,138.5255,3.473333,0.0521,3.473333
62.54,42.09836,0.0521,138.5726,3.473333,0.0521,3.473333
62.55,42.09995,0.0521,138.5779,3.473333,0.0521,3.473333
62.56,42.09995,0.05213333,138.5779,3.475555,0.05213333,3.475555
62.57,42.09836,0.05213333,138.5726,3.475555,0.05213333,3.475555
62.58,42.09518,0.05213333,138.5621,3.475555,0.05213333,3.475555
62.59,42.10313,0.05213333,138.5883,3.475555,0.05213333,3.475555
62.6,42.11108,0.05216667,138.6145,3.477778,0.05216667,3.477778
62.61,42.11267,0.05216667,138.6197,3.477778,0.05216667,3.477778
62.62,42.11267,0.05216667,138.6197,3.477778,0.05216667,3.477778
62.63,42.11903,0.05216667,138.6406,3.477778,0.05216667,3.477778
62.64,42.12856,0.0522,138.672,3.48,0.0522,3.48
62.65,42.13969,0.0522,138.7086,3.48,0.0522,3.48
62.66,42.14446,0.0522,138.7243,3.48,0.0522,3.48
62.67,42.14764,0.0522,138.7348,3.48,0.0522,3.48
62.68,42.1524,0.05223333,138.7505,3.482222,0.05223333,3.482222
62.69,42.1683,0.05223333,138.8028,3.482222,0.05223333,3.482222
62.7,42.18578,0.05223333,138.8604,3.482222,0.05223333,3.482222
62.71,42.20168,0.05223333,138.9127,3.482222,0.05223333,3.482222
62.72,42.20486,0.05226667,138.9232,3.484445,0.05226667,3.484445
62.73,42.1985,0.05226667,138.9022,3.484445,0.05226667,3.484445
62.74,42.18896,0.05226667,138.8708,3.484445,0.05226667,3.484445
62.75,42.17307,0.05226667,138.8185,3.484445,0.05226667,3.484445
62.76,42.16194,0.0523,138.7819,3.486667,0.0523,3.486667
62.77,42.1683,0.0523,138.8028,3.486667,0.0523,3.486667
62.78,42.18102,0.0523,138.8447,3.486667,0.0523,3.486667
62.79,42.19055,0.0523,138.8761,3.486667,0.0523,3.486667
62.8,42.19691,0.05233333,138.897,3.488889,0.05233333,3.488889
62.81,42.19691,0.05233333,138.897,3.488889,0.05233333,3.488889
62.82,42.20168,0.05233333,138.9127,3.488889,0.05233333,3.488889
62.83,42.21757,0.05233333,138.965,3.488889,0.05233333,3.488889
62.84,42.23506,0.05236667,139.0226,3.491111,0.05236667,3.491111
62.85,42.24618,0.05236667,139.0592,3.491111,0.05236667,3.491111
62.86,42.24936,0.05236667,139.0697,3.491111,0.05236667,3.491111
62.87,42.24936,0.05236667,139.0697,3.491111,0.05236667,3.491111
62.88,42.243,0.0524,139.0487,3.493333,0.0524,3.493333
62.89,42.23347,0.0524,139.0173,3.493333,0.0524,3.493333
62.9,42.22711,0.0524,138.9964,3.493333,0.0524,3.493333
62.91,42.22234,0.05243333,138.9807,3.495556,0.05243333,3.495556
62.92,42.22552,0.05243333,138.9912,3.495556,0.05243333,3.495556
62.93,42.24141,0.05243333,139.0435,3.495556,0.05243333,3.495556
62.94,42.26367,0.05243333,139.1167,3.495556,0.05243333,3.495556
62.95,42.28274,0.05243333,139.1795,3.495556,0.05243333,3.495556
62.96,42.29069,0.05246667,139.2057,3.497778,0.05246667,3.497778
62.97,42.28433,0.05246667,139.1848,3.497778,0.05246667,3.497778
62.98,42.27797,0.05246667,139.1638,3.497778,0.05246667,3.497778
62.99,42.27956,0.05246667,139.1691,3.497778,0.05246667,3.497778
63.0,42.29546,0.0525,139.2214,3.5,0.0525,3.5
63.01,42.3034,0.0525,139.2475,3.5,0.0525,3.5
63.02,42.29228,0.0525,139.2109,3.5,0.0525,3.5
63.03,42.28751,0.0525,139.1952,3.5,0.0525,3.5
63.04,42.29228,0.05253333,139.2109,3.502222,0.05253333,3.502222
63.05,42.29546,0.05253333,139.2214,3.502222,0.05253333,3.502222
63.06,42.28751,0.05253333,139.1952,3.502222,0.05253333,3.502222
63.07,42.28751,0.05253333,139.1952,3.502222,0.05253333,3.502222
63.08,42.29863,0.05256667,139.2318,3.504444,0.05256667,3.504444
63.09,42.30658,0.05256667,139.258,3.504444,0.05256667,3.504444
63.1,42.31135,0.05256667,139.2737,3.504444,0.05256667,3.504444
63.11,42.31612,0.05256667,139.2894,3.504444,0.05256667,3.504444
63.12,42.32089,0.0526,139.3051,3.506667,0.0526,3.506667
63.13,42.3193,0.0526,139.2999,3.506667,0.0526,3.506667
63.14,42.32089,0.0526,139.3051,3.506667,0.0526,3.506667
63.15,42.33201,0.0526,139.3417,3.506667,0.0526,3.506667
63.16,42.34791,0.05263333,139.394,3.508889,0.05263333,3.508889
63.17,42.35585,0.05263333,139.4202,3.508889,0.05263333,3.508889
63.18,42.3495,0.05263333,139.3993,3.508889,0.05263333,3.508889
63.19,42.34473,0.05263333,139.3836,3.508889,0.05263333,3.508889
63.2,42.34155,0.05266667,139.3731,3.511111,0.05266667,3.511111
63.21,42.34791,0.05266667,139.394,3.511111,0.05266667,3.511111
63.22,42.35268,0.05266667,139.4097,3.511111,0.05266667,3.511111
63.23,42.35585,0.05266667,139.4202,3.511111,0.05266667,3.511111
63.24,42.35585,0.0527,139.4202,3.513334,0.0527,3.513334
63.25,42.3638,0.0527,139.4464,3.513334,0.0527,3.513334
63.26,42.38446,0.0527,139.5144,3.513334,0.0527,3.513334
63.27,42.40195,0.0527,139.5719,3.513334,0.0527,3.513334
63.28,42.41467,0.05273334,139.6138,3.515556,0.05273334,3.515556
63.29,42.42102,0.05273334,139.6347,3.515556,0.05273334,3.515556
63.3,42.41784,0.05273334,139.6242,3.515556,0.05273334,3.515556
63.31,42.40672,0.05273334,139.5876,3.515556,0.05273334,3.515556
63.32,42.40672,0.05276667,139.5876,3.517778,0.05276667,3.517778
63.33,42.42738,0.05276667,139.6556,3.517778,0.05276667,3.517778
63.34,42.44963,0.05276667,139.7289,3.517778,0.05276667,3.517778
63.35,42.44963,0.05276667,139.7289,3.517778,0.05276667,3.517778
63.36,42.43533,0.0528,139.6818,3.52,0.0528,3.52
63.37,42.42738,0.0528,139.6556,3.52,0.0528,3.52
63.38,42.42738,0.0528,139.6556,3.52,0.0528,3.52
63.39,42.42102,0.0528,139.6347,3.52,0.0528,3.52
63.4,42.41467,0.05283333,139.6138,3.522222,0.05283333,3.522222
63.41,42.41784,0.05283333,139.6242,3.522222,0.05283333,3.522222
63.42,42.43374,0.05283333,139.6765,3.522222,0.05283333,3.522222
63.43,42.44328,0.05283333,139.7079,3.522222,0.05283333,3.522222
63.44,42.44645,0.05286667,139.7184,3.524445,0.05286667,3.524445
63.45,42.44963,0.05286667,139.7289,3.524445,0.05286667,3.524445
63.46,42.46235,0.05286667,139.7707,3.524445,0.05286667,3.524445
63.47,42.47189,0.05286667,139.8021,3.524445,0.05286667,3.524445
63.48,42.47506,0.0529,139.8126,3.526667,0.0529,3.526667
63.49,42.47189,0.0529,139.8021,3.526667,0.0529,3.526667
63.5,42.47824,0.0529,139.823,3.526667,0.0529,3.526667
63.51,42.4846,0.05293334,139.844,3.528889,0.05293334,3.528889
63.52,42.49255,0.05293334,139.8701,3.528889,0.05293334,3.528889
63.53,42.49096,0.05293334,139.8649,3.528889,0.05293334,3.528889
63.54,42.49096,0.05293334,139.8649,3.528889,0.05293334,3.528889
63.55,42.49573,0.05293334,139.8806,3.528889,0.05293334,3.528889
63.56,42.50844,0.05296667,139.9225,3.531111,0.05296667,3.531111
63.57,42.51957,0.05296667,139.9591,3.531111,0.05296667,3.531111
63.58,42.52752,0.05296667,139.9852,3.531111,0.05296667,3.531111
63.59,42.52911,0.05296667,139.9905,3.531111,0.05296667,3.531111
63.6,42.53228,0.053,140.0009,3.533333,0.053,3.533333
63.61,42.53547,0.053,140.0114,3.533333,0.053,3.533333
63.62,42.54023,0.053,140.0271,3.533333,0.053,3.533333
63.63,42.545,0.053,140.0428,3.533333,0.053,3.533333
63.64,42.53705,0.05303333,140.0166,3.535556,0.05303333,3.535556
63.65,42.52911,0.05303333,139.9905,3.535556,0.05303333,3.535556
63.66,42.52911,0.05303333,139.9905,3.535556,0.05303333,3.535556
63.67,42.53705,0.05306667,140.0166,3.537778,0.05306667,3.537778
63.68,42.54818,0.05306667,140.0533,3.537778,0.05306667,3.537778
63.69,42.55295,0.05306667,140.0689,3.537778,0.05306667,3.537778
63.7,42.55772,0.05306667,140.0846,3.537778,0.05306667,3.537778
63.71,42.56408,0.05306667,140.1056,3.537778,0.05306667,3.537778
63.72,42.57043,0.0531,140.1265,3.54,0.0531,3.54
63.73,42.57679,0.0531,140.1474,3.54,0.0531,3.54
63.74,42.57361,0.0531,140.137,3.54,0.0531,3.54
63.75,42.57838,0.0531,140.1527,3.54,0.0531,3.54
63.76,42.59269,0.05313333,140.1998,3.542222,0.05313333,3.542222
63.77,42.61017,0.05313333,140.2573,3.542222,0.05313333,3.542222
63.78,42.61335,0.05313333,140.2678,3.542222,0.05313333,3.542222
63.79,42.60222,0.05313333,140.2311,3.542222,0.05313333,3.542222
63.8,42.59269,0.05316667,140.1998,3.544445,0.05316667,3.544445
63.81,42.59269,0.05316667,140.1998,3.544445,0.05316667,3.544445
63.82,42.59269,0.05316667,140.1998,3.544445,0.05316667,3.544445
63.83,42.5895,0.05316667,140.1893,3.544445,0.05316667,3.544445
63.84,42.58633,0.0532,140.1788,3.546667,0.0532,3.546667
63.85,42.59269,0.0532,140.1998,3.546667,0.0532,3.546667
63.86,42.60699,0.0532,140.2468,3.546667,0.0532,3.546667
63.87,42.6213,0.0532,140.2939,3.546667,0.0532,3.546667
63.88,42.6213,0.05323333,140.2939,3.548889,0.05323333,3.548889
63.89,42.61335,0.05323333,140.2678,3.548889,0.05323333,3.548889
63.9,42.61494,0.05323333,140.273,3.548889,0.05323333,3.548889
63.91,42.62924,0.05323333,140.3201,3.548889,0.05323333,3.548889
63.92,42.64196,0.05326667,140.3619,3.551111,0.05326667,3.551111
63.93,42.65149,0.05326667,140.3933,3.551111,0.05326667,3.551111
63.94,42.65944,0.05326667,140.4195,3.551111,0.05326667,3.551111
63.95,42.66421,0.05326667,140.4352,3.551111,0.05326667,3.551111
63.96,42.67057,0.0533,140.4561,3.553333,0.0533,3.553333
63.97,42.67852,0.0533,140.4823,3.553333,0.0533,3.553333
63.98,42.68805,0.0533,140.5137,3.553333,0.0533,3.553333
63.99,42.69123,0.0533,140.5241,3.553333,0.0533,3.553333
64.0,42.696,0.05333333,140.5398,3.555556,0.05333333,3.555556
64.01,42.69918,0.05333333,140.5503,3.555556,0.05333333,3.555556
64.02,42.70395,0.05333333,140.566,3.555556,0.05333333,3.555556
64.03,42.70871,0.05333333,140.5817,3.555556,0.05333333,3.555556
64.04,42.71507,0.05336667,140.6026,3.557778,0.05336667,3.557778
64.05,42.71666,0.05336667,140.6078,3.557778,0.05336667,3.557778
64.06,42.71507,0.05336667,140.6026,3.557778,0.05336667,3.557778
64.07,42.70871,0.05336667,140.5817,3.557778,0.05336667,3.557778
64.08,42.70395,0.0534,140.566,3.56,0.0534,3.56
64.09,42.70713,0.0534,140.5764,3.56,0.0534,3.56
64.1,42.72779,0.0534,140.6445,3.56,0.0534,3.56
64.11,42.7564,0.0534,140.7386,3.56,0.0534,3.56
64.12,42.77706,0.05343333,140.8066,3.562222,0.05343333,3.562222
64.13,42.77865,0.05343333,140.8119,3.562222,0.05343333,3.562222
64.14,42.76912,0.05343333,140.7805,3.562222,0.05343333,3.562222
64.15,42.76435,0.05343333,140.7648,3.562222,0.05343333,3.562222
64.16,42.77388,0.05346667,140.7962,3.564445,0.05346667,3.564445
64.17,42.78183,0.05346667,140.8223,3.564445,0.05346667,3.564445
64.18,42.78183,0.05346667,140.8223,3.564445,0.05346667,3.564445
64.19,42.77388,0.05346667,140.7962,3.564445,0.05346667,3.564445
64.2,42.76593,0.0535,140.77,3.566667,0.0535,3.566667
64.21,42.7564,0.0535,140.7386,3.566667,0.0535,3.566667
64.22,42.74845,0.0535,140.7125,3.566667,0.0535,3.566667
64.23,42.74845,0.0535,140.7125,3.566667,0.0535,3.566667
64.24,42.75322,0.05353333,140.7282,3.568889,0.05353333,3.568889
64.25,42.76593,0.05353333,140.77,3.568889,0.05353333,3.568889
64.26,42.78978,0.05353333,140.8485,3.568889,0.05353333,3.568889
64.27,42.81362,0.05353333,140.927,3.568889,0.05353333,3.568889
64.28,42.82634,0.05356667,140.9688,3.571111,0.05356667,3.571111
64.29,42.8311,0.05356667,140.9845,3.571111,0.05356667,3.571111
64.3,42.8311,0.05356667,140.9845,3.571111,0.05356667,3.571111
64.31,42.82951,0.05356667,140.9793,3.571111,0.05356667,3.571111
64.32,42.82315,0.0536,140.9584,3.573334,0.0536,3.573334
64.33,42.82315,0.0536,140.9584,3.573334,0.0536,3.573334
64.34,42.83428,0.0536,140.995,3.573334,0.0536,3.573334
64.35,42.84223,0.0536,141.0211,3.573334,0.0536,3.573334
64.36,42.84223,0.05363333,141.0211,3.575556,0.05363333,3.575556
64.37,42.84223,0.05363333,141.0211,3.575556,0.05363333,3.575556
64.38,42.84223,0.05363333,141.0211,3.575556,0.05363333,3.575556
64.39,42.83905,0.05363333,141.0107,3.575556,0.05363333,3.575556
64.4,42.83905,0.05366667,141.0107,3.577778,0.05366667,3.577778
64.41,42.83905,0.05366667,141.0107,3.577778,0.05366667,3.577778
64.42,42.83587,0.05366667,141.0002,3.577778,0.05366667,3.577778
64.43,42.8311,0.05366667,140.9845,3.577778,0.05366667,3.577778
64.44,42.84223,0.0537,141.0211,3.58,0.0537,3.58
64.45,42.85971,0.0537,141.0787,3.58,0.0537,3.58
64.46,42.87243,0.0537,141.1206,3.58,0.0537,3.58
64.47,42.88356,0.0537,141.1572,3.58,0.0537,3.58
64.48,42.89309,0.05373333,141.1886,3.582222,0.05373333,3.582222
64.49,42.89945,0.05373333,141.2095,3.582222,0.05373333,3.582222
64.5,42.9074,0.05373333,141.2357,3.582222,0.05373333,3.582222
64.51,42.92488,0.05373333,141.2932,3.582222,0.05373333,3.582222
64.52,42.94395,0.05376667,141.356,3.584445,0.05376667,3.584445
64.53,42.94078,0.05376667,141.3455,3.584445,0.05376667,3.584445
64.54,42.92488,0.05376667,141.2932,3.584445,0.05376667,3.584445
64.55,42.9217,0.05376667,141.2828,3.584445,0.05376667,3.584445
64.56,42.93601,0.0538,141.3298,3.586667,0.0538,3.586667
64.57,42.95031,0.0538,141.3769,3.586667,0.0538,3.586667
64.58,42.95349,0.0538,141.3874,3.586667,0.0538,3.586667
64.59,42.94555,0.0538,141.3612,3.586667,0.0538,3.586667
64.6,42.93601,0.05383334,141.3298,3.588889,0.05383334,3.588889
64.61,42.92965,0.05383334,141.3089,3.588889,0.05383334,3.588889
64.62,42.92806,0.05383334,141.3037,3.588889,0.05383334,3.588889
64.63,42.9376,0.05383334,141.3351,3.588889,0.05383334,3.588889
64.64,42.94555,0.05386667,141.3612,3.591111,0.05386667,3.591111
64.65,42.94395,0.05386667,141.356,3.591111,0.05386667,3.591111
64.66,42.94395,0.05386667,141.356,3.591111,0.05386667,3.591111
64.67,42.95826,0.05386667,141.4031,3.591111,0.05386667,3.591111
64.68,42.98528,0.0539,141.492,3.593333,0.0539,3.593333
64.69,43.00594,0.0539,141.56,3.593333,0.0539,3.593333
64.7,43.02184,0.0539,141.6124,3.593333,0.0539,3.593333
64.71,43.02343,0.05393333,141.6176,3.595556,0.05393333,3.595556
64.72,43.01548,0.05393333,141.5914,3.595556,0.05393333,3.595556
64.73,43.01071,0.05393333,141.5757,3.595556,0.05393333,3.595556
64.74,43.02184,0.05393333,141.6124,3.595556,0.05393333,3.595556
64.75,43.03138,0.05393333,141.6438,3.595556,0.05393333,3.595556
64.76,43.0425,0.05396667,141.6804,3.597778,0.05396667,3.597778
64.77,43.05522,0.05396667,141.7222,3.597778,0.05396667,3.597778
64.78,43.06316,0.05396667,141.7484,3.597778,0.05396667,3.597778
64.79,43.05045,0.05396667,141.7065,3.597778,0.05396667,3.597778
64.8,43.02343,0.054,141.6176,3.6,0.054,3.6
64.81,43.00277,0.054,141.5496,3.6,0.054,3.6
64.82,43.00277,0.054,141.5496,3.6,0.054,3.6
64.83,43.02184,0.054,141.6124,3.6,0.054,3.6
64.84,43.0425,0.05403334,141.6804,3.602222,0.05403334,3.602222
64.85,43.05204,0.05403334,141.7118,3.602222,0.05403334,3.602222
64.86,43.05204,0.05403334,141.7118,3.602222,0.05403334,3.602222
64.87,43.05045,0.05403334,141.7065,3.602222,0.05403334,3.602222
64.88,43.05522,0.05406667,141.7222,3.604444,0.05406667,3.604444
64.89,43.05999,0.05406667,141.7379,3.604444,0.05406667,3.604444
64.9,43.06634,0.05406667,141.7589,3.604444,0.05406667,3.604444
64.91,43.06316,0.05406667,141.7484,3.604444,0.05406667,3.604444
64.92,43.05999,0.0541,141.7379,3.606667,0.0541,3.606667
64.93,43.05999,0.0541,141.7379,3.606667,0.0541,3.606667
64.94,43.0584,0.0541,141.7327,3.606667,0.0541,3.606667
64.95,43.05522,0.0541,141.7222,3.606667,0.0541,3.606667
64.96,43.05522,0.05413333,141.7222,3.608889,0.05413333,3.608889
64.97,43.06634,0.05413333,141.7589,3.608889,0.05413333,3.608889
64.98,43.07588,0.05413333,141.7902,3.608889,0.05413333,3.608889
64.99,43.08065,0.05413333,141.8059,3.608889,0.05413333,3.608889
65.0,43.08383,0.05416667,141.8164,3.611111,0.05416667,3.611111
65.01,43.08383,0.05416667,141.8164,3.611111,0.05416667,3.611111
65.02,43.08383,0.05416667,141.8164,3.611111,0.05416667,3.611111
65.03,43.08065,0.05416667,141.8059,3.611111,0.05416667,3.611111
65.04,43.08065,0.0542,141.8059,3.613333,0.0542,3.613333
65.05,43.08383,0.0542,141.8164,3.613333,0.0542,3.613333
65.06,43.09654,0.0542,141.8583,3.613333,0.0542,3.613333
65.07,43.10926,0.0542,141.9001,3.613333,0.0542,3.613333
65.08,43.10926,0.05423333,141.9001,3.615556,0.05423333,3.615556
65.09,43.09972,0.05423333,141.8687,3.615556,0.05423333,3.615556
65.1,43.09177,0.05423333,141.8426,3.615556,0.05423333,3.615556
65.11,43.09972,0.05423333,141.8687,3.615556,0.05423333,3.615556
65.12,43.12038,0.05426667,141.9367,3.617778,0.05426667,3.617778
65.13,43.14105,0.05426667,142.0048,3.617778,0.05426667,3.617778
65.14,43.14423,0.05426667,142.0152,3.617778,0.05426667,3.617778
65.15,43.14423,0.05426667,142.0152,3.617778,0.05426667,3.617778
65.16,43.15376,0.0543,142.0466,3.62,0.0543,3.62
65.17,43.16171,0.0543,142.0728,3.62,0.0543,3.62
65.18,43.15853,0.0543,142.0623,3.62,0.0543,3.62
65.19,43.15694,0.0543,142.0571,3.62,0.0543,3.62
65.2,43.16489,0.05433333,142.0832,3.622222,0.05433333,3.622222
65.21,43.16966,0.05433333,142.0989,3.622222,0.05433333,3.622222
65.22,43.16489,0.05433333,142.0832,3.622222,0.05433333,3.622222
65.23,43.15853,0.05433333,142.0623,3.622222,0.05433333,3.622222
65.24,43.1776,0.05436667,142.1251,3.624444,0.05436667,3.624444
65.25,43.20621,0.05436667,142.2193,3.624444,0.05436667,3.624444
65.26,43.21575,0.05436667,142.2507,3.624444,0.05436667,3.624444
65.27,43.20939,0.05436667,142.2297,3.624444,0.05436667,3.624444
65.28,43.19509,0.0544,142.1826,3.626667,0.0544,3.626667
65.29,43.19032,0.0544,142.1669,3.626667,0.0544,3.626667
65.3,43.19032,0.0544,142.1669,3.626667,0.0544,3.626667
65.31,43.1935,0.0544,142.1774,3.626667,0.0544,3.626667
65.32,43.19509,0.05443333,142.1826,3.628889,0.05443333,3.628889
65.33,43.19509,0.05443333,142.1826,3.628889,0.05443333,3.628889
65.34,43.19509,0.05443333,142.1826,3.628889,0.05443333,3.628889
65.35,43.20145,0.05443333,142.2036,3.628889,0.05443333,3.628889
65.36,43.20621,0.05446667,142.2193,3.631111,0.05446667,3.631111
65.37,43.20621,0.05446667,142.2193,3.631111,0.05446667,3.631111
65.38,43.20939,0.05446667,142.2297,3.631111,0.05446667,3.631111
65.39,43.21893,0.05446667,142.2611,3.631111,0.05446667,3.631111
65.4,43.23165,0.0545,142.303,3.633333,0.0545,3.633333
65.41,43.238,0.0545,142.3239,3.633333,0.0545,3.633333
65.42,43.238,0.0545,142.3239,3.633333,0.0545,3.633333
65.43,43.23006,0.0545,142.2977,3.633333,0.0545,3.633333
65.44,43.22688,0.05453333,142.2873,3.635556,0.05453333,3.635556
65.45,43.23959,0.05453333,142.3291,3.635556,0.05453333,3.635556
65.46,43.26344,0.05453333,142.4076,3.635556,0.05453333,3.635556
65.47,43.2841,0.05453333,142.4756,3.635556,0.05453333,3.635556
65.48,43.29522,0.05456667,142.5123,3.637778,0.05456667,3.637778
65.49,43.30476,0.05456667,142.5436,3.637778,0.05456667,3.637778
65.5,43.30953,0.05456667,142.5593,3.637778,0.05456667,3.637778
65.51,43.30476,0.05456667,142.5436,3.637778,0.05456667,3.637778
65.52,43.29522,0.0546,142.5123,3.64,0.0546,3.64
65.53,43.29522,0.0546,142.5123,3.64,0.0546,3.64
65.54,43.30794,0.0546,142.5541,3.64,0.0546,3.64
65.55,43.32383,0.0546,142.6064,3.64,0.0546,3.64
65.56,43.32542,0.05463333,142.6117,3.642222,0.05463333,3.642222
65.57,43.32066,0.05463333,142.596,3.642222,0.05463333,3.642222
65.58,43.31271,0.05463333,142.5698,3.642222,0.05463333,3.642222
65.59,43.31271,0.05463333,142.5698,3.642222,0.05463333,3.642222
65.6,43.32383,0.05466667,142.6064,3.644444,0.05466667,3.644444
65.61,43.33655,0.05466667,142.6483,3.644444,0.05466667,3.644444
65.62,43.34132,0.05466667,142.664,3.644444,0.05466667,3.644444
65.63,43.3445,0.05466667,142.6744,3.644444,0.05466667,3.644444
65.64,43.35244,0.0547,142.7006,3.646667,0.0547,3.646667
65.65,43.35403,0.0547,142.7058,3.646667,0.0547,3.646667
65.66,43.35244,0.0547,142.7006,3.646667,0.0547,3.646667
65.67,43.35244,0.0547,142.7006,3.646667,0.0547,3.646667
65.68,43.34927,0.05473333,142.6901,3.648889,0.05473333,3.648889
65.69,43.3445,0.05473333,142.6744,3.648889,0.05473333,3.648889
65.7,43.33814,0.05473333,142.6535,3.648889,0.05473333,3.648889
65.71,43.34132,0.05473333,142.664,3.648889,0.05473333,3.648889
65.72,43.3445,0.05476667,142.6744,3.651111,0.05476667,3.651111
65.73,43.34609,0.05476667,142.6797,3.651111,0.05476667,3.651111
65.74,43.35721,0.05476667,142.7163,3.651111,0.05476667,3.651111
65.75,43.36993,0.05476667,142.7582,3.651111,0.05476667,3.651111
65.76,43.37311,0.0548,142.7686,3.653333,0.0548,3.653333
65.77,43.36993,0.0548,142.7582,3.653333,0.0548,3.653333
65.78,43.36993,0.0548,142.7582,3.653333,0.0548,3.653333
65.79,43.37311,0.0548,142.7686,3.653333,0.0548,3.653333
65.8,43.38582,0.05483333,142.8105,3.655555,0.05483333,3.655555
65.81,43.40172,0.05483333,142.8628,3.655555,0.05483333,3.655555
65.82,43.40172,0.05483333,142.8628,3.655555,0.05483333,3.655555
65.83,43.39377,0.05483333,142.8366,3.655555,0.05483333,3.655555
65.84,43.39377,0.05486667,142.8366,3.657778,0.05486667,3.657778
65.85,43.40331,0.05486667,142.868,3.657778,0.05486667,3.657778
65.86,43.41602,0.05486667,142.9099,3.657778,0.05486667,3.657778
65.87,43.4351,0.05486667,142.9727,3.657778,0.05486667,3.657778
65.88,43.45894,0.0549,143.0511,3.66,0.0549,3.66
65.89,43.47165,0.0549,143.093,3.66,0.0549,3.66
65.9,43.47483,0.0549,143.1035,3.66,0.0549,3.66
65.91,43.46848,0.0549,143.0825,3.66,0.0549,3.66
65.92,43.45576,0.05493334,143.0407,3.662222,0.05493334,3.662222
65.93,43.44781,0.05493334,143.0145,3.662222,0.05493334,3.662222
65.94,43.44781,0.05493334,143.0145,3.662222,0.05493334,3.662222
65.95,43.45099,0.05493334,143.025,3.662222,0.05493334,3.662222
65.96,43.45894,0.05496667,143.0511,3.664444,0.05496667,3.664444
65.97,43.46053,0.05496667,143.0564,3.664444,0.05496667,3.664444
65.98,43.46688,0.05496667,143.0773,3.664444,0.05496667,3.664444
65.99,43.47642,0.05496667,143.1087,3.664444,0.05496667,3.664444
66.0,43.49232,0.055,143.161,3.666667,0.055,3.666667
66.01,43.5098,0.055,143.2186,3.666667,0.055,3.666667
66.02,43.51616,0.055,143.2395,3.666667,0.055,3.666667
66.03,43.50821,0.055,143.2133,3.666667,0.055,3.666667
66.04,43.50503,0.05503333,143.2029,3.668889,0.05503333,3.668889
66.05,43.51298,0.05503333,143.229,3.668889,0.05503333,3.668889
66.06,43.5257,0.05503333,143.2709,3.668889,0.05503333,3.668889
66.07,43.53841,0.05503333,143.3127,3.668889,0.05503333,3.668889
66.08,43.55272,0.05506667,143.3598,3.671111,0.05506667,3.671111
66.09,43.56543,0.05506667,143.4017,3.671111,0.05506667,3.671111
66.1,43.56702,0.05506667,143.4069,3.671111,0.05506667,3.671111
66.11,43.55431,0.05506667,143.3651,3.671111,0.05506667,3.671111
66.12,43.53682,0.0551,143.3075,3.673333,0.0551,3.673333
66.13,43.5257,0.0551,143.2709,3.673333,0.0551,3.673333
66.14,43.52093,0.0551,143.2552,3.673333,0.0551,3.673333
66.15,43.51616,0.0551,143.2395,3.673333,0.0551,3.673333
66.16,43.51616,0.05513334,143.2395,3.675556,0.05513334,3.675556
66.17,43.52093,0.05513334,143.2552,3.675556,0.05513334,3.675556
66.18,43.52887,0.05513334,143.2813,3.675556,0.05513334,3.675556
66.19,43.53682,0.05513334,143.3075,3.675556,0.05513334,3.675556
66.2,43.54477,0.05516667,143.3337,3.677778,0.05516667,3.677778
66.21,43.56067,0.05516667,143.386,3.677778,0.05516667,3.677778
66.22,43.58133,0.05516667,143.454,3.677778,0.05516667,3.677778
66.23,43.59881,0.05516667,143.5116,3.677778,0.05516667,3.677778
66.24,43.59086,0.0552,143.4854,3.68,0.0552,3.68
66.25,43.5702,0.0552,143.4174,3.68,0.0552,3.68
66.26,43.56067,0.0552,143.386,3.68,0.0552,3.68
66.27,43.56067,0.0552,143.386,3.68,0.0552,3.68
66.28,43.56067,0.05523333,143.386,3.682222,0.05523333,3.682222
66.29,43.56067,0.05523333,143.386,3.682222,0.05523333,3.682222
66.3,43.57338,0.05523333,143.4278,3.682222,0.05523333,3.682222
66.31,43.59086,0.05523333,143.4854,3.682222,0.05523333,3.682222
66.32,43.60676,0.05526667,143.5377,3.684444,0.05526667,3.684444
66.33,43.60994,0.05526667,143.5482,3.684444,0.05526667,3.684444
66.34,43.60676,0.05526667,143.5377,3.684444,0.05526667,3.684444
66.35,43.61153,0.05526667,143.5534,3.684444,0.05526667,3.684444
66.36,43.62424,0.0553,143.5953,3.686667,0.0553,3.686667
66.37,43.64331,0.0553,143.658,3.686667,0.0553,3.686667
66.38,43.64808,0.0553,143.6737,3.686667,0.0553,3.686667
66.39,43.64331,0.0553,143.658,3.686667,0.0553,3.686667
66.4,43.63537,0.05533333,143.6319,3.688889,0.05533333,3.688889
66.41,43.63537,0.05533333,143.6319,3.688889,0.05533333,3.688889
66.42,43.63537,0.05533333,143.6319,3.688889,0.05533333,3.688889
66.43,43.64014,0.05533333,143.6476,3.688889,0.05533333,3.688889
66.44,43.64808,0.05536667,143.6737,3.691111,0.05536667,3.691111
66.45,43.65285,0.05536667,143.6894,3.691111,0.05536667,3.691111
66.46,43.65603,0.05536667,143.6999,3.691111,0.05536667,3.691111
66.47,43.65603,0.05536667,143.6999,3.691111,0.05536667,3.691111
66.48,43.65285,0.0554,143.6894,3.693333,0.0554,3.693333
66.49,43.65285,0.0554,143.6894,3.693333,0.0554,3.693333
66.5,43.65126,0.0554,143.6842,3.693333,0.0554,3.693333
66.51,43.6465,0.0554,143.6685,3.693333,0.0554,3.693333
66.52,43.6465,0.05543333,143.6685,3.695555,0.05543333,3.695555
66.53,43.65285,0.05543333,143.6894,3.695555,0.05543333,3.695555
66.54,43.65921,0.05543333,143.7104,3.695555,0.05543333,3.695555
66.55,43.66398,0.05543333,143.7261,3.695555,0.05543333,3.695555
66.56,43.66716,0.05546667,143.7365,3.697778,0.05546667,3.697778
66.57,43.67511,0.05546667,143.7627,3.697778,0.05546667,3.697778
66.58,43.68464,0.05546667,143.7941,3.697778,0.05546667,3.697778
66.59,43.68782,0.05546667,143.8045,3.697778,0.05546667,3.697778
66.6,43.68941,0.0555,143.8098,3.7,0.0555,3.7
66.61,43.69259,0.0555,143.8202,3.7,0.0555,3.7
66.62,43.69736,0.0555,143.8359,3.7,0.0555,3.7
66.63,43.70053,0.0555,143.8464,3.7,0.0555,3.7
66.64,43.7053,0.05553333,143.8621,3.702222,0.05553333,3.702222
66.65,43.7212,0.05553333,143.9144,3.702222,0.05553333,3.702222
66.66,43.73868,0.05553333,143.972,3.702222,0.05553333,3.702222
66.67,43.75299,0.05553333,144.019,3.702222,0.05553333,3.702222
66.68,43.74663,0.05556667,143.9981,3.704445,0.05556667,3.704445
66.69,43.73391,0.05556667,143.9563,3.704445,0.05556667,3.704445
66.7,43.73233,0.05556667,143.951,3.704445,0.05556667,3.704445
66.71,43.73868,0.05556667,143.972,3.704445,0.05556667,3.704445
66.72,43.74981,0.0556,144.0086,3.706667,0.0556,3.706667
66.73,43.75299,0.0556,144.019,3.706667,0.0556,3.706667
66.74,43.75299,0.0556,144.019,3.706667,0.0556,3.706667
66.75,43.74981,0.0556,144.0086,3.706667,0.0556,3.706667
66.76,43.74504,0.05563333,143.9929,3.708889,0.05563333,3.708889
66.77,43.73868,0.05563333,143.972,3.708889,0.05563333,3.708889
66.78,43.74186,0.05563333,143.9824,3.708889,0.05563333,3.708889
66.79,43.74663,0.05563333,143.9981,3.708889,0.05563333,3.708889
66.8,43.74663,0.05566667,143.9981,3.711111,0.05566667,3.711111
66.81,43.73868,0.05566667,143.972,3.711111,0.05566667,3.711111
66.82,43.72915,0.05566667,143.9406,3.711111,0.05566667,3.711111
66.83,43.73709,0.05566667,143.9667,3.711111,0.05566667,3.711111
66.84,43.75776,0.0557,144.0347,3.713333,0.0557,3.713333
66.85,43.78319,0.0557,144.1185,3.713333,0.0557,3.713333
66.86,43.79908,0.0557,144.1708,3.713333,0.0557,3.713333
66.87,43.80703,0.0557,144.1969,3.713333,0.0557,3.713333
66.88,43.8118,0.05573333,144.2126,3.715556,0.05573333,3.715556
66.89,43.82293,0.05573333,144.2493,3.715556,0.05573333,3.715556
66.9,43.82769,0.05573333,144.265,3.715556,0.05573333,3.715556
66.91,43.81816,0.05573333,144.2336,3.715556,0.05573333,3.715556
66.92,43.7959,0.05576667,144.1603,3.717778,0.05576667,3.717778
66.93,43.77842,0.05576667,144.1028,3.717778,0.05576667,3.717778
66.94,43.7816,0.05576667,144.1132,3.717778,0.05576667,3.717778
66.95,43.79113,0.05576667,144.1446,3.717778,0.05576667,3.717778
66.96,43.80226,0.0558,144.1812,3.72,0.0558,3.72
66.97,43.80703,0.0558,144.1969,3.72,0.0558,3.72
66.98,43.81816,0.0558,144.2336,3.72,0.0558,3.72
66.99,43.82293,0.0558,144.2493,3.72,0.0558,3.72
67.0,43.81974,0.05583333,144.2388,3.722222,0.05583333,3.722222
67.01,43.81498,0.05583333,144.2231,3.722222,0.05583333,3.722222
67.02,43.81974,0.05583333,144.2388,3.722222,0.05583333,3.722222
67.03,43.83087,0.05583333,144.2754,3.722222,0.05583333,3.722222
67.04,43.83882,0.05586667,144.3016,3.724444,0.05586667,3.724444
67.05,43.83246,0.05586667,144.2806,3.724444,0.05586667,3.724444
67.06,43.8261,0.05586667,144.2597,3.724444,0.05586667,3.724444
67.07,43.82293,0.05586667,144.2493,3.724444,0.05586667,3.724444
67.08,43.8261,0.0559,144.2597,3.726667,0.0559,3.726667
67.09,43.8261,0.0559,144.2597,3.726667,0.0559,3.726667
67.1,43.8261,0.0559,144.2597,3.726667,0.0559,3.726667
67.11,43.83246,0.0559,144.2806,3.726667,0.0559,3.726667
67.12,43.84677,0.05593333,144.3277,3.728889,0.05593333,3.728889
67.13,43.86107,0.05593333,144.3748,3.728889,0.05593333,3.728889
67.14,43.88015,0.05593333,144.4376,3.728889,0.05593333,3.728889
67.15,43.88968,0.05593333,144.469,3.728889,0.05593333,3.728889
67.16,43.88809,0.05596667,144.4638,3.731111,0.05596667,3.731111
67.17,43.88491,0.05596667,144.4533,3.731111,0.05596667,3.731111
67.18,43.88491,0.05596667,144.4533,3.731111,0.05596667,3.731111
67.19,43.88015,0.05596667,144.4376,3.731111,0.05596667,3.731111
67.2,43.8722,0.056,144.4114,3.733333,0.056,3.733333
67.21,43.86743,0.056,144.3957,3.733333,0.056,3.733333
67.22,43.86902,0.056,144.401,3.733333,0.056,3.733333
67.23,43.88491,0.056,144.4533,3.733333,0.056,3.733333
67.24,43.90557,0.05603334,144.5213,3.735556,0.05603334,3.735556
67.25,43.92624,0.05603334,144.5893,3.735556,0.05603334,3.735556
67.26,43.93737,0.05603334,144.6259,3.735556,0.05603334,3.735556
67.27,43.94213,0.05603334,144.6416,3.735556,0.05603334,3.735556
67.28,43.9469,0.05606667,144.6573,3.737778,0.05606667,3.737778
67.29,43.95326,0.05606667,144.6783,3.737778,0.05606667,3.737778
67.3,43.95803,0.05606667,144.694,3.737778,0.05606667,3.737778
67.31,43.95326,0.05606667,144.6783,3.737778,0.05606667,3.737778
67.32,43.93737,0.0561,144.6259,3.74,0.0561,3.74
67.33,43.92465,0.0561,144.5841,3.74,0.0561,3.74
67.34,43.91193,0.0561,144.5422,3.74,0.0561,3.74
67.35,43.90876,0.0561,144.5318,3.74,0.0561,3.74
67.36,43.91193,0.05613333,144.5422,3.742222,0.05613333,3.742222
67.37,43.91352,0.05613333,144.5475,3.742222,0.05613333,3.742222
67.38,43.90876,0.05613333,144.5318,3.742222,0.05613333,3.742222
67.39,43.89604,0.05613333,144.4899,3.742222,0.05613333,3.742222
67.4,43.88968,0.05616667,144.469,3.744445,0.05616667,3.744445
67.41,43.89286,0.05616667,144.4794,3.744445,0.05616667,3.744445
67.42,43.90081,0.05616667,144.5056,3.744445,0.05616667,3.744445
67.43,43.90399,0.05616667,144.5161,3.744445,0.05616667,3.744445
67.44,43.90557,0.0562,144.5213,3.746667,0.0562,3.746667
67.45,43.90876,0.0562,144.5318,3.746667,0.0562,3.746667
67.46,43.91829,0.0562,144.5632,3.746667,0.0562,3.746667
67.47,43.92942,0.0562,144.5998,3.746667,0.0562,3.746667
67.48,43.93737,0.05623334,144.6259,3.748889,0.05623334,3.748889
67.49,43.94531,0.05623334,144.6521,3.748889,0.05623334,3.748889
67.5,43.96121,0.05623334,144.7044,3.748889,0.05623334,3.748889
67.51,43.98187,0.05623334,144.7724,3.748889,0.05623334,3.748889
67.52,43.98982,0.05626667,144.7986,3.751111,0.05626667,3.751111
67.53,43.97869,0.05626667,144.762,3.751111,0.05626667,3.751111
67.54,43.96121,0.05626667,144.7044,3.751111,0.05626667,3.751111
67.55,43.95326,0.05626667,144.6783,3.751111,0.05626667,3.751111
67.56,43.95326,0.0563,144.6783,3.753333,0.0563,3.753333
67.57,43.95326,0.0563,144.6783,3.753333,0.0563,3.753333
67.58,43.94531,0.0563,144.6521,3.753333,0.0563,3.753333
67.59,43.94054,0.0563,144.6364,3.753333,0.0563,3.753333
67.6,43.94054,0.05633333,144.6364,3.755556,0.05633333,3.755556
67.61,43.95008,0.05633333,144.6678,3.755556,0.05633333,3.755556
67.62,43.96915,0.05633333,144.7306,3.755556,0.05633333,3.755556
67.63,43.98982,0.05633333,144.7986,3.755556,0.05633333,3.755556
67.64,44.0073,0.05636667,144.8562,3.757778,0.05636667,3.757778
67.65,44.01843,0.05636667,144.8928,3.757778,0.05636667,3.757778
67.66,44.01843,0.05636667,144.8928,3.757778,0.05636667,3.757778
67.67,44.01048,0.05636667,144.8666,3.757778,0.05636667,3.757778
67.68,44.01048,0.0564,144.8666,3.76,0.0564,3.76
67.69,44.01843,0.0564,144.8928,3.76,0.0564,3.76
67.7,44.02797,0.0564,144.9242,3.76,0.0564,3.76
67.71,44.03273,0.0564,144.9399,3.76,0.0564,3.76
67.72,44.03273,0.05643333,144.9399,3.762222,0.05643333,3.762222
67.73,44.02797,0.05643333,144.9242,3.762222,0.05643333,3.762222
67.74,44.03273,0.05643333,144.9399,3.762222,0.05643333,3.762222
67.75,44.04704,0.05643333,144.987,3.762222,0.05643333,3.762222
67.76,44.06134,0.05646667,145.034,3.764445,0.05646667,3.764445
67.77,44.0677,0.05646667,145.055,3.764445,0.05646667,3.764445
67.78,44.05658,0.05646667,145.0183,3.764445,0.05646667,3.764445
67.79,44.05499,0.05646667,145.0131,3.764445,0.05646667,3.764445
67.8,44.05975,0.0565,145.0288,3.766667,0.0565,3.766667
67.81,44.06134,0.0565,145.034,3.766667,0.0565,3.766667
67.82,44.05181,0.0565,145.0027,3.766667,0.0565,3.766667
67.83,44.04863,0.0565,144.9922,3.766667,0.0565,3.766667
67.84,44.06134,0.05653333,145.034,3.768889,0.05653333,3.768889
67.85,44.07247,0.05653333,145.0707,3.768889,0.05653333,3.768889
67.86,44.07724,0.05653333,145.0863,3.768889,0.05653333,3.768889
67.87,44.08042,0.05653333,145.0968,3.768889,0.05653333,3.768889
67.88,44.08836,0.05656667,145.123,3.771111,0.05656667,3.771111
67.89,44.0979,0.05656667,145.1544,3.771111,0.05656667,3.771111
67.9,44.11221,0.05656667,145.2015,3.771111,0.05656667,3.771111
67.91,44.1138,0.05656667,145.2067,3.771111,0.05656667,3.771111
67.92,44.1138,0.0566,145.2067,3.773333,0.0566,3.773333
67.93,44.12174,0.0566,145.2328,3.773333,0.0566,3.773333
67.94,44.13287,0.0566,145.2695,3.773333,0.0566,3.773333
67.95,44.14241,0.0566,145.3009,3.773333,0.0566,3.773333
67.96,44.14082,0.05663333,145.2956,3.775556,0.05663333,3.775556
67.97,44.12969,0.05663333,145.259,3.775556,0.05663333,3.775556
67.98,44.12492,0.05663333,145.2433,3.775556,0.05663333,3.775556
67.99,44.13287,0.05663333,145.2695,3.775556,0.05663333,3.775556
68.0,44.14241,0.05666667,145.3009,3.777778,0.05666667,3.777778
68.01,44.14082,0.05666667,145.2956,3.777778,0.05666667,3.777778
68.02,44.13446,0.05666667,145.2747,3.777778,0.05666667,3.777778
68.03,44.12651,0.05666667,145.2486,3.777778,0.05666667,3.777778
68.04,44.12174,0.0567,145.2328,3.78,0.0567,3.78
68.05,44.11697,0.0567,145.2171,3.78,0.0567,3.78
68.06,44.11697,0.0567,145.2171,3.78,0.0567,3.78
68.07,44.13446,0.0567,145.2747,3.78,0.0567,3.78
68.08,44.16625,0.05673333,145.3793,3.782222,0.05673333,3.782222
68.09,44.19168,0.05673333,145.463,3.782222,0.05673333,3.782222
68.1,44.2044,0.05673333,145.5049,3.782222,0.05673333,3.782222
68.11,44.21075,0.05673333,145.5258,3.782222,0.05673333,3.782222
68.12,44.21552,0.05676667,145.5415,3.784444,0.05676667,3.784444
68.13,44.22347,0.05676667,145.5677,3.784444,0.05676667,3.784444
68.14,44.22665,0.05676667,145.5782,3.784444,0.05676667,3.784444
68.15,44.22824,0.05676667,145.5834,3.784444,0.05676667,3.784444
68.16,44.23459,0.0568,145.6043,3.786667,0.0568,3.786667
68.17,44.24095,0.0568,145.6252,3.786667,0.0568,3.786667
68.18,44.2489,0.0568,145.6514,3.786667,0.0568,3.786667
68.19,44.25208,0.0568,145.6619,3.786667,0.0568,3.786667
68.2,44.2489,0.05683333,145.6514,3.788889,0.05683333,3.788889
68.21,44.23936,0.05683333,145.62,3.788889,0.05683333,3.788889
68.22,44.22347,0.05683333,145.5677,3.788889,0.05683333,3.788889
68.23,44.21075,0.05683333,145.5258,3.788889,0.05683333,3.788889
68.24,44.2028,0.05686667,145.4997,3.791111,0.05686667,3.791111
68.25,44.2028,0.05686667,145.4997,3.791111,0.05686667,3.791111
68.26,44.20757,0.05686667,145.5154,3.791111,0.05686667,3.791111
68.27,44.21234,0.05686667,145.5311,3.791111,0.05686667,3.791111
68.28,44.22347,0.0569,145.5677,3.793334,0.0569,3.793334
68.29,44.23459,0.0569,145.6043,3.793334,0.0569,3.793334
68.3,44.2489,0.0569,145.6514,3.793334,0.0569,3.793334
68.31,44.26797,0.0569,145.7142,3.793334,0.0569,3.793334
68.32,44.28387,0.05693333,145.7665,3.795556,0.05693333,3.795556
68.33,44.29181,0.05693333,145.7927,3.795556,0.05693333,3.795556
68.34,44.2934,0.05693333,145.7979,3.795556,0.05693333,3.795556
68.35,44.28864,0.05693333,145.7822,3.795556,0.05693333,3.795556
68.36,44.28387,0.05696667,145.7665,3.797778,0.05696667,3.797778
68.37,44.2934,0.05696667,145.7979,3.797778,0.05696667,3.797778
68.38,44.30612,0.05696667,145.8398,3.797778,0.05696667,3.797778
68.39,44.31248,0.05696667,145.8607,3.797778,0.05696667,3.797778
68.4,44.31248,0.057,145.8607,3.8,0.057,3.8
68.41,44.31248,0.057,145.8607,3.8,0.057,3.8
68.42,44.32042,0.057,145.8868,3.8,0.057,3.8
68.43,44.32678,0.057,145.9078,3.8,0.057,3.8
68.44,44.32996,0.05703333,145.9182,3.802222,0.05703333,3.802222
68.45,44.33791,0.05703333,145.9444,3.802222,0.05703333,3.802222
68.46,44.34268,0.05703333,145.9601,3.802222,0.05703333,3.802222
68.47,44.33473,0.05703333,145.9339,3.802222,0.05703333,3.802222
68.48,44.32042,0.05706667,145.8868,3.804445,0.05706667,3.804445
68.49,44.30453,0.05706667,145.8345,3.804445,0.05706667,3.804445
68.5,44.29817,0.05706667,145.8136,3.804445,0.05706667,3.804445
68.51,44.30612,0.05706667,145.8398,3.804445,0.05706667,3.804445
68.52,44.32201,0.0571,145.8921,3.806667,0.0571,3.806667
68.53,44.34268,0.0571,145.9601,3.806667,0.0571,3.806667
68.54,44.35539,0.0571,146.0019,3.806667,0.0571,3.806667
68.55,44.35539,0.0571,146.0019,3.806667,0.0571,3.806667
68.56,44.34586,0.05713334,145.9706,3.808889,0.05713334,3.808889
68.57,44.33791,0.05713334,145.9444,3.808889,0.05713334,3.808889
68.58,44.34109,0.05713334,145.9548,3.808889,0.05713334,3.808889
68.59,44.3538,0.05713334,145.9967,3.808889,0.05713334,3.808889
68.6,44.37447,0.05716667,146.0647,3.811111,0.05716667,3.811111
68.61,44.384,0.05716667,146.0961,3.811111,0.05716667,3.811111
68.62,44.38718,0.05716667,146.1066,3.811111,0.05716667,3.811111
68.63,44.384,0.05716667,146.0961,3.811111,0.05716667,3.811111
68.64,44.37764,0.0572,146.0752,3.813333,0.0572,3.813333
68.65,44.36334,0.0572,146.0281,3.813333,0.0572,3.813333
68.66,44.34903,0.0572,145.981,3.813333,0.0572,3.813333
68.67,44.33791,0.0572,145.9444,3.813333,0.0572,3.813333
68.68,44.33473,0.05723333,145.9339,3.815556,0.05723333,3.815556
68.69,44.33791,0.05723333,145.9444,3.815556,0.05723333,3.815556
68.7,44.35062,0.05723333,145.9863,3.815556,0.05723333,3.815556
68.71,44.36334,0.05723333,146.0281,3.815556,0.05723333,3.815556
68.72,44.37129,0.05726667,146.0543,3.817778,0.05726667,3.817778
68.73,44.37447,0.05726667,146.0647,3.817778,0.05726667,3.817778
68.74,44.37129,0.05726667,146.0543,3.817778,0.05726667,3.817778
68.75,44.37447,0.05726667,146.0647,3.817778,0.05726667,3.817778
68.76,44.384,0.0573,146.0961,3.82,0.0573,3.82
68.77,44.39831,0.0573,146.1432,3.82,0.0573,3.82
68.78,44.40784,0.0573,146.1746,3.82,0.0573,3.82
68.79,44.42056,0.0573,146.2164,3.82,0.0573,3.82
68.8,44.43486,0.05733334,146.2635,3.822222,0.05733334,3.822222
68.81,44.44758,0.05733334,146.3054,3.822222,0.05733334,3.822222
68.82,44.44917,0.05733334,146.3106,3.822222,0.05733334,3.822222
68.83,44.43645,0.05733334,146.2688,3.822222,0.05733334,3.822222
68.84,44.41579,0.05736667,146.2007,3.824444,0.05736667,3.824444
68.85,44.40308,0.05736667,146.1589,3.824444,0.05736667,3.824444
68.86,44.40784,0.05736667,146.1746,3.824444,0.05736667,3.824444
68.87,44.42056,0.05736667,146.2164,3.824444,0.05736667,3.824444
68.88,44.43486,0.0574,146.2635,3.826667,0.0574,3.826667
68.89,44.44917,0.0574,146.3106,3.826667,0.0574,3.826667
68.9,44.4603,0.0574,146.3472,3.826667,0.0574,3.826667
68.91,44.46347,0.0574,146.3577,3.826667,0.0574,3.826667
68.92,44.46507,0.05743333,146.3629,3.828889,0.05743333,3.828889
68.93,44.46507,0.05743333,146.3629,3.828889,0.05743333,3.828889
68.94,44.4603,0.05743333,146.3472,3.828889,0.05743333,3.828889
68.95,44.45553,0.05743333,146.3316,3.828889,0.05743333,3.828889
68.96,44.44758,0.05746667,146.3054,3.831111,0.05746667,3.831111
68.97,44.43169,0.05746667,146.2531,3.831111,0.05746667,3.831111
68.98,44.42374,0.05746667,146.2269,3.831111,0.05746667,3.831111
68.99,44.43169,0.05746667,146.2531,3.831111,0.05746667,3.831111
69.0,44.45235,0.0575,146.3211,3.833333,0.0575,3.833333
69.01,44.47301,0.0575,146.3891,3.833333,0.0575,3.833333
69.02,44.48573,0.0575,146.431,3.833333,0.0575,3.833333
69.03,44.49208,0.0575,146.4519,3.833333,0.0575,3.833333
69.04,44.48414,0.05753333,146.4257,3.835556,0.05753333,3.835556
69.05,44.46824,0.05753333,146.3734,3.835556,0.05753333,3.835556
69.06,44.4603,0.05753333,146.3472,3.835556,0.05753333,3.835556
69.07,44.45712,0.05753333,146.3368,3.835556,0.05753333,3.835556
69.08,44.46824,0.05756667,146.3734,3.837778,0.05756667,3.837778
69.09,44.48891,0.05756667,146.4414,3.837778,0.05756667,3.837778
69.1,44.51434,0.05756667,146.5251,3.837778,0.05756667,3.837778
69.11,44.52705,0.05756667,146.567,3.837778,0.05756667,3.837778
69.12,44.52705,0.0576,146.567,3.84,0.0576,3.84
69.13,44.53341,0.0576,146.5879,3.84,0.0576,3.84
69.14,44.54136,0.0576,146.6141,3.84,0.0576,3.84
69.15,44.53341,0.0576,146.5879,3.84,0.0576,3.84
69.16,44.52069,0.05763333,146.5461,3.842222,0.05763333,3.842222
69.17,44.52069,0.05763333,146.5461,3.842222,0.05763333,3.842222
69.18,44.535,0.05763333,146.5931,3.842222,0.05763333,3.842222
69.19,44.5493,0.05763333,146.6402,3.842222,0.05763333,3.842222
69.2,44.5509,0.05766667,146.6455,3.844445,0.05766667,3.844445
69.21,44.53818,0.05766667,146.6036,3.844445,0.05766667,3.844445
69.22,44.52546,0.05766667,146.5618,3.844445,0.05766667,3.844445
69.23,44.52229,0.05766667,146.5513,3.844445,0.05766667,3.844445
69.24,44.52705,0.0577,146.567,3.846667,0.0577,3.846667
69.25,44.53341,0.0577,146.5879,3.846667,0.0577,3.846667
69.26,44.53341,0.0577,146.5879,3.846667,0.0577,3.846667
69.27,44.52546,0.0577,146.5618,3.846667,0.0577,3.846667
69.28,44.52546,0.05773333,146.5618,3.848889,0.05773333,3.848889
69.29,44.53818,0.05773333,146.6036,3.848889,0.05773333,3.848889
69.3,44.55407,0.05773333,146.6559,3.848889,0.05773333,3.848889
69.31,44.55884,0.05773333,146.6716,3.848889,0.05773333,3.848889
69.32,44.55884,0.05776667,146.6716,3.851111,0.05776667,3.851111
69.33,44.55407,0.05776667,146.6559,3.851111,0.05776667,3.851111
69.34,44.54613,0.05776667,146.6298,3.851111,0.05776667,3.851111
69.35,44.54613,0.05776667,146.6298,3.851111,0.05776667,3.851111
69.36,44.5493,0.0578,146.6402,3.853333,0.0578,3.853333
69.37,44.54295,0.0578,146.6193,3.853333,0.0578,3.853333
69.38,44.52546,0.0578,146.5618,3.853333,0.0578,3.853333
69.39,44.50639,0.0578,146.499,3.853333,0.0578,3.853333
69.4,44.51434,0.05783333,146.5251,3.855556,0.05783333,3.855556
69.41,44.53818,0.05783333,146.6036,3.855556,0.05783333,3.855556
69.42,44.55407,0.05783333,146.6559,3.855556,0.05783333,3.855556
69.43,44.54295,0.05783333,146.6193,3.855556,0.05783333,3.855556
69.44,44.52546,0.05786667,146.5618,3.857778,0.05786667,3.857778
69.45,44.51434,0.05786667,146.5251,3.857778,0.05786667,3.857778
69.46,44.51752,0.05786667,146.5356,3.857778,0.05786667,3.857778
69.47,44.52546,0.05786667,146.5618,3.857778,0.05786667,3.857778
69.48,44.53023,0.0579,146.5775,3.86,0.0579,3.86
69.49,44.53341,0.0579,146.5879,3.86,0.0579,3.86
69.5,44.52546,0.0579,146.5618,3.86,0.0579,3.86
69.51,44.51752,0.0579,146.5356,3.86,0.0579,3.86
69.52,44.52229,0.05793333,146.5513,3.862222,0.05793333,3.862222
69.53,44.54136,0.05793333,146.6141,3.862222,0.05793333,3.862222
69.54,44.56202,0.05793333,146.6821,3.862222,0.05793333,3.862222
69.55,44.57156,0.05793333,146.7135,3.862222,0.05793333,3.862222
69.56,44.57156,0.05796667,146.7135,3.864444,0.05796667,3.864444
69.57,44.56679,0.05796667,146.6978,3.864444,0.05796667,3.864444
69.58,44.56997,0.05796667,146.7083,3.864444,0.05796667,3.864444
69.59,44.56997,0.05796667,146.7083,3.864444,0.05796667,3.864444
69.6,44.56202,0.058,146.6821,3.866667,0.058,3.866667
69.61,44.55407,0.058,146.6559,3.866667,0.058,3.866667
69.62,44.55884,0.058,146.6716,3.866667,0.058,3.866667
69.63,44.57474,0.058,146.724,3.866667,0.058,3.866667
69.64,44.59063,0.05803333,146.7763,3.868889,0.05803333,3.868889
69.65,44.59063,0.05803333,146.7763,3.868889,0.05803333,3.868889
69.66,44.58268,0.05803333,146.7501,3.868889,0.05803333,3.868889
69.67,44.57474,0.05803333,146.724,3.868889,0.05803333,3.868889
69.68,44.56361,0.05806667,146.6873,3.871111,0.05806667,3.871111
69.69,44.55566,0.05806667,146.6612,3.871111,0.05806667,3.871111
69.7,44.55884,0.05806667,146.6716,3.871111,0.05806667,3.871111
69.71,44.56679,0.05806667,146.6978,3.871111,0.05806667,3.871111
69.72,44.57156,0.0581,146.7135,3.873333,0.0581,3.873333
69.73,44.56679,0.0581,146.6978,3.873333,0.0581,3.873333
69.74,44.55566,0.0581,146.6612,3.873333,0.0581,3.873333
69.75,44.55566,0.0581,146.6612,3.873333,0.0581,3.873333
69.76,44.56361,0.05813333,146.6873,3.875556,0.05813333,3.875556
69.77,44.56997,0.05813333,146.7083,3.875556,0.05813333,3.875556
69.78,44.56679,0.05813333,146.6978,3.875556,0.05813333,3.875556
69.79,44.55407,0.05813333,146.6559,3.875556,0.05813333,3.875556
69.8,44.5493,0.05816667,146.6402,3.877778,0.05816667,3.877778
69.81,44.55566,0.05816667,146.6612,3.877778,0.05816667,3.877778
69.82,44.56679,0.05816667,146.6978,3.877778,0.05816667,3.877778
69.83,44.56997,0.05816667,146.7083,3.877778,0.05816667,3.877778
69.84,44.56679,0.0582,146.6978,3.88,0.0582,3.88
69.85,44.56679,0.0582,146.6978,3.88,0.0582,3.88
69.86,44.56997,0.0582,146.7083,3.88,0.0582,3.88
69.87,44.56679,0.0582,146.6978,3.88,0.0582,3.88
69.88,44.55884,0.05823334,146.6716,3.882222,0.05823334,3.882222
69.89,44.55407,0.05823334,146.6559,3.882222,0.05823334,3.882222
69.9,44.55566,0.05823334,146.6612,3.882222,0.05823334,3.882222
69.91,44.56361,0.05823334,146.6873,3.882222,0.05823334,3.882222
69.92,44.57792,0.05826667,146.7344,3.884444,0.05826667,3.884444
69.93,44.58427,0.05826667,146.7553,3.884444,0.05826667,3.884444
69.94,44.58745,0.05826667,146.7658,3.884444,0.05826667,3.884444
69.95,44.58427,0.05826667,146.7553,3.884444,0.05826667,3.884444
69.96,44.58268,0.0583,146.7501,3.886667,0.0583,3.886667
69.97,44.57951,0.0583,146.7396,3.886667,0.0583,3.886667
69.98,44.58427,0.0583,146.7553,3.886667,0.0583,3.886667
69.99,44.60017,0.0583,146.8077,3.886667,0.0583,3.886667
70.0,44.61606,0.05833333,146.86,3.888889,0.05833333,3.888889
70.01,44.61606,0.05833333,146.86,3.888889,0.05833333,3.888889
70.02,44.60335,0.05833333,146.8181,3.888889,0.05833333,3.888889
70.03,44.5954,0.05833333,146.792,3.888889,0.05833333,3.888889
70.04,44.5954,0.05836667,146.792,3.891111,0.05836667,3.891111
70.05,44.59222,0.05836667,146.7815,3.891111,0.05836667,3.891111
70.06,44.5954,0.05836667,146.792,3.891111,0.05836667,3.891111
70.07,44.60335,0.05836667,146.8181,3.891111,0.05836667,3.891111
70.08,44.61606,0.0584,146.86,3.893333,0.0584,3.893333
70.09,44.61924,0.0584,146.8704,3.893333,0.0584,3.893333
70.1,44.61606,0.0584,146.86,3.893333,0.0584,3.893333
70.11,44.61924,0.0584,146.8704,3.893333,0.0584,3.893333
70.12,44.62719,0.05843334,146.8966,3.895556,0.05843334,3.895556
70.13,44.62719,0.05843334,146.8966,3.895556,0.05843334,3.895556
70.14,44.62878,0.05843334,146.9018,3.895556,0.05843334,3.895556
70.15,44.64785,0.05843334,146.9646,3.895556,0.05843334,3.895556
70.16,44.66851,0.05846667,147.0326,3.897778,0.05846667,3.897778
70.17,44.6717,0.05846667,147.0431,3.897778,0.05846667,3.897778
70.18,44.6558,0.05846667,146.9908,3.897778,0.05846667,3.897778
70.19,44.63514,0.05846667,146.9228,3.897778,0.05846667,3.897778
70.2,44.61924,0.0585,146.8704,3.9,0.0585,3.9
70.21,44.61448,0.0585,146.8548,3.9,0.0585,3.9
70.22,44.61129,0.0585,146.8443,3.9,0.0585,3.9
70.23,44.61448,0.0585,146.8548,3.9,0.0585,3.9
70.24,44.63196,0.05853333,146.9123,3.902222,0.05853333,3.902222
70.25,44.6558,0.05853333,146.9908,3.902222,0.05853333,3.902222
70.26,44.66851,0.05853333,147.0326,3.902222,0.05853333,3.902222
70.27,44.67328,0.05853333,147.0483,3.902222,0.05853333,3.902222
70.28,44.67805,0.05856667,147.064,3.904444,0.05856667,3.904444
70.29,44.68123,0.05856667,147.0745,3.904444,0.05856667,3.904444
70.3,44.67328,0.05856667,147.0483,3.904444,0.05856667,3.904444
70.31,44.66534,0.05856667,147.0222,3.904444,0.05856667,3.904444
70.32,44.66851,0.0586,147.0326,3.906667,0.0586,3.906667
70.33,44.6717,0.0586,147.0431,3.906667,0.0586,3.906667
70.34,44.6717,0.0586,147.0431,3.906667,0.0586,3.906667
70.35,44.66534,0.0586,147.0222,3.906667,0.0586,3.906667
70.36,44.66057,0.05863333,147.0065,3.908889,0.05863333,3.908889
70.37,44.66375,0.05863333,147.0169,3.908889,0.05863333,3.908889
70.38,44.67805,0.05863333,147.064,3.908889,0.05863333,3.908889
70.39,44.69712,0.05863333,147.1268,3.908889,0.05863333,3.908889
70.4,44.71302,0.05866667,147.1791,3.911111,0.05866667,3.911111
70.41,44.72256,0.05866667,147.2105,3.911111,0.05866667,3.911111
70.42,44.72256,0.05866667,147.2105,3.911111,0.05866667,3.911111
70.43,44.71779,0.05866667,147.1948,3.911111,0.05866667,3.911111
70.44,44.70666,0.0587,147.1582,3.913333,0.0587,3.913333
70.45,44.69395,0.0587,147.1163,3.913333,0.0587,3.913333
70.46,44.69395,0.0587,147.1163,3.913333,0.0587,3.913333
70.47,44.70507,0.0587,147.153,3.913333,0.0587,3.913333
70.48,44.72256,0.05873333,147.2105,3.915555,0.05873333,3.915555
70.49,44.7464,0.05873333,147.289,3.915555,0.05873333,3.915555
70.5,44.76706,0.05873333,147.357,3.915555,0.05873333,3.915555
70.51,44.77024,0.05873333,147.3675,3.915555,0.05873333,3.915555
70.52,44.75753,0.05876667,147.3256,3.917778,0.05876667,3.917778
70.53,44.74163,0.05876667,147.2733,3.917778,0.05876667,3.917778
70.54,44.73527,0.05876667,147.2524,3.917778,0.05876667,3.917778
70.55,44.7464,0.05876667,147.289,3.917778,0.05876667,3.917778
70.56,44.75117,0.0588,147.3047,3.92,0.0588,3.92
70.57,44.74958,0.0588,147.2995,3.92,0.0588,3.92
70.58,44.73845,0.0588,147.2628,3.92,0.0588,3.92
70.59,44.73527,0.0588,147.2524,3.92,0.0588,3.92
70.6,44.73845,0.05883333,147.2628,3.922222,0.05883333,3.922222
70.61,44.73845,0.05883333,147.2628,3.922222,0.05883333,3.922222
70.62,44.73845,0.05883333,147.2628,3.922222,0.05883333,3.922222
70.63,44.7464,0.05883333,147.289,3.922222,0.05883333,3.922222
70.64,44.76229,0.05886667,147.3413,3.924445,0.05886667,3.924445
70.65,44.76706,0.05886667,147.357,3.924445,0.05886667,3.924445
70.66,44.76388,0.05886667,147.3465,3.924445,0.05886667,3.924445
70.67,44.76706,0.05886667,147.357,3.924445,0.05886667,3.924445
70.68,44.77819,0.0589,147.3936,3.926667,0.0589,3.926667
70.69,44.78614,0.0589,147.4198,3.926667,0.0589,3.926667
70.7,44.77819,0.0589,147.3936,3.926667,0.0589,3.926667
70.71,44.76706,0.0589,147.357,3.926667,0.0589,3.926667
70.72,44.76388,0.05893333,147.3465,3.928889,0.05893333,3.928889
70.73,44.76706,0.05893333,147.357,3.928889,0.05893333,3.928889
70.74,44.76388,0.05893333,147.3465,3.928889,0.05893333,3.928889
70.75,44.75434,0.05893333,147.3152,3.928889,0.05893333,3.928889
70.76,44.74958,0.05896667,147.2995,3.931111,0.05896667,3.931111
70.77,44.75434,0.05896667,147.3152,3.931111,0.05896667,3.931111
70.78,44.77501,0.05896667,147.3832,3.931111,0.05896667,3.931111
70.79,44.79885,0.05896667,147.4617,3.931111,0.05896667,3.931111
70.8,44.8068,0.059,147.4878,3.933333,0.059,3.933333
70.81,44.79249,0.059,147.4407,3.933333,0.059,3.933333
70.82,44.77501,0.059,147.3832,3.933333,0.059,3.933333
70.83,44.77183,0.059,147.3727,3.933333,0.059,3.933333
70.84,44.7909,0.05903333,147.4355,3.935556,0.05903333,3.935556
70.85,44.81475,0.05903333,147.514,3.935556,0.05903333,3.935556
70.86,44.8211,0.05903333,147.5349,3.935556,0.05903333,3.935556
70.87,44.81475,0.05903333,147.514,3.935556,0.05903333,3.935556
70.88,44.80362,0.05906667,147.4773,3.937778,0.05906667,3.937778
70.89,44.79567,0.05906667,147.4512,3.937778,0.05906667,3.937778
70.9,44.79249,0.05906667,147.4407,3.937778,0.05906667,3.937778
70.91,44.79249,0.05906667,147.4407,3.937778,0.05906667,3.937778
70.92,44.80044,0.0591,147.4669,3.94,0.0591,3.94
70.93,44.81157,0.0591,147.5035,3.94,0.0591,3.94
70.94,44.82428,0.0591,147.5454,3.94,0.0591,3.94
70.95,44.83223,0.0591,147.5715,3.94,0.0591,3.94
70.96,44.84018,0.05913333,147.5977,3.942222,0.05913333,3.942222
70.97,44.85607,0.05913333,147.65,3.942222,0.05913333,3.942222
70.98,44.86561,0.05913333,147.6814,3.942222,0.05913333,3.942222
70.99,44.86561,0.05913333,147.6814,3.942222,0.05913333,3.942222
71.0,44.86084,0.05916667,147.6657,3.944444,0.05916667,3.944444
71.01,44.84971,0.05916667,147.6291,3.944444,0.05916667,3.944444
71.02,44.837,0.05916667,147.5872,3.944444,0.05916667,3.944444
71.03,44.82428,0.05916667,147.5454,3.944444,0.05916667,3.944444
71.04,44.82746,0.0592,147.5558,3.946667,0.0592,3.946667
71.05,44.84018,0.0592,147.5977,3.946667,0.0592,3.946667
71.06,44.84971,0.0592,147.6291,3.946667,0.0592,3.946667
71.07,44.84494,0.0592,147.6134,3.946667,0.0592,3.946667
71.08,44.82746,0.05923333,147.5558,3.948889,0.05923333,3.948889
71.09,44.81633,0.05923333,147.5192,3.948889,0.05923333,3.948889
71.1,44.82746,0.05923333,147.5558,3.948889,0.05923333,3.948889
71.11,44.84971,0.05923333,147.6291,3.948889,0.05923333,3.948889
71.12,44.87197,0.05926667,147.7023,3.951111,0.05926667,3.951111
71.13,44.87197,0.05926667,147.7023,3.951111,0.05926667,3.951111
71.14,44.86402,0.05926667,147.6761,3.951111,0.05926667,3.951111
71.15,44.86084,0.05926667,147.6657,3.951111,0.05926667,3.951111
71.16,44.87355,0.0593,147.7076,3.953333,0.0593,3.953333
71.17,44.88945,0.0593,147.7599,3.953333,0.0593,3.953333
71.18,44.89422,0.0593,147.7756,3.953333,0.0593,3.953333
71.19,44.8974,0.0593,147.786,3.953333,0.0593,3.953333
71.2,44.90058,0.05933334,147.7965,3.955556,0.05933334,3.955556
71.21,44.8974,0.05933334,147.786,3.955556,0.05933334,3.955556
71.22,44.8974,0.05933334,147.786,3.955556,0.05933334,3.955556
71.23,44.90535,0.05933334,147.8122,3.955556,0.05933334,3.955556
71.24,44.91011,0.05936667,147.8279,3.957778,0.05936667,3.957778
71.25,44.8974,0.05936667,147.786,3.957778,0.05936667,3.957778
71.26,44.8815,0.05936667,147.7337,3.957778,0.05936667,3.957778
71.27,44.87832,0.05936667,147.7232,3.957778,0.05936667,3.957778
71.28,44.89263,0.0594,147.7703,3.96,0.0594,3.96
71.29,44.90535,0.0594,147.8122,3.96,0.0594,3.96
71.3,44.90535,0.0594,147.8122,3.96,0.0594,3.96
71.31,44.90535,0.0594,147.8122,3.96,0.0594,3.96
71.32,44.90693,0.05943333,147.8174,3.962222,0.05943333,3.962222
71.33,44.91011,0.05943333,147.8279,3.962222,0.05943333,3.962222
71.34,44.91329,0.05943333,147.8383,3.962222,0.05943333,3.962222
71.35,44.92283,0.05943333,147.8697,3.962222,0.05943333,3.962222
71.36,44.93554,0.05946667,147.9116,3.964444,0.05946667,3.964444
71.37,44.93872,0.05946667,147.9221,3.964444,0.05946667,3.964444
71.38,44.9419,0.05946667,147.9325,3.964444,0.05946667,3.964444
71.39,44.94985,0.05946667,147.9587,3.964444,0.05946667,3.964444
71.4,44.96415,0.0595,148.0058,3.966667,0.0595,3.966667
71.41,44.98323,0.0595,148.0685,3.966667,0.0595,3.966667
71.42,44.98005,0.0595,148.0581,3.966667,0.0595,3.966667
71.43,44.9578,0.0595,147.9848,3.966667,0.0595,3.966667
71.44,44.93396,0.05953334,147.9064,3.968889,0.05953334,3.968889
71.45,44.92601,0.05953334,147.8802,3.968889,0.05953334,3.968889
71.46,44.92601,0.05953334,147.8802,3.968889,0.05953334,3.968889
71.47,44.93077,0.05953334,147.8959,3.968889,0.05953334,3.968889
71.48,44.9419,0.05956667,147.9325,3.971111,0.05956667,3.971111
71.49,44.94985,0.05956667,147.9587,3.971111,0.05956667,3.971111
71.5,44.95144,0.05956667,147.9639,3.971111,0.05956667,3.971111
71.51,44.94667,0.0596,147.9482,3.973333,0.0596,3.973333
71.52,44.94349,0.0596,147.9378,3.973333,0.0596,3.973333
71.53,44.94349,0.0596,147.9378,3.973333,0.0596,3.973333
71.54,44.94349,0.0596,147.9378,3.973333,0.0596,3.973333
71.55,44.9419,0.0596,147.9325,3.973333,0.0596,3.973333
71.56,44.93554,0.05963333,147.9116,3.975556,0.05963333,3.975556
71.57,44.92601,0.05963333,147.8802,3.975556,0.05963333,3.975556
71.58,44.91329,0.05963333,147.8383,3.975556,0.05963333,3.975556
71.59,44.90535,0.05963333,147.8122,3.975556,0.05963333,3.975556
71.6,44.90535,0.05966667,147.8122,3.977778,0.05966667,3.977778
71.61,44.91329,0.05966667,147.8383,3.977778,0.05966667,3.977778
71.62,44.91806,0.05966667,147.854,3.977778,0.05966667,3.977778
71.63,44.92601,0.05966667,147.8802,3.977778,0.05966667,3.977778
71.64,44.93396,0.0597,147.9064,3.98,0.0597,3.98
71.65,44.93396,0.0597,147.9064,3.98,0.0597,3.98
71.66,44.92919,0.0597,147.8907,3.98,0.0597,3.98
71.67,44.91806,0.0597,147.854,3.98,0.0597,3.98
71.68,44.90693,0.05973333,147.8174,3.982222,0.05973333,3.982222
71.69,44.90058,0.05973333,147.7965,3.982222,0.05973333,3.982222
71.7,44.89422,0.05973333,147.7756,3.982222,0.05973333,3.982222
71.71,44.88468,0.05973333,147.7442,3.982222,0.05973333,3.982222
71.72,44.87674,0.05976667,147.718,3.984445,0.05976667,3.984445
71.73,44.87674,0.05976667,147.718,3.984445,0.05976667,3.984445
71.74,44.88468,0.05976667,147.7442,3.984445,0.05976667,3.984445
71.75,44.87832,0.05976667,147.7232,3.984445,0.05976667,3.984445
71.76,44.85766,0.0598,147.6552,3.986667,0.0598,3.986667
71.77,44.84018,0.0598,147.5977,3.986667,0.0598,3.986667
71.78,44.84018,0.0598,147.5977,3.986667,0.0598,3.986667
71.79,44.85766,0.0598,147.6552,3.986667,0.0598,3.986667
71.8,44.87832,0.05983333,147.7232,3.988889,0.05983333,3.988889
71.81,44.88945,0.05983333,147.7599,3.988889,0.05983333,3.988889
71.82,44.88945,0.05983333,147.7599,3.988889,0.05983333,3.988889
71.83,44.88468,0.05983333,147.7442,3.988889,0.05983333,3.988889
71.84,44.87197,0.05986667,147.7023,3.991111,0.05986667,3.991111
71.85,44.85766,0.05986667,147.6552,3.991111,0.05986667,3.991111
71.86,44.86402,0.05986667,147.6761,3.991111,0.05986667,3.991111
71.87,44.88468,0.05986667,147.7442,3.991111,0.05986667,3.991111
71.88,44.90058,0.0599,147.7965,3.993333,0.0599,3.993333
71.89,44.90693,0.0599,147.8174,3.993333,0.0599,3.993333
71.9,44.90693,0.0599,147.8174,3.993333,0.0599,3.993333
71.91,44.90535,0.0599,147.8122,3.993333,0.0599,3.993333
71.92,44.90535,0.05993333,147.8122,3.995556,0.05993333,3.995556
71.93,44.90693,0.05993333,147.8174,3.995556,0.05993333,3.995556
71.94,44.90216,0.05993333,147.8017,3.995556,0.05993333,3.995556
71.95,44.88945,0.05993333,147.7599,3.995556,0.05993333,3.995556
71.96,44.88468,0.05996667,147.7442,3.997778,0.05996667,3.997778
71.97,44.89263,0.05996667,147.7703,3.997778,0.05996667,3.997778
71.98,44.90058,0.05996667,147.7965,3.997778,0.05996667,3.997778
71.99,44.89422,0.05996667,147.7756,3.997778,0.05996667,3.997778
72.0,44.8815,0.06,147.7337,4.0,0.06,4.0
72.01,44.87674,0.06,147.718,4.0,0.06,4.0
72.02,44.87832,0.06,147.7232,4.0,0.06,4.0
72.03,44.89263,0.06,147.7703,4.0,0.06,4.0
72.04,44.90216,0.06003333,147.8017,4.002222,0.06003333,4.002222
72.05,44.90535,0.06003333,147.8122,4.002222,0.06003333,4.002222
72.06,44.90058,0.06003333,147.7965,4.002222,0.06003333,4.002222
72.07,44.8974,0.06003333,147.786,4.002222,0.06003333,4.002222
72.08,44.88945,0.06006667,147.7599,4.004445,0.06006667,4.004445
72.09,44.87355,0.06006667,147.7076,4.004445,0.06006667,4.004445
72.1,44.85766,0.06006667,147.6552,4.004445,0.06006667,4.004445
72.11,44.86561,0.06006667,147.6814,4.004445,0.06006667,4.004445
72.12,44.88945,0.0601,147.7599,4.006667,0.0601,4.006667
72.13,44.8974,0.0601,147.786,4.006667,0.0601,4.006667
72.14,44.88468,0.0601,147.7442,4.006667,0.0601,4.006667
72.15,44.87197,0.0601,147.7023,4.006667,0.0601,4.006667
72.16,44.87355,0.06013333,147.7076,4.008889,0.06013333,4.008889
72.17,44.89422,0.06013333,147.7756,4.008889,0.06013333,4.008889
72.18,44.92124,0.06013333,147.8645,4.008889,0.06013333,4.008889
72.19,44.93872,0.06013333,147.9221,4.008889,0.06013333,4.008889
72.2,44.94667,0.06016667,147.9482,4.011111,0.06016667,4.011111
72.21,44.94667,0.06016667,147.9482,4.011111,0.06016667,4.011111
72.22,44.94349,0.06016667,147.9378,4.011111,0.06016667,4.011111
72.23,44.94349,0.06016667,147.9378,4.011111,0.06016667,4.011111
72.24,44.94985,0.0602,147.9587,4.013333,0.0602,4.013333
72.25,44.94667,0.0602,147.9482,4.013333,0.0602,4.013333
72.26,44.93872,0.0602,147.9221,4.013333,0.0602,4.013333
72.27,44.93077,0.0602,147.8959,4.013333,0.0602,4.013333
72.28,44.93396,0.06023333,147.9064,4.015555,0.06023333,4.015555
72.29,44.93872,0.06023333,147.9221,4.015555,0.06023333,4.015555
72.3,44.94985,0.06023333,147.9587,4.015555,0.06023333,4.015555
72.31,44.95462,0.06023333,147.9744,4.015555,0.06023333,4.015555
72.32,44.9578,0.06026667,147.9848,4.017778,0.06026667,4.017778
72.33,44.9578,0.06026667,147.9848,4.017778,0.06026667,4.017778
72.34,44.95462,0.06026667,147.9744,4.017778,0.06026667,4.017778
72.35,44.95144,0.06026667,147.9639,4.017778,0.06026667,4.017778
72.36,44.95938,0.0603,147.9901,4.02,0.0603,4.02
72.37,44.9721,0.0603,148.0319,4.02,0.0603,4.02
72.38,44.97051,0.0603,148.0267,4.02,0.0603,4.02
72.39,44.95462,0.0603,147.9744,4.02,0.0603,4.02
72.4,44.93872,0.06033333,147.9221,4.022222,0.06033333,4.022222
72.41,44.93872,0.06033333,147.9221,4.022222,0.06033333,4.022222
72.42,44.93872,0.06033333,147.9221,4.022222,0.06033333,4.022222
72.43,44.92601,0.06033333,147.8802,4.022222,0.06033333,4.022222
72.44,44.91329,0.06036667,147.8383,4.024445,0.06036667,4.024445
72.45,44.90535,0.06036667,147.8122,4.024445,0.06036667,4.024445
72.46,44.90535,0.06036667,147.8122,4.024445,0.06036667,4.024445
72.47,44.90058,0.06036667,147.7965,4.024445,0.06036667,4.024445
72.48,44.8815,0.0604,147.7337,4.026667,0.0604,4.026667
72.49,44.24413,0.0604,145.6357,4.026667,0.0604,4.026667
72.5,39.82385,0.0604,131.0857,4.026667,0.0604,4.026667
72.51,26.91905,0.0604,88.60779,4.026667,0.0604,4.026667
72.52,6.810824,0.06043334,22.41877,4.028889,0.06043334,4.028889
72.53,-11.22793,0.06043334,-36.95828,4.028889,0.06043334,4.028889
72.54,-20.45155,0.06043334,-67.31911,4.028889,0.06043334,4.028889
72.55,-22.85639,0.06043334,-75.235,4.028889,0.06043334,4.028889
72.56,-23.09958,0.06046667,-76.03548,4.031111,0.06046667,4.031111
72.57,-23.10753,0.06046667,-76.06165,4.031111,0.06046667,4.031111
72.58,-23.08528,0.06046667,-75.9884,4.031111,0.06046667,4.031111
72.59,-23.08528,0.06046667,-75.9884,4.031111,0.06046667,4.031111
72.6,-23.09799,0.0605,-76.03025,4.033333,0.0605,4.033333
72.61,-23.08528,0.0605,-75.9884,4.033333,0.0605,4.033333
72.62,-23.06938,0.0605,-75.93608,4.033333,0.0605,4.033333
72.63,-23.09004,0.0605,-76.00409,4.033333,0.0605,4.033333
72.64,-23.11865,0.06053333,-76.09827,4.035555,0.06053333,4.035555
72.65,-23.11071,0.06053333,-76.07211,4.035555,0.06053333,4.035555
72.66,-23.08528,0.06053333,-75.9884,4.035555,0.06053333,4.035555
72.67,-23.09004,0.06053333,-76.00409,4.035555,0.06053333,4.035555
72.68,-23.10594,0.06056667,-76.05641,4.037778,0.06056667,4.037778
72.69,-23.10276,0.06056667,-76.04595,4.037778,0.06056667,4.037778
72.7,-23.09799,0.06056667,-76.03025,4.037778,0.06056667,4.037778
72.71,-23.10276,0.0606,-76.04595,4.04,0.0606,4.04
72.72,-23.09799,0.0606,-76.03025,4.04,0.0606,4.04
72.73,-23.07415,0.0606,-75.95177,4.04,0.0606,4.04
72.74,-23.06461,0.0606,-75.92038,4.04,0.0606,4.04
72.75,-23.07892,0.0606,-75.96747,4.04,0.0606,4.04
72.76,-23.09481,0.06063334,-76.01978,4.042222,0.06063334,4.042222
72.77,-23.09799,0.06063334,-76.03025,4.042222,0.06063334,4.042222
72.78,-23.09322,0.06063334,-76.01456,4.042222,0.06063334,4.042222
72.79,-23.08687,0.06063334,-75.99363,4.042222,0.06063334,4.042222
72.8,-23.07097,0.06066667,-75.94131,4.044445,0.06066667,4.044445
72.81,-23.05667,0.06066667,-75.89422,4.044445,0.06066667,4.044445
72.82,-23.06938,0.06066667,-75.93608,4.044445,0.06066667,4.044445
72.83,-23.09958,0.06066667,-76.03548,4.044445,0.06066667,4.044445
72.84,-23.11389,0.0607,-76.08257,4.046667,0.0607,4.046667
72.85,-23.09958,0.0607,-76.03548,4.046667,0.0607,4.046667
72.86,-23.0821,0.0607,-75.97794,4.046667,0.0607,4.046667
72.87,-23.07892,0.0607,-75.96747,4.046667,0.0607,4.046667
72.88,-23.07892,0.06073333,-75.96747,4.048889,0.06073333,4.048889
72.89,-23.0821,0.06073333,-75.97794,4.048889,0.06073333,4.048889
72.9,-23.0821,0.06073333,-75.97794,4.048889,0.06073333,4.048889
72.91,-23.07892,0.06076667,-75.96747,4.051111,0.06076667,4.051111
72.92,-23.07097,0.06076667,-75.94131,4.051111,0.06076667,4.051111
72.93,-23.0662,0.06076667,-75.92561,4.051111,0.06076667,4.051111
72.94,-23.06143,0.06076667,-75.90992,4.051111,0.06076667,4.051111
72.95,-23.06143,0.06076667,-75.90992,4.051111,0.06076667,4.051111
72.96,-23.0662,0.0608,-75.92561,4.053333,0.0608,4.053333
72.97,-23.07733,0.0608,-75.96224,4.053333,0.0608,4.053333
72.98,-23.08528,0.0608,-75.9884,4.053333,0.0608,4.053333
72.99,-23.07415,0.0608,-75.95177,4.053333,0.0608,4.053333
73.0,-23.04872,0.06083333,-75.86806,4.055556,0.06083333,4.055556
73.01,-23.04236,0.06083333,-75.84713,4.055556,0.06083333,4.055556
73.02,-23.05826,0.06083333,-75.89946,4.055556,0.06083333,4.055556
73.03,-23.0662,0.06083333,-75.92561,4.055556,0.06083333,4.055556
73.04,-23.04872,0.06086667,-75.86806,4.057778,0.06086667,4.057778
73.05,-23.02806,0.06086667,-75.80005,4.057778,0.06086667,4.057778
73.06,-23.03759,0.06086667,-75.83144,4.057778,0.06086667,4.057778
73.07,-23.06938,0.06086667,-75.93608,4.057778,0.06086667,4.057778
73.08,-23.09004,0.0609,-76.00409,4.06,0.0609,4.06
73.09,-23.09799,0.0609,-76.03025,4.06,0.0609,4.06
73.1,-23.09799,0.0609,-76.03025,4.06,0.0609,4.06
73.11,-23.09004,0.06093333,-76.00409,4.062222,0.06093333,4.062222
73.12,-23.0821,0.06093333,-75.97794,4.062222,0.06093333,4.062222
73.13,-23.07733,0.06093333,-75.96224,4.062222,0.06093333,4.062222
73.14,-23.07415,0.06093333,-75.95177,4.062222,0.06093333,4.062222
73.15,-23.06938,0.06093333,-75.93608,4.062222,0.06093333,4.062222
73.16,-23.06938,0.06096667,-75.93608,4.064445,0.06096667,4.064445
73.17,-23.07892,0.06096667,-75.96747,4.064445,0.06096667,4.064445
73.18,-23.09958,0.06096667,-76.03548,4.064445,0.06096667,4.064445
73.19,-23.10753,0.06096667,-76.06165,4.064445,0.06096667,4.064445
73.2,-23.09481,0.061,-76.01978,4.066667,0.061,4.066667
73.21,-23.0821,0.061,-75.97794,4.066667,0.061,4.066667
73.22,-23.08528,0.061,-75.9884,4.066667,0.061,4.066667
73.23,-23.09799,0.061,-76.03025,4.066667,0.061,4.066667
73.24,-23.10276,0.06103333,-76.04595,4.068889,0.06103333,4.068889
73.25,-23.10753,0.06103333,-76.06165,4.068889,0.06103333,4.068889
73.26,-23.11548,0.06103333,-76.08781,4.068889,0.06103333,4.068889
73.27,-23.11389,0.06103333,-76.08257,4.068889,0.06103333,4.068889
73.28,-23.09322,0.06106667,-76.01456,4.071111,0.06106667,4.071111
73.29,-23.0662,0.06106667,-75.92561,4.071111,0.06106667,4.071111
73.3,-23.05031,0.06106667,-75.87329,4.071111,0.06106667,4.071111
73.31,-23.04872,0.06106667,-75.86806,4.071111,0.06106667,4.071111
73.32,-23.05349,0.0611,-75.88376,4.073333,0.0611,4.073333
73.33,-23.0662,0.0611,-75.92561,4.073333,0.0611,4.073333
73.34,-23.07415,0.0611,-75.95177,4.073333,0.0611,4.073333
73.35,-23.07892,0.0611,-75.96747,4.073333,0.0611,4.073333
73.36,-23.0821,0.06113333,-75.97794,4.075555,0.06113333,4.075555
73.37,-23.08687,0.06113333,-75.99363,4.075555,0.06113333,4.075555
73.38,-23.08528,0.06113333,-75.9884,4.075555,0.06113333,4.075555
73.39,-23.07415,0.06113333,-75.95177,4.075555,0.06113333,4.075555
73.4,-23.06461,0.06116667,-75.92038,4.077778,0.06116667,4.077778
73.41,-23.05826,0.06116667,-75.89946,4.077778,0.06116667,4.077778
73.42,-23.05826,0.06116667,-75.89946,4.077778,0.06116667,4.077778
73.43,-23.0662,0.06116667,-75.92561,4.077778,0.06116667,4.077778
73.44,-23.0821,0.0612,-75.97794,4.08,0.0612,4.08
73.45,-23.09958,0.0612,-76.03548,4.08,0.0612,4.08
73.46,-23.10753,0.0612,-76.06165,4.08,0.0612,4.08
73.47,-23.10276,0.0612,-76.04595,4.08,0.0612,4.08
73.48,-23.09322,0.06123333,-76.01456,4.082222,0.06123333,4.082222
73.49,-23.0821,0.06123333,-75.97794,4.082222,0.06123333,4.082222
73.5,-23.06938,0.06123333,-75.93608,4.082222,0.06123333,4.082222
73.51,-23.06143,0.06123333,-75.90992,4.082222,0.06123333,4.082222
73.52,-23.0662,0.06126667,-75.92561,4.084445,0.06126667,4.084445
73.53,-23.07415,0.06126667,-75.95177,4.084445,0.06126667,4.084445
73.54,-23.07733,0.06126667,-75.96224,4.084445,0.06126667,4.084445
73.55,-23.07733,0.06126667,-75.96224,4.084445,0.06126667,4.084445
73.56,-23.07733,0.0613,-75.96224,4.086667,0.0613,4.086667
73.57,-23.07097,0.0613,-75.94131,4.086667,0.0613,4.086667
73.58,-23.06461,0.0613,-75.92038,4.086667,0.0613,4.086667
73.59,-23.05667,0.0613,-75.89422,4.086667,0.0613,4.086667
73.6,-23.05349,0.06133333,-75.88376,4.088889,0.06133333,4.088889
73.61,-23.05031,0.06133333,-75.87329,4.088889,0.06133333,4.088889
73.62,-23.05349,0.06133333,-75.88376,4.088889,0.06133333,4.088889
73.63,-23.05826,0.06133333,-75.89946,4.088889,0.06133333,4.088889
73.64,-23.06143,0.06136667,-75.90992,4.091111,0.06136667,4.091111
73.65,-23.0662,0.06136667,-75.92561,4.091111,0.06136667,4.091111
73.66,-23.07097,0.06136667,-75.94131,4.091111,0.06136667,4.091111
73.67,-23.07733,0.06136667,-75.96224,4.091111,0.06136667,4.091111
73.68,-23.08528,0.0614,-75.9884,4.093333,0.0614,4.093333
73.69,-23.09004,0.0614,-76.00409,4.093333,0.0614,4.093333
73.7,-23.09004,0.0614,-76.00409,4.093333,0.0614,4.093333
73.71,-23.07892,0.0614,-75.96747,4.093333,0.0614,4.093333
73.72,-23.07415,0.06143333,-75.95177,4.095556,0.06143333,4.095556
73.73,-23.07097,0.06143333,-75.94131,4.095556,0.06143333,4.095556
73.74,-23.0662,0.06143333,-75.92561,4.095556,0.06143333,4.095556
73.75,-23.05031,0.06143333,-75.87329,4.095556,0.06143333,4.095556
73.76,-23.04077,0.06146667,-75.8419,4.097778,0.06146667,4.097778
73.77,-23.03759,0.06146667,-75.83144,4.097778,0.06146667,4.097778
73.78,-23.04554,0.06146667,-75.8576,4.097778,0.06146667,4.097778
73.79,-23.06143,0.06146667,-75.90992,4.097778,0.06146667,4.097778
73.8,-23.07097,0.0615,-75.94131,4.1,0.0615,4.1
73.81,-23.07097,0.0615,-75.94131,4.1,0.0615,4.1
73.82,-23.06461,0.0615,-75.92038,4.1,0.0615,4.1
73.83,-23.06461,0.0615,-75.92038,4.1,0.0615,4.1
73.84,-23.07733,0.06153334,-75.96224,4.102222,0.06153334,4.102222
73.85,-23.09322,0.06153334,-76.01456,4.102222,0.06153334,4.102222
73.86,-23.08687,0.06153334,-75.99363,4.102222,0.06153334,4.102222
73.87,-23.06461,0.06153334,-75.92038,4.102222,0.06153334,4.102222
73.88,-23.04554,0.06156667,-75.8576,4.104445,0.06156667,4.104445
73.89,-23.04554,0.06156667,-75.8576,4.104445,0.06156667,4.104445
73.9,-23.05667,0.06156667,-75.89422,4.104445,0.06156667,4.104445
73.91,-23.0662,0.06156667,-75.92561,4.104445,0.06156667,4.104445
73.92,-23.06938,0.0616,-75.93608,4.106667,0.0616,4.106667
73.93,-23.06938,0.0616,-75.93608,4.106667,0.0616,4.106667
73.94,-23.07733,0.0616,-75.96224,4.106667,0.0616,4.106667
73.95,-23.08687,0.0616,-75.99363,4.106667,0.0616,4.106667
73.96,-23.08687,0.06163333,-75.99363,4.108889,0.06163333,4.108889
73.97,-23.0821,0.06163333,-75.97794,4.108889,0.06163333,4.108889
73.98,-23.07892,0.06163333,-75.96747,4.108889,0.06163333,4.108889
73.99,-23.07415,0.06163333,-75.95177,4.108889,0.06163333,4.108889
74.0,-23.06938,0.06166667,-75.93608,4.111111,0.06166667,4.111111
74.01,-23.06938,0.06166667,-75.93608,4.111111,0.06166667,4.111111
74.02,-23.07892,0.06166667,-75.96747,4.111111,0.06166667,4.111111
74.03,-23.08528,0.06166667,-75.9884,4.111111,0.06166667,4.111111
74.04,-23.08528,0.0617,-75.9884,4.113333,0.0617,4.113333
74.05,-23.07892,0.0617,-75.96747,4.113333,0.0617,4.113333
74.06,-23.07415,0.0617,-75.95177,4.113333,0.0617,4.113333
74.07,-23.07415,0.0617,-75.95177,4.113333,0.0617,4.113333
74.08,-23.0821,0.06173334,-75.97794,4.115556,0.06173334,4.115556
74.09,-23.0821,0.06173334,-75.97794,4.115556,0.06173334,4.115556
74.1,-23.07097,0.06173334,-75.94131,4.115556,0.06173334,4.115556
74.11,-23.06143,0.06173334,-75.90992,4.115556,0.06173334,4.115556
74.12,-23.04872,0.06176667,-75.86806,4.117778,0.06176667,4.117778
74.13,-23.04077,0.06176667,-75.8419,4.117778,0.06176667,4.117778
74.14,-23.04554,0.06176667,-75.8576,4.117778,0.06176667,4.117778
74.15,-23.04872,0.06176667,-75.86806,4.117778,0.06176667,4.117778
74.16,-23.04554,0.0618,-75.8576,4.12,0.0618,4.12
74.17,-23.04236,0.0618,-75.84713,4.12,0.0618,4.12
74.18,-23.04554,0.0618,-75.8576,4.12,0.0618,4.12
74.19,-23.04236,0.0618,-75.84713,4.12,0.0618,4.12
74.2,-23.04077,0.06183333,-75.8419,4.122222,0.06183333,4.122222
74.21,-23.04872,0.06183333,-75.86806,4.122222,0.06183333,4.122222
74.22,-23.06143,0.06183333,-75.90992,4.122222,0.06183333,4.122222
74.23,-23.06938,0.06183333,-75.93608,4.122222,0.06183333,4.122222
74.24,-23.05826,0.06186667,-75.89946,4.124444,0.06186667,4.124444
74.25,-23.04872,0.06186667,-75.86806,4.124444,0.06186667,4.124444
74.26,-23.04554,0.06186667,-75.8576,4.124444,0.06186667,4.124444
74.27,-23.04236,0.06186667,-75.84713,4.124444,0.06186667,4.124444
74.28,-23.04236,0.0619,-75.84713,4.126667,0.0619,4.126667
74.29,-23.04554,0.0619,-75.8576,4.126667,0.0619,4.126667
74.3,-23.04872,0.0619,-75.86806,4.126667,0.0619,4.126667
74.31,-23.05349,0.06193333,-75.88376,4.128889,0.06193333,4.128889
74.32,-23.05667,0.06193333,-75.89422,4.128889,0.06193333,4.128889
74.33,-23.05667,0.06193333,-75.89422,4.128889,0.06193333,4.128889
74.34,-23.05349,0.06193333,-75.88376,4.128889,0.06193333,4.128889
74.35,-23.05667,0.06193333,-75.89422,4.128889,0.06193333,4.128889
74.36,-23.05826,0.06196667,-75.89946,4.131111,0.06196667,4.131111
74.37,-23.05349,0.06196667,-75.88376,4.131111,0.06196667,4.131111
74.38,-23.04077,0.06196667,-75.8419,4.131111,0.06196667,4.131111
74.39,-23.02806,0.06196667,-75.80005,4.131111,0.06196667,4.131111
74.4,-23.02011,0.062,-75.77389,4.133333,0.062,4.133333
74.41,-23.01216,0.062,-75.74773,4.133333,0.062,4.133333
74.42,-23.01375,0.062,-75.75296,4.133333,0.062,4.133333
74.43,-23.02965,0.062,-75.80528,4.133333,0.062,4.133333
74.44,-23.04872,0.06203333,-75.86806,4.135556,0.06203333,4.135556
74.45,-23.05667,0.06203333,-75.89422,4.135556,0.06203333,4.135556
74.46,-23.04872,0.06203333,-75.86806,4.135556,0.06203333,4.135556
74.47,-23.04554,0.06203333,-75.8576,4.135556,0.06203333,4.135556
74.48,-23.05667,0.06206667,-75.89422,4.137778,0.06206667,4.137778
74.49,-23.05667,0.06206667,-75.89422,4.137778,0.06206667,4.137778
74.5,-23.03282,0.06206667,-75.81574,4.137778,0.06206667,4.137778
74.51,-23.00898,0.06206667,-75.73727,4.137778,0.06206667,4.137778
74.52,-23.00739,0.0621,-75.73203,4.14,0.0621,4.14
74.53,-23.01693,0.0621,-75.76343,4.14,0.0621,4.14
74.54,-23.02806,0.0621,-75.80005,4.14,0.0621,4.14
74.55,-23.03759,0.0621,-75.83144,4.14,0.0621,4.14
74.56,-23.04872,0.06213333,-75.86806,4.142222,0.06213333,4.142222
74.57,-23.05349,0.06213333,-75.88376,4.142222,0.06213333,4.142222
74.58,-23.05031,0.06213333,-75.87329,4.142222,0.06213333,4.142222
74.59,-23.04872,0.06213333,-75.86806,4.142222,0.06213333,4.142222
74.6,-23.04872,0.06216667,-75.86806,4.144444,0.06216667,4.144444
74.61,-23.04872,0.06216667,-75.86806,4.144444,0.06216667,4.144444
74.62,-23.04554,0.06216667,-75.8576,4.144444,0.06216667,4.144444
74.63,-23.04077,0.06216667,-75.8419,4.144444,0.06216667,4.144444
74.64,-23.04077,0.0622,-75.8419,4.146667,0.0622,4.146667
74.65,-23.05349,0.0622,-75.88376,4.146667,0.0622,4.146667
74.66,-23.06938,0.0622,-75.93608,4.146667,0.0622,4.146667
74.67,-23.07892,0.0622,-75.96747,4.146667,0.0622,4.146667
74.68,-23.07892,0.06223333,-75.96747,4.148889,0.06223333,4.148889
74.69,-23.06938,0.06223333,-75.93608,4.148889,0.06223333,4.148889
74.7,-23.06461,0.06223333,-75.92038,4.148889,0.06223333,4.148889
74.71,-23.05826,0.06226667,-75.89946,4.151111,0.06226667,4.151111
74.72,-23.04554,0.06226667,-75.8576,4.151111,0.06226667,4.151111
74.73,-23.02488,0.06226667,-75.78959,4.151111,0.06226667,4.151111
74.74,-23.01216,0.06226667,-75.74773,4.151111,0.06226667,4.151111
74.75,-23.00898,0.06226667,-75.73727,4.151111,0.06226667,4.151111
74.76,-23.01216,0.0623,-75.74773,4.153333,0.0623,4.153333
74.77,-23.02488,0.0623,-75.78959,4.153333,0.0623,4.153333
74.78,-23.03282,0.0623,-75.81574,4.153333,0.0623,4.153333
74.79,-23.036,0.0623,-75.82621,4.153333,0.0623,4.153333
74.8,-23.036,0.06233333,-75.82621,4.155556,0.06233333,4.155556
74.81,-23.04077,0.06233333,-75.8419,4.155556,0.06233333,4.155556
74.82,-23.04236,0.06233333,-75.84713,4.155556,0.06233333,4.155556
74.83,-23.04077,0.06233333,-75.8419,4.155556,0.06233333,4.155556
74.84,-23.04554,0.06236667,-75.8576,4.157778,0.06236667,4.157778
74.85,-23.05667,0.06236667,-75.89422,4.157778,0.06236667,4.157778
74.86,-23.05826,0.06236667,-75.89946,4.157778,0.06236667,4.157778
74.87,-23.04554,0.06236667,-75.8576,4.157778,0.06236667,4.157778
74.88,-23.03282,0.0624,-75.81574,4.16,0.0624,4.16
74.89,-23.02965,0.0624,-75.80528,4.16,0.0624,4.16
74.9,-23.03282,0.0624,-75.81574,4.16,0.0624,4.16
74.91,-23.04236,0.06243333,-75.84713,4.162222,0.06243333,4.162222
74.92,-23.05826,0.06243333,-75.89946,4.162222,0.06243333,4.162222
74.93,-23.07415,0.06243333,-75.95177,4.162222,0.06243333,4.162222
74.94,-23.0821,0.06243333,-75.97794,4.162222,0.06243333,4.162222
74.95,-23.0821,0.06243333,-75.97794,4.162222,0.06243333,4.162222
74.96,-23.0821,0.06246667,-75.97794,4.164444,0.06246667,4.164444
74.97,-23.06938,0.06246667,-75.93608,4.164444,0.06246667,4.164444
74.98,-23.04872,0.06246667,-75.86806,4.164444,0.06246667,4.164444
74.99,-23.02806,0.06246667,-75.80005,4.164444,0.06246667,4.164444
75.0,-23.02806,0.0625,-75.80005,4.166667,0.0625,4.166667
75.01,-23.04077,0.0625,-75.8419,4.166667,0.0625,4.166667
75.02,-23.05349,0.0625,-75.88376,4.166667,0.0625,4.166667
75.03,-23.05826,0.0625,-75.89946,4.166667,0.0625,4.166667
75.04,-23.05826,0.06253333,-75.89946,4.168889,0.06253333,4.168889
75.05,-23.05667,0.06253333,-75.89422,4.168889,0.06253333,4.168889
75.06,-23.04872,0.06253333,-75.86806,4.168889,0.06253333,4.168889
75.07,-23.036,0.06253333,-75.82621,4.168889,0.06253333,4.168889
75.08,-23.01693,0.06256667,-75.76343,4.171111,0.06256667,4.171111
75.09,-23.00898,0.06256667,-75.73727,4.171111,0.06256667,4.171111
75.1,-23.02488,0.06256667,-75.78959,4.171111,0.06256667,4.171111
75.11,-23.05349,0.0626,-75.88376,4.173334,0.0626,4.173334
75.12,-23.07415,0.0626,-75.95177,4.173334,0.0626,4.173334
75.13,-23.07415,0.0626,-75.95177,4.173334,0.0626,4.173334
75.14,-23.06143,0.0626,-75.90992,4.173334,0.0626,4.173334
75.15,-23.05349,0.0626,-75.88376,4.173334,0.0626,4.173334
75.16,-23.05349,0.06263334,-75.88376,4.175556,0.06263334,4.175556
75.17,-23.05667,0.06263334,-75.89422,4.175556,0.06263334,4.175556
75.18,-23.05031,0.06263334,-75.87329,4.175556,0.06263334,4.175556
75.19,-23.04554,0.06263334,-75.8576,4.175556,0.06263334,4.175556
75.2,-23.04872,0.06266667,-75.86806,4.177778,0.06266667,4.177778
75.21,-23.05031,0.06266667,-75.87329,4.177778,0.06266667,4.177778
75.22,-23.05349,0.06266667,-75.88376,4.177778,0.06266667,4.177778
75.23,-23.05349,0.06266667,-75.88376,4.177778,0.06266667,4.177778
75.24,-23.05349,0.0627,-75.88376,4.18,0.0627,4.18
75.25,-23.04872,0.0627,-75.86806,4.18,0.0627,4.18
75.26,-23.04077,0.0627,-75.8419,4.18,0.0627,4.18
75.27,-23.02806,0.0627,-75.80005,4.18,0.0627,4.18
75.28,-23.0217,0.06273334,-75.77912,4.182222,0.06273334,4.182222
75.29,-23.02011,0.06273334,-75.77389,4.182222,0.06273334,4.182222
75.3,-23.01693,0.06273334,-75.76343,4.182222,0.06273334,4.182222
75.31,-23.00898,0.06276666,-75.73727,4.184444,0.06276666,4.184444
75.32,-23.00104,0.06276666,-75.71111,4.184444,0.06276666,4.184444
75.33,-23.00421,0.06276666,-75.72157,4.184444,0.06276666,4.184444
75.34,-23.01693,0.06276666,-75.76343,4.184444,0.06276666,4.184444
75.35,-23.02488,0.06276666,-75.78959,4.184444,0.06276666,4.184444
75.36,-23.02806,0.0628,-75.80005,4.186666,0.0628,4.186666
75.37,-23.02488,0.0628,-75.78959,4.186666,0.0628,4.186666
75.38,-23.02965,0.0628,-75.80528,4.186666,0.0628,4.186666
75.39,-23.03759,0.0628,-75.83144,4.186666,0.0628,4.186666
75.4,-23.04236,0.06283333,-75.84713,4.188889,0.06283333,4.188889
75.41,-23.04872,0.06283333,-75.86806,4.188889,0.06283333,4.188889
75.42,-23.05667,0.06283333,-75.89422,4.188889,0.06283333,4.188889
75.43,-23.05826,0.06283333,-75.89946,4.188889,0.06283333,4.188889
75.44,-23.05667,0.06286667,-75.89422,4.191111,0.06286667,4.191111
75.45,-23.05826,0.06286667,-75.89946,4.191111,0.06286667,4.191111
75.46,-23.0662,0.06286667,-75.92561,4.191111,0.06286667,4.191111
75.47,-23.05667,0.06286667,-75.89422,4.191111,0.06286667,4.191111
75.48,-23.02965,0.0629,-75.80528,4.193333,0.0629,4.193333
75.49,-23.01693,0.0629,-75.76343,4.193333,0.0629,4.193333
75.5,-23.02965,0.0629,-75.80528,4.193333,0.0629,4.193333
75.51,-23.05031,0.06293333,-75.87329,4.195556,0.06293333,4.195556
75.52,-23.06461,0.06293333,-75.92038,4.195556,0.06293333,4.195556
75.53,-23.0662,0.06293333,-75.92561,4.195556,0.06293333,4.195556
75.54,-23.0662,0.06293333,-75.92561,4.195556,0.06293333,4.195556
75.55,-23.0662,0.06293333,-75.92561,4.195556,0.06293333,4.195556
75.56,-23.06938,0.06296667,-75.93608,4.197778,0.06296667,4.197778
75.57,-23.07097,0.06296667,-75.94131,4.197778,0.06296667,4.197778
75.58,-23.06938,0.06296667,-75.93608,4.197778,0.06296667,4.197778
75.59,-23.05826,0.06296667,-75.89946,4.197778,0.06296667,4.197778
75.6,-23.05031,0.063,-75.87329,4.2,0.063,4.2
75.61,-23.05031,0.063,-75.87329,4.2,0.063,4.2
75.62,-23.05826,0.063,-75.89946,4.2,0.063,4.2
75.63,-23.06461,0.063,-75.92038,4.2,0.063,4.2
75.64,-23.0662,0.06303333,-75.92561,4.202222,0.06303333,4.202222
75.65,-23.0662,0.06303333,-75.92561,4.202222,0.06303333,4.202222
75.66,-23.06938,0.06303333,-75.93608,4.202222,0.06303333,4.202222
75.67,-23.06461,0.06303333,-75.92038,4.202222,0.06303333,4.202222
75.68,-23.04872,0.06306667,-75.86806,4.204444,0.06306667,4.204444
75.69,-23.04077,0.06306667,-75.8419,4.204444,0.06306667,4.204444
75.7,-23.04554,0.06306667,-75.8576,4.204444,0.06306667,4.204444
75.71,-23.05349,0.0631,-75.88376,4.206667,0.0631,4.206667
75.72,-23.05349,0.0631,-75.88376,4.206667,0.0631,4.206667
75.73,-23.04554,0.0631,-75.8576,4.206667,0.0631,4.206667
75.74,-23.036,0.0631,-75.82621,4.206667,0.0631,4.206667
75.75,-23.02965,0.0631,-75.80528,4.206667,0.0631,4.206667
75.76,-23.03282,0.06313334,-75.81574,4.208889,0.06313334,4.208889
75.77,-23.03759,0.06313334,-75.83144,4.208889,0.06313334,4.208889
75.78,-23.04554,0.06313334,-75.8576,4.208889,0.06313334,4.208889
75.79,-23.05667,0.06313334,-75.89422,4.208889,0.06313334,4.208889
75.8,-23.06143,0.06316667,-75.90992,4.211112,0.06316667,4.211112
75.81,-23.05031,0.06316667,-75.87329,4.211112,0.06316667,4.211112
75.82,-23.036,0.06316667,-75.82621,4.211112,0.06316667,4.211112
75.83,-23.02965,0.06316667,-75.80528,4.211112,0.06316667,4.211112
75.84,-23.03759,0.0632,-75.83144,4.213334,0.0632,4.213334
75.85,-23.05031,0.0632,-75.87329,4.213334,0.0632,4.213334
75.86,-23.05031,0.0632,-75.87329,4.213334,0.0632,4.213334
75.87,-23.04236,0.0632,-75.84713,4.213334,0.0632,4.213334
75.88,-23.036,0.06323333,-75.82621,4.215555,0.06323333,4.215555
75.89,-23.02965,0.06323333,-75.80528,4.215555,0.06323333,4.215555
75.9,-23.02965,0.06323333,-75.80528,4.215555,0.06323333,4.215555
75.91,-23.036,0.06323333,-75.82621,4.215555,0.06323333,4.215555
75.92,-23.04554,0.06326666,-75.8576,4.217778,0.06326666,4.217778
75.93,-23.05667,0.06326666,-75.89422,4.217778,0.06326666,4.217778
75.94,-23.06461,0.06326666,-75.92038,4.217778,0.06326666,4.217778
75.95,-23.06461,0.06326666,-75.92038,4.217778,0.06326666,4.217778
75.96,-23.05826,0.0633,-75.89946,4.22,0.0633,4.22
75.97,-23.05031,0.0633,-75.87329,4.22,0.0633,4.22
75.98,-23.04554,0.0633,-75.8576,4.22,0.0633,4.22
75.99,-23.03759,0.0633,-75.83144,4.22,0.0633,4.22
76.0,-23.0217,0.06333333,-75.77912,4.222222,0.06333333,4.222222
76.01,-23.01375,0.06333333,-75.75296,4.222222,0.06333333,4.222222
76.02,-23.02011,0.06333333,-75.77389,4.222222,0.06333333,4.222222
76.03,-23.02488,0.06333333,-75.78959,4.222222,0.06333333,4.222222
76.04,-23.0217,0.06336667,-75.77912,4.224444,0.06336667,4.224444
76.05,-23.01216,0.06336667,-75.74773,4.224444,0.06336667,4.224444
76.06,-23.00421,0.06336667,-75.72157,4.224444,0.06336667,4.224444
76.07,-23.00421,0.06336667,-75.72157,4.224444,0.06336667,4.224444
76.08,-23.01216,0.0634,-75.74773,4.226666,0.0634,4.226666
76.09,-23.0217,0.0634,-75.77912,4.226666,0.0634,4.226666
76.1,-23.03282,0.0634,-75.81574,4.226666,0.0634,4.226666
76.11,-23.04077,0.0634,-75.8419,4.226666,0.0634,4.226666
76.12,-23.04236,0.06343333,-75.84713,4.228889,0.06343333,4.228889
76.13,-23.04236,0.06343333,-75.84713,4.228889,0.06343333,4.228889
76.14,-23.04554,0.06343333,-75.8576,4.228889,0.06343333,4.228889
76.15,-23.04554,0.06343333,-75.8576,4.228889,0.06343333,4.228889
76.16,-23.03759,0.06346667,-75.83144,4.231111,0.06346667,4.231111
76.17,-23.02806,0.06346667,-75.80005,4.231111,0.06346667,4.231111
76.18,-23.02011,0.06346667,-75.77389,4.231111,0.06346667,4.231111
76.19,-23.02011,0.06346667,-75.77389,4.231111,0.06346667,4.231111
76.2,-23.0217,0.0635,-75.77912,4.233334,0.0635,4.233334
76.21,-23.036,0.0635,-75.82621,4.233334,0.0635,4.233334
76.22,-23.04872,0.0635,-75.86806,4.233334,0.0635,4.233334
76.23,-23.05667,0.0635,-75.89422,4.233334,0.0635,4.233334
76.24,-23.05667,0.06353334,-75.89422,4.235556,0.06353334,4.235556
76.25,-23.04872,0.06353334,-75.86806,4.235556,0.06353334,4.235556
76.26,-23.04077,0.06353334,-75.8419,4.235556,0.06353334,4.235556
76.27,-23.02806,0.06353334,-75.80005,4.235556,0.06353334,4.235556
76.28,-23.01693,0.06356667,-75.76343,4.237778,0.06356667,4.237778
76.29,-23.01216,0.06356667,-75.74773,4.237778,0.06356667,4.237778
76.3,-23.00898,0.06356667,-75.73727,4.237778,0.06356667,4.237778
76.31,-23.01216,0.06356667,-75.74773,4.237778,0.06356667,4.237778
76.32,-23.01693,0.0636,-75.76343,4.24,0.0636,4.24
76.33,-23.02806,0.0636,-75.80005,4.24,0.0636,4.24
76.34,-23.04077,0.0636,-75.8419,4.24,0.0636,4.24
76.35,-23.03759,0.0636,-75.83144,4.24,0.0636,4.24
76.36,-23.0217,0.06363334,-75.77912,4.242222,0.06363334,4.242222
76.37,-23.00898,0.06363334,-75.73727,4.242222,0.06363334,4.242222
76.38,-23.01375,0.06363334,-75.75296,4.242222,0.06363334,4.242222
76.39,-23.02965,0.06363334,-75.80528,4.242222,0.06363334,4.242222
76.4,-23.04236,0.06366666,-75.84713,4.244444,0.06366666,4.244444
76.41,-23.04236,0.06366666,-75.84713,4.244444,0.06366666,4.244444
76.42,-23.036,0.06366666,-75.82621,4.244444,0.06366666,4.244444
76.43,-23.02488,0.06366666,-75.78959,4.244444,0.06366666,4.244444
76.44,-23.0217,0.0637,-75.77912,4.246666,0.0637,4.246666
76.45,-23.0217,0.0637,-75.77912,4.246666,0.0637,4.246666
76.46,-23.0217,0.0637,-75.77912,4.246666,0.0637,4.246666
76.47,-23.02806,0.0637,-75.80005,4.246666,0.0637,4.246666
76.48,-23.036,0.06373333,-75.82621,4.248889,0.06373333,4.248889
76.49,-23.03759,0.06373333,-75.83144,4.248889,0.06373333,4.248889
76.5,-23.04236,0.06373333,-75.84713,4.248889,0.06373333,4.248889
76.51,-23.05667,0.06373333,-75.89422,4.248889,0.06373333,4.248889
76.52,-23.06461,0.06376667,-75.92038,4.251111,0.06376667,4.251111
76.53,-23.06461,0.06376667,-75.92038,4.251111,0.06376667,4.251111
76.54,-23.06143,0.06376667,-75.90992,4.251111,0.06376667,4.251111
76.55,-23.06143,0.06376667,-75.90992,4.251111,0.06376667,4.251111
76.56,-23.05826,0.0638,-75.89946,4.253333,0.0638,4.253333
76.57,-23.05667,0.0638,-75.89422,4.253333,0.0638,4.253333
76.58,-23.06461,0.0638,-75.92038,4.253333,0.0638,4.253333
76.59,-23.07733,0.0638,-75.96224,4.253333,0.0638,4.253333
76.6,-23.07733,0.06383333,-75.96224,4.255556,0.06383333,4.255556
76.61,-23.07415,0.06383333,-75.95177,4.255556,0.06383333,4.255556
76.62,-23.07097,0.06383333,-75.94131,4.255556,0.06383333,4.255556
76.63,-23.0662,0.06383333,-75.92561,4.255556,0.06383333,4.255556
76.64,-23.06143,0.06386667,-75.90992,4.257778,0.06386667,4.257778
76.65,-23.06143,0.06386667,-75.90992,4.257778,0.06386667,4.257778
76.66,-23.0662,0.06386667,-75.92561,4.257778,0.06386667,4.257778
76.67,-23.06938,0.06386667,-75.93608,4.257778,0.06386667,4.257778
76.68,-23.07733,0.0639,-75.96224,4.26,0.0639,4.26
76.69,-23.08687,0.0639,-75.99363,4.26,0.0639,4.26
76.7,-23.09004,0.0639,-76.00409,4.26,0.0639,4.26
76.71,-23.0821,0.06393334,-75.97794,4.262222,0.06393334,4.262222
76.72,-23.06938,0.06393334,-75.93608,4.262222,0.06393334,4.262222
76.73,-23.06938,0.06393334,-75.93608,4.262222,0.06393334,4.262222
76.74,-23.07097,0.06393334,-75.94131,4.262222,0.06393334,4.262222
76.75,-23.06938,0.06393334,-75.93608,4.262222,0.06393334,4.262222
76.76,-23.06461,0.06396667,-75.92038,4.264445,0.06396667,4.264445
76.77,-23.05826,0.06396667,-75.89946,4.264445,0.06396667,4.264445
76.78,-23.04872,0.06396667,-75.86806,4.264445,0.06396667,4.264445
76.79,-23.03759,0.06396667,-75.83144,4.264445,0.06396667,4.264445
76.8,-23.03282,0.064,-75.81574,4.266667,0.064,4.266667
76.81,-23.03759,0.064,-75.83144,4.266667,0.064,4.266667
76.82,-23.04236,0.064,-75.84713,4.266667,0.064,4.266667
76.83,-23.04236,0.064,-75.84713,4.266667,0.064,4.266667
76.84,-23.04554,0.06403334,-75.8576,4.268889,0.06403334,4.268889
76.85,-23.04872,0.06403334,-75.86806,4.268889,0.06403334,4.268889
76.86,-23.04554,0.06403334,-75.8576,4.268889,0.06403334,4.268889
76.87,-23.04077,0.06403334,-75.8419,4.268889,0.06403334,4.268889
76.88,-23.04554,0.06406667,-75.8576,4.271111,0.06406667,4.271111
76.89,-23.0662,0.06406667,-75.92561,4.271111,0.06406667,4.271111
76.9,-23.08528,0.06406667,-75.9884,4.271111,0.06406667,4.271111
76.91,-23.07892,0.0641,-75.96747,4.273333,0.0641,4.273333
76.92,-23.05826,0.0641,-75.89946,4.273333,0.0641,4.273333
76.93,-23.04872,0.0641,-75.86806,4.273333,0.0641,4.273333
76.94,-23.05349,0.0641,-75.88376,4.273333,0.0641,4.273333
76.95,-23.05826,0.0641,-75.89946,4.273333,0.0641,4.273333
76.96,-23.05667,0.06413333,-75.89422,4.275556,0.06413333,4.275556
76.97,-23.04554,0.06413333,-75.8576,4.275556,0.06413333,4.275556
76.98,-23.03759,0.06413333,-75.83144,4.275556,0.06413333,4.275556
76.99,-23.036,0.06413333,-75.82621,4.275556,0.06413333,4.275556
77.0,-23.02965,0.06416667,-75.80528,4.277778,0.06416667,4.277778
77.01,-23.036,0.06416667,-75.82621,4.277778,0.06416667,4.277778
77.02,-23.05031,0.06416667,-75.87329,4.277778,0.06416667,4.277778
77.03,-23.06143,0.06416667,-75.90992,4.277778,0.06416667,4.277778
77.04,-23.06938,0.0642,-75.93608,4.28,0.0642,4.28
77.05,-23.07097,0.0642,-75.94131,4.28,0.0642,4.28
77.06,-23.06461,0.0642,-75.92038,4.28,0.0642,4.28
77.07,-23.05349,0.0642,-75.88376,4.28,0.0642,4.28
77.08,-23.04236,0.06423333,-75.84713,4.282222,0.06423333,4.282222
77.09,-23.0217,0.06423333,-75.77912,4.282222,0.06423333,4.282222
77.1,-22.99944,0.06423333,-75.70587,4.282222,0.06423333,4.282222
77.11,-22.98832,0.06423333,-75.66925,4.282222,0.06423333,4.282222
77.12,-23.00104,0.06426667,-75.71111,4.284444,0.06426667,4.284444
77.13,-23.0217,0.06426667,-75.77912,4.284444,0.06426667,4.284444
77.14,-23.03282,0.06426667,-75.81574,4.284444,0.06426667,4.284444
77.15,-23.02965,0.06426667,-75.80528,4.284444,0.06426667,4.284444
77.16,-23.02965,0.0643,-75.80528,4.286667,0.0643,4.286667
77.17,-23.03759,0.0643,-75.83144,4.286667,0.0643,4.286667
77.18,-23.03759,0.0643,-75.83144,4.286667,0.0643,4.286667
77.19,-23.0217,0.0643,-75.77912,4.286667,0.0643,4.286667
77.2,-23.01375,0.06433333,-75.75296,4.288889,0.06433333,4.288889
77.21,-23.0217,0.06433333,-75.77912,4.288889,0.06433333,4.288889
77.22,-23.036,0.06433333,-75.82621,4.288889,0.06433333,4.288889
77.23,-23.04077,0.06433333,-75.8419,4.288889,0.06433333,4.288889
77.24,-23.02965,0.06436667,-75.80528,4.291111,0.06436667,4.291111
77.25,-23.02011,0.06436667,-75.77389,4.291111,0.06436667,4.291111
77.26,-23.01693,0.06436667,-75.76343,4.291111,0.06436667,4.291111
77.27,-23.02011,0.06436667,-75.77389,4.291111,0.06436667,4.291111
77.28,-23.01693,0.0644,-75.76343,4.293334,0.0644,4.293334
77.29,-23.01375,0.0644,-75.75296,4.293334,0.0644,4.293334
77.3,-23.01375,0.0644,-75.75296,4.293334,0.0644,4.293334
77.31,-23.01216,0.06443334,-75.74773,4.295556,0.06443334,4.295556
77.32,-23.00739,0.06443334,-75.73203,4.295556,0.06443334,4.295556
77.33,-23.00739,0.06443334,-75.73203,4.295556,0.06443334,4.295556
77.34,-23.01693,0.06443334,-75.76343,4.295556,0.06443334,4.295556
77.35,-23.02806,0.06443334,-75.80005,4.295556,0.06443334,4.295556
77.36,-23.02965,0.06446667,-75.80528,4.297778,0.06446667,4.297778
77.37,-23.02488,0.06446667,-75.78959,4.297778,0.06446667,4.297778
77.38,-23.0217,0.06446667,-75.77912,4.297778,0.06446667,4.297778
77.39,-23.02965,0.06446667,-75.80528,4.297778,0.06446667,4.297778
77.4,-23.04236,0.0645,-75.84713,4.3,0.0645,4.3
77.41,-23.04236,0.0645,-75.84713,4.3,0.0645,4.3
77.42,-23.03759,0.0645,-75.83144,4.3,0.0645,4.3
77.43,-23.036,0.0645,-75.82621,4.3,0.0645,4.3
77.44,-23.04077,0.06453333,-75.8419,4.302222,0.06453333,4.302222
77.45,-23.04554,0.06453333,-75.8576,4.302222,0.06453333,4.302222
77.46,-23.04236,0.06453333,-75.84713,4.302222,0.06453333,4.302222
77.47,-23.03282,0.06453333,-75.81574,4.302222,0.06453333,4.302222
77.48,-23.02011,0.06456666,-75.77389,4.304444,0.06456666,4.304444
77.49,-23.00739,0.06456666,-75.73203,4.304444,0.06456666,4.304444
77.5,-22.99944,0.06456666,-75.70587,4.304444,0.06456666,4.304444
77.51,-22.99944,0.0646,-75.70587,4.306666,0.0646,4.306666
77.52,-23.00104,0.0646,-75.71111,4.306666,0.0646,4.306666
77.53,-23.00739,0.0646,-75.73203,4.306666,0.0646,4.306666
77.54,-23.01216,0.0646,-75.74773,4.306666,0.0646,4.306666
77.55,-23.01375,0.0646,-75.75296,4.306666,0.0646,4.306666
77.56,-23.01375,0.06463333,-75.75296,4.308889,0.06463333,4.308889
77.57,-23.01216,0.06463333,-75.74773,4.308889,0.06463333,4.308889
77.58,-23.00898,0.06463333,-75.73727,4.308889,0.06463333,4.308889
77.59,-23.01375,0.06463333,-75.75296,4.308889,0.06463333,4.308889
77.6,-23.02965,0.06466667,-75.80528,4.311111,0.06466667,4.311111
77.61,-23.04236,0.06466667,-75.84713,4.311111,0.06466667,4.311111
77.62,-23.04077,0.06466667,-75.8419,4.311111,0.06466667,4.311111
77.63,-23.02965,0.06466667,-75.80528,4.311111,0.06466667,4.311111
77.64,-23.02011,0.0647,-75.77389,4.313334,0.0647,4.313334
77.65,-23.01216,0.0647,-75.74773,4.313334,0.0647,4.313334
77.66,-23.00898,0.0647,-75.73727,4.313334,0.0647,4.313334
77.67,-23.00898,0.0647,-75.73727,4.313334,0.0647,4.313334
77.68,-23.00898,0.06473333,-75.73727,4.315556,0.06473333,4.315556
77.69,-23.00739,0.06473333,-75.73203,4.315556,0.06473333,4.315556
77.7,-23.00898,0.06473333,-75.73727,4.315556,0.06473333,4.315556
77.71,-23.01375,0.06476667,-75.75296,4.317778,0.06476667,4.317778
77.72,-23.02011,0.06476667,-75.77389,4.317778,0.06476667,4.317778
77.73,-23.02488,0.06476667,-75.78959,4.317778,0.06476667,4.317778
77.74,-23.036,0.06476667,-75.82621,4.317778,0.06476667,4.317778
77.75,-23.04236,0.06476667,-75.84713,4.317778,0.06476667,4.317778
77.76,-23.04077,0.0648,-75.8419,4.32,0.0648,4.32
77.77,-23.03282,0.0648,-75.81574,4.32,0.0648,4.32
77.78,-23.02488,0.0648,-75.78959,4.32,0.0648,4.32
77.79,-23.01693,0.0648,-75.76343,4.32,0.0648,4.32
77.8,-23.00898,0.06483334,-75.73727,4.322222,0.06483334,4.322222
77.81,-23.00421,0.06483334,-75.72157,4.322222,0.06483334,4.322222
77.82,-23.00104,0.06483334,-75.71111,4.322222,0.06483334,4.322222
77.83,-23.00421,0.06483334,-75.72157,4.322222,0.06483334,4.322222
77.84,-23.00898,0.06486667,-75.73727,4.324445,0.06486667,4.324445
77.85,-23.02011,0.06486667,-75.77389,4.324445,0.06486667,4.324445
77.86,-23.02011,0.06486667,-75.77389,4.324445,0.06486667,4.324445
77.87,-23.01216,0.06486667,-75.74773,4.324445,0.06486667,4.324445
77.88,-22.99309,0.0649,-75.68494,4.326667,0.0649,4.326667
77.89,-22.98037,0.0649,-75.64309,4.326667,0.0649,4.326667
77.9,-22.98037,0.0649,-75.64309,4.326667,0.0649,4.326667
77.91,-22.98514,0.0649,-75.65878,4.326667,0.0649,4.326667
77.92,-22.9915,0.06493334,-75.67972,4.328889,0.06493334,4.328889
77.93,-23.00104,0.06493334,-75.71111,4.328889,0.06493334,4.328889
77.94,-23.01375,0.06493334,-75.75296,4.328889,0.06493334,4.328889
77.95,-23.02488,0.06493334,-75.78959,4.328889,0.06493334,4.328889
77.96,-23.03282,0.06496666,-75.81574,4.331111,0.06496666,4.331111
77.97,-23.02806,0.06496666,-75.80005,4.331111,0.06496666,4.331111
77.98,-23.01375,0.06496666,-75.75296,4.331111,0.06496666,4.331111
77.99,-23.00898,0.06496666,-75.73727,4.331111,0.06496666,4.331111
78.0,-23.01216,0.065,-75.74773,4.333333,0.065,4.333333
78.01,-23.02011,0.065,-75.77389,4.333333,0.065,4.333333
78.02,-23.02965,0.065,-75.80528,4.333333,0.065,4.333333
78.03,-23.03759,0.065,-75.83144,4.333333,0.065,4.333333
78.04,-23.04077,0.06503333,-75.8419,4.335556,0.06503333,4.335556
78.05,-23.03759,0.06503333,-75.83144,4.335556,0.06503333,4.335556
78.06,-23.02965,0.06503333,-75.80528,4.335556,0.06503333,4.335556
78.07,-23.01693,0.06503333,-75.76343,4.335556,0.06503333,4.335556
78.08,-23.00421,0.06506667,-75.72157,4.337778,0.06506667,4.337778
78.09,-23.00104,0.06506667,-75.71111,4.337778,0.06506667,4.337778
78.1,-23.00104,0.06506667,-75.71111,4.337778,0.06506667,4.337778
78.11,-23.00739,0.0651,-75.73203,4.34,0.0651,4.34
78.12,-23.01216,0.0651,-75.74773,4.34,0.0651,4.34
78.13,-23.01216,0.0651,-75.74773,4.34,0.0651,4.34
78.14,-23.01216,0.0651,-75.74773,4.34,0.0651,4.34
78.15,-23.00421,0.0651,-75.72157,4.34,0.0651,4.34
78.16,-22.99627,0.06513333,-75.69541,4.342222,0.06513333,4.342222
78.17,-22.99627,0.06513333,-75.69541,4.342222,0.06513333,4.342222
78.18,-23.00898,0.06513333,-75.73727,4.342222,0.06513333,4.342222
78.19,-23.02488,0.06513333,-75.78959,4.342222,0.06513333,4.342222
78.2,-23.0217,0.06516667,-75.77912,4.344444,0.06516667,4.344444
78.21,-23.00898,0.06516667,-75.73727,4.344444,0.06516667,4.344444
78.22,-22.99944,0.06516667,-75.70587,4.344444,0.06516667,4.344444
78.23,-22.99944,0.06516667,-75.70587,4.344444,0.06516667,4.344444
78.24,-22.99944,0.0652,-75.70587,4.346667,0.0652,4.346667
78.25,-22.99309,0.0652,-75.68494,4.346667,0.0652,4.346667
78.26,-22.9915,0.0652,-75.67972,4.346667,0.0652,4.346667
78.27,-22.99627,0.0652,-75.69541,4.346667,0.0652,4.346667
78.28,-23.01375,0.06523333,-75.75296,4.348889,0.06523333,4.348889
78.29,-23.03282,0.06523333,-75.81574,4.348889,0.06523333,4.348889
78.3,-23.04236,0.06523333,-75.84713,4.348889,0.06523333,4.348889
78.31,-23.03759,0.06523333,-75.83144,4.348889,0.06523333,4.348889
78.32,-23.0217,0.06526667,-75.77912,4.351111,0.06526667,4.351111
78.33,-23.01693,0.06526667,-75.76343,4.351111,0.06526667,4.351111
78.34,-23.02806,0.06526667,-75.80005,4.351111,0.06526667,4.351111
78.35,-23.04554,0.06526667,-75.8576,4.351111,0.06526667,4.351111
78.36,-23.06143,0.0653,-75.90992,4.353333,0.0653,4.353333
78.37,-23.05349,0.0653,-75.88376,4.353333,0.0653,4.353333
78.38,-23.04077,0.0653,-75.8419,4.353333,0.0653,4.353333
78.39,-23.04077,0.0653,-75.8419,4.353333,0.0653,4.353333
78.4,-23.05667,0.06533334,-75.89422,4.355556,0.06533334,4.355556
78.41,-23.05349,0.06533334,-75.88376,4.355556,0.06533334,4.355556
78.42,-23.02488,0.06533334,-75.78959,4.355556,0.06533334,4.355556
78.43,-22.99309,0.06533334,-75.68494,4.355556,0.06533334,4.355556
78.44,-22.98355,0.06536667,-75.65356,4.357778,0.06536667,4.357778
78.45,-22.98514,0.06536667,-75.65878,4.357778,0.06536667,4.357778
78.46,-22.99627,0.06536667,-75.69541,4.357778,0.06536667,4.357778
78.47,-23.00898,0.06536667,-75.73727,4.357778,0.06536667,4.357778
78.48,-23.02011,0.0654,-75.77389,4.36,0.0654,4.36
78.49,-23.02806,0.0654,-75.80005,4.36,0.0654,4.36
78.5,-23.0217,0.0654,-75.77912,4.36,0.0654,4.36
78.51,-23.00421,0.06543333,-75.72157,4.362222,0.06543333,4.362222
78.52,-22.98514,0.06543333,-75.65878,4.362222,0.06543333,4.362222
78.53,-22.97083,0.06543333,-75.61169,4.362222,0.06543333,4.362222
78.54,-22.96448,0.06543333,-75.59077,4.362222,0.06543333,4.362222
78.55,-22.97243,0.06543333,-75.61694,4.362222,0.06543333,4.362222
78.56,-22.98037,0.06546666,-75.64309,4.364444,0.06546666,4.364444
78.57,-22.98832,0.06546666,-75.66925,4.364444,0.06546666,4.364444
78.58,-23.00104,0.06546666,-75.71111,4.364444,0.06546666,4.364444
78.59,-23.01693,0.06546666,-75.76343,4.364444,0.06546666,4.364444
78.6,-23.01375,0.0655,-75.75296,4.366667,0.0655,4.366667
78.61,-23.00104,0.0655,-75.71111,4.366667,0.0655,4.366667
78.62,-23.00104,0.0655,-75.71111,4.366667,0.0655,4.366667
78.63,-23.00739,0.0655,-75.73203,4.366667,0.0655,4.366667
78.64,-22.99944,0.06553333,-75.70587,4.368889,0.06553333,4.368889
78.65,-22.98832,0.06553333,-75.66925,4.368889,0.06553333,4.368889
78.66,-22.99309,0.06553333,-75.68494,4.368889,0.06553333,4.368889
78.67,-23.00898,0.06553333,-75.73727,4.368889,0.06553333,4.368889
78.68,-23.02488,0.06556667,-75.78959,4.371111,0.06556667,4.371111
78.69,-23.036,0.06556667,-75.82621,4.371111,0.06556667,4.371111
78.7,-23.03759,0.06556667,-75.83144,4.371111,0.06556667,4.371111
78.71,-23.04077,0.06556667,-75.8419,4.371111,0.06556667,4.371111
78.72,-23.04872,0.0656,-75.86806,4.373333,0.0656,4.373333
78.73,-23.05349,0.0656,-75.88376,4.373333,0.0656,4.373333
78.74,-23.04872,0.0656,-75.86806,4.373333,0.0656,4.373333
78.75,-23.03759,0.0656,-75.83144,4.373333,0.0656,4.373333
78.76,-23.02965,0.06563333,-75.80528,4.375556,0.06563333,4.375556
78.77,-23.02965,0.06563333,-75.80528,4.375556,0.06563333,4.375556
78.78,-23.02965,0.06563333,-75.80528,4.375556,0.06563333,4.375556
78.79,-23.036,0.06563333,-75.82621,4.375556,0.06563333,4.375556
78.8,-23.03759,0.06566667,-75.83144,4.377778,0.06566667,4.377778
78.81,-23.03759,0.06566667,-75.83144,4.377778,0.06566667,4.377778
78.82,-23.036,0.06566667,-75.82621,4.377778,0.06566667,4.377778
78.83,-23.02488,0.06566667,-75.78959,4.377778,0.06566667,4.377778
78.84,-23.01693,0.0657,-75.76343,4.38,0.0657,4.38
78.85,-23.01693,0.0657,-75.76343,4.38,0.0657,4.38
78.86,-23.02488,0.0657,-75.78959,4.38,0.0657,4.38
78.87,-23.03282,0.0657,-75.81574,4.38,0.0657,4.38
78.88,-23.03759,0.06573334,-75.83144,4.382222,0.06573334,4.382222
78.89,-23.04077,0.06573334,-75.8419,4.382222,0.06573334,4.382222
78.9,-23.04554,0.06573334,-75.8576,4.382222,0.06573334,4.382222
78.91,-23.04236,0.06573334,-75.84713,4.382222,0.06573334,4.382222
78.92,-23.02965,0.06576667,-75.80528,4.384445,0.06576667,4.384445
78.93,-23.02011,0.06576667,-75.77389,4.384445,0.06576667,4.384445
78.94,-23.0217,0.06576667,-75.77912,4.384445,0.06576667,4.384445
78.95,-23.04077,0.06576667,-75.8419,4.384445,0.06576667,4.384445
78.96,-23.05826,0.0658,-75.89946,4.386667,0.0658,4.386667
78.97,-23.06938,0.0658,-75.93608,4.386667,0.0658,4.386667
78.98,-23.06143,0.0658,-75.90992,4.386667,0.0658,4.386667
78.99,-23.04554,0.0658,-75.8576,4.386667,0.0658,4.386667
79.0,-23.03282,0.06583334,-75.81574,4.388889,0.06583334,4.388889
79.01,-23.02806,0.06583334,-75.80005,4.388889,0.06583334,4.388889
79.02,-23.03282,0.06583334,-75.81574,4.388889,0.06583334,4.388889
79.03,-23.04872,0.06583334,-75.86806,4.388889,0.06583334,4.388889
79.04,-23.06461,0.06586666,-75.92038,4.391111,0.06586666,4.391111
79.05,-23.0662,0.06586666,-75.92561,4.391111,0.06586666,4.391111
79.06,-23.04872,0.06586666,-75.86806,4.391111,0.06586666,4.391111
79.07,-23.02488,0.06586666,-75.78959,4.391111,0.06586666,4.391111
79.08,-23.0217,0.0659,-75.77912,4.393333,0.0659,4.393333
79.09,-23.02965,0.0659,-75.80528,4.393333,0.0659,4.393333
79.1,-23.03759,0.0659,-75.83144,4.393333,0.0659,4.393333
79.11,-23.04236,0.0659,-75.84713,4.393333,0.0659,4.393333
79.12,-23.05031,0.06593333,-75.87329,4.395555,0.06593333,4.395555
79.13,-23.06143,0.06593333,-75.90992,4.395555,0.06593333,4.395555
79.14,-23.05349,0.06593333,-75.88376,4.395555,0.06593333,4.395555
79.15,-23.036,0.06593333,-75.82621,4.395555,0.06593333,4.395555
79.16,-23.0217,0.06596667,-75.77912,4.397778,0.06596667,4.397778
79.17,-23.02488,0.06596667,-75.78959,4.397778,0.06596667,4.397778
79.18,-23.03759,0.06596667,-75.83144,4.397778,0.06596667,4.397778
79.19,-23.05031,0.06596667,-75.87329,4.397778,0.06596667,4.397778
79.2,-23.05667,0.066,-75.89422,4.4,0.066,4.4
79.21,-23.06143,0.066,-75.90992,4.4,0.066,4.4
79.22,-23.05826,0.066,-75.89946,4.4,0.066,4.4
79.23,-23.05349,0.066,-75.88376,4.4,0.066,4.4
79.24,-23.04554,0.06603333,-75.8576,4.402222,0.06603333,4.402222
79.25,-23.04077,0.06603333,-75.8419,4.402222,0.06603333,4.402222
79.26,-23.02965,0.06603333,-75.80528,4.402222,0.06603333,4.402222
79.27,-23.01693,0.06603333,-75.76343,4.402222,0.06603333,4.402222
79.28,-23.00739,0.06606667,-75.73203,4.404445,0.06606667,4.404445
79.29,-23.00421,0.06606667,-75.72157,4.404445,0.06606667,4.404445
79.3,-23.00898,0.06606667,-75.73727,4.404445,0.06606667,4.404445
79.31,-23.01693,0.0661,-75.76343,4.406667,0.0661,4.406667
79.32,-23.02488,0.0661,-75.78959,4.406667,0.0661,4.406667
79.33,-23.036,0.0661,-75.82621,4.406667,0.0661,4.406667
79.34,-23.04077,0.0661,-75.8419,4.406667,0.0661,4.406667
79.35,-23.02965,0.0661,-75.80528,4.406667,0.0661,4.406667
79.36,-23.00739,0.06613334,-75.73203,4.408889,0.06613334,4.408889
79.37,-22.9915,0.06613334,-75.67972,4.408889,0.06613334,4.408889
79.38,-22.9915,0.06613334,-75.67972,4.408889,0.06613334,4.408889
79.39,-22.9915,0.06613334,-75.67972,4.408889,0.06613334,4.408889
79.4,-22.98514,0.06616667,-75.65878,4.411111,0.06616667,4.411111
79.41,-22.99309,0.06616667,-75.68494,4.411111,0.06616667,4.411111
79.42,-23.0217,0.06616667,-75.77912,4.411111,0.06616667,4.411111
79.43,-23.05349,0.06616667,-75.88376,4.411111,0.06616667,4.411111
79.44,-23.06461,0.0662,-75.92038,4.413333,0.0662,4.413333
79.45,-23.05826,0.0662,-75.89946,4.413333,0.0662,4.413333
79.46,-23.05349,0.0662,-75.88376,4.413333,0.0662,4.413333
79.47,-23.05031,0.0662,-75.87329,4.413333,0.0662,4.413333
79.48,-23.04077,0.06623334,-75.8419,4.415556,0.06623334,4.415556
79.49,-23.036,0.06623334,-75.82621,4.415556,0.06623334,4.415556
79.5,-23.04236,0.06623334,-75.84713,4.415556,0.06623334,4.415556
79.51,-23.04872,0.06623334,-75.86806,4.415556,0.06623334,4.415556
79.52,-23.04872,0.06626667,-75.86806,4.417778,0.06626667,4.417778
79.53,-23.04236,0.06626667,-75.84713,4.417778,0.06626667,4.417778
79.54,-23.04554,0.06626667,-75.8576,4.417778,0.06626667,4.417778
79.55,-23.05349,0.06626667,-75.88376,4.417778,0.06626667,4.417778
79.56,-23.05349,0.0663,-75.88376,4.42,0.0663,4.42
79.57,-23.04554,0.0663,-75.8576,4.42,0.0663,4.42
79.58,-23.04077,0.0663,-75.8419,4.42,0.0663,4.42
79.59,-23.05031,0.0663,-75.87329,4.42,0.0663,4.42
79.6,-23.06461,0.06633333,-75.92038,4.422222,0.06633333,4.422222
79.61,-23.06143,0.06633333,-75.90992,4.422222,0.06633333,4.422222
79.62,-23.04872,0.06633333,-75.86806,4.422222,0.06633333,4.422222
79.63,-23.036,0.06633333,-75.82621,4.422222,0.06633333,4.422222
79.64,-23.03282,0.06636667,-75.81574,4.424444,0.06636667,4.424444
79.65,-23.03759,0.06636667,-75.83144,4.424444,0.06636667,4.424444
79.66,-23.036,0.06636667,-75.82621,4.424444,0.06636667,4.424444
79.67,-23.03282,0.06636667,-75.81574,4.424444,0.06636667,4.424444
79.68,-23.03282,0.0664,-75.81574,4.426667,0.0664,4.426667
79.69,-23.03282,0.0664,-75.81574,4.426667,0.0664,4.426667
79.7,-23.02965,0.0664,-75.80528,4.426667,0.0664,4.426667
79.71,-23.02488,0.06643333,-75.78959,4.428889,0.06643333,4.428889
79.72,-23.0217,0.06643333,-75.77912,4.428889,0.06643333,4.428889
79.73,-23.02488,0.06643333,-75.78959,4.428889,0.06643333,4.428889
79.74,-23.036,0.06643333,-75.82621,4.428889,0.06643333,4.428889
79.75,-23.04236,0.06643333,-75.84713,4.428889,0.06643333,4.428889
79.76,-23.05349,0.06646667,-75.88376,4.431111,0.06646667,4.431111
79.77,-23.07097,0.06646667,-75.94131,4.431111,0.06646667,4.431111
79.78,-23.08687,0.06646667,-75.99363,4.431111,0.06646667,4.431111
79.79,-23.09481,0.06646667,-76.01978,4.431111,0.06646667,4.431111
79.8,-23.10594,0.0665,-76.05641,4.433333,0.0665,4.433333
79.81,-23.11548,0.0665,-76.08781,4.433333,0.0665,4.433333
79.82,-23.11071,0.0665,-76.07211,4.433333,0.0665,4.433333
79.83,-23.08528,0.0665,-75.9884,4.433333,0.0665,4.433333
79.84,-23.05826,0.06653333,-75.89946,4.435555,0.06653333,4.435555
79.85,-23.05349,0.06653333,-75.88376,4.435555,0.06653333,4.435555
79.86,-23.05667,0.06653333,-75.89422,4.435555,0.06653333,4.435555
79.87,-23.05031,0.06653333,-75.87329,4.435555,0.06653333,4.435555
79.88,-23.03759,0.06656667,-75.83144,4.437778,0.06656667,4.437778
79.89,-23.04236,0.06656667,-75.84713,4.437778,0.06656667,4.437778
79.9,-23.05826,0.06656667,-75.89946,4.437778,0.06656667,4.437778
79.91,-23.0662,0.06656667,-75.92561,4.437778,0.06656667,4.437778
79.92,-23.06461,0.0666,-75.92038,4.44,0.0666,4.44
79.93,-23.05826,0.0666,-75.89946,4.44,0.0666,4.44
79.94,-23.05031,0.0666,-75.87329,4.44,0.0666,4.44
79.95,-23.04872,0.0666,-75.86806,4.44,0.0666,4.44
79.96,-23.06143,0.06663334,-75.90992,4.442223,0.06663334,4.442223
79.97,-23.06938,0.06663334,-75.93608,4.442223,0.06663334,4.442223
79.98,-23.0662,0.06663334,-75.92561,4.442223,0.06663334,4.442223
79.99,-23.04872,0.06663334,-75.86806,4.442223,0.06663334,4.442223
80.0,-23.03282,0.06666667,-75.81574,4.444445,0.06666667,4.444445
80.01,-23.02488,0.06666667,-75.78959,4.444445,0.06666667,4.444445
80.02,-23.02965,0.06666667,-75.80528,4.444445,0.06666667,4.444445
80.03,-23.03282,0.06666667,-75.81574,4.444445,0.06666667,4.444445
80.04,-23.036,0.0667,-75.82621,4.446667,0.0667,4.446667
80.05,-23.04236,0.0667,-75.84713,4.446667,0.0667,4.446667
80.06,-23.05031,0.0667,-75.87329,4.446667,0.0667,4.446667
80.07,-23.06143,0.0667,-75.90992,4.446667,0.0667,4.446667
80.08,-23.07733,0.06673333,-75.96224,4.448889,0.06673333,4.448889
80.09,-23.09322,0.06673333,-76.01456,4.448889,0.06673333,4.448889
80.1,-23.09958,0.06673333,-76.03548,4.448889,0.06673333,4.448889
80.11,-23.09958,0.06673333,-76.03548,4.448889,0.06673333,4.448889
80.12,-23.09004,0.06676666,-76.00409,4.451111,0.06676666,4.451111
80.13,-23.07415,0.06676666,-75.95177,4.451111,0.06676666,4.451111
80.14,-23.0662,0.06676666,-75.92561,4.451111,0.06676666,4.451111
80.15,-23.06938,0.0668,-75.93608,4.453333,0.0668,4.453333
80.16,-23.07097,0.0668,-75.94131,4.453333,0.0668,4.453333
80.17,-23.07097,0.0668,-75.94131,4.453333,0.0668,4.453333
80.18,-23.06143,0.0668,-75.90992,4.453333,0.0668,4.453333
80.19,-23.04872,0.0668,-75.86806,4.453333,0.0668,4.453333
80.2,-23.036,0.06683333,-75.82621,4.455555,0.06683333,4.455555
80.21,-23.02965,0.06683333,-75.80528,4.455555,0.06683333,4.455555
80.22,-23.02488,0.06683333,-75.78959,4.455555,0.06683333,4.455555
80.23,-23.0217,0.06683333,-75.77912,4.455555,0.06683333,4.455555
80.24,-23.02011,0.06686667,-75.77389,4.457778,0.06686667,4.457778
80.25,-23.01693,0.06686667,-75.76343,4.457778,0.06686667,4.457778
80.26,-23.02011,0.06686667,-75.77389,4.457778,0.06686667,4.457778
80.27,-23.02806,0.06686667,-75.80005,4.457778,0.06686667,4.457778
80.28,-23.04077,0.0669,-75.8419,4.46,0.0669,4.46
80.29,-23.05667,0.0669,-75.89422,4.46,0.0669,4.46
80.3,-23.07097,0.0669,-75.94131,4.46,0.0669,4.46
80.31,-23.07415,0.0669,-75.95177,4.46,0.0669,4.46
80.32,-23.07415,0.06693333,-75.95177,4.462222,0.06693333,4.462222
80.33,-23.07415,0.06693333,-75.95177,4.462222,0.06693333,4.462222
80.34,-23.07415,0.06693333,-75.95177,4.462222,0.06693333,4.462222
80.35,-23.06938,0.06693333,-75.93608,4.462222,0.06693333,4.462222
80.36,-23.05826,0.06696667,-75.89946,4.464445,0.06696667,4.464445
80.37,-23.04236,0.06696667,-75.84713,4.464445,0.06696667,4.464445
80.38,-23.02965,0.06696667,-75.80528,4.464445,0.06696667,4.464445
80.39,-23.04077,0.06696667,-75.8419,4.464445,0.06696667,4.464445
80.4,-23.07097,0.067,-75.94131,4.466667,0.067,4.466667
80.41,-23.09481,0.067,-76.01978,4.466667,0.067,4.466667
80.42,-23.09322,0.067,-76.01456,4.466667,0.067,4.466667
80.43,-23.07892,0.067,-75.96747,4.466667,0.067,4.466667
80.44,-23.06938,0.06703334,-75.93608,4.468889,0.06703334,4.468889
80.45,-23.06143,0.06703334,-75.90992,4.468889,0.06703334,4.468889
80.46,-23.04872,0.06703334,-75.86806,4.468889,0.06703334,4.468889
80.47,-23.036,0.06703334,-75.82621,4.468889,0.06703334,4.468889
80.48,-23.02806,0.06706667,-75.80005,4.471111,0.06706667,4.471111
80.49,-23.02965,0.06706667,-75.80528,4.471111,0.06706667,4.471111
80.5,-23.04077,0.06706667,-75.8419,4.471111,0.06706667,4.471111
80.51,-23.04554,0.06706667,-75.8576,4.471111,0.06706667,4.471111
80.52,-23.04554,0.0671,-75.8576,4.473333,0.0671,4.473333
80.53,-23.05667,0.0671,-75.89422,4.473333,0.0671,4.473333
80.54,-23.07415,0.0671,-75.95177,4.473333,0.0671,4.473333
80.55,-23.08687,0.0671,-75.99363,4.473333,0.0671,4.473333
80.56,-23.08687,0.06713334,-75.99363,4.475556,0.06713334,4.475556
80.57,-23.07733,0.06713334,-75.96224,4.475556,0.06713334,4.475556
80.58,-23.06461,0.06713334,-75.92038,4.475556,0.06713334,4.475556
80.59,-23.05826,0.06713334,-75.89946,4.475556,0.06713334,4.475556
80.6,-23.06461,0.06716666,-75.92038,4.477777,0.06716666,4.477777
80.61,-23.07097,0.06716666,-75.94131,4.477777,0.06716666,4.477777
80.62,-23.07097,0.06716666,-75.94131,4.477777,0.06716666,4.477777
80.63,-23.06938,0.06716666,-75.93608,4.477777,0.06716666,4.477777
80.64,-23.07097,0.0672,-75.94131,4.48,0.0672,4.48
80.65,-23.07097,0.0672,-75.94131,4.48,0.0672,4.48
80.66,-23.07733,0.0672,-75.96224,4.48,0.0672,4.48
80.67,-23.07892,0.0672,-75.96747,4.48,0.0672,4.48
80.68,-23.07733,0.06723333,-75.96224,4.482222,0.06723333,4.482222
80.69,-23.06143,0.06723333,-75.90992,4.482222,0.06723333,4.482222
80.7,-23.04554,0.06723333,-75.8576,4.482222,0.06723333,4.482222
80.71,-23.04077,0.06723333,-75.8419,4.482222,0.06723333,4.482222
80.72,-23.04872,0.06726667,-75.86806,4.484444,0.06726667,4.484444
80.73,-23.05667,0.06726667,-75.89422,4.484444,0.06726667,4.484444
80.74,-23.05667,0.06726667,-75.89422,4.484444,0.06726667,4.484444
80.75,-23.05031,0.06726667,-75.87329,4.484444,0.06726667,4.484444
80.76,-23.04872,0.0673,-75.86806,4.486667,0.0673,4.486667
80.77,-23.04236,0.0673,-75.84713,4.486667,0.0673,4.486667
80.78,-23.036,0.0673,-75.82621,4.486667,0.0673,4.486667
80.79,-23.036,0.0673,-75.82621,4.486667,0.0673,4.486667
80.8,-23.04236,0.06733333,-75.84713,4.488889,0.06733333,4.488889
80.81,-23.05349,0.06733333,-75.88376,4.488889,0.06733333,4.488889
80.82,-23.07097,0.06733333,-75.94131,4.488889,0.06733333,4.488889
80.83,-23.08528,0.06736667,-75.9884,4.491111,0.06736667,4.491111
80.84,-23.08528,0.06736667,-75.9884,4.491111,0.06736667,4.491111
80.85,-23.07733,0.06736667,-75.96224,4.491111,0.06736667,4.491111
80.86,-23.0662,0.06736667,-75.92561,4.491111,0.06736667,4.491111
80.87,-23.05667,0.06736667,-75.89422,4.491111,0.06736667,4.491111
80.88,-23.04872,0.0674,-75.86806,4.493333,0.0674,4.493333
80.89,-23.05031,0.0674,-75.87329,4.493333,0.0674,4.493333
80.9,-23.05349,0.0674,-75.88376,4.493333,0.0674,4.493333
80.91,-23.06143,0.0674,-75.90992,4.493333,0.0674,4.493333
80.92,-23.06143,0.06743333,-75.90992,4.495556,0.06743333,4.495556
80.93,-23.04554,0.06743333,-75.8576,4.495556,0.06743333,4.495556
80.94,-23.02806,0.06743333,-75.80005,4.495556,0.06743333,4.495556
80.95,-23.02488,0.06743333,-75.78959,4.495556,0.06743333,4.495556
80.96,-23.036,0.06746667,-75.82621,4.497778,0.06746667,4.497778
80.97,-23.04554,0.06746667,-75.8576,4.497778,0.06746667,4.497778
80.98,-23.04236,0.06746667,-75.84713,4.497778,0.06746667,4.497778
80.99,-23.02806,0.06746667,-75.80005,4.497778,0.06746667,4.497778
81.0,-23.02488,0.0675,-75.78959,4.5,0.0675,4.5
81.01,-23.04077,0.0675,-75.8419,4.5,0.0675,4.5
81.02,-23.05826,0.0675,-75.89946,4.5,0.0675,4.5
81.03,-23.0662,0.0675,-75.92561,4.5,0.0675,4.5
81.04,-23.06461,0.06753334,-75.92038,4.502223,0.06753334,4.502223
81.05,-23.05667,0.06753334,-75.89422,4.502223,0.06753334,4.502223
81.06,-23.03759,0.06753334,-75.83144,4.502223,0.06753334,4.502223
81.07,-23.02011,0.06753334,-75.77389,4.502223,0.06753334,4.502223
81.08,-23.01216,0.06756667,-75.74773,4.504445,0.06756667,4.504445
81.09,-23.00898,0.06756667,-75.73727,4.504445,0.06756667,4.504445
81.1,-23.01216,0.06756667,-75.74773,4.504445,0.06756667,4.504445
81.11,-23.01375,0.06756667,-75.75296,4.504445,0.06756667,4.504445
81.12,-23.02011,0.0676,-75.77389,4.506667,0.0676,4.506667
81.13,-23.03282,0.0676,-75.81574,4.506667,0.0676,4.506667
81.14,-23.04236,0.0676,-75.84713,4.506667,0.0676,4.506667
81.15,-23.04554,0.0676,-75.8576,4.506667,0.0676,4.506667
81.16,-23.02965,0.06763333,-75.80528,4.508889,0.06763333,4.508889
81.17,-23.01693,0.06763333,-75.76343,4.508889,0.06763333,4.508889
81.18,-23.02488,0.06763333,-75.78959,4.508889,0.06763333,4.508889
81.19,-23.04236,0.06763333,-75.84713,4.508889,0.06763333,4.508889
81.2,-23.04554,0.06766666,-75.8576,4.511111,0.06766666,4.511111
81.21,-23.03759,0.06766666,-75.83144,4.511111,0.06766666,4.511111
81.22,-23.03282,0.06766666,-75.81574,4.511111,0.06766666,4.511111
81.23,-23.03282,0.06766666,-75.81574,4.511111,0.06766666,4.511111
81.24,-23.036,0.0677,-75.82621,4.513333,0.0677,4.513333
81.25,-23.04554,0.0677,-75.8576,4.513333,0.0677,4.513333
81.26,-23.0662,0.0677,-75.92561,4.513333,0.0677,4.513333
81.27,-23.08687,0.0677,-75.99363,4.513333,0.0677,4.513333
81.28,-23.09004,0.06773333,-76.00409,4.515555,0.06773333,4.515555
81.29,-23.07415,0.06773333,-75.95177,4.515555,0.06773333,4.515555
81.3,-23.06143,0.06773333,-75.90992,4.515555,0.06773333,4.515555
81.31,-23.05826,0.06773333,-75.89946,4.515555,0.06773333,4.515555
81.32,-23.05667,0.06776667,-75.89422,4.517778,0.06776667,4.517778
81.33,-23.03759,0.06776667,-75.83144,4.517778,0.06776667,4.517778
81.34,-23.01693,0.06776667,-75.76343,4.517778,0.06776667,4.517778
81.35,-23.01216,0.06776667,-75.74773,4.517778,0.06776667,4.517778
81.36,-23.00739,0.0678,-75.73203,4.52,0.0678,4.52
81.37,-22.99944,0.0678,-75.70587,4.52,0.0678,4.52
81.38,-22.99309,0.0678,-75.68494,4.52,0.0678,4.52
81.39,-23.00104,0.06783333,-75.71111,4.522223,0.06783333,4.522223
81.4,-23.01216,0.06783333,-75.74773,4.522223,0.06783333,4.522223
81.41,-23.02488,0.06783333,-75.78959,4.522223,0.06783333,4.522223
81.42,-23.04236,0.06783333,-75.84713,4.522223,0.06783333,4.522223
81.43,-23.06143,0.06783333,-75.90992,4.522223,0.06783333,4.522223
81.44,-23.06938,0.06786667,-75.93608,4.524445,0.06786667,4.524445
81.45,-23.06143,0.06786667,-75.90992,4.524445,0.06786667,4.524445
81.46,-23.04077,0.06786667,-75.8419,4.524445,0.06786667,4.524445
81.47,-23.01693,0.06786667,-75.76343,4.524445,0.06786667,4.524445
81.48,-23.00739,0.0679,-75.73203,4.526667,0.0679,4.526667
81.49,-23.00898,0.0679,-75.73727,4.526667,0.0679,4.526667
81.5,-23.00898,0.0679,-75.73727,4.526667,0.0679,4.526667
81.51,-23.00898,0.0679,-75.73727,4.526667,0.0679,4.526667
81.52,-23.01216,0.06793334,-75.74773,4.528889,0.06793334,4.528889
81.53,-23.01693,0.06793334,-75.76343,4.528889,0.06793334,4.528889
81.54,-23.02806,0.06793334,-75.80005,4.528889,0.06793334,4.528889
81.55,-23.02965,0.06793334,-75.80528,4.528889,0.06793334,4.528889
81.56,-23.02965,0.06796667,-75.80528,4.531111,0.06796667,4.531111
81.57,-23.03282,0.06796667,-75.81574,4.531111,0.06796667,4.531111
81.58,-23.04236,0.06796667,-75.84713,4.531111,0.06796667,4.531111
81.59,-23.05349,0.06796667,-75.88376,4.531111,0.06796667,4.531111
81.6,-23.05031,0.068,-75.87329,4.533334,0.068,4.533334
81.61,-23.04236,0.068,-75.84713,4.533334,0.068,4.533334
81.62,-23.04236,0.068,-75.84713,4.533334,0.068,4.533334
81.63,-23.05031,0.068,-75.87329,4.533334,0.068,4.533334
81.64,-23.05826,0.06803334,-75.89946,4.535556,0.06803334,4.535556
81.65,-23.05826,0.06803334,-75.89946,4.535556,0.06803334,4.535556
81.66,-23.05349,0.06803334,-75.88376,4.535556,0.06803334,4.535556
81.67,-23.04236,0.06803334,-75.84713,4.535556,0.06803334,4.535556
81.68,-23.03759,0.06806666,-75.83144,4.537777,0.06806666,4.537777
81.69,-23.04236,0.06806666,-75.84713,4.537777,0.06806666,4.537777
81.7,-23.04554,0.06806666,-75.8576,4.537777,0.06806666,4.537777
81.71,-23.03759,0.06806666,-75.83144,4.537777,0.06806666,4.537777
81.72,-23.02806,0.0681,-75.80005,4.54,0.0681,4.54
81.73,-23.02488,0.0681,-75.78959,4.54,0.0681,4.54
81.74,-23.02806,0.0681,-75.80005,4.54,0.0681,4.54
81.75,-23.036,0.06813333,-75.82621,4.542222,0.06813333,4.542222
81.76,-23.04077,0.06813333,-75.8419,4.542222,0.06813333,4.542222
81.77,-23.04554,0.06813333,-75.8576,4.542222,0.06813333,4.542222
81.78,-23.04554,0.06813333,-75.8576,4.542222,0.06813333,4.542222
81.79,-23.03759,0.06813333,-75.83144,4.542222,0.06813333,4.542222
81.8,-23.02488,0.06816667,-75.78959,4.544445,0.06816667,4.544445
81.81,-23.01216,0.06816667,-75.74773,4.544445,0.06816667,4.544445
81.82,-23.01216,0.06816667,-75.74773,4.544445,0.06816667,4.544445
81.83,-23.02488,0.06816667,-75.78959,4.544445,0.06816667,4.544445
81.84,-23.03759,0.0682,-75.83144,4.546667,0.0682,4.546667
81.85,-23.04236,0.0682,-75.84713,4.546667,0.0682,4.546667
81.86,-23.04554,0.0682,-75.8576,4.546667,0.0682,4.546667
81.87,-23.05349,0.0682,-75.88376,4.546667,0.0682,4.546667
81.88,-23.0662,0.06823333,-75.92561,4.548889,0.06823333,4.548889
81.89,-23.07892,0.06823333,-75.96747,4.548889,0.06823333,4.548889
81.9,-23.08687,0.06823333,-75.99363,4.548889,0.06823333,4.548889
81.91,-23.08687,0.06823333,-75.99363,4.548889,0.06823333,4.548889
81.92,-23.07733,0.06826667,-75.96224,4.551111,0.06826667,4.551111
81.93,-23.0662,0.06826667,-75.92561,4.551111,0.06826667,4.551111
81.94,-23.05826,0.06826667,-75.89946,4.551111,0.06826667,4.551111
81.95,-23.05031,0.06826667,-75.87329,4.551111,0.06826667,4.551111
81.96,-23.03282,0.0683,-75.81574,4.553333,0.0683,4.553333
81.97,-23.00739,0.0683,-75.73203,4.553333,0.0683,4.553333
81.98,-22.99309,0.0683,-75.68494,4.553333,0.0683,4.553333
81.99,-23.00104,0.0683,-75.71111,4.553333,0.0683,4.553333
82.0,-23.02965,0.06833334,-75.80528,4.555556,0.06833334,4.555556
82.01,-23.06143,0.06833334,-75.90992,4.555556,0.06833334,4.555556
82.02,-23.07892,0.06833334,-75.96747,4.555556,0.06833334,4.555556
82.03,-23.0821,0.06833334,-75.97794,4.555556,0.06833334,4.555556
82.04,-23.0662,0.06836667,-75.92561,4.557778,0.06836667,4.557778
82.05,-23.04554,0.06836667,-75.8576,4.557778,0.06836667,4.557778
82.06,-23.04236,0.06836667,-75.84713,4.557778,0.06836667,4.557778
82.07,-23.05667,0.06836667,-75.89422,4.557778,0.06836667,4.557778
82.08,-23.06938,0.0684,-75.93608,4.56,0.0684,4.56
82.09,-23.07733,0.0684,-75.96224,4.56,0.0684,4.56
82.1,-23.07733,0.0684,-75.96224,4.56,0.0684,4.56
82.11,-23.06461,0.0684,-75.92038,4.56,0.0684,4.56
82.12,-23.04236,0.06843334,-75.84713,4.562222,0.06843334,4.562222
82.13,-23.02965,0.06843334,-75.80528,4.562222,0.06843334,4.562222
82.14,-23.03282,0.06843334,-75.81574,4.562222,0.06843334,4.562222
82.15,-23.04554,0.06846667,-75.8576,4.564445,0.06846667,4.564445
82.16,-23.05349,0.06846667,-75.88376,4.564445,0.06846667,4.564445
82.17,-23.05349,0.06846667,-75.88376,4.564445,0.06846667,4.564445
82.18,-23.04236,0.06846667,-75.84713,4.564445,0.06846667,4.564445
82.19,-23.03759,0.06846667,-75.83144,4.564445,0.06846667,4.564445
82.2,-23.036,0.0685,-75.82621,4.566667,0.0685,4.566667
82.21,-23.03759,0.0685,-75.83144,4.566667,0.0685,4.566667
82.22,-23.036,0.0685,-75.82621,4.566667,0.0685,4.566667
82.23,-23.036,0.0685,-75.82621,4.566667,0.0685,4.566667
82.24,-23.03759,0.06853333,-75.83144,4.568889,0.06853333,4.568889
82.25,-23.04236,0.06853333,-75.84713,4.568889,0.06853333,4.568889
82.26,-23.04554,0.06853333,-75.8576,4.568889,0.06853333,4.568889
82.27,-23.04236,0.06856667,-75.84713,4.571111,0.06856667,4.571111
82.28,-23.03759,0.06856667,-75.83144,4.571111,0.06856667,4.571111
82.29,-23.04077,0.06856667,-75.8419,4.571111,0.06856667,4.571111
82.3,-23.04872,0.06856667,-75.86806,4.571111,0.06856667,4.571111
82.31,-23.04872,0.06856667,-75.86806,4.571111,0.06856667,4.571111
82.32,-23.04236,0.0686,-75.84713,4.573333,0.0686,4.573333
82.33,-23.036,0.0686,-75.82621,4.573333,0.0686,4.573333
82.34,-23.02806,0.0686,-75.80005,4.573333,0.0686,4.573333
82.35,-23.01693,0.0686,-75.76343,4.573333,0.0686,4.573333
82.36,-23.01216,0.06863333,-75.74773,4.575555,0.06863333,4.575555
82.37,-23.01693,0.06863333,-75.76343,4.575555,0.06863333,4.575555
82.38,-23.02806,0.06863333,-75.80005,4.575555,0.06863333,4.575555
82.39,-23.03759,0.06863333,-75.83144,4.575555,0.06863333,4.575555
82.4,-23.04077,0.06866667,-75.8419,4.577778,0.06866667,4.577778
82.41,-23.04554,0.06866667,-75.8576,4.577778,0.06866667,4.577778
82.42,-23.05667,0.06866667,-75.89422,4.577778,0.06866667,4.577778
82.43,-23.07097,0.06866667,-75.94131,4.577778,0.06866667,4.577778
82.44,-23.07733,0.0687,-75.96224,4.58,0.0687,4.58
82.45,-23.07415,0.0687,-75.95177,4.58,0.0687,4.58
82.46,-23.06461,0.0687,-75.92038,4.58,0.0687,4.58
82.47,-23.05031,0.0687,-75.87329,4.58,0.0687,4.58
82.48,-23.036,0.06873333,-75.82621,4.582222,0.06873333,4.582222
82.49,-23.02011,0.06873333,-75.77389,4.582222,0.06873333,4.582222
82.5,-23.01693,0.06873333,-75.76343,4.582222,0.06873333,4.582222
82.51,-23.03282,0.06873333,-75.81574,4.582222,0.06873333,4.582222
82.52,-23.04872,0.06876667,-75.86806,4.584445,0.06876667,4.584445
82.53,-23.05826,0.06876667,-75.89946,4.584445,0.06876667,4.584445
82.54,-23.06143,0.06876667,-75.90992,4.584445,0.06876667,4.584445
82.55,-23.05349,0.0688,-75.88376,4.586667,0.0688,4.586667
82.56,-23.04872,0.0688,-75.86806,4.586667,0.0688,4.586667
82.57,-23.05031,0.0688,-75.87329,4.586667,0.0688,4.586667
82.58,-23.06938,0.0688,-75.93608,4.586667,0.0688,4.586667
82.59,-23.08687,0.0688,-75.99363,4.586667,0.0688,4.586667
82.6,-23.09481,0.06883334,-76.01978,4.588889,0.06883334,4.588889
82.61,-23.10276,0.06883334,-76.04595,4.588889,0.06883334,4.588889
82.62,-23.10594,0.06883334,-76.05641,4.588889,0.06883334,4.588889
82.63,-23.09004,0.06883334,-76.00409,4.588889,0.06883334,4.588889
82.64,-23.06143,0.06886667,-75.90992,4.591111,0.06886667,4.591111
82.65,-23.03759,0.06886667,-75.83144,4.591111,0.06886667,4.591111
82.66,-23.02806,0.06886667,-75.80005,4.591111,0.06886667,4.591111
82.67,-23.02806,0.06886667,-75.80005,4.591111,0.06886667,4.591111
82.68,-23.04554,0.0689,-75.8576,4.593334,0.0689,4.593334
82.69,-23.06143,0.0689,-75.90992,4.593334,0.0689,4.593334
82.7,-23.0662,0.0689,-75.92561,4.593334,0.0689,4.593334
82.71,-23.05826,0.0689,-75.89946,4.593334,0.0689,4.593334
82.72,-23.05349,0.06893333,-75.88376,4.595555,0.06893333,4.595555
82.73,-23.05349,0.06893333,-75.88376,4.595555,0.06893333,4.595555
82.74,-23.05349,0.06893333,-75.88376,4.595555,0.06893333,4.595555
82.75,-23.04872,0.06893333,-75.86806,4.595555,0.06893333,4.595555
82.76,-23.036,0.06896666,-75.82621,4.597778,0.06896666,4.597778
82.77,-23.02011,0.06896666,-75.77389,4.597778,0.06896666,4.597778
82.78,-23.00739,0.06896666,-75.73203,4.597778,0.06896666,4.597778
82.79,-23.00421,0.06896666,-75.72157,4.597778,0.06896666,4.597778
82.8,-23.00898,0.069,-75.73727,4.6,0.069,4.6
82.81,-23.0217,0.069,-75.77912,4.6,0.069,4.6
82.82,-23.03282,0.069,-75.81574,4.6,0.069,4.6
82.83,-23.04077,0.069,-75.8419,4.6,0.069,4.6
82.84,-23.04554,0.06903333,-75.8576,4.602222,0.06903333,4.602222
82.85,-23.05349,0.06903333,-75.88376,4.602222,0.06903333,4.602222
82.86,-23.05349,0.06903333,-75.88376,4.602222,0.06903333,4.602222
82.87,-23.04872,0.06903333,-75.86806,4.602222,0.06903333,4.602222
82.88,-23.03282,0.06906667,-75.81574,4.604445,0.06906667,4.604445
82.89,-23.02011,0.06906667,-75.77389,4.604445,0.06906667,4.604445
82.9,-23.01375,0.06906667,-75.75296,4.604445,0.06906667,4.604445
82.91,-23.02488,0.06906667,-75.78959,4.604445,0.06906667,4.604445
82.92,-23.04077,0.0691,-75.8419,4.606667,0.0691,4.606667
82.93,-23.04077,0.0691,-75.8419,4.606667,0.0691,4.606667
82.94,-23.03282,0.0691,-75.81574,4.606667,0.0691,4.606667
82.95,-23.03759,0.06913333,-75.83144,4.608889,0.06913333,4.608889
82.96,-23.05667,0.06913333,-75.89422,4.608889,0.06913333,4.608889
82.97,-23.06461,0.06913333,-75.92038,4.608889,0.06913333,4.608889
82.98,-23.05349,0.06913333,-75.88376,4.608889,0.06913333,4.608889
82.99,-23.04554,0.06913333,-75.8576,4.608889,0.06913333,4.608889
83.0,-23.06461,0.06916667,-75.92038,4.611111,0.06916667,4.611111
83.01,-23.07892,0.06916667,-75.96747,4.611111,0.06916667,4.611111
83.02,-23.0662,0.06916667,-75.92561,4.611111,0.06916667,4.611111
83.03,-23.03759,0.06916667,-75.83144,4.611111,0.06916667,4.611111
83.04,-23.02806,0.0692,-75.80005,4.613333,0.0692,4.613333
83.05,-23.036,0.0692,-75.82621,4.613333,0.0692,4.613333
83.06,-23.03759,0.0692,-75.83144,4.613333,0.0692,4.613333
83.07,-23.03759,0.0692,-75.83144,4.613333,0.0692,4.613333
83.08,-23.04872,0.06923334,-75.86806,4.615556,0.06923334,4.615556
83.09,-23.07097,0.06923334,-75.94131,4.615556,0.06923334,4.615556
83.1,-23.08687,0.06923334,-75.99363,4.615556,0.06923334,4.615556
83.11,-23.07892,0.06923334,-75.96747,4.615556,0.06923334,4.615556
83.12,-23.05031,0.06926667,-75.87329,4.617778,0.06926667,4.617778
83.13,-23.0217,0.06926667,-75.77912,4.617778,0.06926667,4.617778
83.14,-23.01375,0.06926667,-75.75296,4.617778,0.06926667,4.617778
83.15,-23.02965,0.06926667,-75.80528,4.617778,0.06926667,4.617778
83.16,-23.04554,0.0693,-75.8576,4.62,0.0693,4.62
83.17,-23.04554,0.0693,-75.8576,4.62,0.0693,4.62
83.18,-23.03282,0.0693,-75.81574,4.62,0.0693,4.62
83.19,-23.01693,0.0693,-75.76343,4.62,0.0693,4.62
83.2,-23.00898,0.06933334,-75.73727,4.622222,0.06933334,4.622222
83.21,-23.01693,0.06933334,-75.76343,4.622222,0.06933334,4.622222
83.22,-23.03759,0.06933334,-75.83144,4.622222,0.06933334,4.622222
83.23,-23.05826,0.06933334,-75.89946,4.622222,0.06933334,4.622222
83.24,-23.07097,0.06936667,-75.94131,4.624445,0.06936667,4.624445
83.25,-23.07733,0.06936667,-75.96224,4.624445,0.06936667,4.624445
83.26,-23.07733,0.06936667,-75.96224,4.624445,0.06936667,4.624445
83.27,-23.06143,0.06936667,-75.90992,4.624445,0.06936667,4.624445
83.28,-23.03759,0.0694,-75.83144,4.626667,0.0694,4.626667
83.29,-23.02488,0.0694,-75.78959,4.626667,0.0694,4.626667
83.3,-23.03282,0.0694,-75.81574,4.626667,0.0694,4.626667
83.31,-23.04872,0.0694,-75.86806,4.626667,0.0694,4.626667
83.32,-23.06143,0.06943333,-75.90992,4.628889,0.06943333,4.628889
83.33,-23.06938,0.06943333,-75.93608,4.628889,0.06943333,4.628889
83.34,-23.06938,0.06943333,-75.93608,4.628889,0.06943333,4.628889
83.35,-23.0662,0.06946667,-75.92561,4.631111,0.06946667,4.631111
83.36,-23.05349,0.06946667,-75.88376,4.631111,0.06946667,4.631111
83.37,-23.03759,0.06946667,-75.83144,4.631111,0.06946667,4.631111
83.38,-23.02965,0.06946667,-75.80528,4.631111,0.06946667,4.631111
83.39,-23.03282,0.06946667,-75.81574,4.631111,0.06946667,4.631111
83.4,-23.036,0.0695,-75.82621,4.633333,0.0695,4.633333
83.41,-23.03282,0.0695,-75.81574,4.633333,0.0695,4.633333
83.42,-23.02965,0.0695,-75.80528,4.633333,0.0695,4.633333
83.43,-23.02965,0.0695,-75.80528,4.633333,0.0695,4.633333
83.44,-23.02806,0.06953333,-75.80005,4.635556,0.06953333,4.635556
83.45,-23.02011,0.06953333,-75.77389,4.635556,0.06953333,4.635556
83.46,-23.00898,0.06953333,-75.73727,4.635556,0.06953333,4.635556
83.47,-23.00421,0.06953333,-75.72157,4.635556,0.06953333,4.635556
83.48,-23.00421,0.06956667,-75.72157,4.637778,0.06956667,4.637778
83.49,-23.01216,0.06956667,-75.74773,4.637778,0.06956667,4.637778
83.5,-23.02011,0.06956667,-75.77389,4.637778,0.06956667,4.637778
83.51,-23.02806,0.06956667,-75.80005,4.637778,0.06956667,4.637778
83.52,-23.02965,0.0696,-75.80528,4.64,0.0696,4.64
83.53,-23.02011,0.0696,-75.77389,4.64,0.0696,4.64
83.54,-23.00739,0.0696,-75.73203,4.64,0.0696,4.64
83.55,-23.00739,0.0696,-75.73203,4.64,0.0696,4.64
83.56,-23.01693,0.06963333,-75.76343,4.642222,0.06963333,4.642222
83.57,-23.02965,0.06963333,-75.80528,4.642222,0.06963333,4.642222
83.58,-23.03282,0.06963333,-75.81574,4.642222,0.06963333,4.642222
83.59,-23.02965,0.06963333,-75.80528,4.642222,0.06963333,4.642222
83.6,-23.02806,0.06966667,-75.80005,4.644444,0.06966667,4.644444
83.61,-23.02965,0.06966667,-75.80528,4.644444,0.06966667,4.644444
83.62,-23.02965,0.06966667,-75.80528,4.644444,0.06966667,4.644444
83.63,-23.02488,0.06966667,-75.78959,4.644444,0.06966667,4.644444
83.64,-23.0217,0.0697,-75.77912,4.646667,0.0697,4.646667
83.65,-23.03282,0.0697,-75.81574,4.646667,0.0697,4.646667
83.66,-23.05031,0.0697,-75.87329,4.646667,0.0697,4.646667
83.67,-23.06461,0.0697,-75.92038,4.646667,0.0697,4.646667
83.68,-23.06938,0.06973334,-75.93608,4.648889,0.06973334,4.648889
83.69,-23.0662,0.06973334,-75.92561,4.648889,0.06973334,4.648889
83.7,-23.05349,0.06973334,-75.88376,4.648889,0.06973334,4.648889
83.71,-23.036,0.06973334,-75.82621,4.648889,0.06973334,4.648889
83.72,-23.02965,0.06976667,-75.80528,4.651112,0.06976667,4.651112
83.73,-23.04077,0.06976667,-75.8419,4.651112,0.06976667,4.651112
83.74,-23.04872,0.06976667,-75.86806,4.651112,0.06976667,4.651112
83.75,-23.04872,0.06976667,-75.86806,4.651112,0.06976667,4.651112
83.76,-23.04236,0.0698,-75.84713,4.653334,0.0698,4.653334
83.77,-23.04554,0.0698,-75.8576,4.653334,0.0698,4.653334
83.78,-23.05826,0.0698,-75.89946,4.653334,0.0698,4.653334
83.79,-23.07097,0.0698,-75.94131,4.653334,0.0698,4.653334
83.8,-23.07733,0.06983333,-75.96224,4.655555,0.06983333,4.655555
83.81,-23.06938,0.06983333,-75.93608,4.655555,0.06983333,4.655555
83.82,-23.05349,0.06983333,-75.88376,4.655555,0.06983333,4.655555
83.83,-23.04077,0.06983333,-75.8419,4.655555,0.06983333,4.655555
83.84,-23.036,0.06986666,-75.82621,4.657778,0.06986666,4.657778
83.85,-23.03759,0.06986666,-75.83144,4.657778,0.06986666,4.657778
83.86,-23.04077,0.06986666,-75.8419,4.657778,0.06986666,4.657778
83.87,-23.04236,0.06986666,-75.84713,4.657778,0.06986666,4.657778
83.88,-23.04236,0.0699,-75.84713,4.66,0.0699,4.66
83.89,-23.03759,0.0699,-75.83144,4.66,0.0699,4.66
83.9,-23.036,0.0699,-75.82621,4.66,0.0699,4.66
83.91,-23.036,0.0699,-75.82621,4.66,0.0699,4.66
83.92,-23.04077,0.06993333,-75.8419,4.662222,0.06993333,4.662222
83.93,-23.04236,0.06993333,-75.84713,4.662222,0.06993333,4.662222
83.94,-23.04554,0.06993333,-75.8576,4.662222,0.06993333,4.662222
83.95,-23.05349,0.06993333,-75.88376,4.662222,0.06993333,4.662222
83.96,-23.06143,0.06996667,-75.90992,4.664444,0.06996667,4.664444
83.97,-23.05826,0.06996667,-75.89946,4.664444,0.06996667,4.664444
83.98,-23.05031,0.06996667,-75.87329,4.664444,0.06996667,4.664444
83.99,-23.04872,0.06996667,-75.86806,4.664444,0.06996667,4.664444
84.0,-23.05031,0.07,-75.87329,4.666667,0.07,4.666667
84.01,-23.05031,0.07,-75.87329,4.666667,0.07,4.666667
84.02,-23.05031,0.07,-75.87329,4.666667,0.07,4.666667
84.03,-23.05031,0.07,-75.87329,4.666667,0.07,4.666667
84.04,-23.05826,0.07003333,-75.89946,4.668889,0.07003333,4.668889
84.05,-23.0662,0.07003333,-75.92561,4.668889,0.07003333,4.668889
84.06,-23.06938,0.07003333,-75.93608,4.668889,0.07003333,4.668889
84.07,-23.06938,0.07003333,-75.93608,4.668889,0.07003333,4.668889
84.08,-23.07097,0.07006667,-75.94131,4.671111,0.07006667,4.671111
84.09,-23.06938,0.07006667,-75.93608,4.671111,0.07006667,4.671111
84.1,-23.05826,0.07006667,-75.89946,4.671111,0.07006667,4.671111
84.11,-23.04554,0.07006667,-75.8576,4.671111,0.07006667,4.671111
84.12,-23.03282,0.0701,-75.81574,4.673334,0.0701,4.673334
84.13,-23.0217,0.0701,-75.77912,4.673334,0.0701,4.673334
84.14,-23.02488,0.0701,-75.78959,4.673334,0.0701,4.673334
84.15,-23.04077,0.0701,-75.8419,4.673334,0.0701,4.673334
84.16,-23.06143,0.07013334,-75.90992,4.675556,0.07013334,4.675556
84.17,-23.07097,0.07013334,-75.94131,4.675556,0.07013334,4.675556
84.18,-23.06143,0.07013334,-75.90992,4.675556,0.07013334,4.675556
84.19,-23.04872,0.07013334,-75.86806,4.675556,0.07013334,4.675556
84.2,-23.04077,0.07016667,-75.8419,4.677778,0.07016667,4.677778
84.21,-23.04872,0.07016667,-75.86806,4.677778,0.07016667,4.677778
84.22,-23.05826,0.07016667,-75.89946,4.677778,0.07016667,4.677778
84.23,-23.0662,0.07016667,-75.92561,4.677778,0.07016667,4.677778
84.24,-23.05826,0.0702,-75.89946,4.68,0.0702,4.68
84.25,-23.04554,0.0702,-75.8576,4.68,0.0702,4.68
84.26,-23.03759,0.0702,-75.83144,4.68,0.0702,4.68
84.27,-23.03282,0.0702,-75.81574,4.68,0.0702,4.68
84.28,-23.03282,0.07023334,-75.81574,4.682222,0.07023334,4.682222
84.29,-23.036,0.07023334,-75.82621,4.682222,0.07023334,4.682222
84.3,-23.04554,0.07023334,-75.8576,4.682222,0.07023334,4.682222
84.31,-23.06143,0.07023334,-75.90992,4.682222,0.07023334,4.682222
84.32,-23.07097,0.07026666,-75.94131,4.684444,0.07026666,4.684444
84.33,-23.07415,0.07026666,-75.95177,4.684444,0.07026666,4.684444
84.34,-23.06938,0.07026666,-75.93608,4.684444,0.07026666,4.684444
84.35,-23.06461,0.07026666,-75.92038,4.684444,0.07026666,4.684444
84.36,-23.0662,0.0703,-75.92561,4.686666,0.0703,4.686666
84.37,-23.07733,0.0703,-75.96224,4.686666,0.0703,4.686666
84.38,-23.0821,0.0703,-75.97794,4.686666,0.0703,4.686666
84.39,-23.07733,0.0703,-75.96224,4.686666,0.0703,4.686666
84.4,-23.07097,0.07033333,-75.94131,4.688889,0.07033333,4.688889
84.41,-23.07415,0.07033333,-75.95177,4.688889,0.07033333,4.688889
84.42,-23.06461,0.07033333,-75.92038,4.688889,0.07033333,4.688889
84.43,-23.04077,0.07033333,-75.8419,4.688889,0.07033333,4.688889
84.44,-23.01693,0.07036667,-75.76343,4.691111,0.07036667,4.691111
84.45,-23.01693,0.07036667,-75.76343,4.691111,0.07036667,4.691111
84.46,-23.02965,0.07036667,-75.80528,4.691111,0.07036667,4.691111
84.47,-23.04077,0.07036667,-75.8419,4.691111,0.07036667,4.691111
84.48,-23.04236,0.0704,-75.84713,4.693333,0.0704,4.693333
84.49,-23.03759,0.0704,-75.83144,4.693333,0.0704,4.693333
84.5,-23.03759,0.0704,-75.83144,4.693333,0.0704,4.693333
84.51,-23.04077,0.0704,-75.8419,4.693333,0.0704,4.693333
84.52,-23.04872,0.07043333,-75.86806,4.695556,0.07043333,4.695556
84.53,-23.05826,0.07043333,-75.89946,4.695556,0.07043333,4.695556
84.54,-23.0662,0.07043333,-75.92561,4.695556,0.07043333,4.695556
84.55,-23.06461,0.07043333,-75.92038,4.695556,0.07043333,4.695556
84.56,-23.06143,0.07046667,-75.90992,4.697778,0.07046667,4.697778
84.57,-23.05667,0.07046667,-75.89422,4.697778,0.07046667,4.697778
84.58,-23.04236,0.07046667,-75.84713,4.697778,0.07046667,4.697778
84.59,-23.03759,0.07046667,-75.83144,4.697778,0.07046667,4.697778
84.6,-23.05031,0.0705,-75.87329,4.7,0.0705,4.7
84.61,-23.06938,0.0705,-75.93608,4.7,0.0705,4.7
84.62,-23.07415,0.0705,-75.95177,4.7,0.0705,4.7
84.63,-23.05667,0.0705,-75.89422,4.7,0.0705,4.7
84.64,-23.03759,0.07053334,-75.83144,4.702222,0.07053334,4.702222
84.65,-23.02806,0.07053334,-75.80005,4.702222,0.07053334,4.702222
84.66,-23.02488,0.07053334,-75.78959,4.702222,0.07053334,4.702222
84.67,-23.02965,0.07053334,-75.80528,4.702222,0.07053334,4.702222
84.68,-23.036,0.07056667,-75.82621,4.704444,0.07056667,4.704444
84.69,-23.036,0.07056667,-75.82621,4.704444,0.07056667,4.704444
84.7,-23.03759,0.07056667,-75.83144,4.704444,0.07056667,4.704444
84.71,-23.04236,0.07056667,-75.84713,4.704444,0.07056667,4.704444
84.72,-23.04554,0.0706,-75.8576,4.706667,0.0706,4.706667
84.73,-23.04554,0.0706,-75.8576,4.706667,0.0706,4.706667
84.74,-23.05031,0.0706,-75.87329,4.706667,0.0706,4.706667
84.75,-23.05349,0.0706,-75.88376,4.706667,0.0706,4.706667
84.76,-23.05031,0.07063334,-75.87329,4.708889,0.07063334,4.708889
84.77,-23.04236,0.07063334,-75.84713,4.708889,0.07063334,4.708889
84.78,-23.02965,0.07063334,-75.80528,4.708889,0.07063334,4.708889
84.79,-23.01693,0.07063334,-75.76343,4.708889,0.07063334,4.708889
84.8,-23.01375,0.07066667,-75.75296,4.711112,0.07066667,4.711112
84.81,-23.0217,0.07066667,-75.77912,4.711112,0.07066667,4.711112
84.82,-23.02965,0.07066667,-75.80528,4.711112,0.07066667,4.711112
84.83,-23.03282,0.07066667,-75.81574,4.711112,0.07066667,4.711112
84.84,-23.02965,0.0707,-75.80528,4.713333,0.0707,4.713333
84.85,-23.03282,0.0707,-75.81574,4.713333,0.0707,4.713333
84.86,-23.036,0.0707,-75.82621,4.713333,0.0707,4.713333
84.87,-23.03282,0.0707,-75.81574,4.713333,0.0707,4.713333
84.88,-23.02806,0.07073333,-75.80005,4.715555,0.07073333,4.715555
84.89,-23.02806,0.07073333,-75.80005,4.715555,0.07073333,4.715555
84.9,-23.036,0.07073333,-75.82621,4.715555,0.07073333,4.715555
84.91,-23.036,0.07073333,-75.82621,4.715555,0.07073333,4.715555
84.92,-23.02011,0.07076667,-75.77389,4.717778,0.07076667,4.717778
84.93,-23.01216,0.07076667,-75.74773,4.717778,0.07076667,4.717778
84.94,-23.02011,0.07076667,-75.77389,4.717778,0.07076667,4.717778
84.95,-23.036,0.07076667,-75.82621,4.717778,0.07076667,4.717778
84.96,-23.04554,0.0708,-75.8576,4.72,0.0708,4.72
84.97,-23.04872,0.0708,-75.86806,4.72,0.0708,4.72
84.98,-23.04554,0.0708,-75.8576,4.72,0.0708,4.72
84.99,-23.02965,0.0708,-75.80528,4.72,0.0708,4.72
85.0,-23.0217,0.07083333,-75.77912,4.722222,0.07083333,4.722222
85.01,-23.02806,0.07083333,-75.80005,4.722222,0.07083333,4.722222
85.02,-23.03759,0.07083333,-75.83144,4.722222,0.07083333,4.722222
85.03,-23.03759,0.07083333,-75.83144,4.722222,0.07083333,4.722222
85.04,-23.02806,0.07086667,-75.80005,4.724444,0.07086667,4.724444
85.05,-23.01216,0.07086667,-75.74773,4.724444,0.07086667,4.724444
85.06,-22.99627,0.07086667,-75.69541,4.724444,0.07086667,4.724444
85.07,-22.98514,0.07086667,-75.65878,4.724444,0.07086667,4.724444
85.08,-22.99627,0.0709,-75.69541,4.726667,0.0709,4.726667
85.09,-23.01375,0.0709,-75.75296,4.726667,0.0709,4.726667
85.1,-23.02488,0.0709,-75.78959,4.726667,0.0709,4.726667
85.11,-23.02806,0.0709,-75.80005,4.726667,0.0709,4.726667
85.12,-23.02488,0.07093333,-75.78959,4.728889,0.07093333,4.728889
85.13,-23.01216,0.07093333,-75.74773,4.728889,0.07093333,4.728889
85.14,-22.9915,0.07093333,-75.67972,4.728889,0.07093333,4.728889
85.15,-22.97878,0.07093333,-75.63786,4.728889,0.07093333,4.728889
85.16,-22.9756,0.07096667,-75.6274,4.731111,0.07096667,4.731111
85.17,-22.9756,0.07096667,-75.6274,4.731111,0.07096667,4.731111
85.18,-22.98355,0.07096667,-75.65356,4.731111,0.07096667,4.731111
85.19,-22.99627,0.07096667,-75.69541,4.731111,0.07096667,4.731111
85.2,-23.00739,0.071,-75.73203,4.733334,0.071,4.733334
85.21,-23.00898,0.071,-75.73727,4.733334,0.071,4.733334
85.22,-23.00898,0.071,-75.73727,4.733334,0.071,4.733334
85.23,-23.00898,0.071,-75.73727,4.733334,0.071,4.733334
85.24,-23.01375,0.07103334,-75.75296,4.735556,0.07103334,4.735556
85.25,-23.0217,0.07103334,-75.77912,4.735556,0.07103334,4.735556
85.26,-23.02488,0.07103334,-75.78959,4.735556,0.07103334,4.735556
85.27,-23.01375,0.07103334,-75.75296,4.735556,0.07103334,4.735556
85.28,-22.99309,0.07106667,-75.68494,4.737778,0.07106667,4.737778
85.29,-22.98514,0.07106667,-75.65878,4.737778,0.07106667,4.737778
85.3,-22.9915,0.07106667,-75.67972,4.737778,0.07106667,4.737778
85.31,-22.99627,0.07106667,-75.69541,4.737778,0.07106667,4.737778
85.32,-22.99627,0.0711,-75.69541,4.74,0.0711,4.74
85.33,-22.99309,0.0711,-75.68494,4.74,0.0711,4.74
85.34,-22.99627,0.0711,-75.69541,4.74,0.0711,4.74
85.35,-23.00421,0.0711,-75.72157,4.74,0.0711,4.74
85.36,-23.00739,0.07113333,-75.73203,4.742222,0.07113333,4.742222
85.37,-22.99944,0.07113333,-75.70587,4.742222,0.07113333,4.742222
85.38,-22.98037,0.07113333,-75.64309,4.742222,0.07113333,4.742222
85.39,-22.95653,0.07113333,-75.56461,4.742222,0.07113333,4.742222
85.4,-22.94382,0.07116666,-75.52276,4.744444,0.07116666,4.744444
85.41,-22.94699,0.07116666,-75.53322,4.744444,0.07116666,4.744444
85.42,-22.95971,0.07116666,-75.57507,4.744444,0.07116666,4.744444
85.43,-22.96448,0.07116666,-75.59077,4.744444,0.07116666,4.744444
85.44,-22.96766,0.0712,-75.60123,4.746666,0.0712,4.746666
85.45,-22.96766,0.0712,-75.60123,4.746666,0.0712,4.746666
85.46,-22.96766,0.0712,-75.60123,4.746666,0.0712,4.746666
85.47,-22.96289,0.0712,-75.58554,4.746666,0.0712,4.746666
85.48,-22.97083,0.07123333,-75.61169,4.748889,0.07123333,4.748889
85.49,-22.98832,0.07123333,-75.66925,4.748889,0.07123333,4.748889
85.5,-22.99944,0.07123333,-75.70587,4.748889,0.07123333,4.748889
85.51,-22.99627,0.07123333,-75.69541,4.748889,0.07123333,4.748889
